CUSTOMER_ID,ORDER_NUMBER,MATERIAL_NUMBER
1,4,85
2,4,7
2,4,4
3,4,89
3,4,95
3,4,55
4,5,66
5,6,61
5,6,56
6,5,73
6,5,21
7,4,32
8,7,22
8,7,20
9,4,13
9,4,40
10,4,41
10,4,43
11,4,151
12,5,194
13,4,55
14,5,56
14,5,78
15,4,123
16,5,89
17,5,21
17,5,77
18,4,171
19,4,33
19,4,20
19,4,27
20,4,69
21,4,52
22,4,74
23,6,113
24,4,121
24,4,40
25,4,50
25,4,150
25,4,75
26,7,44
27,5,38
27,5,8
27,5,100
28,4,113
29,5,93
30,4,98
31,4,67
31,4,83
32,4,55
33,4,83
34,5,21
35,4,46
36,4,50
37,5,104
38,4,142
39,4,171
39,4,105
40,4,98
41,5,179
42,4,92
43,6,113
44,4,69
45,5,25
46,4,67
47,8,212
47,8,107
47,8,121
47,8,154
48,7,11
49,4,12
50,4,116
51,4,136
51,4,121
52,5,121
53,4,2
53,4,78
53,4,105
54,4,130
54,4,113
55,5,211
56,4,86
56,4,35
57,4,142
57,4,212
58,4,202
59,4,84
59,4,12
59,4,64
60,5,65
61,6,25
62,4,101
62,4,67
62,4,39
63,4,179
63,4,33
63,4,112
64,6,28
65,6,121
66,5,131
66,5,91
67,4,86
68,4,120
68,4,76
69,4,125
70,4,4
70,4,31
71,6,25
71,6,83
72,7,78
72,7,122
73,5,76
74,9,126
75,6,79
76,4,93
77,4,150
78,4,125
78,4,21
79,5,29
80,6,118
81,4,83
82,4,166
82,4,77
83,4,67
83,4,20
84,5,121
85,6,84
85,6,31
85,6,174
86,4,10
87,5,20
87,5,67
88,5,97
89,4,21
89,4,77
90,5,63
91,4,101
91,4,104
92,5,67
92,5,113
93,6,136
93,6,36
94,4,64
95,5,33
96,4,160
96,4,7
97,4,115
97,4,177
98,5,48
99,7,99
100,5,95
100,5,25
101,6,58
102,4,113
102,4,155
103,4,69
103,4,39
104,4,71
104,4,168
105,4,36
105,4,162
106,7,153
106,7,110
106,7,77
106,7,124
107,4,66
108,4,80
108,4,78
109,4,50
110,4,55
111,4,34
112,4,93
113,4,164
114,4,112
115,4,121
115,4,113
116,5,35
117,4,40
118,4,72
118,4,63
119,4,130
119,4,21
120,4,142
120,4,83
120,4,122
121,4,72
121,4,55
122,6,56
123,4,145
124,4,183
124,4,155
124,4,154
125,4,20
125,4,149
126,4,63
127,4,101
128,5,159
129,4,125
130,4,36
130,4,83
131,4,125
131,4,11
132,5,124
132,5,54
132,5,61
133,4,186
133,4,2
134,4,107
134,4,59
135,4,183
135,4,71
135,4,16
136,5,121
136,5,4
137,6,4
138,4,183
139,4,124
140,4,27
141,4,58
142,4,58
142,4,83
142,4,61
142,4,156
143,4,95
144,4,105
145,7,160
145,7,147
145,7,164
146,4,141
146,4,34
147,4,155
147,4,57
147,4,76
148,4,200
149,4,100
149,4,25
150,4,118
151,9,98
152,8,104
152,8,12
152,8,136
153,4,15
153,4,191
154,4,106
155,5,69
156,4,44
157,4,79
157,4,177
158,4,206
159,6,49
159,6,41
160,5,35
160,5,76
160,5,58
161,4,151
162,5,181
163,6,168
164,4,174
164,4,43
165,5,70
166,4,83
166,4,120
167,5,114
168,5,66
168,5,95
169,4,12
169,4,2
170,5,76
170,5,114
171,4,2
171,4,11
171,4,150
172,4,66
172,4,83
173,4,105
173,4,100
173,4,114
174,7,67
174,7,160
175,7,208
176,4,140
177,4,125
177,4,132
178,10,93
179,6,58
180,4,69
181,5,113
181,5,195
182,5,111
183,4,57
184,5,164
184,5,146
184,5,3
185,8,58
185,8,73
186,5,53
186,5,154
187,4,67
188,4,28
189,4,109
190,4,161
190,4,120
191,7,114
192,5,34
192,5,130
192,5,197
192,5,67
193,5,75
193,5,160
194,5,106
195,4,23
196,4,150
196,4,3
197,5,25
197,5,161
198,4,21
199,4,121
200,4,139
200,4,154
200,4,151
200,4,99
201,4,150
202,4,112
202,4,28
203,6,201
203,6,109
204,5,202
205,5,106
206,7,204
207,4,136
207,4,148
207,4,36
208,4,144
209,5,123
210,5,120
211,4,29
212,4,58
213,4,151
213,4,150
214,4,193
214,4,112
215,4,95
216,4,79
217,5,4
217,5,30
218,4,93
219,5,144
219,5,113
220,6,16
220,6,120
221,4,36
221,4,73
221,4,35
221,4,151
222,4,83
222,4,150
223,4,81
223,4,10
224,8,106
225,6,121
225,6,161
226,6,113
227,4,192
227,4,4
228,4,73
228,4,153
229,4,160
230,5,5
231,6,2
232,4,35
233,4,107
233,4,102
233,4,113
234,4,136
235,4,141
236,5,31
237,6,155
238,4,181
239,4,141
239,4,48
240,8,31
241,4,4
242,4,94
243,4,29
244,4,210
245,4,78
246,5,20
246,5,19
247,4,143
247,4,31
248,4,76
249,4,62
250,4,106
251,4,42
252,4,166
253,4,207
254,4,158
254,4,162
254,4,153
254,4,75
255,7,30
255,7,11
256,4,38
257,4,101
258,5,1
259,5,100
260,5,41
261,4,144
262,5,138
263,4,4
263,4,164
264,4,198
265,5,72
266,4,83
266,4,121
266,4,26
267,4,37
268,5,104
268,5,151
268,5,156
269,4,205
269,4,40
269,4,119
270,6,157
271,4,184
272,6,176
273,6,70
273,6,90
274,6,15
274,6,50
275,5,168
276,5,67
276,5,110
277,5,124
278,4,150
278,4,103
279,4,212
280,5,100
280,5,112
281,4,13
282,5,61
283,4,100
284,4,27
285,4,101
285,4,178
285,4,212
286,5,83
286,5,48
287,5,151
287,5,55
288,5,83
288,5,58
289,4,101
290,4,30
291,4,180
291,4,118
292,5,145
292,5,44
293,5,100
294,4,140
295,4,123
296,4,113
296,4,120
297,6,210
298,4,113
298,4,184
299,4,121
300,5,98
301,6,150
301,6,100
301,6,69
302,6,106
303,4,174
304,6,114
305,4,108
305,4,176
306,6,83
307,6,150
308,5,37
309,4,110
310,5,40
310,5,114
311,4,53
312,6,27
313,4,55
313,4,164
313,4,98
314,4,76
315,8,105
315,8,95
316,7,54
317,4,172
318,4,39
318,4,4
319,6,121
320,4,121
321,4,71
321,4,21
322,4,106
322,4,37
322,4,150
323,4,45
323,4,43
324,4,82
325,6,105
326,4,179
327,4,45
328,4,170
328,4,109
329,4,103
329,4,4
330,4,155
331,6,122
332,4,202
333,7,140
334,5,167
334,5,62
334,5,4
334,5,81
335,4,187
336,4,162
336,4,133
336,4,169
337,4,37
338,4,76
339,4,58
340,7,165
341,4,5
341,4,73
342,5,2
343,4,76
344,4,112
344,4,76
345,4,31
345,4,4
346,5,76
347,6,15
347,6,36
348,6,130
349,5,4
349,5,212
350,6,72
350,6,38
351,4,53
352,4,101
353,4,69
354,4,16
355,5,21
356,4,160
357,6,33
357,6,20
358,4,149
359,4,155
359,4,83
360,4,21
361,4,160
362,5,121
363,4,128
364,4,158
365,4,127
366,4,177
367,4,63
368,5,52
369,6,13
370,4,80
371,4,67
372,4,154
373,4,51
374,5,93
375,5,109
376,4,150
377,4,19
377,4,126
378,4,76
379,4,25
379,4,168
380,5,212
381,5,95
382,4,40
383,4,137
383,4,206
383,4,187
384,4,58
385,4,188
386,5,180
387,11,83
388,7,149
388,7,113
389,4,83
390,4,61
390,4,170
390,4,133
391,5,160
391,5,150
392,4,158
392,4,164
393,4,67
393,4,89
394,4,84
395,7,94
395,7,87
396,4,23
397,5,82
398,4,176
399,6,203
400,5,92
401,4,83
402,6,61
403,4,56
404,4,70
405,4,95
405,4,50
406,5,97
407,5,117
407,5,162
408,5,83
408,5,74
409,7,39
410,4,150
411,4,157
411,4,206
412,4,46
413,4,65
414,15,116
415,4,208
415,4,121
416,4,99
416,4,122
417,4,53
417,4,110
417,4,132
418,4,165
419,4,129
419,4,69
419,4,2
419,4,149
420,6,10
421,4,73
421,4,81
421,4,129
421,4,112
422,4,10
423,4,54
423,4,34
424,4,48
425,4,113
426,5,154
426,5,98
427,4,169
428,5,13
429,4,32
430,4,149
430,4,95
431,4,190
431,4,86
431,4,89
432,4,58
433,5,27
434,4,79
434,4,47
434,4,49
435,6,83
435,6,141
436,5,55
436,5,67
437,4,155
438,4,44
439,5,178
440,4,151
441,9,76
442,5,20
443,4,160
444,4,123
445,4,16
446,4,83
447,4,2
448,4,146
449,5,45
449,5,1
450,4,7
450,4,95
451,5,162
452,4,41
452,4,213
453,4,182
453,4,196
454,4,112
454,4,16
455,5,16
455,5,149
455,5,103
456,4,141
456,4,95
457,5,15
458,4,106
458,4,25
459,10,74
460,7,116
461,6,37
462,4,55
462,4,100
463,5,125
464,8,122
465,6,161
466,6,67
466,6,24
467,4,83
468,4,124
469,4,28
469,4,52
470,4,20
471,4,141
471,4,39
472,4,69
473,5,95
474,4,90
474,4,215
474,4,124
475,5,40
476,4,135
477,7,132
477,7,27
478,4,123
479,4,211
480,4,15
481,5,118
482,6,25
482,6,136
483,6,181
484,6,71
485,4,4
485,4,149
486,4,75
486,4,2
486,4,55
487,4,127
487,4,150
487,4,84
488,5,121
488,5,83
489,8,178
490,4,14
491,5,130
492,4,115
493,4,55
493,4,172
494,4,18
495,4,51
496,5,99
496,5,95
497,4,69
498,5,147
499,4,128
500,4,169
500,4,142
501,7,125
502,4,60
503,6,95
504,7,184
505,4,160
505,4,205
506,4,21
507,4,101
507,4,63
508,4,57
509,4,164
509,4,72
510,4,16
511,4,27
512,4,194
513,7,51
513,7,27
514,4,43
514,4,128
514,4,60
514,4,156
515,4,153
516,4,155
516,4,113
517,5,80
518,4,85
519,4,97
520,5,159
521,4,29
521,4,41
521,4,18
522,4,207
522,4,45
523,6,131
524,4,19
525,5,197
525,5,155
525,5,145
525,5,68
526,4,100
527,4,56
528,5,118
529,4,78
530,7,124
531,5,127
532,4,63
533,5,131
533,5,160
534,4,33
535,6,92
535,6,158
536,6,99
537,8,113
537,8,35
537,8,73
538,5,94
539,4,119
540,7,33
541,4,113
542,5,89
542,5,3
543,4,95
543,4,178
544,4,76
544,4,115
545,4,174
545,4,41
546,4,21
547,4,87
547,4,4
548,6,105
549,5,123
550,6,63
551,4,121
552,4,133
552,4,76
553,4,104
554,4,196
555,4,123
556,4,189
556,4,76
557,4,113
558,4,217
559,5,154
559,5,25
560,4,109
560,4,76
561,5,4
561,5,84
562,4,73
563,4,95
564,4,89
565,4,51
566,4,69
567,4,59
567,4,32
568,5,133
568,5,4
569,5,33
569,5,27
569,5,174
570,6,29
571,6,113
572,5,146
573,5,135
574,4,76
575,5,113
575,5,108
576,4,101
577,4,68
577,4,77
577,4,21
578,4,123
578,4,127
579,5,120
579,5,154
580,4,153
581,8,4
582,6,110
582,6,38
583,4,113
584,4,150
585,4,107
586,5,36
587,4,123
588,4,187
588,4,69
588,4,70
589,4,124
589,4,103
589,4,213
590,4,57
591,4,26
592,4,121
593,5,130
593,5,90
593,5,128
594,4,185
594,4,135
595,5,71
595,5,83
596,4,110
596,4,47
597,6,57
598,4,38
599,5,121
599,5,73
600,4,4
601,4,77
602,7,197
603,4,70
604,5,90
605,5,3
606,4,176
607,4,44
607,4,30
608,4,55
609,4,137
610,4,157
610,4,83
610,4,197
611,4,70
612,4,49
613,4,44
614,4,42
614,4,1
614,4,31
614,4,7
615,4,162
615,4,59
616,4,158
617,4,57
618,4,83
618,4,81
619,4,21
619,4,45
620,4,214
620,4,61
620,4,83
621,4,143
622,4,73
623,5,4
624,4,191
625,6,44
626,8,109
627,5,132
627,5,197
628,7,77
628,7,30
629,4,205
629,4,93
630,4,47
631,4,113
632,6,69
633,4,101
634,6,159
635,4,63
636,4,27
636,4,69
637,4,136
637,4,107
638,5,216
639,4,171
639,4,34
639,4,198
640,4,157
640,4,207
641,4,150
642,4,34
643,5,133
644,4,76
645,4,108
646,4,46
646,4,20
647,4,67
648,5,113
649,5,11
650,6,123
651,6,149
652,4,121
653,7,4
654,4,73
655,4,133
656,4,66
656,4,192
657,4,24
658,4,42
658,4,199
659,6,4
660,4,18
661,4,181
661,4,120
662,6,162
662,6,27
662,6,58
662,6,33
663,4,44
664,5,160
665,4,83
666,4,95
667,4,101
668,6,75
668,6,123
668,6,113
669,4,90
670,4,192
670,4,4
671,5,178
672,10,101
673,4,117
673,4,113
673,4,115
674,4,151
674,4,175
675,6,170
675,6,214
676,8,149
677,4,78
678,4,194
678,4,108
679,4,118
679,4,165
679,4,36
679,4,93
680,4,217
681,6,22
682,4,83
683,4,123
684,4,116
684,4,106
684,4,184
685,5,174
686,4,83
686,4,126
687,4,200
687,4,158
687,4,113
688,5,56
688,5,101
688,5,169
688,5,166
689,4,33
690,5,21
691,4,19
691,4,64
692,5,97
693,7,51
694,4,83
694,4,75
695,4,125
696,4,46
696,4,13
696,4,150
697,4,134
698,4,40
699,4,164
700,4,198
700,4,81
701,4,38
702,4,121
703,4,76
704,4,196
705,5,100
705,5,166
706,9,39
706,9,128
707,4,93
708,7,32
708,7,31
709,4,90
709,4,215
710,9,67
711,4,117
711,4,57
712,4,202
713,4,16
713,4,72
714,5,155
715,4,55
716,5,10
717,4,15
718,4,22
718,4,20
719,4,67
720,4,136
720,4,52
721,7,67
721,7,47
722,4,76
723,4,207
724,5,75
725,4,208
726,4,4
727,4,113
727,4,67
728,4,61
728,4,40
728,4,155
729,4,198
729,4,50
730,4,67
731,4,34
732,5,113
733,5,128
734,4,39
734,4,115
734,4,116
735,4,69
736,7,76
737,5,34
738,4,67
738,4,38
739,4,4
740,4,47
741,5,79
742,5,102
743,4,98
744,4,160
744,4,67
745,5,11
746,6,213
747,4,65
748,4,44
748,4,76
749,4,4
749,4,212
750,6,99
751,5,133
751,5,217
752,4,69
753,4,98
754,5,90
754,5,15
755,4,123
755,4,34
756,4,159
756,4,161
756,4,123
757,4,6
758,6,53
759,4,106
760,5,100
760,5,158
761,7,113
762,4,160
762,4,18
763,4,193
763,4,151
764,7,13
765,4,60
766,4,97
766,4,4
767,5,159
768,5,40
769,4,169
770,4,136
771,4,117
771,4,116
771,4,68
771,4,184
771,4,115
772,6,7
773,4,58
773,4,103
774,6,143
775,4,50
776,4,129
776,4,84
776,4,199
777,4,161
778,4,155
779,4,113
780,6,21
781,5,93
781,5,69
782,4,166
783,4,93
784,5,134
785,8,121
785,8,113
786,4,212
787,4,167
788,6,78
789,6,125
790,4,137
790,4,100
790,4,78
791,6,27
792,4,20
793,5,126
794,4,196
795,6,73
796,5,2
797,5,164
798,5,3
799,4,214
799,4,140
800,4,142
801,7,69
802,4,133
803,4,95
803,4,79
803,4,80
804,5,73
805,5,83
805,5,112
806,5,71
806,5,113
807,5,102
808,5,142
809,6,130
809,6,133
809,6,107
810,4,50
810,4,90
811,4,213
812,4,39
812,4,210
813,5,121
814,4,152
815,4,113
815,4,128
816,6,69
817,4,13
818,4,123
819,6,186
820,4,100
820,4,187
821,4,48
822,4,191
823,4,75
824,4,173
825,4,76
826,4,95
827,4,210
828,4,150
829,4,93
830,8,10
830,8,203
831,4,67
832,6,12
833,4,4
833,4,150
834,5,69
835,4,76
835,4,4
836,4,198
837,4,87
838,4,21
839,5,69
840,4,76
841,4,1
842,4,152
843,4,76
844,4,21
844,4,160
844,4,61
845,4,135
846,5,160
847,4,197
848,5,140
848,5,4
848,5,117
849,4,216
850,5,69
851,6,108
851,6,86
852,5,81
852,5,103
853,6,129
853,6,79
854,4,113
855,4,27
856,4,67
856,4,120
856,4,136
857,5,74
857,5,95
858,4,47
858,4,15
859,4,3
859,4,130
860,4,176
861,4,148
862,5,94
863,4,83
864,4,124
864,4,56
865,4,94
865,4,77
865,4,157
866,5,4
867,4,105
867,4,44
868,4,125
869,6,128
870,4,161
871,4,93
872,8,142
872,8,113
873,4,73
874,5,38
875,4,150
875,4,20
875,4,125
875,4,110
876,4,179
877,5,44
877,5,67
878,5,148
879,6,83
880,4,95
880,4,105
881,5,73
882,5,83
883,5,110
884,4,123
885,5,162
885,5,31
886,6,152
886,6,129
886,6,55
887,6,64
888,4,153
888,4,2
888,4,35
889,5,4
889,5,61
890,4,35
891,5,49
892,4,39
892,4,128
893,8,169
894,7,113
894,7,155
895,5,121
896,4,173
896,4,14
897,5,121
898,10,83
899,7,100
899,7,182
900,4,150
901,4,154
901,4,196
902,4,216
902,4,83
903,4,202
904,4,97
904,4,126
905,4,3
905,4,184
906,4,66
907,5,39
908,10,16
909,5,182
910,4,10
911,4,169
912,4,61
913,4,50
914,4,150
915,6,213
915,6,7
915,6,88
915,6,18
916,5,149
917,4,111
918,4,154
919,4,144
919,4,154
920,4,133
921,4,98
922,4,152
923,5,95
923,5,133
924,5,116
924,5,117
925,5,142
926,7,88
927,4,61
928,4,139
928,4,101
928,4,12
929,7,121
929,7,103
930,5,53
931,5,145
932,4,123
933,6,120
934,7,199
935,4,176
936,4,212
937,4,72
937,4,108
938,4,166
939,4,202
940,6,145
940,6,106
940,6,26
941,5,148
942,9,67
943,4,3
944,6,199
945,4,144
946,8,10
947,4,172
948,4,115
949,7,156
949,7,58
950,7,69
951,4,160
952,4,2
953,7,168
954,5,142
954,5,95
954,5,205
955,4,22
955,4,41
955,4,110
956,4,146
957,4,41
957,4,174
958,4,153
958,4,113
959,4,121
960,4,10
961,4,158
962,4,34
962,4,52
962,4,160
963,6,32
964,8,48
964,8,51
965,6,2
965,6,112
966,4,99
967,4,117
967,4,40
967,4,34
968,4,12
969,4,4
970,4,193
971,4,80
972,6,112
973,11,93
974,4,50
975,4,212
976,4,162
977,6,107
978,6,160
978,6,184
979,5,123
979,5,50
980,5,83
981,4,137
981,4,165
982,4,137
982,4,166
983,8,127
984,6,145
985,6,160
986,5,113
987,4,113
988,5,139
988,5,38
988,5,214
988,5,197
989,4,15
990,4,84
991,4,105
992,4,169
993,6,28
993,6,67
994,5,120
995,6,42
996,4,164
996,4,113
996,4,147
997,5,69
998,5,118
999,4,70
999,4,144
999,4,69
999,4,47
1000,5,19
1000,5,20
1000,5,139
1001,5,108
1002,4,120
1003,4,53
1004,4,50
1005,5,117
1006,4,123
1007,5,176
1008,4,112
1009,5,18
1009,5,213
1010,6,36
1011,5,114
1011,5,105
1012,4,30
1013,5,77
1014,4,150
1014,4,136
1015,6,169
1015,6,153
1016,4,150
1016,4,25
1016,4,129
1016,4,50
1016,4,82
1017,4,83
1017,4,107
1018,4,41
1019,4,113
1020,5,11
1021,4,157
1022,4,69
1023,4,110
1024,5,8
1024,5,74
1025,4,51
1025,4,2
1026,4,80
1026,4,83
1027,5,177
1028,4,122
1029,5,212
1029,5,88
1030,5,150
1030,5,113
1031,4,16
1032,4,192
1033,4,140
1034,4,87
1034,4,54
1035,4,117
1036,4,100
1037,4,69
1038,4,7
1039,4,27
1039,4,54
1040,6,158
1040,6,113
1041,4,69
1042,4,38
1042,4,93
1043,4,192
1044,4,113
1044,4,142
1045,4,73
1046,4,53
1046,4,83
1047,4,16
1048,4,61
1048,4,13
1048,4,121
1049,4,69
1050,4,16
1051,4,166
1052,5,81
1052,5,129
1053,6,92
1053,6,25
1054,4,10
1054,4,195
1055,5,69
1056,5,40
1057,4,140
1057,4,27
1058,4,197
1058,4,182
1058,4,154
1059,4,75
1060,6,129
1060,6,8
1060,6,176
1061,9,34
1062,6,153
1063,5,38
1064,5,40
1065,5,57
1066,4,169
1067,6,10
1068,5,120
1068,5,101
1069,4,77
1069,4,69
1070,4,51
1070,4,136
1070,4,165
1071,5,188
1072,5,99
1073,4,19
1073,4,12
1074,7,139
1074,7,12
1075,6,116
1075,6,160
1076,6,197
1077,5,69
1078,5,93
1078,5,111
1079,4,157
1080,4,128
1080,4,154
1080,4,37
1081,5,58
1081,5,33
1082,4,53
1082,4,75
1083,4,151
1084,6,123
1084,6,4
1084,6,120
1084,6,99
1085,5,83
1085,5,2
1086,4,114
1087,4,154
1088,5,153
1089,5,28
1090,6,121
1091,5,95
1092,5,92
1093,5,128
1094,4,20
1095,4,85
1095,4,58
1096,5,168
1097,7,83
1097,7,104
1098,6,117
1099,5,36
1099,5,69
1099,5,113
1099,5,36
1100,4,88
1101,5,74
1101,5,162
1101,5,51
1102,4,57
1102,4,125
1102,4,127
1103,4,97
1104,4,124
1105,4,75
1106,4,205
1106,4,162
1107,5,29
1107,5,104
1107,5,200
1108,4,160
1109,5,160
1110,4,36
1111,6,83
1112,4,95
1113,6,61
1114,4,6
1114,4,97
1114,4,154
1115,4,164
1116,5,78
1117,5,106
1117,5,89
1117,5,203
1118,4,16
1119,4,161
1119,4,205
1120,5,193
1121,4,121
1122,4,192
1122,4,110
1123,4,155
1124,4,172
1124,4,4
1125,4,44
1126,4,150
1127,4,171
1128,4,184
1128,4,114
1128,4,116
1128,4,105
1129,4,101
1129,4,36
1130,6,192
1131,6,61
1132,5,27
1132,5,47
1132,5,168
1133,7,85
1133,7,64
1134,4,143
1134,4,131
1134,4,109
1134,4,188
1134,4,140
1135,6,145
1136,4,7
1136,4,213
1137,4,41
1137,4,207
1138,6,50
1139,4,98
1139,4,211
1140,4,101
1140,4,183
1141,4,32
1142,5,20
1143,5,197
1144,5,133
1145,4,93
1146,4,44
1147,5,36
1148,6,56
1148,6,111
1149,4,52
1149,4,136
1149,4,123
1150,4,4
1151,4,81
1152,4,210
1153,5,66
1153,5,31
1154,5,123
1155,4,161
1155,4,67
1156,4,174
1156,4,140
1157,6,216
1157,6,113
1158,4,151
1159,4,101
1160,5,114
1160,5,110
1161,4,41
1162,4,57
1163,5,100
1164,4,8
1165,4,145
1166,4,43
1166,4,14
1166,4,52
1167,5,29
1168,4,130
1169,4,139
1170,4,121
1170,4,85
1170,4,96
1171,4,46
1171,4,143
1171,4,110
1171,4,186
1172,5,184
1173,7,181
1174,4,56
1175,5,195
1176,4,110
1176,4,64
1176,4,20
1177,6,13
1178,5,57
1179,4,60
1179,4,61
1180,4,95
1181,7,55
1181,7,4
1182,4,7
1183,4,175
1183,4,83
1184,4,76
1185,4,201
1185,4,31
1186,5,30
1187,4,122
1188,5,113
1188,5,105
1189,4,46
1190,6,127
1191,4,194
1192,5,105
1192,5,95
1192,5,121
1193,4,83
1193,4,150
1194,5,143
1195,5,142
1196,5,69
1196,5,39
1197,4,94
1198,4,160
1198,4,105
1199,5,141
1200,6,192
1201,4,190
1201,4,165
1202,5,16
1203,4,192
1204,4,113
1204,4,117
1205,4,29
1206,5,190
1207,5,170
1207,5,151
1207,5,121
1207,5,214
1208,6,136
1209,4,180
1210,4,163
1211,4,16
1212,5,116
1212,5,153
1213,5,89
1214,4,137
1215,4,69
1216,5,19
1216,5,113
1217,4,92
1217,4,121
1218,8,10
1219,4,160
1220,4,110
1221,7,95
1222,4,176
1223,4,114
1223,4,150
1224,4,121
1225,5,131
1226,6,101
1226,6,31
1227,4,82
1227,4,29
1228,6,41
1228,6,160
1229,6,76
1230,4,79
1231,4,137
1232,4,46
1233,4,105
1233,4,117
1233,4,170
1233,4,177
1233,4,189
1233,4,116
1234,4,18
1234,4,33
1235,4,110
1235,4,150
1236,4,158
1237,4,134
1238,4,174
1239,4,106
1239,4,121
1240,4,4
1240,4,53
1241,4,119
1242,4,21
1242,4,18
1242,4,76
1243,4,195
1244,6,206
1245,4,78
1245,4,123
1246,4,121
1246,4,40
1247,4,92
1247,4,202
1248,5,67
1248,5,188
1249,4,163
1250,4,118
1251,4,196
1251,4,160
1252,4,83
1252,4,36
1253,4,39
1254,4,10
1254,4,28
1254,4,121
1255,4,66
1255,4,213
1256,4,40
1257,4,64
1258,6,67
1258,6,154
1258,6,81
1259,5,4
1259,5,163
1260,4,127
1260,4,25
1261,4,139
1261,4,104
1261,4,160
1261,4,72
1262,4,152
1263,5,99
1264,4,44
1265,4,53
1266,4,93
1267,4,175
1267,4,84
1267,4,50
1267,4,51
1267,4,177
1268,4,43
1268,4,38
1269,4,83
1269,4,121
1270,4,155
1271,4,80
1272,4,78
1272,4,51
1272,4,34
1273,5,98
1274,7,155
1275,5,171
1275,5,216
1276,4,198
1277,5,2
1277,5,107
1277,5,184
1278,4,106
1279,8,177
1279,8,81
1280,4,45
1281,5,135
1282,4,16
1283,5,122
1284,7,65
1285,4,175
1286,4,75
1286,4,113
1286,4,6
1287,5,76
1287,5,115
1288,9,1
1289,4,10
1290,4,39
1291,4,67
1291,4,83
1292,4,128
1292,4,69
1293,5,4
1294,4,119
1294,4,72
1295,5,67
1295,5,113
1296,4,74
1297,5,22
1298,4,67
1299,4,206
1299,4,23
1300,5,67
1300,5,53
1300,5,106
1301,7,217
1302,4,94
1303,7,79
1303,7,80
1303,7,153
1304,6,83
1304,6,212
1305,12,11
1306,4,91
1307,4,209
1308,7,199
1309,5,198
1310,6,113
1310,6,5
1311,4,63
1311,4,110
1312,6,162
1312,6,133
1313,4,123
1314,5,36
1315,4,185
1315,4,119
1315,4,8
1315,4,34
1315,4,5
1316,5,39
1316,5,188
1317,4,113
1317,4,50
1318,6,136
1318,6,121
1318,6,36
1319,6,55
1319,6,76
1320,5,67
1320,5,24
1320,5,21
1321,9,128
1321,9,197
1322,4,113
1322,4,150
1323,4,22
1323,4,47
1323,4,49
1324,5,210
1325,6,136
1326,5,194
1326,5,156
1326,5,34
1327,5,38
1327,5,93
1328,4,101
1329,8,162
1329,8,212
1330,4,29
1330,4,139
1331,4,178
1332,4,207
1332,4,104
1333,8,164
1334,4,154
1335,4,101
1335,4,155
1336,5,30
1337,4,81
1338,4,123
1339,4,85
1340,4,76
1341,4,98
1342,6,167
1343,6,22
1343,6,33
1344,4,155
1345,4,55
1345,4,162
1346,5,124
1347,4,120
1347,4,83
1348,4,2
1349,5,16
1350,5,178
1351,4,106
1351,4,155
1352,5,137
1353,4,110
1354,4,137
1355,4,206
1356,9,61
1357,6,34
1358,4,116
1359,4,168
1359,4,12
1360,4,69
1361,5,40
1362,4,160
1362,4,205
1363,4,114
1363,4,116
1364,4,171
1364,4,47
1364,4,79
1365,4,40
1366,4,113
1367,4,37
1368,4,123
1369,4,38
1370,4,105
1371,4,77
1372,5,123
1373,8,123
1374,5,113
1375,4,69
1376,4,194
1377,4,30
1377,4,24
1377,4,212
1378,6,143
1378,6,174
1378,6,170
1379,4,160
1379,4,216
1380,4,128
1381,7,180
1382,4,61
1382,4,60
1383,4,144
1384,4,77
1385,4,56
1386,5,48
1387,5,142
1387,5,152
1387,5,122
1388,6,142
1389,4,177
1390,6,59
1390,6,113
1390,6,9
1391,5,119
1392,4,129
1393,4,153
1393,4,104
1394,7,113
1395,4,123
1395,4,97
1396,4,66
1396,4,95
1396,4,11
1396,4,7
1397,4,123
1397,4,113
1398,4,44
1399,8,128
1400,5,69
1400,5,198
1401,4,79
1401,4,80
1402,4,100
1403,4,168
1404,4,121
1404,4,36
1405,5,149
1406,5,21
1406,5,110
1407,5,38
1407,5,93
1408,4,207
1409,4,2
1410,5,199
1410,5,209
1411,5,159
1412,5,124
1412,5,33
1412,5,77
1412,5,81
1413,4,120
1413,4,125
1414,6,182
1415,6,105
1415,6,102
1415,6,83
1416,4,106
1417,10,208
1417,10,149
1418,4,202
1418,4,38
1419,4,162
1420,5,212
1420,5,83
1421,4,68
1421,4,206
1421,4,133
1422,4,133
1423,4,130
1424,4,125
1425,4,20
1426,5,28
1427,6,113
1427,6,169
1428,4,160
1428,4,212
1428,4,128
1428,4,99
1428,4,115
1429,5,95
1429,5,67
1430,4,80
1430,4,35
1430,4,76
1430,4,79
1431,4,39
1432,6,121
1432,6,162
1433,4,98
1433,4,113
1434,4,15
1434,4,5
1435,4,135
1435,4,44
1436,5,99
1437,5,120
1437,5,194
1438,5,83
1439,4,111
1440,4,100
1441,4,83
1442,6,28
1443,4,138
1443,4,7
1444,6,4
1444,6,128
1444,6,80
1445,5,124
1446,4,160
1447,7,87
1448,7,169
1449,4,79
1450,5,98
1450,5,19
1450,5,92
1450,5,139
1451,4,179
1452,6,181
1452,6,159
1452,6,106
1453,6,108
1454,5,4
1454,5,64
1455,5,108
1455,5,72
1455,5,81
1456,4,81
1457,6,20
1457,6,139
1458,4,24
1459,4,149
1459,4,153
1460,4,178
1461,4,16
1461,4,97
1462,4,148
1463,6,4
1464,6,84
1464,6,164
1465,5,121
1465,5,113
1466,5,60
1466,5,89
1467,6,150
1467,6,4
1468,4,79
1469,4,50
1469,4,189
1470,6,132
1470,6,155
1471,4,66
1471,4,40
1472,5,160
1473,4,158
1473,4,187
1474,5,7
1475,5,48
1475,5,150
1475,5,160
1476,4,157
1476,4,142
1477,4,27
1477,4,110
1478,4,124
1479,4,168
1480,4,113
1481,4,13
1482,7,162
1482,7,192
1482,7,15
1482,7,44
1483,8,6
1484,4,97
1485,5,20
1486,4,206
1487,5,192
1487,5,76
1488,4,169
1489,8,69
1490,4,90
1491,8,98
1492,7,216
1493,5,83
1494,4,133
1495,4,108
1496,4,57
1496,4,194
1497,7,155
1497,7,3
1497,7,99
1498,5,156
1498,5,3
1499,6,160
1500,4,7
1501,5,83
1502,6,103
1502,6,150
1503,6,160
1503,6,120
1504,4,63
1504,4,100
1505,5,61
1505,5,192
1505,5,2
1505,5,140
1506,4,2
1507,4,29
1508,5,57
1508,5,41
1509,4,161
1509,4,152
1510,4,100
1511,7,28
1511,7,192
1511,7,150
1512,4,69
1513,5,106
1513,5,158
1513,5,202
1514,4,31
1514,4,66
1514,4,139
1515,5,216
1515,5,166
1516,4,33
1517,4,157
1517,4,55
1517,4,32
1518,4,54
1518,4,101
1519,4,47
1519,4,189
1520,4,121
1520,4,42
1521,4,24
1521,4,186
1522,4,3
1522,4,25
1523,4,166
1523,4,80
1524,4,187
1524,4,23
1524,4,165
1525,4,120
1525,4,22
1525,4,42
1526,6,26
1527,5,29
1528,5,128
1528,5,34
1529,5,149
1530,4,43
1530,4,133
1531,6,4
1532,4,40
1533,4,152
1534,4,58
1534,4,61
1535,4,67
1535,4,160
1536,4,78
1537,4,94
1537,4,183
1537,4,148
1537,4,20
1538,4,45
1538,4,46
1539,4,41
1539,4,43
1540,4,139
1541,5,85
1541,5,194
1542,4,162
1543,6,159
1544,4,29
1545,7,124
1546,4,20
1546,4,184
1546,4,7
1547,4,140
1547,4,3
1548,6,108
1548,6,44
1549,4,61
1549,4,214
1550,7,128
1551,7,79
1552,9,98
1553,4,162
1554,4,151
1555,5,98
1556,4,7
1557,5,83
1558,4,57
1559,4,168
1560,5,137
1561,4,109
1562,4,57
1563,4,22
1564,4,11
1565,5,212
1566,5,72
1566,5,212
1567,7,35
1568,10,128
1568,10,115
1569,4,86
1570,4,2
1571,4,76
1572,4,121
1573,5,193
1574,4,22
1574,4,27
1575,6,20
1576,5,82
1577,5,2
1577,5,164
1577,5,190
1577,5,98
1578,4,46
1579,6,143
1579,6,27
1580,4,176
1581,5,158
1582,4,148
1583,5,164
1584,4,159
1584,4,83
1585,4,69
1585,4,113
1585,4,165
1585,4,93
1586,4,92
1586,4,31
1586,4,213
1587,4,129
1588,5,78
1589,5,121
1589,5,37
1590,4,119
1590,4,192
1591,4,150
1591,4,3
1592,4,189
1592,4,95
1593,4,202
1593,4,118
1594,4,82
1595,5,162
1595,5,29
1595,5,31
1595,5,69
1596,4,97
1597,4,66
1598,4,121
1598,4,171
1599,6,140
1600,4,136
1600,4,137
1600,4,50
1601,4,68
1601,4,100
1601,4,87
1602,4,83
1603,4,166
1603,4,36
1603,4,121
1604,5,77
1605,4,113
1605,4,69
1605,4,99
1606,4,37
1607,5,23
1608,4,201
1609,7,27
1610,4,71
1610,4,96
1611,4,83
1611,4,69
1611,4,205
1612,7,121
1612,7,150
1613,4,131
1614,4,86
1615,10,121
1616,4,46
1617,5,51
1618,6,154
1618,6,214
1618,6,4
1618,6,155
1619,5,170
1620,4,48
1621,6,93
1622,4,103
1623,4,113
1624,6,47
1625,4,61
1625,4,156
1626,4,120
1627,5,98
1628,4,32
1629,4,95
1630,4,95
1630,4,37
1631,4,23
1632,5,31
1632,5,113
1632,5,57
1633,4,53
1633,4,151
1634,4,36
1635,4,216
1635,4,207
1636,4,3
1637,4,176
1638,6,150
1638,6,129
1639,5,210
1640,4,121
1640,4,160
1641,5,111
1642,5,10
1643,4,58
1643,4,113
1644,4,120
1645,4,105
1645,4,184
1646,5,104
1647,4,29
1648,4,208
1649,4,108
1649,4,79
1649,4,160
1650,4,199
1651,4,212
1651,4,83
1652,4,106
1652,4,186
1653,4,16
1653,4,141
1654,4,77
1655,10,162
1655,10,27
1656,4,130
1657,5,83
1657,5,164
1658,5,93
1659,5,2
1660,4,20
1660,4,78
1660,4,18
1661,4,4
1662,4,58
1663,4,78
1664,4,67
1664,4,113
1665,5,33
1666,4,2
1667,6,51
1668,5,98
1669,8,4
1669,8,150
1670,4,69
1671,4,54
1672,6,22
1673,5,2
1673,5,186
1673,5,36
1674,5,216
1675,4,14
1675,4,116
1675,4,48
1676,4,111
1676,4,51
1676,4,98
1677,4,21
1678,5,5
1678,5,97
1679,5,4
1679,5,53
1680,7,118
1681,4,34
1682,8,83
1683,4,113
1683,4,212
1684,5,121
1684,5,113
1684,5,203
1685,4,129
1686,5,212
1686,5,160
1687,4,82
1688,5,186
1689,7,69
1690,5,168
1690,5,63
1691,4,51
1691,4,50
1692,4,15
1692,4,83
1693,7,123
1694,4,168
1694,4,4
1694,4,154
1695,5,194
1696,4,57
1697,4,166
1697,4,7
1697,4,88
1698,4,57
1699,4,88
1699,4,42
1700,4,207
1700,4,38
1700,4,46
1700,4,169
1700,4,68
1701,6,83
1702,4,98
1703,6,180
1704,6,206
1705,4,173
1705,4,174
1706,4,130
1707,5,129
1707,5,133
1708,4,121
1708,4,56
1709,4,137
1710,6,160
1710,6,132
1710,6,121
1711,5,21
1712,4,143
1713,6,150
1714,6,39
1715,8,121
1716,5,4
1716,5,182
1717,4,157
1718,5,97
1719,4,197
1720,5,179
1721,6,113
1722,6,9
1722,6,87
1722,6,194
1723,5,59
1724,6,115
1725,4,53
1726,5,2
1727,5,162
1727,5,175
1727,5,128
1728,5,93
1728,5,51
1729,4,151
1730,4,55
1730,4,140
1731,6,2
1732,4,154
1733,4,21
1734,4,149
1735,4,106
1736,4,77
1737,5,114
1737,5,95
1737,5,27
1738,4,109
1739,4,121
1740,5,16
1741,5,4
1742,4,155
1742,4,151
1743,5,7
1744,4,64
1744,4,34
1744,4,95
1744,4,120
1745,4,11
1746,4,64
1747,5,8
1747,5,98
1748,4,55
1748,4,172
1748,4,73
1749,4,25
1750,7,74
1750,7,5
1751,4,18
1752,6,67
1752,6,136
1753,5,201
1753,5,213
1754,5,44
1755,6,56
1755,6,132
1756,4,36
1757,5,66
1758,4,95
1759,4,117
1760,4,120
1760,4,151
1760,4,33
1761,4,53
1761,4,55
1761,4,25
1762,4,113
1762,4,146
1763,4,66
1764,4,86
1765,7,83
1765,7,173
1766,4,160
1766,4,175
1767,5,22
1768,4,58
1768,4,2
1769,8,21
1769,8,170
1769,8,140
1769,8,94
1769,8,110
1769,8,51
1770,6,129
1770,6,50
1770,6,124
1771,4,121
1772,5,79
1773,4,154
1774,4,64
1775,4,113
1775,4,105
1776,4,99
1776,4,69
1776,4,90
1777,4,121
1778,6,55
1778,6,123
1779,4,36
1780,4,152
1781,5,160
1781,5,114
1781,5,117
1782,4,58
1782,4,109
1783,4,120
1784,4,104
1785,5,188
1786,4,127
1787,4,2
1788,7,4
1788,7,120
1789,4,135
1790,4,141
1790,4,83
1791,4,10
1792,4,4
1792,4,113
1793,5,140
1794,5,112
1794,5,22
1795,5,173
1795,5,80
1795,5,172
1796,4,83
1797,5,179
1798,5,69
1798,5,24
1798,5,67
1799,7,164
1800,4,64
1801,5,207
1802,4,153
1802,4,81
1803,4,33
1804,7,102
1805,5,69
1806,4,81
1806,4,76
1807,5,100
1808,5,132
1809,4,110
1810,4,20
1811,5,35
1812,4,146
1813,6,138
1814,5,2
1814,5,125
1814,5,4
1815,5,86
1816,4,192
1817,5,140
1818,6,25
1819,5,27
1819,5,155
1820,4,179
1821,6,159
1822,4,12
1823,6,82
1823,6,28
1824,4,172
1825,5,34
1826,4,178
1826,4,113
1827,6,133
1828,7,83
1828,7,107
1829,4,173
1829,4,80
1829,4,110
1829,4,79
1830,4,44
1831,5,120
1832,4,83
1832,4,116
1833,4,20
1834,5,177
1835,5,56
1836,4,99
1837,4,189
1838,4,58
1838,4,200
1839,4,58
1839,4,42
1840,4,65
1841,4,138
1841,4,109
1841,4,41
1841,4,170
1842,4,178
1843,4,180
1844,4,69
1844,4,215
1845,6,142
1845,6,2
1845,6,78
1845,6,149
1846,4,121
1847,4,121
1848,4,80
1848,4,30
1849,4,178
1850,6,192
1850,6,113
1851,5,119
1851,5,78
1851,5,147
1852,5,124
1853,8,54
1854,6,33
1855,5,77
1855,5,69
1856,6,96
1856,6,78
1857,4,56
1858,4,115
1858,4,5
1858,4,76
1859,5,143
1859,5,191
1860,4,78
1861,7,184
1861,7,114
1861,7,101
1862,5,57
1862,5,24
1863,4,170
1864,4,172
1865,9,137
1866,4,101
1867,4,85
1868,4,167
1868,4,81
1868,4,188
1869,8,50
1869,8,86
1869,8,150
1870,4,174
1871,5,16
1871,5,212
1872,5,61
1873,5,151
1873,5,121
1873,5,22
1874,5,96
1875,5,214
1876,4,8
1877,4,146
1878,5,21
1879,6,97
1880,4,30
1880,4,93
1880,4,172
1881,6,117
1882,5,97
1883,4,67
1883,4,158
1883,4,28
1884,5,207
1884,5,116
1885,4,166
1886,6,34
1887,5,10
1888,4,155
1889,4,128
1889,4,186
1890,6,34
1890,6,151
1891,4,98
1892,4,201
1893,4,195
1894,5,137
1895,5,83
1895,5,33
1896,4,15
1896,4,113
1897,4,148
1898,7,113
1898,7,80
1899,4,95
1899,4,81
1900,4,186
1900,4,2
1900,4,69
1900,4,20
1901,4,162
1901,4,118
1901,4,36
1902,4,47
1903,5,166
1904,4,83
1905,4,121
1906,6,187
1907,5,36
1907,5,132
1908,6,90
1908,6,128
1909,4,34
1910,4,83
1910,4,164
1911,4,105
1912,6,110
1913,4,162
1914,5,12
1914,5,19
1915,4,60
1916,4,125
1917,5,155
1917,5,106
1918,6,99
1919,4,67
1919,4,37
1919,4,106
1920,4,102
1920,4,34
1920,4,123
1921,4,10
1922,4,91
1923,4,184
1924,4,150
1925,6,197
1926,4,50
1927,4,54
1928,4,123
1929,6,125
1930,4,152
1930,4,153
1931,4,98
1932,5,37
1933,6,47
1934,4,113
1934,4,117
1935,4,193
1935,4,21
1936,5,116
1936,5,76
1936,5,73
1936,5,184
1937,5,206
1938,4,155
1939,4,71
1939,4,4
1940,4,155
1941,4,70
1942,4,29
1943,4,200
1944,9,142
1945,4,215
1946,4,128
1946,4,56
1947,4,132
1948,4,68
1949,5,164
1949,5,101
1949,5,146
1950,4,72
1951,5,79
1951,5,80
1952,5,44
1953,8,1
1953,8,214
1953,8,55
1954,5,121
1954,5,29
1954,5,83
1955,4,132
1956,4,51
1956,4,168
1956,4,85
1956,4,175
1957,6,83
1957,6,5
1958,6,184
1959,4,157
1959,4,100
1960,6,120
1961,4,58
1961,4,61
1961,4,215
1961,4,39
1962,4,214
1962,4,45
1962,4,1
1963,4,140
1964,4,67
1964,4,155
1965,5,108
1966,4,168
1967,4,212
1967,4,157
1968,7,139
1969,4,106
1970,4,5
1970,4,160
1971,4,110
1972,4,53
1973,5,48
1973,5,92
1974,4,117
1975,4,10
1976,4,128
1977,5,141
1978,5,140
1979,4,73
1980,6,10
1981,4,19
1981,4,2
1982,6,31
1983,4,58
1983,4,73
1983,4,67
1984,4,99
1985,4,83
1986,6,150
1987,5,121
1987,5,2
1988,4,152
1989,4,175
1990,5,12
1991,4,150
1992,4,30
1993,4,157
1993,4,72
1994,4,31
1994,4,60
1995,4,115
1996,4,168
1997,5,98
1998,5,193
1998,5,72
1999,5,151
2000,5,99
2000,5,162
2001,5,61
2001,5,45
2002,5,71
2003,5,61
2003,5,60
2004,7,143
2004,7,41
2005,5,4
2005,5,120
2006,8,148
2007,4,143
2007,4,1
2007,4,47
2007,4,4
2008,4,123
2009,4,170
2009,4,109
2009,4,47
2010,5,73
2011,6,190
2011,6,103
2012,7,35
2012,7,73
2013,4,6
2013,4,76
2014,4,57
2014,4,11
2014,4,19
2015,5,110
2015,5,133
2015,5,59
2016,4,142
2017,4,106
2017,4,63
2018,4,148
2019,4,61
2020,4,72
2021,4,83
2022,7,21
2023,5,76
2023,5,8
2023,5,74
2024,4,22
2025,5,67
2026,4,35
2027,4,31
2028,5,145
2028,5,40
2029,5,31
2030,4,7
2031,5,83
2032,4,3
2032,4,64
2033,4,40
2033,4,53
2034,6,126
2035,4,69
2035,4,16
2035,4,159
2035,4,75
2036,5,175
2037,4,87
2038,4,143
2038,4,200
2039,6,4
2039,6,104
2040,4,51
2040,4,28
2041,4,77
2042,6,78
2042,6,104
2043,4,47
2043,4,112
2044,4,121
2044,4,76
2045,6,169
2046,8,167
2047,5,74
2047,5,113
2048,4,171
2048,4,36
2049,5,4
2049,5,119
2050,6,208
2050,6,181
2051,5,127
2051,5,67
2051,5,31
2052,5,58
2053,7,213
2053,7,174
2054,4,185
2055,4,147
2056,5,54
2057,4,38
2058,4,123
2059,4,142
2060,4,146
2060,4,63
2061,5,41
2062,4,57
2062,4,73
2062,4,2
2063,4,149
2063,4,129
2064,4,86
2065,7,161
2066,5,103
2066,5,114
2067,4,69
2068,10,82
2069,5,31
2070,4,3
2071,4,16
2072,7,35
2072,7,168
2073,4,58
2073,4,35
2074,4,68
2075,4,36
2076,4,83
2077,4,44
2077,4,97
2078,4,73
2078,4,71
2078,4,160
2079,5,156
2080,4,113
2081,6,213
2081,6,154
2082,4,31
2083,4,2
2083,4,67
2084,4,157
2084,4,16
2085,4,79
2085,4,83
2086,5,124
2087,4,97
2088,7,72
2089,4,99
2090,7,151
2091,5,57
2092,4,69
2093,6,44
2094,5,190
2094,5,142
2094,5,76
2095,5,175
2096,4,183
2097,4,116
2097,4,65
2098,4,58
2099,5,162
2100,4,48
2101,5,95
2102,4,139
2103,4,4
2104,11,121
2105,4,5
2106,5,97
2107,6,157
2108,5,76
2108,5,157
2109,4,33
2110,6,57
2111,4,4
2111,4,105
2111,4,40
2111,4,98
2112,6,50
2112,6,83
2112,6,141
2112,6,126
2113,4,47
2113,4,27
2113,4,33
2114,4,179
2114,4,166
2114,4,44
2115,4,83
2116,4,112
2116,4,22
2117,6,87
2118,4,155
2118,4,127
2118,4,181
2119,5,46
2119,5,156
2120,4,36
2120,4,4
2121,5,74
2121,5,182
2121,5,72
2121,5,166
2122,5,89
2123,9,20
2123,9,121
2124,4,152
2125,5,2
2126,4,27
2127,4,128
2128,4,72
2129,4,114
2130,4,119
2130,4,76
2131,5,133
2132,4,206
2133,4,197
2134,5,212
2135,5,212
2136,4,166
2137,4,159
2138,4,168
2139,4,121
2139,4,17
2140,5,202
2141,5,150
2142,4,102
2143,4,177
2144,5,109
2145,4,190
2145,4,62
2146,6,69
2147,4,162
2147,4,169
2148,4,160
2149,4,73
2149,4,103
2150,6,209
2151,6,37
2152,4,4
2153,5,53
2154,7,148
2154,7,56
2155,5,75
2156,5,9
2157,4,120
2158,4,81
2159,4,89
2160,6,148
2161,4,25
2162,4,34
2163,4,160
2164,5,2
2165,6,47
2166,5,86
2167,4,49
2168,5,15
2168,5,16
2169,4,156
2169,4,102
2169,4,89
2170,4,154
2170,4,196
2171,5,93
2172,5,15
2173,6,41
2174,4,119
2175,4,175
2176,4,31
2176,4,95
2177,4,121
2178,4,79
2179,4,178
2179,4,176
2180,4,88
2180,4,138
2181,8,67
2181,8,113
2182,4,25
2183,8,105
2183,8,2
2184,8,79
2185,5,30
2186,5,73
2187,5,123
2187,5,161
2187,5,50
2188,6,4
2189,4,67
2189,4,58
2190,4,89
2190,4,87
2191,4,15
2192,4,154
2193,5,137
2194,4,140
2194,4,65
2195,4,124
2195,4,125
2196,4,71
2197,5,58
2198,4,105
2198,4,44
2199,7,201
2200,4,90
2201,4,131
2201,4,39
2202,6,178
2203,7,67
2204,4,185
2204,4,113
2205,4,160
2206,5,73
2207,4,99
2208,6,114
2209,5,80
2210,5,116
2210,5,117
2210,5,57
2210,5,44
2210,5,40
2211,4,24
2211,4,150
2212,4,140
2212,4,34
2213,5,10
2213,5,77
2213,5,193
2214,7,213
2214,7,31
2215,5,52
2216,4,159
2217,4,61
2217,4,113
2218,4,73
2219,4,95
2220,5,95
2220,5,128
2220,5,186
2221,4,117
2221,4,76
2221,4,115
2222,5,74
2223,5,139
2224,5,36
2225,5,216
2226,4,193
2226,4,61
2227,5,176
2228,4,94
2228,4,92
2229,7,48
2230,5,149
2231,4,18
2231,4,82
2231,4,41
2232,4,4
2232,4,10
2232,4,51
2233,4,34
2233,4,168
2233,4,76
2233,4,7
2233,4,214
2233,4,41
2233,4,97
2234,4,38
2234,4,197
2234,4,73
2235,5,148
2236,4,44
2237,4,166
2237,4,148
2238,4,24
2239,4,81
2240,4,19
2241,5,207
2241,5,60
2242,4,110
2242,4,80
2243,4,140
2244,4,136
2244,4,82
2245,4,140
2245,4,83
2246,5,190
2247,4,123
2248,6,4
2249,8,121
2250,5,16
2250,5,83
2251,4,179
2252,4,12
2253,7,150
2253,7,4
2254,5,42
2255,8,2
2255,8,150
2256,6,172
2257,5,69
2258,4,98
2259,4,95
2259,4,178
2260,4,84
2261,5,125
2262,4,168
2263,6,36
2263,6,2
2264,5,75
2264,5,20
2264,5,155
2264,5,110
2264,5,27
2265,4,39
2266,4,160
2267,5,209
2267,5,142
2268,6,79
2269,4,4
2270,4,63
2271,4,112
2271,4,83
2272,4,79
2273,4,87
2273,4,49
2274,4,160
2274,4,57
2275,4,125
2275,4,210
2275,4,70
2275,4,58
2275,4,46
2276,4,30
2277,4,78
2278,4,55
2279,4,121
2279,4,84
2280,4,164
2280,4,57
2281,4,83
2282,5,64
2283,4,125
2283,4,191
2284,4,56
2285,4,162
2285,4,114
2286,8,161
2287,4,46
2287,4,188
2288,5,40
2289,4,121
2289,4,125
2289,4,142
2289,4,136
2290,4,141
2291,7,52
2291,7,106
2292,4,188
2292,4,82
2293,4,215
2294,5,51
2295,5,150
2296,4,128
2296,4,197
2297,4,5
2298,4,106
2298,4,81
2298,4,129
2298,4,80
2299,5,64
2300,5,29
2301,7,113
2301,7,117
2302,4,44
2303,4,30
2304,4,83
2304,4,52
2305,4,121
2306,4,35
2307,5,105
2308,4,18
2309,5,123
2310,4,184
2310,4,128
2311,4,10
2312,4,55
2313,4,142
2313,4,2
2314,5,113
2315,4,5
2315,4,160
2316,5,84
2317,4,52
2318,6,123
2319,4,159
2319,4,131
2320,5,137
2320,5,169
2321,5,28
2321,5,128
2322,5,46
2323,4,167
2324,4,99
2325,4,131
2325,4,58
2326,8,150
2327,5,116
2328,4,113
2328,4,8
2328,4,10
2329,4,200
2329,4,67
2329,4,60
2330,5,182
2331,6,105
2331,6,83
2332,5,44
2332,5,100
2333,5,175
2334,8,216
2335,4,47
2335,4,20
2336,4,161
2337,4,10
2337,4,121
2338,4,42
2338,4,67
2339,5,91
2340,4,126
2341,4,95
2341,4,79
2342,6,67
2342,6,137
2343,4,119
2344,4,180
2345,5,6
2345,5,4
2346,4,124
2347,5,140
2347,5,4
2348,4,111
2348,4,34
2348,4,77
2348,4,207
2348,4,165
2349,12,149
2349,12,177
2349,12,73
2350,4,173
2351,5,3
2352,5,116
2353,8,128
2354,4,171
2354,4,112
2355,5,146
2356,4,44
2357,4,121
2358,7,58
2359,4,40
2360,5,113
2361,4,154
2361,4,133
2361,4,61
2362,4,45
2362,4,13
2363,5,50
2363,5,175
2364,4,133
2365,5,21
2366,5,154
2367,4,71
2367,4,110
2368,4,160
2369,4,78
2370,4,10
2371,5,175
2371,5,51
2371,5,90
2371,5,70
2372,4,33
2373,4,81
2373,4,83
2374,4,152
2375,4,126
2375,4,156
2376,6,113
2376,6,122
2377,4,95
2377,4,150
2377,4,75
2377,4,168
2378,5,207
2378,5,112
2379,4,4
2379,4,212
2380,5,2
2380,5,119
2381,4,155
2381,4,61
2382,4,2
2383,5,122
2383,5,113
2384,5,15
2385,6,46
2385,6,20
2385,6,110
2386,5,16
2387,7,57
2387,7,217
2388,4,81
2389,5,183
2389,5,136
2390,5,72
2391,4,213
2392,4,155
2392,4,160
2393,4,32
2393,4,167
2394,4,46
2394,4,104
2395,7,188
2395,7,115
2396,4,82
2397,5,118
2398,4,59
2399,4,39
2399,4,69
2400,4,58
2401,4,148
2402,4,134
2403,5,213
2403,5,17
2404,4,83
2405,4,49
2405,4,139
2405,4,162
2406,4,149
2407,4,72
2408,4,175
2409,4,199
2409,4,55
2410,7,164
2410,7,131
2410,7,110
2411,5,120
2411,5,208
2412,4,171
2413,4,75
2413,4,55
2414,4,154
2415,4,140
2415,4,61
2415,4,212
2416,4,121
2417,4,142
2417,4,122
2417,4,78
2417,4,95
2418,4,61
2419,4,99
2420,6,166
2421,5,10
2421,5,67
2422,5,91
2423,4,56
2424,4,66
2425,5,160
2425,5,36
2426,5,178
2426,5,149
2427,4,125
2427,4,71
2427,4,151
2428,6,116
2428,6,4
2429,5,58
2430,4,36
2431,4,10
2432,4,207
2433,4,121
2434,4,14
2435,5,40
2435,5,214
2436,7,141
2437,4,16
2438,4,83
2438,4,149
2439,8,136
2439,8,133
2440,5,187
2441,4,32
2442,5,119
2442,5,57
2443,4,64
2444,5,33
2444,5,27
2445,4,91
2445,4,38
2446,5,105
2446,5,57
2447,6,7
2448,6,138
2449,6,122
2450,6,191
2451,4,171
2452,4,188
2453,4,124
2454,5,93
2455,7,68
2456,4,179
2457,4,161
2458,4,149
2459,5,199
2460,5,69
2460,5,140
2461,4,68
2461,4,71
2462,4,105
2462,4,151
2463,5,58
2464,8,48
2465,6,184
2466,4,10
2467,4,22
2467,4,119
2468,4,67
2468,4,2
2469,4,112
2469,4,113
2469,4,98
2470,4,37
2471,4,4
2472,5,142
2472,5,212
2473,5,142
2473,5,160
2474,5,114
2474,5,76
2475,4,74
2476,6,144
2476,6,113
2477,20,65
2478,6,15
2479,6,107
2480,7,16
2481,5,110
2481,5,88
2482,4,130
2483,6,4
2483,6,117
2483,6,58
2484,4,159
2485,5,74
2485,5,95
2485,5,8
2486,4,205
2486,4,192
2487,4,82
2488,5,176
2488,5,125
2489,4,78
2490,4,69
2491,5,96
2491,5,143
2492,4,20
2493,9,184
2494,5,123
2494,5,102
2494,5,60
2495,5,149
2495,5,111
2495,5,100
2496,4,184
2496,4,122
2497,7,110
2497,7,54
2498,5,55
2498,5,154
2499,6,89
2500,4,76
2501,4,18
2501,4,41
2501,4,34
2502,5,149
2502,5,2
2502,5,83
2503,4,94
2504,4,17
2504,4,129
2505,5,90
2506,4,26
2507,4,48
2508,6,34
2508,6,107
2508,6,76
2509,4,106
2509,4,82
2510,4,49
2511,5,53
2511,5,129
2511,5,164
2512,6,118
2513,4,95
2513,4,201
2514,5,55
2515,5,176
2515,5,120
2515,5,113
2516,4,83
2517,7,173
2517,7,32
2518,4,12
2519,4,37
2520,6,2
2521,5,114
2521,5,184
2522,4,15
2523,4,195
2523,4,192
2523,4,172
2523,4,113
2524,5,98
2525,7,121
2525,7,78
2526,5,83
2526,5,77
2526,5,150
2527,4,21
2528,5,116
2529,7,153
2530,4,140
2531,4,160
2531,4,80
2532,6,179
2533,4,143
2534,5,150
2535,7,2
2536,5,142
2536,5,121
2537,4,140
2537,4,170
2538,5,51
2538,5,101
2538,5,150
2539,4,44
2540,4,16
2540,4,23
2540,4,40
2541,5,80
2541,5,170
2542,5,146
2543,4,97
2543,4,153
2543,4,119
2544,4,159
2545,5,90
2546,5,22
2547,4,159
2547,4,209
2547,4,67
2548,5,66
2549,4,46
2549,4,188
2549,4,20
2549,4,110
2550,9,121
2551,5,204
2551,5,217
2552,5,101
2553,4,14
2554,4,145
2554,4,75
2555,4,213
2555,4,61
2556,5,173
2557,5,157
2558,4,115
2559,4,48
2560,4,121
2561,5,101
2561,5,80
2562,6,100
2562,6,82
2563,5,162
2563,5,36
2563,5,212
2564,4,116
2564,4,168
2565,4,80
2565,4,73
2565,4,48
2566,4,163
2566,4,97
2566,4,95
2567,4,36
2568,5,39
2569,4,45
2569,4,47
2569,4,185
2569,4,27
2569,4,143
2569,4,169
2569,4,49
2569,4,5
2569,4,33
2570,4,58
2570,4,23
2570,4,101
2570,4,181
2571,4,54
2572,8,155
2573,8,127
2574,6,81
2575,4,84
2576,4,113
2576,4,120
2576,4,37
2577,4,210
2578,5,5
2579,4,119
2579,4,27
2580,4,40
2581,5,172
2581,5,162
2582,4,168
2583,9,53
2583,9,109
2584,5,38
2584,5,160
2585,4,200
2586,4,95
2587,4,150
2588,6,113
2588,6,119
2588,6,117
2589,7,188
2590,4,168
2591,5,16
2592,4,146
2592,4,113
2593,5,34
2593,5,68
2593,5,137
2594,4,96
2595,5,23
2595,5,29
2596,4,95
2596,4,98
2596,4,122
2597,5,61
2598,6,126
2599,5,101
2599,5,178
2599,5,169
2600,9,87
2601,6,57
2602,6,30
2602,6,96
2603,4,23
2603,4,101
2604,5,82
2604,5,121
2605,4,121
2605,4,212
2606,5,113
2607,4,121
2608,7,121
2609,4,76
2609,4,142
2609,4,174
2610,4,25
2610,4,103
2610,4,83
2611,4,105
2612,4,212
2612,4,113
2612,4,169
2613,4,149
2614,4,38
2614,4,44
2615,5,51
2616,4,21
2616,4,125
2617,5,97
2618,5,9
2619,4,146
2619,4,4
2620,4,61
2620,4,169
2621,5,202
2622,5,40
2622,5,61
2622,5,34
2623,5,149
2624,4,108
2624,4,83
2625,6,51
2626,4,30
2627,5,4
2628,4,93
2629,4,123
2630,4,11
2631,4,161
2632,4,39
2632,4,31
2633,5,159
2634,4,34
2635,5,149
2635,5,100
2636,6,192
2636,6,2
2637,7,43
2638,4,40
2639,6,10
2639,6,90
2640,4,70
2640,4,134
2641,4,192
2642,4,131
2643,4,36
2644,4,36
2645,4,105
2646,4,67
2646,4,95
2647,4,97
2648,4,27
2649,7,123
2650,5,51
2651,4,26
2652,4,38
2652,4,197
2653,4,66
2653,4,174
2654,4,202
2655,4,98
2656,5,211
2657,4,121
2657,4,208
2658,5,4
2658,5,122
2659,5,76
2660,4,64
2660,4,213
2661,5,101
2661,5,121
2661,5,94
2662,4,42
2663,4,4
2663,4,150
2663,4,141
2664,5,56
2665,4,20
2665,4,188
2666,4,167
2666,4,145
2666,4,29
2666,4,67
2666,4,155
2667,4,41
2667,4,18
2668,4,86
2669,4,9
2670,4,136
2671,6,69
2672,4,64
2673,5,57
2674,4,30
2675,4,20
2676,5,162
2676,5,34
2677,4,160
2678,7,152
2679,4,213
2680,4,130
2680,4,13
2681,5,162
2682,4,118
2683,6,20
2683,6,122
2684,4,150
2684,4,2
2685,4,68
2686,8,121
2687,5,159
2687,5,25
2688,6,122
2689,6,185
2690,5,22
2691,4,3
2691,4,52
2692,4,207
2693,4,30
2694,4,57
2695,7,113
2695,7,23
2696,5,116
2697,4,29
2697,4,107
2698,5,153
2698,5,174
2699,4,197
2699,4,59
2700,6,121
2701,5,57
2702,4,3
2703,4,109
2703,4,82
2704,4,181
2704,4,93
2705,6,200
2706,5,22
2706,5,125
2707,5,19
2708,4,127
2709,4,82
2709,4,66
2710,4,130
2710,4,217
2711,4,21
2711,4,43
2712,5,135
2712,5,123
2713,4,58
2713,4,4
2713,4,67
2713,4,53
2713,4,61
2713,4,113
2714,6,126
2714,6,168
2714,6,125
2715,4,168
2716,5,35
2717,4,189
2717,4,131
2717,4,106
2718,5,44
2718,5,31
2719,4,155
2719,4,101
2720,5,127
2720,5,123
2721,4,98
2722,6,160
2722,6,189
2723,4,31
2724,7,10
2725,8,4
2725,8,189
2725,8,150
2726,5,162
2727,8,130
2728,4,80
2728,4,188
2729,4,168
2730,4,67
2731,4,37
2732,10,113
2732,10,192
2733,4,169
2734,4,185
2735,6,121
2735,6,192
2735,6,139
2736,4,98
2737,5,160
2737,5,119
2737,5,83
2738,5,61
2738,5,21
2739,4,98
2740,5,171
2741,4,188
2741,4,45
2742,7,182
2743,4,83
2743,4,150
2744,4,118
2745,5,10
2745,5,67
2745,5,84
2746,4,121
2746,4,162
2747,4,101
2748,7,113
2749,4,123
2750,4,194
2751,6,176
2752,6,63
2753,5,23
2754,4,125
2755,5,68
2756,4,125
2757,7,155
2758,5,173
2759,4,14
2759,4,52
2759,4,93
2760,4,117
2760,4,184
2761,4,109
2762,4,98
2763,4,162
2763,4,64
2763,4,86
2764,6,212
2765,5,83
2766,4,212
2767,5,20
2768,4,126
2768,4,69
2769,4,150
2769,4,72
2770,6,95
2770,6,67
2771,8,95
2771,8,48
2772,4,106
2773,4,97
2774,5,164
2775,5,165
2776,8,60
2777,4,174
2778,4,131
2778,4,70
2779,4,215
2779,4,83
2779,4,131
2779,4,141
2780,4,136
2781,5,30
2782,4,85
2782,4,199
2783,4,2
2783,4,117
2783,4,184
2783,4,105
2784,4,44
2784,4,14
2785,4,76
2786,4,47
2787,6,51
2787,6,150
2787,6,2
2788,5,64
2789,7,2
2789,7,74
2790,5,149
2790,5,76
2791,4,8
2792,6,150
2792,6,21
2793,4,206
2793,4,196
2794,6,95
2795,4,133
2795,4,121
2796,5,157
2796,5,36
2796,5,100
2796,5,148
2797,5,42
2798,4,145
2799,6,31
2799,6,32
2800,4,180
2801,6,150
2802,8,48
2803,6,178
2803,6,142
2804,4,111
2805,4,69
2805,4,113
2806,5,162
2806,5,79
2807,4,23
2808,4,137
2809,4,63
2810,5,4
2810,5,76
2810,5,164
2810,5,147
2811,4,150
2812,4,165
2813,5,15
2814,5,174
2814,5,200
2814,5,213
2815,4,89
2815,4,126
2816,5,164
2817,4,93
2818,4,191
2819,4,80
2819,4,68
2820,4,21
2821,4,192
2821,4,61
2822,4,215
2822,4,90
2823,5,3
2824,6,105
2825,5,50
2826,4,4
2827,7,104
2828,6,78
2829,4,4
2829,4,63
2830,4,207
2831,4,198
2832,4,38
2833,4,18
2833,4,2
2834,5,47
2835,6,42
2836,5,4
2837,5,3
2838,7,94
2839,6,83
2839,6,158
2840,5,204
2841,5,41
2841,5,153
2841,5,138
2842,4,77
2842,4,30
2843,5,44
2843,5,182
2844,9,87
2845,6,2
2846,5,10
2847,6,84
2848,7,73
2849,8,107
2849,8,101
2850,5,32
2851,4,217
2852,5,69
2853,4,37
2854,4,151
2855,4,83
2856,5,5
2857,6,12
2858,4,50
2859,4,84
2859,4,121
2860,6,76
2860,6,85
2861,7,86
2862,8,101
2862,8,121
2863,4,128
2864,5,83
2864,5,123
2865,4,118
2866,8,166
2867,5,66
2868,4,123
2869,4,164
2869,4,4
2870,4,163
2871,4,125
2871,4,79
2872,4,121
2872,4,76
2873,8,198
2874,5,73
2875,4,29
2875,4,113
2875,4,52
2876,4,66
2876,4,7
2877,5,166
2878,4,175
2879,4,23
2879,4,69
2880,6,95
2881,5,206
2882,4,21
2883,4,146
2884,4,21
2885,4,110
2886,6,45
2886,6,190
2887,4,95
2888,5,83
2888,5,114
2889,4,10
2889,4,93
2890,4,76
2890,4,117
2890,4,114
2890,4,83
2891,4,121
2891,4,154
2892,6,76
2893,4,4
2894,5,38
2895,4,47
2896,4,28
2896,4,157
2897,4,38
2898,5,58
2899,4,76
2899,4,2
2899,4,126
2899,4,163
2899,4,6
2900,13,192
2900,13,85
2901,4,113
2902,4,176
2902,4,33
2903,4,128
2904,5,37
2905,5,192
2906,4,167
2907,4,48
2907,4,57
2907,4,4
2908,4,173
2908,4,113
2908,4,146
2909,4,4
2910,7,155
2911,4,83
2911,4,114
2912,4,78
2913,4,29
2914,4,123
2915,6,164
2916,4,195
2916,4,113
2917,4,15
2918,5,159
2918,5,106
2919,4,34
2920,4,129
2920,4,115
2921,5,4
2922,4,36
2923,5,89
2923,5,76
2924,5,214
2924,5,47
2925,4,78
2925,4,13
2926,4,54
2927,4,111
2928,4,199
2928,4,177
2928,4,3
2929,4,90
2929,4,157
2929,4,44
2930,7,98
2931,4,124
2932,4,47
2933,4,66
2933,4,201
2934,8,3
2934,8,52
2935,8,151
2936,4,105
2936,4,117
2936,4,115
2936,4,116
2937,4,115
2938,4,15
2939,7,108
2940,4,155
2940,4,113
2941,5,110
2941,5,138
2942,4,136
2943,4,4
2943,4,63
2943,4,95
2943,4,123
2944,4,212
2945,6,184
2945,6,115
2945,6,113
2945,6,116
2945,6,114
2945,6,117
2946,4,55
2946,4,3
2947,4,72
2947,4,104
2947,4,113
2948,4,79
2948,4,83
2948,4,69
2948,4,90
2949,5,212
2950,4,154
2951,4,26
2952,4,189
2953,5,139
2953,5,47
2954,4,36
2955,5,121
2956,5,110
2956,5,162
2956,5,46
2957,4,196
2958,4,140
2958,4,61
2959,4,113
2959,4,10
2960,4,57
2961,4,10
2962,7,35
2963,5,2
2963,5,142
2963,5,121
2964,6,47
2965,4,76
2965,4,10
2965,4,121
2966,4,123
2967,4,34
2968,4,97
2969,4,94
2969,4,93
2970,4,113
2971,4,211
2972,4,37
2973,4,166
2974,4,113
2974,4,118
2974,4,50
2975,4,70
2976,4,66
2976,4,40
2976,4,181
2977,5,168
2978,5,38
2978,5,212
2978,5,93
2979,5,123
2980,7,20
2981,4,196
2982,4,37
2983,5,66
2983,5,153
2983,5,35
2984,4,187
2984,4,101
2984,4,137
2985,4,178
2985,4,34
2986,8,136
2986,8,142
2987,6,32
2987,6,92
2988,4,188
2989,5,149
2990,4,84
2990,4,82
2991,8,27
2991,8,190
2992,5,56
2993,4,57
2994,4,144
2994,4,160
2994,4,174
2995,4,141
2996,5,168
2997,4,181
2997,4,171
2998,6,179
2999,6,67
3000,7,210
3001,5,129
3001,5,19
3002,5,176
3003,5,114
3004,4,213
3005,6,61
3006,4,98
3007,5,66
3008,4,53
3009,5,209
3009,5,115
3010,6,160
3010,6,61
3010,6,156
3011,5,67
3011,5,27
3012,5,4
3012,5,121
3012,5,36
3013,4,133
3014,6,61
3015,4,151
3015,4,23
3016,4,127
3017,5,136
3017,5,52
3018,4,144
3019,4,62
3020,6,83
3020,6,44
3021,4,134
3022,4,30
3023,4,186
3023,4,76
3024,4,11
3025,5,56
3026,4,57
3027,8,193
3027,8,113
3028,4,23
3028,4,158
3029,6,57
3030,6,95
3031,4,7
3032,7,86
3033,4,80
3034,5,160
3034,5,50
3035,4,2
3035,4,89
3036,5,58
3036,5,1
3037,4,150
3037,4,50
3038,5,12
3039,10,120
3039,10,15
3040,4,4
3041,7,69
3042,4,127
3042,4,78
3043,4,162
3044,5,37
3044,5,160
3044,5,163
3045,4,20
3045,4,54
3045,4,147
3046,8,155
3047,4,125
3047,4,21
3048,4,131
3048,4,168
3049,4,58
3049,4,156
3049,4,61
3050,6,38
3051,6,52
3052,6,157
3052,6,129
3053,4,169
3054,6,83
3055,4,69
3056,8,82
3056,8,20
3057,6,133
3057,6,77
3057,6,132
3058,4,98
3059,4,170
3059,4,66
3060,5,67
3061,4,61
3062,5,189
3063,4,168
3064,4,195
3065,5,58
3066,5,141
3066,5,160
3067,4,106
3067,4,114
3067,4,116
3068,5,47
3068,5,175
3068,5,110
3069,5,83
3069,5,98
3070,4,214
3070,4,61
3071,5,123
3072,4,121
3073,5,3
3073,5,77
3073,5,5
3073,5,119
3073,5,118
3074,4,80
3074,4,4
3075,4,106
3076,5,83
3076,5,8
3077,5,85
3077,5,109
3077,5,217
3078,4,93
3079,5,84
3079,5,28
3080,4,115
3080,4,105
3080,4,40
3081,5,113
3082,10,97
3083,4,9
3084,5,53
3084,5,113
3085,4,103
3085,4,67
3086,7,120
3086,7,129
3087,5,21
3088,5,124
3089,4,9
3090,5,136
3091,6,10
3092,4,105
3092,4,114
3093,5,80
3093,5,79
3094,4,113
3095,5,57
3096,8,13
3097,4,151
3097,4,157
3098,5,123
3099,4,115
3099,4,69
3100,4,97
3101,4,36
3102,5,106
3103,5,149
3103,5,124
3104,4,37
3105,4,27
3106,5,15
3107,4,4
3108,4,188
3109,5,83
3109,5,121
3110,4,169
3111,4,28
3111,4,63
3112,5,178
3112,5,151
3112,5,36
3113,5,38
3114,6,57
3115,5,189
3115,5,113
3116,4,168
3117,5,17
3118,5,136
3119,5,83
3119,5,67
3120,4,56
3120,4,118
3120,4,155
3120,4,166
3121,4,155
3121,4,127
3122,5,25
3122,5,53
3122,5,28
3122,5,45
3122,5,67
3122,5,168
3122,5,153
3122,5,15
3123,4,149
3123,4,83
3124,7,121
3125,4,97
3125,4,16
3125,4,155
3126,5,123
3127,4,154
3127,4,186
3127,4,80
3128,4,83
3128,4,61
3128,4,57
3129,6,74
3129,6,83
3130,9,83
3131,5,39
3131,5,210
3132,5,28
3132,5,155
3133,4,128
3134,4,20
3135,4,179
3135,4,4
3136,4,37
3137,5,61
3138,5,36
3139,4,125
3140,4,99
3141,4,4
3142,4,37
3143,6,199
3143,6,44
3144,7,64
3145,4,104
3145,4,29
3146,7,152
3147,7,112
3147,7,103
3147,7,81
3148,6,141
3149,6,53
3150,5,21
3151,4,178
3152,4,27
3153,4,206
3154,5,206
3155,7,39
3156,5,120
3156,5,103
3157,4,56
3158,4,106
3158,4,63
3159,4,154
3159,4,119
3160,5,28
3160,5,25
3160,5,67
3161,4,181
3162,5,67
3163,18,98
3164,4,175
3165,5,79
3166,11,76
3167,4,158
3167,4,2
3168,5,113
3169,4,76
3170,5,11
3171,4,99
3172,4,1
3173,7,113
3174,6,121
3175,4,164
3176,5,94
3177,4,163
3177,4,4
3177,4,87
3178,5,76
3178,5,141
3179,4,21
3180,5,121
3180,5,73
3181,5,133
3182,5,28
3183,4,212
3184,4,125
3184,4,217
3184,4,167
3185,7,71
3186,4,108
3187,5,169
3188,4,153
3188,4,73
3188,4,2
3189,5,76
3189,5,48
3189,5,51
3189,5,123
3189,5,141
3190,4,213
3191,5,196
3191,5,69
3191,5,95
3191,5,197
3192,5,141
3193,5,52
3193,5,101
3193,5,166
3193,5,67
3194,4,85
3195,4,32
3195,4,126
3196,4,18
3196,4,7
3197,5,6
3197,5,127
3197,5,87
3198,4,151
3198,4,121
3199,4,126
3200,4,187
3201,5,117
3201,5,114
3202,4,36
3202,4,95
3203,4,123
3203,4,44
3203,4,121
3203,4,156
3204,4,15
3204,4,153
3205,4,121
3206,5,79
3207,6,174
3207,6,29
3208,5,16
3208,5,154
3208,5,133
3209,4,71
3209,4,113
3210,4,61
3211,5,160
3211,5,205
3212,5,115
3213,4,44
3214,4,57
3215,4,109
3216,4,30
3217,4,2
3217,4,142
3218,8,44
3218,8,5
3219,4,27
3219,4,143
3220,4,101
3221,4,88
3222,6,199
3222,6,151
3223,4,29
3224,7,133
3225,4,157
3225,4,151
3226,4,110
3227,4,130
3228,4,27
3228,4,175
3228,4,189
3228,4,20
3229,6,192
3229,6,125
3230,4,149
3231,5,80
3232,5,104
3232,5,19
3233,4,101
3233,4,181
3234,4,20
3235,4,112
3236,4,121
3237,5,13
3238,4,83
3239,4,193
3239,4,83
3240,5,121
3240,5,44
3241,6,128
3242,4,31
3243,7,10
3243,7,202
3244,4,58
3245,4,121
3246,5,113
3247,4,36
3248,6,4
3249,4,97
3250,4,62
3251,4,137
3252,4,101
3252,4,157
3253,4,83
3253,4,12
3254,8,160
3255,4,166
3256,4,76
3256,4,27
3257,5,51
3258,4,76
3259,4,27
3260,5,114
3260,5,116
3260,5,194
3261,5,204
3261,5,36
3262,4,175
3262,4,22
3263,4,25
3264,5,21
3265,6,197
3266,4,29
3266,4,199
3267,5,109
3267,5,47
3268,5,81
3268,5,29
3269,5,61
3269,5,123
3269,5,83
3270,4,51
3270,4,76
3271,5,113
3272,4,69
3272,4,39
3272,4,182
3273,4,103
3274,9,88
3275,5,69
3276,5,154
3276,5,47
3277,4,83
3278,4,125
3279,5,124
3280,4,31
3280,4,213
3281,5,194
3281,5,99
3282,4,69
3283,4,131
3284,4,25
3285,5,193
3286,4,123
3287,4,116
3287,4,114
3287,4,117
3288,4,16
3289,5,56
3290,4,110
3290,4,120
3291,5,149
3292,4,211
3293,4,15
3294,7,94
3295,4,58
3296,7,109
3297,4,154
3297,4,146
3298,4,183
3299,4,125
3299,4,31
3300,4,53
3301,5,148
3301,5,101
3301,5,43
3301,5,58
3302,4,20
3303,5,83
3303,5,81
3304,6,27
3304,6,22
3304,6,20
3305,4,95
3305,4,141
3305,4,48
3306,4,21
3307,4,64
3307,4,140
3308,5,162
3309,4,83
3310,4,147
3310,4,20
3311,5,123
3311,5,168
3312,5,216
3313,5,213
3313,5,18
3313,5,123
3313,5,163
3314,4,160
3314,4,152
3315,5,36
3316,4,72
3316,4,198
3317,4,4
3318,4,200
3318,4,29
3319,6,44
3319,6,83
3320,8,81
3320,8,2
3321,4,152
3322,5,78
3323,7,49
3324,4,132
3325,6,164
3325,6,87
3325,6,178
3325,6,176
3325,6,199
3326,8,83
3327,8,1
3328,4,207
3328,4,213
3329,6,201
3329,6,66
3330,5,34
3331,4,178
3332,5,206
3333,5,148
3334,4,184
3335,5,57
3336,5,51
3336,5,50
3337,4,124
3337,4,121
3338,4,164
3338,4,171
3338,4,2
3339,4,120
3339,4,209
3340,7,42
3341,6,93
3342,6,67
3343,4,123
3344,4,80
3345,4,133
3346,4,160
3347,4,97
3348,4,67
3348,4,99
3349,7,12
3349,7,98
3350,4,211
3351,4,128
3351,4,148
3352,5,75
3352,5,206
3353,5,29
3354,4,125
3355,4,98
3356,5,122
3357,4,4
3358,5,150
3358,5,160
3359,5,168
3360,6,20
3361,5,6
3361,5,125
3361,5,106
3362,4,138
3362,4,7
3363,5,2
3364,5,116
3364,5,110
3365,5,67
3365,5,113
3366,5,118
3367,4,94
3368,4,205
3369,4,23
3369,4,68
3370,4,169
3370,4,160
3371,4,72
3372,4,193
3373,6,96
3374,5,95
3375,5,98
3375,5,16
3376,4,83
3376,4,5
3377,4,28
3377,4,63
3378,4,47
3378,4,4
3378,4,49
3379,4,206
3380,5,118
3380,5,212
3380,5,63
3381,4,18
3381,4,151
3382,6,67
3383,6,150
3383,6,3
3384,7,10
3385,4,203
3386,4,148
3386,4,2
3386,4,140
3386,4,55
3387,5,178
3387,5,121
3388,5,123
3388,5,113
3389,4,80
3390,4,113
3390,4,36
3391,4,55
3392,4,64
3393,8,53
3393,8,160
3394,5,15
3394,5,4
3394,5,2
3394,5,121
3394,5,36
3395,4,144
3396,4,97
3397,6,11
3397,6,16
3398,5,193
3398,5,109
3398,5,59
3399,5,213
3400,4,28
3401,4,83
3402,4,202
3402,4,44
3402,4,192
3402,4,56
3403,4,80
3403,4,20
3404,7,61
3405,5,143
3406,4,114
3407,5,158
3408,4,210
3409,4,121
3410,4,195
3410,4,185
3411,5,60
3412,4,30
3413,5,166
3414,4,113
3415,4,4
3416,4,165
3417,4,48
3417,4,162
3418,4,73
3418,4,87
3419,4,27
3420,4,4
3421,6,152
3422,4,100
3422,4,183
3423,4,180
3423,4,212
3423,4,180
3423,4,113
3423,4,148
3424,5,42
3424,5,66
3425,4,45
3426,4,93
3426,4,110
3426,4,20
3427,4,195
3427,4,119
3427,4,106
3428,4,123
3429,4,36
3430,4,177
3431,4,113
3431,4,67
3432,4,45
3433,4,64
3434,4,67
3434,4,106
3434,4,128
3435,4,53
3435,4,163
3435,4,154
3436,6,136
3436,6,75
3437,4,73
3438,4,14
3439,5,30
3440,5,10
3441,4,206
3442,7,8
3443,4,99
3444,4,150
3444,4,4
3445,4,36
3445,4,132
3446,5,193
3446,5,29
3447,5,193
3448,7,126
3449,6,158
3449,6,206
3450,6,39
3451,4,93
3452,6,115
3453,4,193
3454,4,83
3454,4,23
3455,4,155
3456,6,64
3457,4,66
3457,4,83
3458,4,176
3459,4,76
3460,5,51
3461,4,95
3461,4,61
3461,4,75
3462,5,20
3463,4,215
3463,4,90
3463,4,17
3464,8,188
3465,4,34
3466,4,2
3466,4,64
3466,4,12
3467,4,83
3467,4,182
3468,4,93
3469,4,154
3470,4,4
3470,4,193
3471,4,169
3472,6,160
3472,6,141
3473,6,128
3474,4,164
3475,4,20
3476,6,11
3476,6,87
3476,6,54
3477,4,40
3478,6,49
3479,5,7
3480,5,175
3481,5,141
3481,5,150
3482,4,120
3482,4,154
3483,4,40
3483,4,69
3484,10,36
3485,4,56
3486,4,51
3487,7,101
3487,7,87
3488,4,25
3489,4,61
3490,4,61
3491,4,101
3491,4,155
3492,4,21
3493,4,193
3494,5,82
3495,4,75
3495,4,83
3496,4,81
3496,4,4
3497,4,168
3498,4,105
3498,4,2
3499,5,150
3499,5,2
3500,4,130
3501,5,144
3501,5,76
3502,5,51
3503,5,67
3503,5,129
3504,4,133
3505,4,175
3506,6,118
3506,6,25
3506,6,162
3507,4,123
3508,5,38
3509,5,150
3509,5,4
3510,6,112
3510,6,101
3511,8,79
3511,8,195
3512,4,94
3513,4,16
3514,4,95
3514,4,172
3515,5,98
3516,7,206
3517,4,215
3518,5,144
3518,5,214
3519,4,164
3520,4,12
3520,4,4
3521,4,83
3521,4,99
3522,4,100
3522,4,36
3523,4,119
3523,4,140
3523,4,214
3523,4,129
3524,7,155
3525,5,109
3525,5,197
3525,5,4
3525,5,58
3526,4,82
3527,4,120
3527,4,40
3527,4,169
3528,6,44
3529,4,23
3530,6,12
3530,6,84
3531,4,44
3532,8,178
3533,6,66
3534,4,170
3534,4,214
3535,5,78
3535,5,140
3536,4,125
3537,5,51
3537,5,2
3537,5,48
3538,16,102
3538,16,114
3538,16,4
3539,4,100
3540,6,83
3541,5,61
3542,4,76
3543,4,113
3544,5,170
3545,4,98
3545,4,168
3546,6,110
3547,5,125
3548,4,75
3549,5,47
3549,5,175
3549,5,109
3550,4,104
3551,4,56
3552,4,44
3553,6,126
3553,6,55
3554,4,123
3555,5,113
3556,4,142
3556,4,136
3557,4,42
3558,4,18
3559,4,118
3559,4,125
3560,5,171
3560,5,181
3560,5,166
3561,6,126
3562,4,108
3562,4,83
3563,6,156
3563,6,73
3564,5,120
3565,6,72
3566,4,78
3567,4,124
3567,4,56
3567,4,58
3567,4,147
3568,6,40
3568,6,115
3569,6,57
3570,5,100
3570,5,48
3571,4,157
3572,5,132
3572,5,130
3572,5,25
3572,5,127
3573,4,166
3574,4,144
3575,6,28
3575,6,8
3576,4,105
3577,4,4
3578,5,126
3578,5,182
3578,5,83
3578,5,196
3579,4,187
3580,4,21
3581,6,98
3582,4,188
3582,4,140
3583,6,150
3584,4,33
3585,4,121
3585,4,36
3585,4,91
3586,4,206
3587,4,113
3588,4,93
3588,4,166
3588,4,38
3589,4,123
3590,4,79
3590,4,83
3591,4,82
3591,4,174
3591,4,213
3592,4,154
3592,4,189
3593,4,130
3594,4,83
3594,4,55
3595,4,123
3595,4,128
3596,4,55
3597,4,30
3598,4,142
3599,6,64
3600,4,17
3600,4,163
3600,4,28
3600,4,63
3601,20,95
3601,20,69
3601,20,39
3602,4,94
3603,4,76
3603,4,77
3603,4,150
3604,5,140
3604,5,154
3605,4,84
3605,4,120
3605,4,83
3606,5,10
3607,5,32
3607,5,181
3608,7,70
3608,7,193
3608,7,82
3609,4,126
3610,4,106
3610,4,164
3611,4,58
3612,5,150
3613,4,184
3613,4,40
3614,4,12
3615,4,89
3616,4,120
3616,4,67
3617,4,2
3617,4,52
3618,8,120
3619,7,194
3620,4,30
3621,7,95
3622,4,110
3623,5,69
3624,5,27
3625,5,7
3626,4,188
3627,6,21
3628,4,76
3628,4,104
3629,4,13
3630,5,101
3631,4,98
3632,4,5
3633,5,128
3633,5,157
3633,5,113
3634,4,136
3634,4,38
3634,4,67
3635,4,101
3635,4,36
3636,5,196
3636,5,113
3637,4,83
3637,4,75
3638,5,4
3638,5,181
3639,4,78
3639,4,50
3640,4,153
3641,4,13
3642,6,172
3642,6,113
3643,4,95
3643,4,48
3644,4,5
3645,4,70
3645,4,182
3646,4,20
3647,5,160
3648,4,83
3649,10,150
3650,6,71
3650,6,101
3651,4,119
3652,4,113
3653,6,16
3654,6,93
3655,5,157
3656,4,155
3656,4,51
3656,4,2
3656,4,98
3657,4,110
3658,8,15
3658,8,80
3659,4,214
3660,4,191
3661,5,38
3662,4,48
3663,4,78
3664,5,151
3664,5,164
3665,4,51
3665,4,150
3666,4,113
3666,4,39
3666,4,52
3666,4,69
3667,5,39
3668,5,193
3668,5,4
3669,4,4
3670,4,200
3670,4,153
3671,7,76
3672,4,67
3673,4,29
3673,4,38
3673,4,133
3674,6,146
3675,4,40
3675,4,155
3676,4,105
3676,4,123
3677,5,12
3678,4,151
3679,9,67
3680,6,75
3681,4,118
3682,4,154
3682,4,200
3682,4,184
3682,4,98
3683,5,173
3683,5,59
3684,4,177
3685,4,157
3685,4,83
3686,5,86
3687,4,121
3688,4,151
3689,5,123
3690,4,165
3690,4,217
3691,4,100
3691,4,53
3692,8,166
3692,8,89
3692,8,96
3693,4,103
3693,4,161
3694,4,54
3694,4,103
3695,8,194
3695,8,99
3696,5,16
3697,5,129
3698,5,69
3699,4,128
3700,4,123
3700,4,47
3701,4,21
3702,4,8
3702,4,74
3702,4,153
3703,5,71
3704,10,162
3704,10,20
3705,5,130
3706,5,150
3707,4,119
3708,6,160
3709,4,4
3710,4,196
3711,5,79
3712,9,70
3713,5,93
3714,6,212
3714,6,28
3715,4,68
3715,4,137
3715,4,41
3715,4,7
3715,4,208
3716,4,38
3717,5,191
3718,5,31
3718,5,67
3718,5,98
3719,4,115
3719,4,116
3720,4,71
3721,4,176
3721,4,213
3721,4,68
3721,4,110
3721,4,130
3721,4,7
3722,4,188
3722,4,140
3722,4,170
3723,6,29
3723,6,172
3724,4,217
3724,4,56
3724,4,11
3725,5,121
3726,4,2
3727,4,210
3728,4,147
3728,4,101
3728,4,38
3729,4,5
3730,4,142
3730,4,137
3730,4,187
3731,4,166
3732,4,89
3732,4,83
3733,6,121
3733,6,97
3733,6,80
3734,4,67
3734,4,146
3735,5,179
3736,4,173
3736,4,162
3737,4,121
3737,4,79
3738,4,149
3738,4,33
3739,6,213
3740,4,151
3740,4,99
3740,4,50
3740,4,51
3740,4,150
3741,4,74
3741,4,160
3742,4,109
3742,4,117
3742,4,105
3742,4,184
3742,4,160
3743,4,82
3744,4,98
3745,5,110
3745,5,55
3746,4,69
3746,4,150
3746,4,4
3747,5,83
3748,7,131
3748,7,202
3749,4,71
3750,5,84
3750,5,73
3751,5,154
3752,4,40
3752,4,13
3752,4,184
3752,4,117
3753,4,162
3754,6,176
3754,6,103
3755,4,20
3756,6,126
3757,5,154
3758,4,168
3759,7,76
3760,5,157
3760,5,39
3761,5,7
3762,4,123
3763,7,142
3764,5,129
3764,5,120
3765,5,195
3766,4,195
3767,4,97
3767,4,123
3768,4,120
3769,4,63
3770,4,83
3771,5,150
3771,5,175
3772,4,119
3773,5,113
3773,5,192
3774,6,55
3774,6,164
3775,4,136
3776,4,10
3777,8,61
3777,8,50
3777,8,4
3777,8,48
3778,5,67
3778,5,155
3778,5,83
3779,6,122
3780,4,149
3780,4,69
3780,4,36
3781,6,20
3782,4,50
3783,4,150
3783,4,50
3784,4,166
3785,4,174
3786,4,116
3787,4,3
3788,5,124
3788,5,125
3788,5,176
3789,5,170
3790,5,73
3791,5,161
3792,5,168
3792,5,175
3793,12,168
3793,12,61
3793,12,4
3793,12,178
3794,4,37
3795,5,93
3796,4,151
3797,4,4
3797,4,199
3797,4,83
3798,8,128
3799,7,80
3800,4,105
3801,4,125
3802,7,12
3802,7,188
3803,4,83
3803,4,74
3804,5,190
3805,7,98
3806,5,23
3806,5,78
3806,5,61
3806,5,47
3807,6,4
3807,6,48
3807,6,126
3808,5,140
3809,5,61
3810,4,39
3811,5,34
3811,5,73
3812,4,142
3813,5,29
3814,7,3
3815,4,30
3816,7,137
3817,4,180
3817,4,82
3818,4,113
3818,4,16
3819,5,108
3819,5,27
3820,4,67
3821,4,44
3822,4,4
3823,7,83
3823,7,121
3824,4,10
3824,4,73
3825,4,8
3826,4,4
3826,4,8
3827,4,148
3828,7,104
3829,5,15
3830,4,120
3831,5,20
3832,4,188
3832,4,184
3832,4,20
3833,4,121
3834,5,113
3834,5,157
3835,5,121
3835,5,191
3836,4,29
3837,4,124
3838,6,29
3839,5,67
3839,5,207
3840,4,182
3840,4,47
3841,4,121
3841,4,27
3842,4,190
3843,4,9
3844,4,80
3845,4,170
3845,4,61
3846,4,157
3846,4,28
3846,4,84
3847,4,177
3848,4,192
3848,4,16
3848,4,69
3849,6,67
3849,6,160
3850,5,51
3850,5,69
3850,5,24
3851,6,61
3852,4,152
3852,4,139
3853,4,93
3853,4,45
3853,4,124
3854,4,106
3855,4,109
3856,4,44
3856,4,141
3857,4,2
3858,5,69
3859,4,40
3860,6,126
3860,6,57
3861,4,83
3861,4,149
3862,4,169
3863,5,83
3864,5,155
3865,4,176
3866,5,83
3866,5,150
3866,5,130
3866,5,128
3867,4,58
3868,4,83
3869,4,28
3869,4,164
3869,4,67
3870,4,35
3871,4,79
3872,4,15
3873,4,73
3874,4,23
3875,4,36
3876,4,166
3877,5,91
3878,8,172
3879,4,23
3880,4,116
3880,4,13
3880,4,215
3881,4,21
3882,5,131
3883,6,34
3884,5,12
3884,5,101
3885,4,9
3886,7,161
3886,7,114
3887,4,149
3887,4,113
3887,4,121
3887,4,35
3888,6,76
3888,6,67
3889,4,175
3889,4,95
3890,4,182
3890,4,101
3891,6,111
3892,5,108
3892,5,76
3893,5,113
3893,5,195
3894,7,188
3894,7,162
3894,7,46
3894,7,110
3894,7,109
3895,5,165
3896,4,33
3897,4,10
3898,4,162
3899,4,104
3900,6,168
3901,6,44
3902,4,161
3902,4,168
3902,4,69
3903,4,129
3903,4,127
3903,4,87
3904,4,113
3905,4,54
3906,7,160
3907,4,155
3908,5,121
3909,6,150
3910,4,116
3910,4,95
3911,5,105
3912,4,107
3912,4,186
3912,4,40
3913,6,3
3913,6,58
3914,5,94
3914,5,77
3915,7,164
3916,4,191
3917,4,117
3918,5,217
3918,5,110
3919,4,128
3920,7,160
3921,5,100
3921,5,101
3922,4,9
3923,4,113
3924,4,116
3924,4,2
3925,4,116
3925,4,184
3926,5,130
3927,7,69
3928,4,189
3929,4,93
3930,4,184
3931,7,122
3931,7,151
3931,7,197
3931,7,121
3932,4,101
3932,4,104
3933,8,123
3933,8,16
3934,6,51
3935,7,113
3935,7,25
3936,4,81
3937,4,85
3938,4,42
3939,5,132
3940,4,201
3941,4,160
3942,6,142
3943,4,75
3943,4,21
3943,4,113
3944,4,21
3945,4,82
3946,4,161
3947,6,149
3947,6,33
3948,4,80
3948,4,79
3949,4,4
3950,4,144
3951,4,72
3951,4,75
3952,4,30
3953,5,80
3954,7,164
3955,4,213
3956,5,39
3956,5,177
3956,5,168
3956,5,131
3956,5,51
3957,7,27
3958,5,19
3959,7,115
3960,4,202
3961,4,148
3962,4,52
3962,4,3
3963,5,162
3964,7,132
3965,4,179
3965,4,79
3966,4,73
3967,4,196
3968,4,142
3969,7,15
3970,6,136
3971,5,128
3972,4,123
3973,5,182
3973,5,84
3974,4,76
3975,4,197
3975,4,149
3975,4,38
3975,4,126
3976,4,101
3977,4,1
3978,5,44
3979,4,95
3979,4,120
3979,4,71
3980,4,148
3981,4,70
3982,8,131
3983,5,66
3984,7,4
3985,5,78
3986,5,176
3987,5,95
3988,4,90
3988,4,212
3988,4,106
3989,4,121
3990,4,37
3991,4,184
3992,4,11
3993,4,166
3994,5,45
3995,4,36
3995,4,40
3996,4,107
3996,4,95
3997,5,110
3997,5,143
3997,5,213
3998,4,161
3998,4,64
3999,4,73
3999,4,123
4000,4,175
4000,4,51
4001,7,123
4002,4,104
4003,7,152
4004,4,178
4005,8,66
4006,5,170
4007,6,6
4007,6,83
4008,5,62
4008,5,52
4009,6,190
4010,4,165
4010,4,83
4011,4,179
4012,4,9
4013,4,4
4014,4,163
4015,4,121
4015,4,206
4016,4,30
4017,4,190
4018,6,81
4019,4,173
4020,4,78
4021,5,130
4022,6,80
4023,4,113
4024,5,189
4024,5,76
4025,4,208
4025,4,165
4026,5,141
4026,5,151
4027,4,51
4028,4,141
4029,4,87
4029,4,24
4030,6,190
4030,6,84
4031,6,110
4032,4,25
4032,4,76
4033,4,125
4033,4,216
4034,5,147
4035,4,209
4036,4,130
4037,4,34
4038,5,170
4039,7,125
4040,8,37
4041,4,214
4042,4,93
4042,4,191
4043,4,38
4044,7,58
4044,7,45
4045,5,71
4045,5,20
4045,5,50
4046,6,76
4046,6,97
4046,6,125
4046,6,118
4047,4,108
4048,5,212
4048,5,100
4049,4,166
4050,5,130
4051,4,110
4051,4,142
4052,5,68
4053,5,61
4054,5,206
4054,5,178
4055,6,192
4056,4,4
4057,4,32
4057,4,74
4058,8,114
4059,7,69
4060,4,36
4061,4,124
4061,4,83
4062,8,150
4063,5,31
4063,5,136
4064,5,105
4064,5,114
4065,4,12
4066,4,77
4067,4,58
4067,4,95
4068,4,123
4069,4,25
4069,4,9
4070,4,178
4070,4,4
4071,5,113
4072,5,72
4073,4,79
4074,5,207
4074,5,101
4074,5,121
4075,6,44
4076,4,121
4077,4,72
4078,4,212
4079,5,55
4080,6,95
4080,6,120
4081,5,176
4082,4,2
4082,4,48
4083,4,38
4084,7,36
4085,7,170
4086,4,162
4086,4,82
4087,4,162
4088,5,175
4089,7,4
4090,4,106
4091,4,180
4092,4,67
4093,4,29
4094,4,76
4094,4,128
4094,4,41
4095,4,168
4095,4,119
4096,4,123
4097,5,72
4097,5,184
4098,4,161
4098,4,80
4099,5,192
4100,4,27
4101,5,72
4102,4,58
4102,4,61
4103,4,49
4104,4,71
4104,4,4
4105,4,150
4105,4,152
4106,6,151
4106,6,133
4107,5,187
4108,4,91
4108,4,175
4109,7,60
4109,7,179
4110,6,126
4110,6,106
4111,7,114
4112,4,50
4112,4,4
4113,4,70
4113,4,90
4114,4,140
4114,4,214
4115,4,76
4116,4,106
4117,4,65
4118,4,146
4119,4,109
4120,4,64
4121,4,213
4122,4,169
4122,4,101
4122,4,142
4123,4,155
4123,4,95
4124,4,134
4125,4,84
4125,4,37
4126,5,61
4126,5,58
4127,4,143
4128,6,34
4129,4,90
4129,4,143
4130,4,12
4131,4,152
4132,6,4
4132,6,75
4133,5,93
4134,6,194
4134,6,170
4135,4,86
4136,4,2
4137,4,48
4138,4,110
4139,4,14
4140,4,83
4141,5,121
4142,5,126
4143,4,76
4144,4,56
4145,4,85
4146,6,113
4147,4,152
4148,4,110
4149,5,59
4150,4,2
4150,4,76
4150,4,37
4150,4,141
4151,4,113
4151,4,116
4152,4,57
4153,4,44
4153,4,61
4154,7,157
4155,4,132
4156,4,81
4157,6,141
4158,4,110
4158,4,79
4158,4,149
4159,6,135
4160,4,36
4160,4,15
4160,4,16
4161,5,182
4162,4,157
4162,4,123
4163,4,105
4163,4,197
4164,4,160
4165,4,157
4165,4,83
4166,5,85
4167,4,215
4167,4,94
4168,9,57
4169,4,203
4170,4,184
4170,4,105
4171,4,58
4172,4,113
4172,4,65
4173,4,162
4174,7,144
4175,4,33
4175,4,63
4175,4,22
4175,4,110
4176,4,123
4177,4,76
4177,4,70
4177,4,69
4178,4,31
4178,4,7
4179,5,115
4179,5,162
4180,4,157
4180,4,125
4181,4,70
4182,7,10
4183,4,2
4183,4,150
4184,5,56
4185,4,45
4186,6,25
4187,6,2
4188,7,16
4189,5,35
4189,5,168
4190,4,21
4190,4,212
4191,6,33
4192,4,141
4193,4,98
4194,5,111
4194,5,39
4195,4,98
4195,4,83
4196,5,121
4197,5,4
4198,4,162
4199,4,155
4199,4,153
4200,4,56
4201,5,123
4202,5,200
4203,4,71
4204,4,25
4205,4,153
4205,4,121
4206,4,187
4206,4,14
4207,6,185
4207,6,195
4208,4,208
4208,4,144
4209,4,101
4209,4,34
4209,4,93
4210,6,197
4211,4,210
4211,4,123
4211,4,205
4212,4,5
4212,4,74
4213,6,207
4214,4,148
4215,4,59
4215,4,83
4216,5,188
4217,6,73
4217,6,168
4218,5,150
4218,5,76
4219,4,108
4219,4,2
4220,4,9
4220,4,69
4220,4,76
4220,4,25
4221,6,99
4222,5,88
4223,4,202
4224,4,121
4225,4,82
4226,4,207
4227,4,212
4227,4,83
4228,4,57
4229,7,121
4229,7,10
4230,5,124
4231,4,79
4232,4,176
4233,7,113
4233,7,67
4234,5,156
4235,4,102
4235,4,141
4235,4,83
4235,4,99
4236,4,22
4236,4,110
4236,4,109
4236,4,33
4237,5,120
4238,4,196
4238,4,72
4239,4,86
4240,4,89
4241,4,154
4242,5,192
4242,5,16
4242,5,205
4243,4,53
4243,4,25
4244,4,42
4244,4,120
4245,4,3
4245,4,53
4246,4,122
4246,4,157
4247,4,112
4247,4,172
4247,4,68
4248,4,101
4249,6,51
4250,4,4
4250,4,81
4251,6,39
4252,7,161
4253,4,52
4253,4,148
4253,4,188
4253,4,162
4254,4,93
4255,4,10
4256,4,34
4257,4,69
4257,4,121
4258,4,89
4258,4,187
4258,4,149
4259,6,69
4260,4,76
4260,4,63
4261,5,99
4262,4,162
4263,5,3
4263,5,214
4264,5,180
4265,8,119
4265,8,20
4266,4,113
4266,4,196
4267,4,121
4268,4,113
4269,4,139
4269,4,38
4270,4,193
4271,4,83
4272,4,2
4272,4,138
4273,4,183
4274,4,132
4275,8,121
4275,8,40
4276,8,183
4277,5,178
4278,5,50
4279,4,54
4280,4,171
4280,4,80
4281,6,61
4281,6,78
4282,7,69
4282,7,197
4283,5,100
4283,5,21
4283,5,67
4284,4,174
4285,9,123
4286,6,66
4286,6,84
4286,6,201
4287,4,174
4288,5,10
4289,5,14
4289,5,50
4289,5,58
4289,5,43
4290,9,155
4291,4,110
4291,4,89
4291,4,164
4291,4,163
4292,4,161
4293,4,197
4294,5,186
4294,5,99
4295,8,184
4295,8,83
4296,4,149
4297,4,155
4298,6,84
4299,4,25
4299,4,32
4300,8,70
4301,4,69
4302,4,1
4303,4,191
4304,4,64
4304,4,4
4305,4,53
4306,4,148
4307,5,185
4307,5,95
4307,5,182
4308,11,153
4308,11,44
4308,11,36
4309,4,193
4309,4,168
4310,5,73
4311,5,69
4311,5,151
4312,6,119
4313,5,103
4313,5,112
4314,4,201
4315,4,93
4316,4,175
4316,4,61
4317,4,83
4318,5,192
4318,5,28
4319,4,214
4320,4,191
4321,6,142
4321,6,149
4321,6,122
4321,6,4
4322,5,56
4323,5,2
4324,4,113
4325,4,98
4326,4,155
4326,4,83
4327,4,174
4327,4,213
4328,4,105
4329,5,67
4330,6,125
4331,5,168
4331,5,45
4331,5,109
4332,4,142
4332,4,15
4333,4,22
4333,4,27
4334,4,38
4334,4,156
4334,4,198
4335,5,141
4335,5,24
4335,5,44
4336,4,212
4336,4,24
4337,4,121
4337,4,20
4338,4,187
4338,4,137
4339,7,121
4339,7,101
4340,5,209
4340,5,201
4341,4,10
4342,4,23
4343,4,145
4344,5,128
4345,5,121
4346,5,110
4347,4,69
4347,4,128
4348,4,55
4349,4,36
4350,4,123
4351,4,146
4352,4,33
4352,4,110
4353,4,158
4353,4,4
4354,6,50
4354,6,141
4354,6,212
4354,6,113
4355,5,69
4356,6,51
4357,6,15
4357,6,153
4357,6,3
4357,6,81
4358,5,80
4359,5,102
4359,5,197
4360,4,20
4360,4,51
4361,4,69
4362,4,72
4363,4,105
4363,4,160
4364,5,93
4365,4,110
4365,4,67
4366,4,170
4366,4,51
4367,4,31
4367,4,98
4367,4,126
4367,4,76
4367,4,174
4368,5,88
4368,5,80
4368,5,79
4369,6,15
4369,6,113
4370,4,33
4371,4,203
4372,4,155
4373,4,180
4374,4,36
4374,4,20
4375,5,168
4376,7,40
4376,7,83
4377,5,36
4377,5,110
4378,4,142
4379,5,113
4379,5,205
4380,4,33
4381,5,36
4381,5,157
4382,5,39
4383,5,101
4383,5,169
4383,5,206
4384,4,79
4385,5,2
4385,5,109
4385,5,64
4386,5,99
4387,6,9
4387,6,34
4388,5,59
4389,5,4
4389,5,16
4390,4,89
4391,6,38
4392,5,12
4392,5,120
4393,6,108
4394,4,71
4395,4,61
4396,4,115
4397,4,158
4398,4,160
4398,4,115
4399,4,53
4400,7,166
4400,7,101
4401,4,50
4401,4,4
4402,4,121
4403,5,152
4404,5,81
4404,5,113
4405,8,117
4406,6,113
4407,4,137
4408,4,160
4409,4,69
4409,4,110
4409,4,41
4409,4,93
4410,6,25
4410,6,118
4411,8,100
4412,5,73
4412,5,105
4413,4,90
4413,4,56
4414,4,122
4414,4,83
4415,4,25
4416,9,157
4417,4,165
4417,4,179
4418,4,66
4418,4,143
4419,4,123
4420,4,69
4421,5,113
4421,5,121
4422,6,135
4422,6,94
4423,4,105
4424,6,11
4424,6,94
4425,4,112
4425,4,79
4426,4,120
4427,5,148
4428,4,148
4429,4,175
4430,5,8
4430,5,151
4430,5,140
4431,4,90
4432,4,113
4432,4,69
4433,7,190
4434,4,125
4435,4,50
4436,5,123
4437,6,98
4437,6,205
4438,4,20
4438,4,164
4438,4,38
4439,4,171
4440,5,36
4441,4,128
4442,4,83
4442,4,79
4442,4,80
4443,4,207
4444,4,83
4445,5,51
4446,4,101
4446,4,19
4446,4,9
4447,4,44
4447,4,123
4448,4,198
4449,4,136
4449,4,75
4450,4,113
4451,4,162
4452,5,24
4452,5,25
4453,4,59
4454,8,67
4454,8,76
4455,4,130
4455,4,110
4455,4,89
4455,4,27
4456,4,150
4456,4,3
4457,4,4
4457,4,75
4457,4,53
4457,4,190
4458,4,201
4459,4,193
4459,4,148
4460,4,39
4461,5,176
4462,5,76
4462,5,152
4463,4,72
4463,4,48
4464,5,45
4465,6,140
4466,4,106
4467,9,118
4468,4,167
4469,5,10
4469,5,133
4470,4,67
4470,4,57
4471,4,103
4472,4,211
4473,4,69
4474,8,128
4475,4,33
4476,4,113
4477,4,95
4478,4,100
4479,4,44
4480,4,65
4480,4,120
4481,5,79
4482,5,82
4483,4,155
4483,4,106
4484,4,128
4485,4,182
4485,4,95
4486,4,127
4486,4,172
4487,4,113
4487,4,196
4488,5,149
4488,5,100
4489,4,9
4490,4,44
4491,5,67
4491,5,129
4492,4,24
4493,5,21
4494,4,56
4495,5,83
4496,6,83
4496,6,36
4497,4,168
4498,4,1
4498,4,11
4499,6,127
4499,6,121
4500,5,121
4501,4,25
4502,4,20
4502,4,82
4503,4,32
4504,4,189
4505,5,102
4506,5,51
4507,4,28
4508,4,144
4509,4,110
4509,4,31
4509,4,58
4510,4,152
4510,4,134
4511,5,83
4512,4,199
4513,4,93
4514,5,70
4515,4,58
4516,5,11
4516,5,130
4516,5,79
4517,4,98
4518,4,137
4518,4,58
4519,4,115
4519,4,113
4519,4,116
4520,4,72
4521,4,38
4522,4,72
4522,4,117
4523,5,36
4524,4,51
4524,4,100
4524,4,121
4525,6,150
4525,6,50
4526,4,4
4526,4,74
4527,5,113
4528,7,41
4529,5,78
4530,4,9
4530,4,34
4531,4,73
4532,6,80
4533,4,28
4534,7,52
4535,5,95
4535,5,107
4536,4,25
4537,4,140
4537,4,177
4538,4,168
4538,4,66
4539,4,11
4540,5,190
4541,6,27
4541,6,187
4542,4,34
4543,7,197
4544,7,4
4545,5,184
4546,5,59
4547,4,101
4547,4,21
4548,6,39
4549,7,50
4549,7,175
4550,5,83
4551,5,31
4552,4,155
4553,6,205
4554,4,66
4554,4,162
4554,4,104
4555,4,53
4555,4,4
4556,4,127
4557,5,200
4557,5,29
4557,5,170
4558,4,67
4559,5,56
4559,5,63
4559,5,100
4560,6,175
4560,6,194
4560,6,48
4561,4,76
4561,4,3
4562,4,113
4562,4,212
4563,4,40
4564,4,79
4565,4,69
4565,4,39
4566,5,4
4567,4,123
4568,4,136
4569,4,125
4570,4,11
4571,4,26
4572,6,178
4573,6,160
4574,7,16
4575,4,83
4575,4,97
4576,6,57
4577,4,160
4578,5,192
4579,4,75
4580,4,7
4581,5,83
4582,5,118
4583,4,131
4584,4,58
4585,4,164
4586,4,155
4587,7,121
4588,5,44
4589,4,175
4590,5,117
4590,5,43
4590,5,14
4591,6,106
4591,6,186
4592,4,22
4592,4,79
4593,6,120
4593,6,106
4594,5,120
4594,5,132
4595,7,187
4596,4,49
4597,4,76
4597,4,36
4598,4,110
4598,4,20
4599,4,34
4599,4,25
4600,5,113
4600,5,158
4601,4,73
4601,4,16
4601,4,83
4602,5,142
4602,5,121
4602,5,68
4603,5,200
4604,7,25
4604,7,36
4605,4,214
4606,4,95
4606,4,71
4607,5,137
4608,5,200
4608,5,64
4609,4,163
4610,6,171
4611,4,50
4612,5,104
4613,6,97
4614,4,195
4615,5,164
4616,5,110
4616,5,185
4617,4,134
4618,5,140
4618,5,170
4619,5,168
4619,5,113
4619,5,73
4620,4,104
4621,4,136
4622,5,36
4622,5,83
4623,4,123
4623,4,127
4624,7,184
4625,5,21
4626,4,205
4626,4,97
4627,4,83
4627,4,117
4628,4,49
4629,5,35
4629,5,16
4629,5,118
4629,5,80
4630,6,184
4630,6,4
4631,5,55
4632,6,121
4633,4,105
4634,4,101
4635,4,101
4635,4,206
4636,5,127
4636,5,104
4637,4,4
4638,4,77
4638,4,30
4639,5,151
4640,7,148
4640,7,101
4641,6,85
4642,5,69
4643,4,214
4643,4,170
4644,4,149
4645,7,97
4646,6,132
4647,6,122
4647,6,17
4648,4,176
4649,4,127
4650,5,144
4651,5,32
4652,5,103
4653,4,136
4653,4,100
4653,4,188
4653,4,45
4654,8,88
4655,4,99
4656,8,84
4656,8,121
4657,4,100
4657,4,212
4658,6,2
4659,4,15
4659,4,113
4660,7,114
4661,6,21
4662,6,35
4662,6,4
4662,6,175
4663,5,53
4664,4,110
4665,4,106
4666,6,82
4667,4,124
4668,4,104
4668,4,76
4669,4,42
4669,4,10
4669,4,163
4670,4,134
4671,10,129
4672,4,123
4673,5,95
4674,4,42
4675,6,143
4675,6,31
4676,4,216
4676,4,28
4677,4,206
4677,4,157
4678,5,105
4679,4,23
4679,4,49
4679,4,33
4680,5,20
4681,6,67
4682,4,100
4682,4,147
4683,5,100
4684,4,12
4685,4,217
4685,4,97
4686,5,40
4687,4,2
4687,4,107
4687,4,157
4688,4,123
4689,4,209
4689,4,85
4689,4,1
4690,7,175
4691,4,86
4692,5,123
4693,4,123
4694,4,89
4694,4,40
4695,4,162
4696,4,184
4696,4,76
4696,4,116
4696,4,105
4697,6,76
4697,6,57
4698,4,52
4698,4,69
4698,4,155
4698,4,113
4699,5,78
4700,4,57
4701,4,32
4702,4,58
4702,4,81
4703,5,189
4703,5,194
4704,4,104
4704,4,19
4705,4,141
4705,4,70
4706,4,98
4706,4,76
4707,4,40
4707,4,67
4708,4,67
4709,4,98
4710,5,67
4710,5,58
4711,4,179
4711,4,33
4711,4,135
4711,4,109
4712,4,212
4713,4,179
4714,4,90
4715,6,86
4716,4,126
4717,5,109
4717,5,162
4718,8,113
4718,8,69
4718,8,119
4719,4,78
4720,6,100
4721,5,51
4721,5,95
4722,4,190
4723,5,61
4724,5,182
4724,5,73
4724,5,61
4725,7,209
4726,4,81
4726,4,57
4727,4,76
4728,4,67
4729,6,80
4730,4,192
4731,13,199
4731,13,16
4732,5,28
4732,5,133
4733,5,98
4733,5,44
4733,5,21
4734,5,112
4734,5,69
4734,5,81
4735,7,185
4736,5,138
4737,4,76
4738,4,39
4739,4,121
4740,4,44
4741,4,183
4742,4,20
4742,4,31
4743,4,185
4743,4,151
4744,4,193
4744,4,2
4745,4,32
4746,10,31
4747,5,24
4747,5,25
4748,4,69
4749,4,53
4749,4,79
4750,4,121
4750,4,133
4751,5,113
4752,4,123
4753,5,132
4754,4,83
4754,4,172
4755,5,121
4755,5,118
4756,7,121
4756,7,173
4757,6,124
4758,4,163
4758,4,160
4759,9,155
4760,4,68
4760,4,107
4761,4,10
4762,4,202
4763,4,2
4764,4,206
4765,5,108
4766,4,146
4767,6,21
4768,4,6
4769,4,197
4769,4,94
4770,4,214
4771,4,169
4771,4,207
4772,5,38
4773,6,34
4774,4,50
4774,4,51
4775,4,70
4776,4,155
4777,6,57
4778,6,121
4778,6,113
4779,10,61
4780,5,19
4781,5,79
4781,5,104
4782,5,67
4782,5,136
4783,7,78
4784,4,86
4785,4,73
4785,4,67
4785,4,215
4786,4,164
4786,4,61
4787,4,16
4788,4,40
4788,4,120
4789,7,44
4789,7,157
4790,4,193
4790,4,207
4790,4,187
4791,9,157
4792,7,95
4793,4,214
4794,4,15
4795,4,153
4795,4,206
4796,4,60
4796,4,34
4796,4,182
4797,4,110
4798,4,104
4799,4,83
4800,10,95
4801,4,3
4802,5,122
4802,5,83
4803,5,107
4803,5,80
4804,4,194
4805,4,79
4805,4,108
4805,4,25
4806,4,48
4807,4,101
4807,4,121
4808,7,69
4808,7,39
4809,5,44
4810,6,99
4811,4,103
4811,4,168
4812,4,102
4813,5,151
4813,5,157
4814,4,51
4815,6,24
4816,4,181
4817,4,117
4817,4,97
4818,4,99
4819,4,83
4819,4,192
4820,4,106
4820,4,108
4821,4,184
4822,6,73
4823,6,128
4824,5,208
4825,4,162
4825,4,22
4825,4,150
4826,4,146
4827,4,63
4827,4,53
4828,4,162
4828,4,81
4828,4,205
4829,4,68
4830,4,106
4831,5,79
4832,4,133
4832,4,106
4833,7,10
4834,4,41
4834,4,110
4835,5,110
4835,5,49
4835,5,7
4836,5,61
4836,5,16
4837,4,191
4837,4,95
4838,4,138
4838,4,7
4839,7,70
4840,4,216
4841,7,72
4842,4,166
4842,4,100
4843,4,34
4844,4,152
4845,4,206
4845,4,52
4846,4,110
4846,4,107
4847,4,73
4848,4,98
4849,4,60
4850,6,215
4850,6,148
4850,6,149
4851,4,67
4851,4,155
4852,5,11
4853,5,123
4853,5,113
4854,6,163
4855,5,57
4856,4,2
4857,5,98
4858,5,165
4859,6,39
4860,5,29
4861,8,91
4862,6,141
4862,6,150
4863,4,177
4863,4,170
4863,4,214
4864,5,87
4864,5,63
4864,5,211
4864,5,124
4865,4,93
4865,4,69
4866,4,66
4867,4,197
4868,6,2
4868,6,186
4869,4,74
4869,4,4
4869,4,4
4870,4,119
4871,6,85
4872,4,153
4872,4,35
4872,4,67
4872,4,16
4873,5,217
4873,5,15
4873,5,16
4873,5,80
4873,5,79
4874,8,125
4874,8,30
4875,4,115
4875,4,76
4875,4,114
4876,6,161
4876,6,112
4877,7,22
4878,5,149
4879,4,128
4880,4,82
4880,4,90
4881,5,4
4882,5,104
4883,8,148
4884,4,96
4885,8,180
4886,5,216
4887,4,113
4888,4,139
4889,4,121
4890,8,117
4890,8,114
4890,8,187
4891,4,194
4892,5,54
4892,5,160
4893,5,98
4894,5,102
4895,4,76
4896,4,67
4897,5,113
4897,5,25
4898,4,113
4898,4,25
4899,4,97
4900,4,76
4901,7,176
4902,4,164
4902,4,14
4903,4,115
4904,4,212
4904,4,95
4905,4,73
4905,4,81
4906,8,83
4906,8,212
4907,4,121
4908,4,162
4909,5,15
4910,7,121
4910,7,162
4911,4,104
4912,4,169
4913,4,175
4913,4,51
4914,4,144
4914,4,87
4915,6,155
4915,6,67
4916,5,39
4917,6,51
4918,6,190
4919,7,71
4919,7,120
4920,4,81
4921,5,112
4921,5,85
4921,5,44
4922,6,100
4923,4,44
4924,14,34
4925,4,69
4926,5,108
4926,5,82
4926,5,179
4927,4,52
4928,4,14
4928,4,121
4929,4,157
4930,4,27
4931,5,21
4932,4,64
4933,9,187
4933,9,137
4933,9,101
4933,9,36
4934,4,119
4935,4,133
4935,4,77
4936,7,10
4937,8,26
4938,4,20
4938,4,29
4938,4,138
4939,6,9
4939,6,168
4939,6,15
4940,4,80
4940,4,83
4941,5,193
4942,4,176
4943,5,95
4944,4,29
4945,6,188
4946,7,147
4946,7,84
4947,4,113
4948,6,140
4949,6,26
4950,4,58
4951,5,4
4952,4,44
4953,5,73
4954,10,150
4954,10,69
4954,10,123
4954,10,121
4954,10,113
4955,4,123
4955,4,40
4956,4,57
4957,4,176
4958,4,57
4959,6,4
4960,4,140
4960,4,44
4960,4,168
4961,4,122
4962,4,47
4963,5,45
4963,5,121
4964,4,136
4964,4,51
4965,6,13
4966,4,65
4967,4,51
4968,7,121
4968,7,36
4969,4,100
4970,4,113
4971,5,106
4972,4,83
4973,5,103
4974,5,123
4975,4,57
4976,6,197
4977,4,149
4977,4,101
4977,4,38
4978,4,67
4978,4,208
4979,5,51
4980,4,84
4981,5,31
4981,5,109
4981,5,18
4982,4,61
4982,4,58
4983,7,3
4984,5,51
4985,6,34
4985,6,51
4985,6,50
4985,6,83
4986,5,98
4987,5,118
4987,5,158
4988,4,61
4988,4,81
4989,6,168
4990,4,36
4991,5,127
4992,4,97
4993,4,108
4994,4,164
4995,4,61
4996,4,51
4996,4,95
4997,4,93
4997,4,30
4998,5,105
4999,4,150
4999,4,194
5000,4,121
5001,4,122
5002,4,138
5003,4,22
5004,4,87
5005,5,104
5005,5,12
5005,5,153
5006,4,61
5007,4,100
5008,7,123
5009,4,8
5010,4,78
5011,5,73
5011,5,89
5012,6,116
5012,6,114
5013,4,8
5014,5,24
5015,4,39
5015,4,69
5016,4,155
5017,4,20
5017,4,133
5018,6,76
5018,6,54
5018,6,145
5019,5,106
5019,5,134
5020,4,149
5021,4,105
5021,4,117
5021,4,2
5022,4,36
5023,7,90
5024,6,5
5025,4,104
5026,5,155
5026,5,207
5027,4,68
5028,4,94
5029,4,121
5030,6,34
5031,5,48
5032,4,1
5033,4,21
5033,4,125
5033,4,119
5033,4,96
5034,4,57
5035,5,212
5035,5,169
5036,4,132
5036,4,203
5037,4,93
5038,7,202
5039,4,104
5039,4,38
5039,4,68
5040,4,113
5040,4,73
5040,4,144
5040,4,179
5041,4,206
5041,4,31
5041,4,89
5042,4,143
5043,4,156
5044,4,10
5045,6,80
5045,6,108
5045,6,79
5046,6,141
5046,6,76
5047,4,203
5048,5,79
5048,5,169
5048,5,68
5048,5,101
5049,4,30
5049,4,12
5050,4,101
5050,4,121
5051,7,48
5051,7,131
5052,6,156
5053,4,52
5053,4,28
5054,5,39
5055,4,154
5056,5,155
5057,4,77
5058,4,86
5058,4,197
5059,4,44
5059,4,141
5060,7,90
5060,7,151
5060,7,107
5061,5,98
5062,4,34
5063,5,40
5063,5,122
5064,5,210
5065,5,21
5066,4,93
5066,4,153
5067,4,191
5068,4,22
5069,5,58
5069,5,61
5070,5,215
5070,5,55
5071,5,29
5072,5,33
5072,5,58
5073,4,83
5074,4,24
5074,4,7
5075,5,74
5075,5,40
5076,5,27
5076,5,47
5077,4,113
5078,4,55
5079,5,176
5079,5,10
5079,5,121
5080,4,152
5080,4,64
5080,4,110
5081,4,195
5081,4,185
5082,4,4
5083,7,113
5083,7,18
5084,5,9
5085,8,63
5086,4,97
5087,4,61
5088,4,117
5089,5,149
5090,5,188
5091,4,110
5092,5,154
5092,5,73
5092,5,123
5092,5,39
5093,4,76
5093,4,67
5094,4,110
5094,4,31
5095,5,88
5095,5,12
5095,5,104
5096,4,72
5096,4,51
5096,4,87
5097,4,95
5097,4,199
5098,4,32
5099,4,133
5100,4,128
5101,4,44
5101,4,16
5101,4,95
5102,6,4
5103,5,146
5103,5,20
5104,6,76
5105,6,141
5105,6,48
5105,6,84
5106,4,46
5107,5,166
5108,5,160
5108,5,64
5109,4,79
5110,4,27
5110,4,113
5111,5,84
5112,5,80
5113,4,96
5114,4,72
5114,4,108
5115,4,125
5116,8,168
5117,4,166
5118,4,96
5119,4,20
5120,4,12
5121,5,125
5122,4,121
5122,4,110
5123,4,121
5124,4,52
5125,4,4
5125,4,67
5126,7,123
5127,4,72
5128,4,40
5128,4,67
5128,4,44
5129,4,39
5130,5,217
5130,5,42
5131,5,214
5131,5,140
5132,4,27
5133,4,30
5134,4,161
5135,5,176
5135,5,168
5136,7,149
5136,7,127
5137,6,57
5137,6,177
5138,6,22
5138,6,198
5139,4,174
5139,4,4
5139,4,170
5139,4,41
5139,4,140
5140,4,31
5141,4,188
5141,4,110
5142,4,27
5143,6,182
5143,6,154
5144,6,81
5145,4,122
5146,7,61
5146,7,58
5147,4,142
5147,4,133
5147,4,95
5148,4,66
5149,7,2
5149,7,119
5150,4,4
5151,6,16
5151,6,174
5152,5,103
5152,5,28
5153,6,63
5154,5,90
5155,11,36
5155,11,127
5156,4,51
5156,4,83
5157,6,99
5158,4,216
5158,4,121
5159,4,78
5160,5,183
5161,6,10
5162,4,4
5163,4,28
5164,4,168
5165,4,69
5166,4,121
5166,4,161
5167,4,101
5167,4,61
5167,4,206
5167,4,207
5167,4,81
5168,4,121
5169,4,34
5170,4,124
5171,5,121
5171,5,157
5172,4,57
5173,6,83
5174,4,168
5175,4,80
5175,4,108
5176,4,78
5177,4,101
5178,6,174
5179,7,125
5180,5,58
5181,4,73
5182,13,57
5183,5,154
5184,4,142
5185,7,31
5186,4,113
5187,5,128
5188,4,4
5189,4,113
5189,4,69
5190,4,10
5191,7,4
5192,5,61
5192,5,140
5193,4,205
5193,4,5
5194,8,45
5195,7,129
5196,4,191
5197,4,86
5198,9,120
5198,9,34
5198,9,123
5199,5,48
5199,5,162
5199,5,128
5200,4,70
5201,5,46
5201,5,82
5202,4,83
5202,4,23
5203,6,123
5204,6,10
5204,6,64
5205,5,101
5205,5,105
5205,5,114
5206,4,67
5206,4,44
5207,6,178
5207,6,72
5208,4,80
5209,4,213
5209,4,41
5210,4,38
5210,4,77
5211,4,50
5212,4,10
5213,6,170
5213,6,97
5214,4,31
5214,4,213
5215,4,97
5216,9,184
5216,9,150
5217,4,51
5218,4,87
5219,4,140
5219,4,117
5220,4,106
5221,5,21
5222,4,38
5223,4,130
5224,6,10
5225,4,67
5226,4,3
5227,4,1
5228,4,50
5228,4,154
5228,4,150
5229,4,101
5230,4,151
5231,5,105
5231,5,117
5232,4,39
5232,4,69
5233,4,50
5233,4,40
5233,4,150
5234,4,98
5235,4,121
5236,7,193
5237,4,69
5238,5,113
5238,5,175
5239,4,47
5240,6,199
5241,5,212
5241,5,179
5241,5,136
5242,4,154
5243,4,97
5243,4,156
5243,4,116
5244,4,87
5244,4,32
5245,4,113
5245,4,17
5245,4,150
5246,8,129
5247,5,57
5248,4,123
5249,4,177
5250,6,42
5251,5,202
5252,4,58
5252,4,87
5253,4,29
5253,4,213
5254,7,89
5255,4,22
5256,7,164
5257,4,37
5257,4,103
5257,4,58
5258,6,11
5259,5,160
5259,5,141
5260,5,47
5260,5,33
5260,5,142
5261,4,86
5262,4,76
5263,7,112
5263,7,108
5263,7,113
5264,4,113
5265,4,79
5265,4,36
5266,5,181
5266,5,33
5267,4,92
5267,4,198
5268,4,162
5268,4,108
5269,6,40
5269,6,27
5269,6,104
5270,4,12
5270,4,116
5270,4,105
5270,4,64
5270,4,184
5271,4,34
5271,4,14
5271,4,117
5271,4,115
5272,7,116
5273,5,151
5273,5,174
5273,5,201
5274,5,109
5275,4,142
5276,4,168
5277,5,176
5278,4,141
5278,4,20
5279,6,67
5279,6,87
5279,6,4
5280,4,176
5281,8,178
5282,7,121
5283,4,150
5283,4,50
5283,4,77
5284,4,38
5285,4,125
5285,4,107
5285,4,106
5285,4,21
5286,4,157
5286,4,100
5287,6,160
5288,4,106
5289,4,110
5290,8,100
5291,4,2
5292,4,34
5293,4,113
5294,5,21
5294,5,125
5295,4,149
5296,5,125
5297,4,83
5297,4,61
5297,4,108
5297,4,58
5297,4,123
5298,4,87
5299,5,142
5300,5,11
5301,7,180
5302,4,134
5303,5,16
5304,4,48
5305,4,140
5305,4,16
5306,4,2
5307,7,54
5308,4,72
5308,4,26
5309,4,110
5310,4,12
5311,4,11
5312,4,51
5313,5,121
5314,4,10
5315,4,27
5315,4,4
5315,4,44
5315,4,205
5316,4,2
5316,4,122
5317,4,168
5318,4,210
5319,5,38
5319,5,113
5319,5,164
5320,4,113
5320,4,213
5321,4,2
5322,11,132
5322,11,86
5323,5,46
5324,4,191
5324,4,84
5325,4,118
5326,5,168
5327,4,167
5327,4,171
5327,4,179
5327,4,121
5328,4,38
5329,4,39
5330,4,81
5331,5,75
5332,4,97
5333,7,110
5334,4,90
5334,4,39
5335,4,121
5336,4,148
5337,5,82
5337,5,73
5338,6,20
5338,6,67
5338,6,64
5339,4,107
5340,4,34
5341,4,169
5342,7,163
5342,7,215
5342,7,83
5343,4,151
5343,4,69
5344,4,16
5345,7,83
5345,7,172
5346,5,179
5347,9,149
5348,4,28
5348,4,121
5349,5,121
5350,6,15
5351,6,140
5352,6,136
5353,10,52
5353,10,4
5354,4,68
5354,4,117
5355,4,152
5356,5,125
5357,5,157
5357,5,161
5358,4,16
5359,6,13
5360,4,168
5360,4,195
5361,4,83
5362,7,143
5363,6,21
5364,4,113
5365,11,58
5365,11,35
5366,4,58
5367,4,100
5367,4,67
5368,6,34
5368,6,151
5368,6,112
5369,4,50
5370,4,95
5370,4,150
5371,5,196
5371,5,76
5371,5,185
5372,8,93
5373,4,60
5373,4,17
5374,4,189
5374,4,106
5375,5,187
5375,5,121
5375,5,128
5376,9,101
5376,9,81
5377,4,97
5378,5,35
5379,4,53
5380,5,160
5381,4,59
5381,4,110
5382,5,25
5383,4,148
5384,4,83
5385,4,4
5386,4,140
5386,4,43
5387,4,50
5388,4,95
5389,6,113
5389,6,119
5389,6,93
5390,6,21
5390,6,83
5390,6,149
5391,7,155
5391,7,4
5392,4,90
5393,5,197
5393,5,121
5394,6,149
5394,6,178
5394,6,123
5395,5,83
5395,5,119
5396,4,103
5397,5,150
5397,5,83
5398,4,177
5399,5,141
5400,4,96
5401,4,102
5402,4,73
5403,5,74
5404,4,161
5405,4,128
5405,4,75
5405,4,160
5406,5,160
5406,5,25
5407,4,44
5408,8,212
5409,4,152
5410,4,203
5411,5,99
5412,4,2
5412,4,182
5413,4,98
5413,4,95
5413,4,71
5414,4,70
5414,4,114
5415,4,82
5416,4,47
5416,4,49
5416,4,67
5417,5,123
5418,5,193
5418,5,21
5419,5,27
5420,5,58
5420,5,61
5421,4,3
5422,4,175
5422,4,4
5423,4,144
5424,4,44
5425,5,39
5425,5,116
5426,4,114
5426,4,3
5427,4,69
5427,4,39
5428,6,4
5428,6,5
5429,4,27
5429,4,109
5430,4,95
5431,5,34
5432,6,150
5433,6,81
5433,6,65
5433,6,69
5433,6,4
5433,6,70
5434,4,207
5435,5,83
5436,4,49
5436,4,10
5437,4,3
5438,5,127
5439,7,11
5440,5,95
5441,8,115
5442,5,49
5443,6,80
5444,7,125
5445,6,132
5446,5,77
5446,5,156
5447,4,110
5447,4,140
5447,4,80
5447,4,79
5447,4,108
5447,4,47
5448,5,69
5448,5,83
5449,5,86
5450,4,154
5450,4,6
5450,4,21
5451,4,23
5452,5,20
5453,5,20
5453,5,54
5454,4,115
5454,4,70
5454,4,140
5454,4,32
5454,4,61
5454,4,90
5455,6,81
5455,6,79
5456,8,153
5457,4,34
5458,5,11
5459,4,14
5460,4,27
5460,4,12
5461,4,207
5462,4,113
5463,4,51
5464,4,125
5464,4,21
5464,4,155
5465,4,132
5466,5,157
5466,5,121
5467,4,83
5468,4,57
5468,4,160
5469,4,157
5469,4,108
5470,4,195
5471,4,13
5472,4,176
5473,4,83
5474,4,4
5475,5,61
5476,4,127
5477,4,123
5477,4,116
5478,4,215
5479,4,21
5480,6,98
5480,6,91
5481,4,2
5482,4,162
5482,4,94
5483,5,192
5484,5,47
5485,4,25
5486,4,131
5487,4,59
5488,4,78
5489,5,69
5490,5,2
5491,6,81
5492,4,24
5492,4,67
5493,4,54
5493,4,77
5493,4,84
5494,4,160
5495,6,113
5495,6,25
5496,5,116
5497,4,121
5498,6,10
5499,4,69
5500,5,81
5501,4,35
5502,4,69
5503,4,73
5504,6,35
5505,4,157
5505,4,100
5506,5,10
5506,5,157
5506,5,122
5507,4,206
5508,4,70
5508,4,69
5509,6,177
5510,4,134
5511,4,22
5512,4,151
5512,4,150
5513,4,172
5513,4,106
5514,5,133
5514,5,167
5515,5,72
5515,5,113
5515,5,178
5516,4,147
5516,4,183
5517,4,123
5518,4,39
5518,4,26
5519,5,197
5520,4,21
5521,4,155
5522,4,4
5523,4,36
5523,4,121
5524,4,116
5524,4,44
5525,9,36
5526,4,34
5527,4,63
5527,4,161
5528,9,117
5528,9,101
5528,9,117
5528,9,44
5529,6,97
5530,6,164
5530,6,72
5531,4,148
5532,4,83
5532,4,123
5533,6,29
5534,4,67
5534,4,141
5534,4,69
5535,4,36
5536,4,3
5536,4,138
5537,4,127
5538,4,102
5538,4,17
5539,4,67
5540,4,30
5541,7,110
5542,6,69
5543,4,94
5544,4,73
5545,4,4
5546,5,27
5547,12,105
5548,5,121
5548,5,176
5548,5,4
5549,4,133
5549,4,151
5549,4,217
5549,4,113
5550,5,69
5550,5,121
5551,4,4
5552,5,21
5553,4,118
5553,4,69
5554,4,150
5554,4,61
5555,4,47
5556,6,121
5557,5,98
5558,4,34
5559,7,4
5560,4,67
5561,4,57
5562,5,97
5563,5,67
5564,5,51
5564,5,189
5565,4,53
5566,6,79
5567,4,59
5568,4,179
5569,4,113
5569,4,36
5570,4,56
5571,4,157
5571,4,15
5571,4,2
5572,4,187
5572,4,62
5573,5,34
5574,6,112
5574,6,69
5574,6,9
5574,6,95
5574,6,77
5575,7,54
5575,7,153
5576,6,2
5577,4,51
5578,4,136
5578,4,142
5578,4,122
5579,5,3
5580,5,109
5581,5,160
5581,5,112
5581,5,99
5582,4,113
5582,4,121
5583,4,2
5583,4,3
5583,4,66
5584,7,44
5585,4,34
5586,6,75
5586,6,162
5587,4,153
5587,4,98
5587,4,120
5588,6,150
5588,6,101
5589,4,119
5589,4,4
5590,4,8
5590,4,2
5591,5,165
5592,4,36
5593,6,37
5594,5,159
5594,5,144
5595,8,202
5596,8,31
5597,6,10
5598,4,98
5598,4,44
5599,4,58
5600,6,21
5601,4,39
5602,6,15
5603,4,81
5603,4,32
5603,4,111
5603,4,182
5603,4,125
5604,5,133
5604,5,73
5605,4,4
5606,7,6
5607,9,82
5608,6,146
5609,5,49
5610,4,47
5611,8,108
5611,8,61
5612,4,125
5612,4,132
5613,4,70
5614,4,44
5615,5,36
5616,4,49
5617,4,7
5618,4,16
5619,4,141
5619,4,76
5620,5,121
5620,5,161
5621,5,137
5622,6,69
5623,4,20
5623,4,133
5624,4,95
5625,5,7
5625,5,174
5626,7,118
5627,4,71
5628,4,21
5629,4,155
5629,4,72
5630,5,7
5630,5,162
5631,4,38
5632,7,57
5633,4,121
5633,4,97
5633,4,36
5633,4,76
5634,4,31
5634,4,14
5635,4,174
5636,4,190
5637,4,46
5638,5,12
5639,4,8
5639,4,185
5639,4,15
5639,4,61
5639,4,16
5639,4,28
5640,4,154
5641,6,150
5641,6,106
5642,6,168
5643,4,83
5643,4,75
5644,4,25
5645,8,148
5645,8,99
5646,5,127
5646,5,159
5647,6,29
5648,6,154
5649,7,140
5650,6,148
5651,4,164
5652,4,61
5653,4,69
5654,4,84
5654,4,133
5655,4,78
5655,4,31
5656,12,142
5656,12,154
5657,5,201
5658,5,67
5659,6,98
5660,4,69
5661,4,48
5661,4,51
5662,5,51
5663,4,127
5663,4,155
5663,4,37
5664,4,121
5665,5,151
5665,5,51
5666,4,113
5667,4,53
5667,4,40
5668,4,102
5669,7,57
5669,7,113
5670,6,150
5671,4,42
5672,5,2
5673,6,177
5673,6,121
5674,6,145
5674,6,87
5674,6,68
5674,6,52
5675,4,158
5675,4,83
5676,4,81
5677,5,6
5678,6,78
5678,6,125
5679,4,27
5679,4,133
5680,4,39
5681,6,4
5682,6,194
5683,4,5
5683,4,83
5684,4,76
5685,5,180
5686,6,159
5687,4,59
5688,4,48
5689,7,145
5690,4,10
5691,5,20
5692,4,86
5693,5,150
5693,5,141
5693,5,113
5694,4,98
5695,4,129
5695,4,11
5696,6,155
5696,6,89
5696,6,129
5697,4,96
5698,4,97
5699,4,67
5700,4,4
5700,4,105
5701,4,134
5702,5,118
5702,5,125
5703,4,127
5703,4,150
5703,4,50
5704,4,28
5704,4,121
5705,4,67
5706,9,68
5706,9,169
5707,5,123
5708,7,81
5709,6,48
5709,6,141
5710,4,98
5711,4,116
5712,5,2
5713,4,116
5714,4,136
5715,4,4
5716,8,181
5716,8,160
5717,4,56
5717,4,118
5717,4,136
5718,4,10
5719,4,115
5720,5,212
5721,5,133
5721,5,186
5722,4,160
5723,4,72
5724,5,89
5725,5,67
5726,4,178
5727,5,25
5728,6,47
5729,5,202
5730,5,82
5730,5,162
5731,4,39
5731,4,10
5732,4,44
5732,4,10
5732,4,157
5733,4,79
5734,5,2
5734,5,122
5734,5,149
5735,4,151
5736,4,95
5737,5,103
5738,5,155
5739,6,124
5739,6,197
5740,4,128
5741,4,44
5742,7,22
5743,4,14
5744,5,193
5745,4,40
5746,4,25
5747,4,28
5747,4,54
5748,4,215
5748,4,123
5748,4,123
5749,5,80
5750,4,51
5750,4,176
5751,5,176
5752,4,95
5753,5,98
5754,4,50
5755,4,30
5756,6,78
5756,6,167
5757,4,216
5758,5,61
5759,4,120
5759,4,103
5760,4,75
5761,5,128
5762,5,124
5763,5,110
5764,4,61
5764,4,97
5765,5,93
5766,4,138
5766,4,143
5767,6,123
5768,4,157
5768,4,121
5769,6,78
5770,5,141
5770,5,95
5771,4,177
5771,4,120
5772,5,120
5772,5,10
5773,6,105
5773,6,184
5774,5,154
5775,5,140
5776,6,15
5776,6,44
5777,4,132
5778,5,131
5779,4,72
5779,4,89
5780,6,67
5780,6,204
5781,4,25
5782,5,69
5782,5,83
5783,4,64
5783,4,73
5784,4,17
5784,4,25
5784,4,163
5784,4,76
5785,4,36
5785,4,160
5786,5,99
5787,5,110
5787,5,20
5788,5,12
5788,5,162
5789,5,43
5790,4,216
5790,4,159
5791,6,140
5792,5,61
5793,5,162
5794,5,101
5794,5,69
5794,5,36
5795,5,37
5796,7,155
5797,5,121
5797,5,113
5798,4,216
5798,4,136
5799,4,7
5800,6,27
5800,6,104
5800,6,12
5800,6,14
5801,6,183
5801,6,100
5802,6,77
5803,4,159
5803,4,24
5804,4,125
5805,8,87
5805,8,83
5806,4,153
5806,4,103
5807,4,99
5808,5,37
5809,4,39
5810,4,178
5810,4,83
5810,4,197
5811,4,83
5811,4,119
5812,4,21
5813,5,188
5813,5,47
5814,4,95
5815,4,130
5816,4,121
5816,4,2
5817,4,154
5818,4,159
5819,6,77
5819,6,215
5820,4,107
5821,5,70
5821,5,128
5822,4,192
5822,4,2
5823,4,38
5824,5,123
5825,4,23
5826,4,83
5827,4,125
5828,4,72
5828,4,51
5829,8,25
5829,8,113
5830,5,29
5830,5,119
5831,6,82
5831,6,2
5831,6,110
5832,4,141
5833,5,173
5834,5,97
5835,4,16
5836,4,200
5837,4,60
5837,4,190
5837,4,173
5837,4,145
5838,5,141
5839,4,89
5839,4,103
5840,4,49
5841,4,155
5842,7,128
5842,7,16
5842,7,35
5843,4,4
5844,6,4
5845,4,48
5845,4,58
5846,7,154
5846,7,5
5847,5,119
5847,5,110
5847,5,123
5848,5,33
5849,6,147
5850,5,110
5851,5,93
5851,5,76
5851,5,65
5851,5,21
5851,5,36
5852,4,188
5852,4,51
5852,4,162
5852,4,48
5853,5,116
5853,5,114
5854,6,4
5855,6,136
5856,4,31
5857,6,123
5858,4,116
5858,4,200
5859,4,30
5860,4,33
5860,4,27
5860,4,162
5861,5,140
5861,5,46
5861,5,155
5862,4,69
5863,4,70
5864,4,3
5865,5,121
5865,5,40
5866,4,44
5867,4,115
5868,7,61
5868,7,121
5868,7,212
5869,5,95
5870,4,57
5871,4,215
5871,4,87
5871,4,147
5871,4,2
5872,4,134
5873,5,4
5874,5,76
5875,4,57
5876,5,156
5877,4,211
5878,4,206
5879,4,97
5880,4,212
5881,5,103
5882,5,140
5883,7,122
5883,7,83
5884,9,25
5885,6,21
5886,4,133
5887,4,166
5888,4,7
5889,7,197
5890,4,92
5890,4,195
5891,6,16
5892,4,92
5893,4,23
5894,4,76
5895,5,22
5895,5,51
5896,4,3
5896,4,66
5897,4,121
5898,4,166
5899,4,45
5900,4,22
5900,4,110
5901,6,76
5902,5,166
5902,5,138
5902,5,31
5902,5,56
5903,5,50
5903,5,48
5904,4,20
5905,5,174
5905,5,42
5905,5,138
5905,5,31
5906,5,15
5907,4,28
5907,4,44
5907,4,120
5908,5,57
5909,4,163
5910,5,89
5911,6,36
5912,4,217
5913,4,162
5913,4,61
5914,7,29
5914,7,59
5915,4,36
5916,5,178
5916,5,4
5917,5,212
5917,5,100
5917,5,166
5917,5,68
5918,5,83
5918,5,117
5919,4,4
5920,5,21
5921,4,133
5922,4,172
5922,4,84
5923,4,75
5923,4,163
5924,6,56
5924,6,136
5925,4,81
5926,4,93
5927,7,92
5928,4,10
5928,4,39
5929,4,4
5930,5,150
5930,5,33
5931,4,123
5932,4,173
5932,4,62
5933,5,87
5933,5,153
5934,4,149
5934,4,136
5934,4,169
5935,5,38
5935,5,67
5935,5,162
5936,4,3
5937,4,39
5938,4,38
5938,4,54
5938,4,113
5939,4,127
5940,6,8
5941,4,21
5942,5,100
5943,5,216
5943,5,187
5944,4,190
5945,4,150
5945,4,20
5946,4,4
5947,5,100
5947,5,36
5948,4,151
5949,4,83
5950,6,1
5950,6,170
5951,5,120
5951,5,151
5952,4,69
5953,5,91
5954,4,192
5955,5,66
5956,5,22
5957,4,108
5958,9,113
5959,5,213
5960,7,58
5961,4,69
5961,4,201
5961,4,66
5962,4,116
5962,4,168
5962,4,16
5962,4,50
5963,4,123
5964,7,69
5965,5,75
5966,5,190
5967,5,93
5968,5,135
5969,5,106
5969,5,33
5969,5,157
5970,4,167
5971,5,217
5971,5,210
5972,4,95
5973,5,10
5974,6,99
5974,6,154
5974,6,48
5975,5,123
5976,4,81
5976,4,83
5977,4,66
5977,4,201
5978,4,2
5978,4,139
5979,5,20
5980,4,107
5981,6,20
5982,9,100
5982,9,67
5983,4,20
5983,4,159
5984,5,4
5985,5,77
5986,4,57
5987,4,78
5988,4,115
5988,4,105
5989,4,51
5989,4,47
5990,4,67
5991,4,73
5992,4,37
5993,5,101
5994,5,195
5995,4,190
5995,4,80
5995,4,135
5995,4,155
5995,4,206
5996,5,8
5997,4,153
5997,4,74
5998,4,189
5999,5,95
5999,5,25
6000,4,78
6001,7,83
6001,7,87
6002,8,16
6002,8,160
6003,4,61
6004,5,29
6005,4,93
6006,6,142
6006,6,4
6007,4,141
6008,4,154
6008,4,2
6009,5,72
6009,5,81
6010,4,190
6011,4,124
6011,4,41
6012,4,56
6012,4,89
6012,4,110
6013,5,128
6014,4,69
6015,6,181
6016,6,120
6017,5,69
6018,4,193
6018,4,110
6019,5,58
6019,5,59
6020,6,56
6021,4,9
6022,4,2
6022,4,141
6023,4,21
6024,8,180
6025,4,195
6026,5,98
6027,4,11
6027,4,125
6028,5,144
6029,4,104
6030,6,48
6031,4,178
6032,6,217
6033,4,36
6033,4,11
6034,6,80
6035,4,52
6036,5,85
6037,4,23
6038,5,140
6038,5,214
6039,4,21
6039,4,173
6040,5,69
6041,5,22
6042,6,129
6042,6,186
6042,6,132
6043,4,178
6044,4,108
6045,4,113
6045,4,36
6046,4,87
6046,4,164
6046,4,108
6047,4,123
6047,4,57
6048,8,20
6048,8,109
6049,6,121
6050,5,47
6050,5,156
6051,4,87
6052,4,4
6053,4,34
6054,5,216
6055,6,197
6055,6,13
6056,5,95
6057,4,10
6058,5,77
6059,7,154
6060,4,36
6060,4,83
6061,8,157
6061,8,11
6062,4,67
6063,4,95
6063,4,121
6063,4,21
6064,5,164
6064,5,73
6065,7,121
6066,4,95
6067,4,95
6067,4,115
6067,4,105
6068,4,72
6068,4,169
6069,4,44
6069,4,107
6070,4,169
6070,4,142
6070,4,101
6071,6,27
6071,6,143
6072,4,130
6073,5,3
6073,5,66
6073,5,69
6074,4,101
6074,4,212
6075,5,160
6076,4,133
6077,8,121
6078,7,76
6078,7,149
6078,7,51
6079,5,14
6079,5,125
6080,4,99
6081,5,4
6082,4,141
6083,6,83
6084,4,129
6084,4,67
6085,4,149
6085,4,178
6085,4,154
6086,5,97
6087,4,111
6088,5,76
6089,4,29
6089,4,217
6090,4,95
6091,4,69
6092,4,160
6093,9,117
6094,7,35
6095,4,33
6096,5,102
6096,5,98
6097,5,63
6097,5,113
6098,4,77
6098,4,124
6099,4,121
6099,4,208
6100,4,57
6101,5,31
6102,5,154
6103,4,47
6104,4,184
6104,4,115
6104,4,116
6105,4,44
6106,4,141
6107,4,123
6108,6,161
6109,5,121
6110,8,149
6111,4,189
6112,4,39
6113,4,197
6113,4,128
6114,5,82
6115,4,91
6115,4,155
6115,4,52
6115,4,100
6116,4,74
6116,4,8
6116,4,160
6117,4,213
6117,4,113
6117,4,21
6118,6,14
6119,4,50
6120,4,80
6121,4,110
6121,4,46
6121,4,20
6122,6,92
6123,5,162
6123,5,60
6123,5,188
6124,4,97
6125,5,95
6126,5,88
6127,7,125
6128,4,176
6129,4,51
6129,4,175
6130,4,159
6131,4,67
6132,4,75
6133,4,112
6133,4,72
6134,4,20
6135,7,181
6135,7,2
6136,6,47
6137,5,123
6138,5,28
6139,5,110
6139,5,12
6140,5,42
6140,5,31
6141,5,44
6142,4,27
6143,5,41
6143,5,113
6144,4,44
6145,4,78
6146,4,16
6147,4,121
6148,8,63
6148,8,2
6148,8,150
6148,8,48
6148,8,76
6148,8,141
6149,5,121
6149,5,83
6150,4,30
6151,5,153
6152,7,13
6153,4,43
6154,9,4
6155,4,31
6155,4,136
6156,4,14
6157,5,95
6158,8,39
6158,8,128
6159,4,64
6160,4,170
6160,4,154
6161,7,86
6161,7,189
6162,5,39
6163,4,165
6164,4,134
6165,4,100
6166,6,11
6167,5,36
6167,5,76
6168,4,36
6169,4,125
6170,4,142
6171,4,98
6172,5,3
6172,5,133
6173,6,27
6173,6,7
6173,6,151
6174,4,157
6174,4,206
6175,12,122
6175,12,2
6176,4,77
6177,4,202
6177,4,62
6178,6,58
6178,6,121
6178,6,83
6179,6,178
6180,4,188
6181,4,95
6181,4,114
6182,4,136
6183,4,114
6184,6,192
6184,6,151
6184,6,119
6185,4,204
6186,4,150
6187,5,4
6188,4,36
6188,4,113
6188,4,121
6189,4,128
6190,4,58
6190,4,120
6191,4,113
6192,4,148
6193,5,20
6194,4,101
6195,5,55
6195,5,4
6195,5,170
6195,5,73
6196,4,20
6197,4,37
6197,4,125
6198,5,132
6199,8,71
6199,8,83
6200,5,76
6200,5,99
6200,5,85
6201,4,47
6202,5,121
6203,5,57
6204,4,136
6205,4,98
6206,4,112
6206,4,88
6207,4,4
6208,4,216
6209,14,22
6209,14,5
6210,5,121
6211,7,73
6212,5,38
6213,6,166
6214,5,17
6215,4,100
6216,4,113
6217,4,97
6218,4,164
6218,4,191
6218,4,73
6218,4,95
6219,5,27
6219,5,193
6220,4,76
6221,5,97
6222,4,51
6223,4,84
6224,4,153
6224,4,121
6224,4,76
6225,4,133
6225,4,162
6226,8,3
6227,6,21
6228,4,4
6229,6,142
6230,4,193
6231,4,90
6232,4,40
6233,4,102
6233,4,156
6233,4,53
6234,4,45
6235,4,10
6236,4,11
6236,4,123
6237,4,121
6238,5,28
6239,4,136
6240,4,31
6241,4,86
6241,4,20
6241,4,121
6242,5,154
6242,5,200
6242,5,217
6242,5,29
6243,4,100
6244,6,110
6245,4,21
6246,4,157
6246,4,113
6247,4,74
6247,4,8
6248,4,15
6248,4,181
6248,4,160
6249,5,201
6249,5,216
6249,5,22
6250,5,118
6251,6,153
6251,6,212
6252,4,144
6252,4,154
6253,4,109
6253,4,188
6253,4,47
6253,4,20
6254,4,85
6255,5,93
6256,5,44
6257,5,3
6257,5,67
6257,5,4
6258,4,57
6259,5,208
6260,4,163
6260,4,40
6261,4,123
6262,7,26
6263,5,93
6264,8,56
6265,4,195
6266,4,32
6267,4,133
6268,5,116
6269,9,99
6270,4,121
6270,4,27
6271,6,95
6271,6,175
6272,4,56
6273,4,148
6273,4,128
6274,6,156
6274,6,58
6274,6,73
6275,6,97
6276,5,30
6276,5,20
6277,4,31
6278,4,148
6279,7,34
6279,7,106
6279,7,122
6280,4,125
6281,5,200
6282,6,78
6283,4,120
6284,4,20
6285,9,141
6286,4,18
6286,4,160
6287,6,181
6287,6,208
6288,4,204
6289,6,123
6290,5,155
6290,5,20
6290,5,69
6291,4,42
6292,4,159
6293,4,103
6294,7,179
6295,4,112
6295,4,16
6296,5,190
6296,5,3
6297,5,109
6297,5,121
6298,4,105
6298,4,61
6299,4,3
6300,4,153
6301,6,131
6302,4,194
6303,4,132
6303,4,67
6304,4,108
6304,4,80
6305,4,154
6306,5,197
6306,5,176
6307,4,128
6308,4,51
6309,4,13
6310,4,96
6311,4,191
6311,4,71
6312,6,28
6313,5,86
6314,7,154
6314,7,55
6315,5,128
6316,4,121
6317,6,210
6318,5,22
6319,4,76
6319,4,84
6320,4,89
6321,4,130
6322,4,110
6322,4,121
6323,7,46
6323,7,120
6324,4,149
6325,6,113
6325,6,145
6326,5,67
6327,5,76
6328,6,19
6329,8,58
6329,8,25
6329,8,39
6329,8,90
6330,4,21
6331,4,55
6331,4,24
6332,4,76
6333,4,148
6333,4,100
6334,4,45
6335,4,121
6335,4,106
6336,5,162
6336,5,186
6337,4,123
6338,5,105
6339,4,155
6339,4,49
6340,4,40
6340,4,87
6341,4,83
6342,4,20
6343,5,21
6344,6,20
6345,4,64
6346,4,120
6346,4,171
6347,4,77
6347,4,128
6348,4,95
6349,5,21
6350,4,93
6351,5,40
6352,5,73
6353,4,121
6354,4,151
6354,4,117
6355,4,55
6356,4,157
6357,4,151
6358,6,97
6359,6,113
6359,6,57
6360,6,64
6360,6,85
6360,6,108
6360,6,58
6361,5,110
6362,4,119
6362,4,69
6363,4,31
6364,6,16
6364,6,65
6364,6,151
6365,5,194
6365,5,123
6366,4,131
6367,4,67
6368,4,191
6368,4,168
6369,6,150
6370,4,123
6371,5,98
6371,5,120
6371,5,76
6372,5,151
6373,4,55
6374,4,54
6374,4,159
6375,4,77
6376,4,94
6376,4,110
6377,5,153
6377,5,83
6377,5,143
6378,6,165
6379,4,131
6380,4,150
6381,5,150
6382,4,121
6383,4,7
6383,4,138
6384,9,133
6385,5,168
6386,4,1
6387,5,93
6387,5,36
6388,5,61
6388,5,115
6388,5,116
6388,5,35
6389,5,1
6390,4,113
6390,4,157
6391,4,139
6391,4,113
6391,4,35
6392,8,76
6392,8,184
6392,8,197
6393,4,97
6394,4,76
6395,7,79
6396,4,41
6396,4,179
6397,4,70
6397,4,69
6398,4,69
6398,4,197
6399,4,36
6400,4,149
6401,4,100
6401,4,123
6401,4,73
6402,5,123
6403,5,84
6403,5,174
6404,4,120
6404,4,83
6405,4,20
6405,4,80
6406,10,67
6407,6,56
6407,6,10
6408,4,10
6409,5,13
6410,5,4
6411,4,144
6412,6,109
6412,6,12
6413,5,58
6414,4,15
6415,4,23
6416,5,63
6416,5,83
6417,4,208
6418,7,56
6419,4,75
6420,7,113
6421,4,105
6421,4,116
6422,4,89
6423,5,83
6424,6,93
6425,4,98
6426,6,17
6426,6,120
6427,4,25
6428,4,36
6429,4,80
6430,4,187
6430,4,58
6431,4,79
6432,4,36
6432,4,161
6432,4,11
6433,5,20
6433,5,133
6434,5,82
6435,4,93
6436,8,117
6436,8,113
6437,4,192
6438,4,2
6438,4,51
6438,4,154
6438,4,37
6439,4,83
6439,4,178
6439,4,78
6440,4,32
6441,4,20
6442,5,33
6443,4,67
6443,4,160
6444,4,76
6445,4,125
6445,4,124
6446,11,161
6447,4,151
6448,4,89
6448,4,83
6449,5,160
6449,5,67
6450,4,157
6451,6,130
6452,5,169
6452,5,212
6453,4,110
6454,5,78
6455,4,87
6455,4,83
6456,4,22
6457,4,125
6457,4,10
6458,4,188
6458,4,142
6459,4,66
6459,4,174
6460,4,49
6460,4,51
6461,4,123
6462,4,154
6462,4,93
6463,4,123
6464,4,21
6465,5,121
6466,7,39
6466,7,10
6466,7,123
6467,4,87
6468,4,150
6468,4,160
6469,4,2
6470,4,57
6471,4,101
6472,4,57
6473,6,200
6474,4,68
6475,4,158
6475,4,113
6475,4,120
6476,4,62
6477,4,68
6477,4,5
6477,4,23
6477,4,112
6478,4,30
6479,4,173
6479,4,108
6480,4,113
6480,4,200
6481,4,120
6482,4,44
6483,4,212
6484,4,55
6484,4,40
6485,4,101
6486,4,136
6487,7,195
6488,4,48
6489,4,76
6490,4,101
6490,4,181
6491,4,110
6491,4,53
6492,5,160
6492,5,55
6493,4,176
6494,4,119
6494,4,83
6495,4,140
6496,4,34
6497,4,118
6498,8,168
6499,4,193
6500,7,113
6500,7,123
6501,7,40
6501,7,121
6502,4,67
6503,4,200
6504,4,129
6505,4,4
6506,7,30
6507,7,51
6507,7,160
6508,4,192
6509,4,150
6510,4,163
6510,4,95
6511,4,51
6512,4,168
6513,11,34
6513,11,69
6514,7,209
6514,7,37
6515,5,157
6516,6,42
6516,6,81
6516,6,51
6517,9,11
6518,5,67
6519,6,21
6520,4,40
6521,4,212
6521,4,160
6522,5,216
6522,5,162
6523,4,129
6523,4,49
6523,4,120
6524,7,162
6524,7,23
6525,4,162
6525,4,104
6525,4,33
6526,4,6
6526,4,156
6527,4,51
6528,4,121
6529,5,202
6530,4,208
6530,4,71
6531,7,203
6532,4,101
6532,4,54
6532,4,166
6533,7,128
6534,4,76
6535,4,175
6536,4,43
6536,4,214
6537,6,83
6538,5,120
6539,5,13
6540,4,37
6541,5,21
6541,5,67
6542,4,108
6542,4,161
6543,6,51
6544,5,44
6545,7,34
6546,6,27
6547,5,21
6548,4,141
6548,4,50
6548,4,127
6549,5,165
6549,5,187
6550,6,157
6551,4,202
6552,4,198
6552,4,208
6553,4,121
6554,7,53
6554,7,110
6555,4,61
6556,5,27
6557,5,128
6558,9,69
6559,4,79
6559,4,162
6560,4,213
6561,5,97
6562,7,127
6562,7,158
6562,7,37
6563,6,121
6564,6,141
6565,4,111
6566,4,16
6566,4,95
6566,4,53
6567,5,142
6567,5,153
6568,6,157
6568,6,121
6569,5,36
6570,5,95
6570,5,175
6571,4,151
6572,6,160
6572,6,141
6573,7,78
6574,6,130
6575,5,10
6576,4,157
6576,4,38
6577,4,125
6578,8,71
6578,8,76
6578,8,168
6579,4,116
6579,4,39
6579,4,154
6579,4,115
6579,4,117
6579,4,69
6580,4,83
6580,4,123
6581,4,95
6581,4,112
6581,4,81
6582,5,106
6582,5,193
6582,5,27
6583,5,133
6583,5,52
6583,5,120
6583,5,2
6584,4,94
6584,4,130
6585,4,163
6585,4,106
6586,4,148
6587,5,179
6588,5,66
6589,6,118
6589,6,130
6590,5,13
6590,5,99
6591,5,76
6591,5,15
6592,6,125
6593,6,105
6594,4,107
6595,7,103
6596,4,162
6597,4,45
6597,4,12
6597,4,110
6598,4,216
6599,7,216
6599,7,16
6599,7,133
6599,7,2
6600,5,67
6600,5,136
6601,4,15
6602,6,157
6603,4,27
6604,4,121
6605,5,167
6605,5,192
6606,5,188
6607,6,72
6607,6,105
6607,6,116
6608,4,68
6608,4,57
6609,4,89
6609,4,43
6610,4,91
6611,4,115
6611,4,162
6612,4,4
6612,4,49
6612,4,39
6613,4,104
6614,6,21
6615,5,16
6616,4,3
6616,4,67
6617,4,55
6618,4,21
6619,5,172
6619,5,199
6619,5,112
6620,4,157
6620,4,101
6620,4,121
6621,8,43
6622,5,104
6622,5,160
6622,5,19
6623,4,67
6624,5,111
6625,5,155
6626,5,106
6627,4,148
6628,4,39
6629,6,208
6630,6,78
6631,4,120
6632,6,61
6633,4,75
6633,4,113
6634,4,81
6634,4,160
6635,9,11
6636,4,75
6636,4,71
6636,4,28
6637,4,32
6638,6,142
6638,6,83
6639,5,177
6639,5,76
6639,5,103
6639,5,44
6640,4,125
6641,7,202
6642,4,190
6643,4,48
6643,4,83
6644,5,82
6645,5,80
6645,5,79
6645,5,121
6646,4,10
6647,4,40
6648,4,71
6648,4,167
6649,4,87
6649,4,55
6650,5,88
6650,5,72
6650,5,205
6650,5,119
6651,4,124
6652,4,31
6653,4,83
6653,4,117
6653,4,105
6654,8,102
6655,6,52
6656,6,123
6657,7,79
6658,4,67
6658,4,4
6659,4,190
6660,4,149
6660,4,2
6661,5,33
6662,5,159
6662,5,161
6663,5,209
6663,5,81
6664,5,35
6664,5,76
6664,5,69
6665,5,101
6665,5,121
6666,5,159
6666,5,160
6667,4,100
6668,5,121
6669,8,16
6669,8,181
6670,6,74
6671,4,10
6672,4,28
6673,5,65
6674,6,207
6674,6,121
6675,5,128
6676,4,64
6677,4,4
6677,4,175
6678,4,78
6679,4,34
6680,7,29
6681,4,6
6681,4,58
6682,4,97
6683,4,36
6684,6,178
6684,6,207
6685,5,178
6686,4,118
6686,4,123
6687,4,46
6688,5,58
6689,4,37
6690,6,117
6691,4,126
6692,4,168
6693,4,113
6693,4,71
6694,4,46
6694,4,79
6694,4,27
6694,4,49
6694,4,33
6694,4,172
6695,6,156
6695,6,168
6696,4,97
6697,6,44
6698,5,28
6699,4,7
6700,6,154
6701,4,197
6701,4,11
6702,8,110
6703,4,110
6704,4,45
6705,4,168
6705,4,52
6705,4,113
6706,6,31
6707,4,94
6707,4,59
6708,5,127
6708,5,52
6709,4,83
6710,5,179
6710,5,143
6711,4,78
6712,4,40
6713,7,38
6714,4,4
6715,6,164
6716,5,87
6716,5,100
6717,4,34
6718,6,93
6718,6,124
6718,6,94
6719,4,53
6720,6,193
6720,6,2
6721,4,192
6721,4,90
6722,6,178
6723,5,117
6724,7,117
6724,7,116
6724,7,105
6724,7,113
6725,5,76
6725,5,53
6726,4,126
6727,4,210
6728,6,179
6729,4,10
6730,4,120
6730,4,129
6731,9,83
6732,4,160
6732,4,121
6733,5,79
6733,5,121
6733,5,152
6734,4,95
6735,4,33
6736,4,90
6737,6,100
6738,4,176
6739,6,124
6740,6,129
6741,4,189
6741,4,24
6742,4,37
6743,4,76
6744,7,22
6745,5,211
6746,4,12
6746,4,16
6747,6,67
6748,5,63
6748,5,160
6749,5,55
6749,5,10
6749,5,24
6750,4,37
6750,4,7
6750,4,28
6751,6,97
6752,5,83
6753,8,150
6753,8,29
6753,8,97
6753,8,51
6754,5,20
6755,4,92
6755,4,212
6756,4,93
6757,7,2
6757,7,114
6758,4,83
6759,7,121
6759,7,101
6760,7,30
6761,5,56
6762,5,98
6763,5,105
6764,4,160
6764,4,114
6765,4,123
6765,4,138
6765,4,80
6766,4,76
6767,5,31
6768,4,64
6769,7,25
6769,7,2
6770,4,212
6770,4,76
6771,4,51
6772,4,105
6772,4,115
6773,6,37
6774,4,45
6775,4,150
6775,4,84
6776,4,38
6777,5,133
6777,5,151
6778,4,161
6779,6,116
6779,6,151
6780,4,73
6780,4,169
6781,4,123
6781,4,146
6782,4,90
6783,4,72
6784,4,123
6785,4,39
6786,4,67
6786,4,3
6787,6,97
6787,6,121
6788,6,51
6788,6,95
6788,6,98
6789,5,27
6790,7,210
6791,7,159
6792,4,108
6793,4,118
6794,4,28
6794,4,75
6794,4,152
6795,4,199
6796,4,123
6797,4,7
6798,6,194
6798,6,76
6799,4,114
6799,4,197
6800,4,121
6801,5,55
6801,5,172
6801,5,6
6801,5,83
6802,6,187
6802,6,137
6803,4,27
6804,4,143
6804,4,134
6805,5,181
6805,5,155
6805,5,113
6806,5,39
6806,5,109
6807,4,66
6807,4,138
6808,8,134
6809,4,28
6810,4,118
6811,4,66
6812,5,176
6813,5,147
6813,5,145
6813,5,162
6814,6,54
6815,5,146
6816,5,117
6817,4,36
6817,4,73
6818,5,97
6819,6,190
6820,6,13
6821,6,38
6822,4,44
6823,5,77
6823,5,57
6824,8,178
6824,8,151
6825,5,155
6825,5,21
6826,5,127
6826,5,133
6827,4,160
6828,4,38
6829,5,204
6830,4,80
6830,4,83
6831,7,175
6832,4,133
6832,4,32
6833,5,21
6834,5,93
6834,5,21
6835,4,47
6835,4,67
6836,4,94
6836,4,89
6836,4,2
6837,4,167
6838,4,56
6838,4,128
6839,4,167
6840,4,93
6841,4,181
6841,4,106
6841,4,84
6842,5,193
6842,5,47
6843,4,29
6844,4,112
6844,4,16
6845,4,125
6846,5,10
6847,4,175
6848,4,192
6849,5,37
6850,4,194
6851,4,101
6852,4,24
6852,4,56
6853,5,78
6853,5,58
6854,5,45
6854,5,33
6855,5,121
6856,4,154
6857,5,104
6858,4,128
6859,4,93
6860,4,78
6861,6,64
6862,4,175
6863,5,149
6864,4,188
6864,4,80
6865,11,87
6865,11,24
6866,4,127
6866,4,141
6867,4,83
6867,4,158
6868,4,154
6868,4,107
6869,4,58
6869,4,61
6870,5,93
6870,5,75
6871,5,97
6872,6,21
6873,5,118
6873,5,113
6874,5,73
6875,4,4
6875,4,114
6875,4,116
6876,5,143
6876,5,95
6877,7,10
6878,4,100
6878,4,157
6879,5,157
6880,4,110
6881,4,34
6882,4,66
6883,5,120
6884,4,31
6885,5,183
6885,5,98
6886,4,109
6887,4,55
6887,4,95
6887,4,98
6888,4,98
6889,4,160
6889,4,145
6890,5,162
6890,5,142
6891,5,164
6892,5,21
6893,4,149
6893,4,121
6894,4,122
6894,4,157
6895,4,154
6896,4,76
6896,4,122
6896,4,36
6896,4,212
6897,4,133
6898,4,38
6899,5,99
6900,4,121
6900,4,142
6901,5,72
6902,5,160
6903,4,51
6904,6,174
6905,6,76
6905,6,29
6906,4,128
6907,7,74
6908,5,4
6908,5,51
6909,5,155
6909,5,4
6909,5,83
6910,5,194
6911,4,57
6912,4,69
6912,4,93
6913,4,37
6914,5,147
6915,4,128
6916,4,9
6917,5,24
6917,5,121
6918,7,41
6918,7,100
6919,4,52
6919,4,127
6919,4,118
6919,4,146
6920,5,168
6921,4,11
6922,5,162
6923,7,100
6923,7,68
6924,4,71
6924,4,3
6925,4,150
6925,4,102
6925,4,97
6926,7,84
6927,6,67
6928,5,2
6928,5,109
6929,5,51
6930,4,157
6930,4,83
6931,4,79
6931,4,169
6931,4,153
6932,5,106
6932,5,75
6933,5,7
6933,5,66
6933,5,41
6934,4,110
6934,4,66
6934,4,31
6935,5,13
6936,4,107
6936,4,154
6937,4,38
6938,7,94
6939,7,4
6940,4,188
6941,9,113
6941,9,110
6941,9,25
6942,5,122
6942,5,168
6942,5,72
6943,7,157
6944,4,57
6945,4,118
6946,4,61
6947,4,162
6947,4,110
6948,4,44
6949,4,140
6949,4,214
6950,4,44
6951,4,157
6952,4,45
6952,4,162
6953,8,193
6953,8,4
6954,5,166
6954,5,137
6955,5,4
6956,4,149
6957,10,83
6957,10,29
6957,10,191
6957,10,26
6958,5,123
6958,5,73
6959,4,46
6959,4,110
6960,4,40
6960,4,176
6961,5,111
6962,5,33
6963,5,83
6963,5,39
6963,5,65
6964,4,109
6964,4,143
6965,4,151
6966,6,97
6966,6,133
6967,9,127
6968,4,38
6969,4,184
6969,4,34
6969,4,83
6970,4,67
6970,4,137
6971,4,69
6972,5,216
6973,4,7
6974,4,144
6975,6,130
6976,4,83
6976,4,82
6976,4,123
6977,5,123
6978,6,153
6978,6,76
6978,6,194
6979,4,33
6980,7,175
6981,5,101
6982,4,16
6983,4,159
6983,4,69
6984,5,168
6985,6,4
6986,4,101
6986,4,142
6987,4,7
6988,5,154
6988,5,120
6989,4,185
6990,4,138
6990,4,100
6990,4,31
6991,5,81
6991,5,154
6991,5,102
6992,4,10
6992,4,34
6993,5,40
6993,5,22
6994,4,210
6995,4,93
6995,4,136
6995,4,124
6995,4,67
6996,5,113
6997,4,3
6998,6,141
6998,6,95
6999,4,110
7000,4,160
7000,4,67
7000,4,146
7001,4,24
7002,4,184
7002,4,113
7003,4,92
7003,4,108
7004,4,125
7005,7,94
7005,7,113
7005,7,172
7006,4,168
7007,4,4
7008,4,69
7009,4,123
7010,4,98
7011,4,95
7012,5,18
7012,5,61
7012,5,41
7013,7,98
7014,12,72
7015,6,49
7016,4,40
7017,8,92
7018,8,191
7019,4,40
7019,4,123
7019,4,34
7019,4,140
7020,4,57
7021,4,156
7021,4,73
7022,5,172
7023,5,20
7023,5,133
7024,4,214
7024,4,61
7024,4,140
7024,4,122
7024,4,149
7025,6,58
7026,5,123
7027,7,110
7028,4,206
7028,4,36
7029,4,123
7030,4,49
7031,4,48
7031,4,117
7032,4,40
7033,5,162
7034,6,115
7035,4,60
7035,4,47
7036,4,38
7037,4,72
7037,4,164
7038,4,105
7039,4,83
7040,4,5
7041,5,67
7041,5,84
7042,4,28
7043,4,157
7044,4,170
7044,4,15
7045,4,36
7045,4,83
7045,4,177
7046,4,78
7047,4,81
7047,4,162
7048,4,34
7049,4,147
7050,4,52
7051,4,132
7051,4,81
7051,4,113
7052,4,101
7053,5,20
7054,5,63
7055,4,110
7056,4,61
7057,7,50
7057,7,83
7058,4,57
7058,4,180
7058,4,101
7059,4,36
7059,4,216
7060,5,160
7060,5,108
7061,5,142
7061,5,83
7062,5,49
7063,4,10
7063,4,157
7064,4,150
7065,5,185
7066,6,69
7067,4,55
7067,4,2
7068,5,18
7068,5,154
7068,5,7
7069,4,2
7070,5,198
7071,4,37
7072,4,133
7073,5,67
7073,5,100
7074,5,2
7075,4,190
7076,6,13
7076,6,146
7077,4,12
7077,4,153
7078,7,93
7079,4,150
7079,4,113
7080,4,195
7080,4,95
7081,4,191
7082,7,63
7082,7,127
7083,4,93
7084,4,93
7085,6,105
7085,6,33
7085,6,47
7086,7,57
7087,4,73
7088,5,29
7089,4,56
7090,4,59
7090,4,159
7091,5,126
7092,4,166
7093,4,179
7093,4,42
7094,4,148
7094,4,166
7095,4,151
7096,6,132
7097,5,41
7098,4,78
7099,4,118
7100,5,153
7100,5,31
7101,4,25
7102,6,157
7102,6,83
7102,6,212
7103,4,98
7104,4,157
7105,7,136
7106,4,158
7106,4,83
7107,4,207
7108,4,157
7109,4,34
7110,4,95
7111,6,120
7112,5,121
7113,4,69
7114,5,47
7115,6,149
7115,6,113
7115,6,157
7116,5,122
7117,4,150
7118,4,123
7119,7,89
7120,4,118
7121,4,121
7121,4,82
7122,5,201
7122,5,4
7123,4,107
7123,4,83
7124,4,148
7125,5,13
7126,6,83
7127,5,159
7127,5,11
7128,5,44
7128,5,10
7129,5,12
7130,6,69
7131,5,83
7131,5,12
7132,5,202
7133,5,141
7134,4,84
7134,4,172
7135,4,31
7136,4,193
7137,5,67
7138,4,124
7139,4,202
7140,4,71
7140,4,160
7141,4,8
7141,4,151
7142,5,83
7142,5,70
7142,5,25
7143,4,97
7144,4,86
7144,4,108
7145,5,188
7146,6,73
7146,6,105
7147,5,96
7148,6,47
7149,4,100
7150,5,157
7150,5,151
7151,7,181
7151,7,185
7151,7,76
7151,7,4
7151,7,61
7151,7,168
7152,4,77
7152,4,69
7153,4,161
7154,4,162
7155,4,183
7155,4,42
7156,4,67
7157,4,168
7158,4,18
7158,4,138
7159,8,170
7159,8,61
7160,4,16
7161,4,84
7162,7,185
7163,4,142
7164,4,78
7165,5,69
7166,4,13
7167,4,37
7168,4,34
7168,4,97
7169,8,121
7170,4,29
7171,5,160
7172,6,80
7172,6,110
7173,4,81
7173,4,73
7174,5,164
7175,4,49
7175,4,22
7176,4,81
7176,4,123
7177,5,29
7177,5,71
7178,4,192
7179,4,51
7180,4,4
7180,4,159
7181,5,121
7181,5,157
7182,4,66
7182,4,33
7183,6,113
7184,4,18
7184,4,123
7185,5,217
7186,5,132
7186,5,77
7187,7,134
7188,4,133
7188,4,195
7189,4,67
7190,4,84
7191,5,187
7191,5,112
7192,6,24
7192,6,67
7193,4,20
7193,4,49
7194,5,31
7194,5,122
7195,5,64
7196,4,110
7196,4,63
7197,6,90
7198,4,133
7199,5,84
7200,4,202
7201,4,4
7201,4,40
7201,4,36
7201,4,35
7201,4,76
7201,4,99
7202,6,40
7202,6,130
7202,6,133
7203,5,2
7203,5,47
7204,4,64
7205,4,39
7206,5,204
7207,5,166
7207,5,198
7208,4,123
7209,4,110
7210,5,150
7211,5,134
7212,4,135
7213,5,67
7214,5,149
7215,6,115
7215,6,151
7215,6,154
7216,6,28
7216,6,142
7217,6,12
7218,4,3
7219,5,100
7220,5,113
7221,9,36
7222,9,96
7222,9,211
7223,6,121
7223,6,4
7224,4,77
7224,4,38
7225,4,202
7226,5,12
7226,5,49
7226,5,33
7227,4,113
7228,6,37
7229,4,3
7229,4,107
7230,5,83
7231,4,12
7232,6,83
7232,6,25
7233,4,83
7234,4,151
7234,4,15
7235,5,90
7236,5,157
7237,8,199
7238,5,68
7239,4,16
7240,7,79
7240,7,80
7241,6,34
7242,4,16
7243,5,29
7243,5,159
7244,5,31
7245,4,109
7245,4,62
7246,7,30
7247,4,53
7248,4,107
7249,4,123
7250,4,101
7251,4,151
7251,4,184
7251,4,65
7252,4,130
7253,5,193
7254,6,157
7255,5,25
7255,5,67
7255,5,3
7256,4,83
7257,7,160
7257,7,80
7258,7,185
7259,4,185
7259,4,10
7260,6,16
7261,4,100
7261,4,166
7261,4,68
7262,4,150
7263,4,22
7264,4,41
7264,4,29
7264,4,174
7265,6,106
7266,4,40
7267,7,202
7267,7,1
7268,4,83
7269,4,89
7269,4,9
7270,4,92
7271,5,4
7271,5,12
7272,5,15
7273,4,169
7274,4,160
7275,4,53
7276,4,95
7276,4,103
7277,5,197
7278,5,4
7279,6,83
7279,6,120
7280,4,40
7280,4,54
7281,5,142
7282,4,192
7282,4,126
7283,6,127
7283,6,82
7284,5,26
7284,5,197
7285,4,21
7285,4,77
7286,5,196
7287,4,149
7288,4,64
7289,4,205
7289,4,70
7289,4,155
7290,7,114
7290,7,83
7290,7,15
7291,6,4
7292,4,34
7293,4,211
7294,4,110
7294,4,13
7294,4,51
7295,7,157
7295,7,212
7296,5,101
7296,5,216
7297,7,157
7297,7,212
7298,4,118
7299,4,141
7300,6,135
7301,5,173
7302,6,25
7302,6,113
7303,4,69
7303,4,95
7304,4,61
7304,4,73
7304,4,156
7305,4,74
7305,4,151
7305,4,156
7306,6,97
7306,6,34
7306,6,192
7306,6,95
7307,5,193
7308,4,126
7309,4,207
7310,4,12
7310,4,176
7311,5,153
7312,4,126
7313,4,211
7314,6,126
7315,4,36
7316,4,117
7316,4,83
7317,4,20
7318,5,212
7319,4,72
7320,5,69
7321,4,76
7322,4,12
7322,4,213
7323,8,32
7324,4,70
7324,4,10
7325,4,2
7326,4,110
7326,4,121
7327,4,166
7328,4,23
7328,4,92
7329,6,20
7330,5,93
7331,4,185
7331,4,39
7332,5,4
7332,5,67
7333,4,37
7334,5,22
7335,5,83
7335,5,193
7336,4,59
7337,4,105
7338,4,121
7339,4,113
7339,4,146
7340,4,39
7340,4,175
7341,6,202
7342,4,13
7342,4,197
7343,4,33
7344,4,39
7345,4,128
7346,4,201
7347,4,96
7347,4,10
7348,4,123
7349,6,51
7349,6,71
7349,6,63
7350,4,108
7350,4,198
7351,4,156
7351,4,40
7351,4,36
7352,4,54
7353,4,3
7354,4,76
7355,4,83
7355,4,183
7356,5,6
7356,5,160
7357,4,100
7357,4,207
7357,4,140
7358,4,121
7358,4,34
7358,4,153
7358,4,36
7359,5,156
7360,4,90
7361,4,162
7362,4,117
7362,4,136
7363,5,105
7364,4,125
7365,4,83
7365,4,121
7366,5,198
7367,4,155
7368,4,38
7368,4,97
7369,4,54
7369,4,88
7369,4,119
7370,6,76
7371,5,92
7371,5,23
7372,4,50
7373,6,141
7374,4,93
7375,5,67
7376,4,83
7377,4,121
7377,4,61
7378,4,69
7379,4,214
7380,4,83
7380,4,19
7381,4,110
7381,4,31
7382,6,128
7383,5,207
7383,5,140
7383,5,121
7384,4,23
7384,4,140
7384,4,3
7385,5,52
7386,4,40
7387,5,151
7388,5,161
7389,4,136
7390,4,110
7391,4,87
7391,4,28
7392,6,194
7392,6,37
7392,6,126
7393,4,4
7393,4,123
7393,4,73
7394,4,112
7395,5,140
7395,5,1
7396,4,148
7397,10,15
7397,10,127
7398,5,184
7398,5,154
7398,5,116
7398,5,39
7399,5,33
7400,6,100
7400,6,67
7401,5,8
7401,5,97
7402,7,155
7403,5,202
7404,5,58
7405,4,106
7405,4,105
7406,8,49
7406,8,87
7407,4,67
7407,4,20
7407,4,22
7408,5,12
7408,5,3
7409,4,83
7409,4,79
7410,4,133
7410,4,106
7410,4,3
7411,4,48
7411,4,2
7412,5,92
7413,4,64
7413,4,12
7414,4,113
7415,5,98
7416,5,4
7416,5,140
7417,5,125
7418,8,16
7419,4,67
7420,5,67
7421,4,35
7422,4,120
7422,4,151
7423,5,76
7424,4,176
7424,4,22
7424,4,4
7425,4,201
7426,4,108
7427,5,194
7428,4,110
7428,4,158
7429,5,86
7429,5,130
7430,9,99
7431,7,113
7432,5,12
7432,5,46
7432,5,27
7433,12,98
7434,5,69
7434,5,93
7435,5,117
7435,5,114
7436,8,109
7437,6,90
7438,6,165
7438,6,195
7438,6,113
7438,6,70
7439,6,200
7440,6,142
7441,10,25
7441,10,136
7442,4,79
7443,4,141
7443,4,160
7444,4,69
7445,7,148
7446,4,181
7446,4,101
7446,4,21
7446,4,77
7447,4,142
7447,4,100
7447,4,169
7448,4,122
7449,4,51
7449,4,48
7450,4,51
7450,4,28
7450,4,150
7451,5,37
7452,6,127
7453,5,98
7454,4,4
7454,4,115
7455,4,148
7456,6,176
7457,5,78
7458,8,160
7458,8,152
7459,4,117
7460,5,7
7460,5,106
7461,4,143
7462,4,76
7463,4,100
7463,4,166
7464,6,156
7465,5,131
7466,4,197
7467,4,123
7468,4,114
7469,4,36
7470,4,2
7470,4,34
7471,4,57
7472,4,90
7473,8,98
7473,8,51
7474,5,24
7475,4,173
7476,5,200
7476,5,146
7476,5,28
7477,4,214
7478,4,121
7478,4,148
7479,4,4
7479,4,67
7480,4,76
7481,5,30
7482,5,159
7483,4,151
7483,4,193
7484,4,21
7485,6,116
7485,6,117
7486,4,169
7486,4,2
7487,4,16
7487,4,178
7487,4,51
7488,6,157
7489,4,131
7490,4,38
7490,4,123
7491,4,106
7492,4,153
7492,4,141
7493,4,101
7494,4,205
7495,4,129
7495,4,67
7495,4,81
7496,4,179
7497,7,7
7497,7,206
7498,6,164
7498,6,4
7499,4,101
7500,4,89
7500,4,207
7501,4,149
7501,4,106
7502,4,27
7502,4,110
7503,4,18
7503,4,201
7504,4,160
7504,4,199
7505,4,22
7506,4,98
7507,5,19
7507,5,76
7508,4,114
7508,4,105
7508,4,115
7509,5,14
7510,4,18
7511,5,50
7512,4,71
7512,4,95
7513,5,172
7514,5,75
7514,5,113
7515,4,34
7516,4,114
7517,6,13
7518,5,203
7519,6,151
7519,6,133
7520,5,80
7520,5,112
7520,5,27
7521,4,144
7521,4,24
7522,4,83
7522,4,147
7523,8,127
7523,8,120
7524,4,51
7525,6,149
7525,6,43
7526,4,93
7527,5,94
7528,5,99
7529,5,3
7529,5,36
7529,5,80
7530,4,199
7531,5,108
7531,5,157
7532,4,93
7532,4,69
7533,4,179
7533,4,22
7534,4,162
7535,4,66
7535,4,73
7536,4,73
7537,7,109
7537,7,174
7538,8,121
7539,8,141
7540,5,95
7540,5,164
7541,4,180
7541,4,4
7541,4,12
7542,4,98
7542,4,205
7543,4,186
7543,4,76
7544,4,137
7545,5,56
7546,4,98
7547,4,120
7548,4,148
7549,4,10
7550,4,109
7550,4,81
7551,5,163
7552,4,110
7553,4,151
7553,4,183
7554,5,123
7555,5,211
7556,4,63
7557,6,149
7557,6,154
7558,6,4
7558,6,121
7559,4,53
7560,5,151
7561,5,175
7562,4,134
7563,8,27
7564,4,46
7565,6,11
7565,6,67
7566,6,4
7567,4,58
7568,5,50
7568,5,190
7569,4,150
7570,5,116
7571,6,137
7571,6,142
7572,5,154
7572,5,36
7573,4,21
7573,4,67
7573,4,206
7573,4,82
7574,4,214
7575,5,160
7575,5,142
7576,5,76
7576,5,141
7576,5,98
7577,4,101
7577,4,25
7578,4,15
7579,4,138
7579,4,143
7580,4,160
7580,4,158
7581,5,50
7582,4,196
7582,4,205
7583,5,83
7583,5,69
7584,4,166
7585,4,159
7586,8,180
7587,6,109
7587,6,10
7588,4,67
7588,4,33
7589,4,214
7590,5,73
7591,6,20
7592,4,18
7592,4,213
7593,5,34
7594,7,11
7595,4,113
7595,4,181
7596,5,36
7597,5,130
7598,4,83
7599,7,116
7600,4,46
7601,7,159
7601,7,160
7602,4,142
7602,4,149
7602,4,83
7603,4,44
7604,5,10
7604,5,27
7605,4,180
7606,4,99
7607,4,75
7608,5,121
7608,5,83
7609,4,98
7609,4,30
7609,4,10
7610,4,151
7610,4,119
7611,4,101
7612,4,148
7613,5,187
7613,5,157
7614,4,190
7615,4,195
7615,4,56
7615,4,185
7615,4,44
7615,4,58
7615,4,160
7616,5,57
7617,4,143
7617,4,171
7618,4,61
7618,4,153
7619,5,51
7620,4,85
7620,4,164
7620,4,153
7621,5,23
7621,5,144
7622,4,43
7623,5,120
7624,4,34
7625,4,189
7626,4,48
7627,5,5
7628,4,22
7629,4,160
7629,4,214
7630,5,1
7630,5,140
7631,4,59
7631,4,34
7631,4,67
7632,4,21
7633,5,83
7634,5,96
7634,5,67
7634,5,64
7635,6,192
7635,6,14
7636,4,184
7636,4,105
7637,4,109
7637,4,34
7638,4,100
7639,6,204
7640,4,95
7640,4,119
7641,4,53
7641,4,63
7642,17,113
7643,5,156
7643,5,138
7644,5,146
7644,5,208
7645,4,34
7646,5,201
7646,5,148
7647,4,136
7648,5,91
7649,7,128
7649,7,127
7649,7,108
7650,5,59
7650,5,76
7651,6,124
7652,4,148
7653,4,16
7653,4,155
7654,5,154
7655,6,122
7655,6,191
7656,4,136
7657,5,61
7658,6,81
7659,4,205
7659,4,94
7660,4,21
7660,4,40
7661,6,149
7661,6,184
7662,5,31
7662,5,100
7663,4,193
7663,4,82
7664,4,128
7664,4,215
7665,5,153
7665,5,143
7666,5,74
7667,5,38
7668,6,202
7669,4,12
7670,6,55
7670,6,83
7671,4,203
7672,5,166
7673,5,143
7673,5,76
7674,5,95
7674,5,150
7675,10,4
7675,10,190
7676,4,99
7677,4,133
7677,4,76
7678,6,83
7678,6,51
7679,4,82
7680,6,186
7680,6,113
7681,5,155
7681,5,167
7681,5,54
7682,4,37
7682,4,168
7683,5,5
7684,4,112
7685,6,129
7686,4,29
7687,6,95
7687,6,174
7687,6,61
7688,4,85
7689,4,79
7690,4,206
7691,4,69
7691,4,37
7691,4,93
7692,4,171
7693,4,106
7694,5,213
7694,5,2
7695,4,121
7695,4,209
7696,6,77
7696,6,4
7697,5,83
7697,5,115
7698,4,44
7699,4,106
7700,4,10
7701,6,120
7702,9,116
7702,9,100
7702,9,105
7703,4,159
7703,4,123
7703,4,56
7704,5,168
7705,4,187
7706,6,113
7706,6,105
7707,4,20
7707,4,164
7708,5,22
7708,5,162
7709,4,160
7709,4,158
7710,4,115
7710,4,114
7711,4,68
7712,4,71
7712,4,113
7712,4,183
7713,4,119
7713,4,209
7714,4,74
7714,4,83
7715,4,14
7715,4,122
7715,4,190
7716,4,213
7716,4,18
7717,4,200
7717,4,170
7718,6,113
7718,6,10
7719,5,113
7719,5,12
7720,4,50
7720,4,206
7721,4,36
7722,6,95
7723,4,116
7724,5,130
7724,5,92
7725,6,197
7726,4,27
7727,4,157
7728,4,69
7729,4,123
7730,4,5
7731,4,73
7732,4,44
7732,4,83
7733,5,113
7733,5,104
7734,4,107
7735,4,64
7736,4,148
7737,5,160
7737,5,115
7738,5,105
7738,5,174
7739,4,7
7739,4,78
7740,4,10
7741,5,4
7742,5,153
7743,5,120
7744,5,124
7745,6,149
7746,5,100
7747,4,76
7748,4,83
7749,4,101
7750,4,4
7751,5,44
7751,5,46
7752,4,106
7752,4,25
7753,4,1
7754,6,81
7754,6,4
7755,5,123
7756,4,154
7756,4,30
7757,6,24
7757,6,28
7758,4,183
7759,4,25
7759,4,168
7759,4,73
7760,4,113
7760,4,87
7761,4,28
7762,4,68
7762,4,53
7763,4,11
7764,4,113
7765,4,170
7766,4,98
7767,6,65
7768,5,67
7768,5,113
7769,6,24
7770,4,176
7770,4,130
7771,4,198
7771,4,173
7772,4,162
7773,4,120
7773,4,154
7774,4,123
7774,4,40
7774,4,121
7775,4,23
7776,4,200
7777,4,147
7778,4,85
7779,5,61
7780,6,56
7781,4,131
7782,5,135
7783,5,95
7783,5,104
7784,4,61
7785,4,116
7785,4,9
7785,4,184
7786,4,188
7787,4,166
7788,4,14
7789,7,151
7790,5,123
7791,4,3
7792,4,108
7792,4,80
7792,4,79
7793,4,8
7794,5,31
7795,4,166
7795,4,137
7795,4,50
7796,5,76
7796,5,55
7797,4,3
7798,4,76
7799,4,18
7800,4,160
7801,4,153
7802,4,95
7802,4,5
7803,5,128
7804,4,143
7804,4,18
7805,6,121
7806,5,45
7807,8,51
7807,8,95
7808,4,90
7809,4,76
7810,6,83
7811,8,15
7812,4,99
7812,4,154
7813,6,90
7814,4,8
7815,13,120
7815,13,4
7816,4,78
7816,4,139
7817,5,50
7817,5,141
7818,4,39
7819,4,79
7819,4,24
7820,4,159
7821,4,39
7822,4,152
7823,8,4
7823,8,83
7823,8,50
7824,6,10
7825,5,10
7826,4,160
7827,4,55
7828,4,30
7829,6,16
7830,5,122
7830,5,44
7830,5,76
7831,4,164
7831,4,40
7831,4,26
7831,4,191
7832,7,215
7832,7,176
7832,7,191
7833,4,172
7834,4,207
7834,4,120
7835,4,29
7836,4,42
7837,4,101
7838,4,110
7839,4,73
7839,4,141
7840,4,52
7840,4,4
7841,4,120
7842,4,56
7843,4,70
7843,4,69
7844,4,160
7845,5,4
7846,5,123
7847,4,113
7847,4,63
7848,4,95
7848,4,205
7849,5,16
7849,5,192
7850,4,67
7851,4,83
7851,4,150
7851,4,48
7852,6,69
7852,6,105
7853,4,57
7854,4,201
7855,4,84
7856,4,57
7857,8,197
7857,8,69
7858,4,96
7858,4,169
7859,6,73
7859,6,149
7859,6,168
7860,5,38
7860,5,206
7860,5,56
7861,4,111
7861,4,93
7862,4,3
7863,5,190
7864,5,10
7865,4,123
7866,6,98
7867,5,72
7867,5,178
7868,4,150
7868,4,102
7868,4,48
7868,4,95
7869,5,22
7870,4,150
7871,6,76
7871,6,128
7871,6,189
7872,4,80
7873,6,121
7874,4,148
7875,5,67
7876,5,160
7876,5,81
7877,4,2
7878,6,55
7878,6,168
7879,5,25
7879,5,106
7879,5,128
7880,4,113
7880,4,105
7880,4,115
7881,4,40
7882,5,159
7883,5,10
7884,4,119
7884,4,205
7884,4,196
7885,5,215
7885,5,51
7886,4,131
7886,4,123
7887,4,7
7888,5,128
7888,5,197
7889,5,60
7890,4,44
7891,4,94
7892,5,97
7893,6,118
7894,5,20
7894,5,120
7895,7,161
7896,4,57
7896,4,193
7897,4,193
7897,4,96
7898,4,20
7899,4,56
7899,4,90
7900,5,112
7901,4,57
7902,5,44
7903,5,3
7903,5,150
7904,5,135
7904,5,212
7904,5,121
7905,4,81
7906,6,58
7907,4,31
7907,4,40
7908,5,22
7909,4,93
7909,4,90
7910,4,183
7910,4,47
7910,4,38
7911,5,178
7911,5,83
7912,4,21
7913,4,103
7914,4,153
7914,4,50
7915,4,106
7916,4,83
7916,4,99
7917,5,120
7917,5,68
7918,4,90
7919,4,65
7920,4,47
7920,4,51
7920,4,33
7921,5,132
7921,5,150
7922,4,86
7923,6,159
7924,6,122
7924,6,16
7924,6,121
7925,4,95
7926,6,9
7927,4,170
7927,4,61
7927,4,4
7927,4,156
7928,4,27
7929,6,146
7930,4,90
7931,4,58
7932,4,45
7933,4,48
7933,4,141
7933,4,133
7934,6,203
7935,5,128
7936,5,93
7937,4,41
7938,4,69
7939,5,48
7939,5,151
7939,5,48
7940,4,104
7941,5,57
7942,4,84
7942,4,105
7943,4,1
7944,5,113
7945,5,40
7946,4,77
7946,4,21
7947,4,155
7947,4,14
7948,7,90
7948,7,128
7949,5,78
7949,5,199
7950,4,12
7951,5,95
7952,5,171
7953,7,54
7953,7,76
7954,4,106
7954,4,67
7954,4,159
7955,4,25
7955,4,76
7956,4,127
7957,5,87
7958,7,129
7959,12,64
7960,4,61
7960,4,172
7960,4,55
7960,4,2
7961,4,28
7961,4,36
7962,5,170
7962,5,171
7963,5,57
7964,5,52
7965,5,176
7965,5,93
7966,4,30
7967,5,135
7968,6,80
7968,6,79
7969,4,2
7969,4,188
7970,5,24
7970,5,8
7971,4,124
7972,5,213
7973,7,2
7973,7,55
7973,7,121
7974,4,166
7975,4,115
7975,4,184
7975,4,76
7976,6,70
7976,6,69
7977,4,186
7978,4,34
7978,4,126
7979,5,27
7979,5,121
7980,4,34
7980,4,133
7980,4,107
7980,4,151
7981,4,41
7981,4,66
7982,6,211
7983,4,137
7984,5,178
7985,4,26
7986,4,105
7986,4,210
7987,4,99
7988,5,16
7988,5,168
7989,4,164
7990,6,56
7991,6,16
7991,6,67
7991,6,98
7992,4,204
7993,4,97
7994,4,145
7994,4,113
7995,4,128
7996,6,76
7996,6,115
7997,4,121
7998,4,192
7999,4,177
8000,4,152
8001,5,142
8001,5,113
8002,4,79
8003,8,103
8004,4,108
8005,4,69
8006,4,48
8006,4,101
8007,5,172
8008,5,2
8008,5,66
8009,4,101
8010,4,18
8011,8,31
8012,4,98
8013,4,83
8013,4,150
8014,4,182
8014,4,33
8014,4,95
8014,4,119
8014,4,165
8015,4,79
8016,5,204
8017,5,199
8018,5,39
8019,6,102
8019,6,28
8019,6,157
8020,5,66
8021,4,31
8022,6,20
8022,6,45
8023,5,120
8023,5,28
8024,7,56
8025,6,4
8026,5,28
8026,5,118
8027,4,150
8027,4,160
8028,4,102
8029,4,175
8030,4,190
8030,4,36
8031,4,22
8031,4,162
8032,4,34
8033,5,126
8034,4,15
8035,4,105
8036,5,33
8037,5,179
8037,5,120
8038,5,84
8039,4,171
8039,4,87
8039,4,198
8039,4,81
8040,6,69
8041,4,69
8042,8,164
8042,8,206
8043,4,38
8044,4,192
8044,4,113
8045,4,34
8046,5,102
8047,4,68
8047,4,25
8048,4,4
8048,4,150
8049,4,123
8050,6,69
8050,6,141
8051,4,194
8052,5,73
8053,4,193
8054,4,113
8055,4,176
8055,4,100
8056,5,76
8056,5,41
8057,5,173
8058,6,187
8058,6,137
8059,4,207
8059,4,101
8059,4,68
8059,4,114
8059,4,105
8060,8,34
8060,8,44
8061,4,179
8061,4,73
8062,5,44
8063,4,19
8064,5,113
8065,4,95
8066,5,78
8066,5,160
8067,4,18
8068,6,187
8069,4,141
8069,4,48
8070,4,181
8071,5,78
8072,4,1
8072,4,58
8073,4,4
8074,7,160
8075,4,72
8076,4,61
8077,7,23
8078,4,139
8079,4,69
8080,6,101
8080,6,107
8081,7,115
8082,5,197
8083,5,46
8084,4,173
8085,5,82
8085,5,125
8086,4,101
8087,4,30
8088,4,64
8089,4,148
8090,4,64
8091,4,113
8091,4,183
8092,7,128
8092,7,215
8093,7,57
8094,4,95
8094,4,192
8095,4,121
8096,4,4
8097,4,142
8097,4,162
8098,4,100
8099,6,63
8100,5,45
8100,5,110
8100,5,66
8101,4,85
8102,4,140
8103,4,110
8104,5,80
8105,6,84
8106,4,57
8107,4,90
8108,4,110
8109,4,212
8109,4,124
8110,4,123
8111,4,181
8112,4,4
8112,4,189
8113,5,51
8114,6,69
8115,4,76
8115,4,82
8116,5,38
8116,5,125
8116,5,204
8117,5,50
8117,5,141
8117,5,2
8118,5,47
8119,5,217
8119,5,17
8120,5,39
8121,4,55
8121,4,14
8122,4,108
8123,6,113
8124,4,11
8125,5,113
8126,7,67
8127,4,100
8128,8,66
8129,7,136
8130,4,151
8131,4,197
8132,4,168
8132,4,133
8133,4,154
8134,5,36
8134,5,44
8134,5,40
8135,4,183
8135,4,72
8136,5,159
8137,4,93
8137,4,132
8138,6,98
8139,4,66
8140,5,143
8141,6,67
8142,5,83
8143,7,154
8143,7,133
8144,6,155
8144,6,69
8145,5,76
8146,4,65
8147,6,52
8148,4,45
8148,4,61
8149,6,198
8150,4,76
8151,4,192
8152,5,78
8152,5,32
8153,4,69
8154,4,143
8155,4,98
8156,4,148
8156,4,42
8156,4,1
8157,4,162
8158,4,64
8158,4,171
8159,7,121
8160,4,213
8160,4,110
8161,4,202
8162,4,117
8162,4,76
8163,5,10
8164,8,69
8165,7,76
8166,4,49
8166,4,46
8166,4,50
8166,4,156
8167,8,127
8167,8,155
8168,6,136
8169,5,166
8170,4,121
8171,7,83
8172,6,129
8173,4,83
8173,4,8
8174,4,20
8175,4,152
8176,4,22
8177,5,82
8178,5,25
8178,5,84
8179,4,194
8179,4,21
8179,4,125
8180,4,95
8181,4,111
8181,4,93
8182,7,36
8183,4,103
8184,5,162
8184,5,121
8185,4,171
8185,4,13
8186,7,76
8187,5,11
8188,4,4
8189,4,152
8190,4,97
8191,5,216
8192,6,53
8192,6,200
8193,6,134
8194,8,89
8194,8,25
8195,5,121
8195,5,169
8195,5,121
8196,5,120
8196,5,25
8197,4,11
8197,4,77
8198,4,54
8199,4,19
8199,4,76
8200,11,118
8201,4,31
8202,5,45
8203,5,93
8203,5,27
8204,4,195
8204,4,185
8204,4,72
8205,5,64
8206,5,212
8207,5,152
8208,4,184
8208,4,70
8209,5,66
8209,5,140
8209,5,84
8210,5,45
8211,6,168
8212,4,136
8213,4,27
8214,4,20
8214,4,82
8215,8,99
8216,4,155
8217,4,63
8217,4,160
8218,4,188
8218,4,82
8219,4,76
8219,4,184
8220,10,30
8221,5,212
8221,5,83
8222,5,105
8223,5,153
8224,4,123
8225,4,40
8225,4,18
8225,4,7
8226,4,136
8226,4,212
8227,4,27
8228,4,121
8229,4,29
8229,4,64
8230,5,42
8230,5,27
8231,5,67
8232,5,101
8232,5,39
8233,5,67
8234,4,159
8234,4,20
8235,4,129
8235,4,159
8236,6,157
8237,4,117
8238,4,68
8238,4,100
8238,4,29
8239,4,10
8240,4,2
8241,4,107
8241,4,73
8241,4,4
8241,4,194
8242,4,85
8243,5,76
8244,4,194
8245,5,156
8246,4,120
8246,4,47
8246,4,194
8247,4,128
8248,8,134
8249,6,96
8249,6,58
8249,6,189
8250,4,168
8250,4,97
8251,4,88
8252,6,63
8252,6,203
8253,4,22
8254,7,4
8255,6,138
8255,6,20
8255,6,110
8256,5,177
8257,4,4
8257,4,121
8257,4,4
8258,7,169
8259,7,42
8259,7,201
8260,4,179
8261,4,124
8261,4,93
8262,5,198
8263,6,68
8263,6,157
8264,4,25
8264,4,106
8264,4,90
8265,4,53
8266,4,113
8266,4,121
8267,5,207
8267,5,169
8267,5,148
8268,5,80
8268,5,108
8268,5,44
8268,5,79
8269,8,73
8270,4,3
8271,4,4
8272,4,36
8273,9,38
8274,5,213
8275,8,146
8275,8,95
8275,8,48
8276,4,164
8277,4,123
8278,5,78
8279,4,124
8280,7,10
8280,7,112
8280,7,81
8280,7,39
8280,7,151
8281,4,99
8281,4,141
8282,4,102
8283,5,186
8284,4,93
8285,4,31
8286,4,217
8286,4,100
8287,5,89
8287,5,164
8288,5,25
8288,5,162
8289,4,189
8290,5,121
8291,4,121
8292,5,83
8293,4,141
8294,7,9
8295,5,121
8296,4,48
8297,4,135
8297,4,132
8298,4,91
8299,4,141
8299,4,154
8299,4,2
8299,4,99
8300,4,16
8301,6,57
8302,4,83
8303,4,76
8304,4,25
8304,4,28
8305,4,143
8305,4,128
8305,4,177
8306,4,16
8307,5,37
8308,4,190
8309,6,201
8310,4,118
8310,4,17
8311,4,95
8312,4,150
8312,4,76
8313,6,124
8314,7,21
8315,4,33
8316,4,140
8316,4,2
8316,4,37
8317,5,67
8317,5,160
8318,4,197
8318,4,21
8319,4,151
8320,4,148
8321,4,133
8322,4,141
8323,4,199
8323,4,206
8324,5,140
8325,5,155
8326,6,176
8327,4,136
8328,4,75
8328,4,113
8329,4,124
8329,4,212
8329,4,83
8330,4,37
8331,7,76
8332,5,142
8333,4,44
8334,5,119
8335,5,44
8336,4,171
8336,4,121
8337,4,171
8338,4,30
8339,5,181
8340,4,18
8341,6,67
8342,4,128
8342,4,10
8343,4,160
8344,4,123
8345,4,55
8346,6,67
8347,5,95
8348,6,25
8349,5,77
8350,4,190
8351,4,103
8352,4,98
8353,4,148
8354,6,113
8354,6,104
8355,5,206
8355,5,121
8356,4,20
8357,4,191
8357,4,192
8358,4,20
8359,4,25
8360,6,115
8360,6,184
8361,5,29
8362,4,31
8362,4,17
8363,5,120
8363,5,113
8364,4,158
8364,4,128
8364,4,83
8365,7,121
8366,5,11
8366,5,130
8367,6,9
8368,5,149
8368,5,127
8368,5,30
8369,4,27
8369,4,162
8369,4,188
8369,4,46
8369,4,7
8369,4,174
8369,4,133
8369,4,68
8370,6,128
8371,7,82
8372,5,44
8373,4,21
8374,4,149
8375,4,24
8376,4,67
8377,4,169
8377,4,72
8378,4,202
8379,4,102
8379,4,2
8380,4,36
8381,4,79
8382,4,83
8382,4,157
8382,4,176
8383,5,4
8384,4,78
8385,4,83
8386,4,19
8386,4,129
8387,4,16
8388,5,55
8388,5,113
8389,9,61
8390,4,144
8391,4,31
8392,4,166
8393,8,108
8394,5,123
8394,5,113
8395,5,114
8396,4,63
8396,4,4
8397,9,73
8397,9,140
8398,5,211
8399,4,66
8399,4,110
8400,4,121
8401,4,5
8401,4,95
8402,5,119
8403,4,117
8404,4,16
8404,4,15
8405,4,193
8406,4,16
8407,4,182
8407,4,83
8408,6,5
8408,6,2
8408,6,74
8409,4,184
8409,4,117
8409,4,114
8409,4,116
8410,4,210
8410,4,113
8410,4,4
8410,4,80
8411,4,10
8411,4,44
8412,9,4
8412,9,199
8413,4,15
8414,5,113
8415,4,203
8416,4,131
8417,9,154
8417,9,156
8418,4,216
8418,4,40
8419,5,106
8419,5,176
8419,5,36
8420,6,97
8421,4,56
8422,4,185
8422,4,207
8422,4,195
8423,4,46
8423,4,22
8423,4,188
8423,4,162
8424,5,56
8425,5,116
8426,4,27
8426,4,188
8426,4,145
8426,4,20
8427,4,156
8428,4,179
8429,4,122
8429,4,106
8430,4,28
8431,4,192
8432,7,53
8432,7,71
8433,5,112
8434,6,83
8435,4,150
8436,5,21
8437,4,82
8437,4,14
8438,4,89
8438,4,95
8439,4,136
8439,4,217
8440,4,80
8440,4,160
8441,5,113
8442,4,25
8442,4,55
8442,4,177
8443,8,194
8443,8,176
8443,8,77
8444,7,108
8444,7,80
8445,5,7
8446,4,126
8447,5,140
8448,5,179
8449,6,113
8450,4,116
8451,4,25
8451,4,68
8452,8,25
8453,5,34
8454,4,173
8455,5,160
8456,4,22
8456,4,110
8457,4,47
8457,4,20
8457,4,33
8457,4,7
8458,4,161
8459,4,76
8459,4,5
8460,7,141
8461,5,76
8462,5,77
8463,4,83
8464,4,87
8465,4,106
8466,6,214
8466,6,95
8467,4,129
8467,4,22
8467,4,67
8468,4,63
8469,4,140
8470,4,157
8471,4,20
8471,4,158
8472,4,77
8472,4,36
8472,4,121
8473,4,60
8474,4,106
8475,4,83
8475,4,50
8476,4,71
8477,4,214
8477,4,140
8478,4,177
8479,5,156
8480,4,121
8480,4,2
8481,5,175
8481,5,113
8481,5,141
8482,4,39
8482,4,184
8482,4,116
8482,4,110
8483,4,72
8483,4,89
8484,5,160
8485,4,112
8485,4,178
8485,4,142
8485,4,149
8486,5,57
8487,4,185
8488,6,141
8489,4,21
8490,4,124
8490,4,93
8490,4,44
8491,7,121
8492,8,43
8493,4,142
8494,5,89
8494,5,144
8495,4,7
8495,4,104
8495,4,42
8496,4,109
8496,4,79
8497,4,95
8497,4,120
8498,4,121
8499,5,121
8500,4,126
8501,4,191
8502,4,121
8502,4,14
8503,4,10
8503,4,56
8504,7,123
8505,4,110
8506,5,114
8506,5,184
8507,4,178
8508,5,184
8508,5,117
8509,7,51
8509,7,76
8510,5,175
8510,5,83
8511,4,105
8511,4,2
8512,4,97
8512,4,34
8513,5,44
8514,4,81
8514,4,112
8515,6,49
8515,6,46
8515,6,110
8515,6,20
8516,4,148
8517,5,121
8518,6,81
8519,5,156
8520,4,74
8521,5,57
8522,4,67
8523,4,150
8524,4,203
8525,4,119
8525,4,205
8525,4,195
8526,4,71
8527,4,10
8528,4,73
8529,4,184
8530,4,80
8530,4,113
8531,4,216
8532,4,97
8533,5,199
8534,4,185
8535,4,47
8535,4,162
8536,4,105
8536,4,73
8537,4,109
8538,5,121
8539,4,160
8540,4,206
8540,4,217
8541,5,80
8542,5,113
8543,4,140
8544,4,110
8545,10,125
8545,10,90
8546,5,125
8547,4,81
8548,4,88
8548,4,33
8548,4,49
8549,10,77
8550,4,78
8551,4,127
8551,4,146
8552,4,78
8552,4,113
8553,5,44
8554,4,115
8555,4,4
8556,4,141
8556,4,160
8557,4,95
8557,4,195
8558,5,32
8559,4,57
8560,5,166
8561,7,4
8562,5,94
8562,5,170
8562,5,110
8562,5,20
8562,5,22
8563,4,80
8564,5,69
8564,5,83
8565,5,4
8566,4,67
8567,4,162
8568,4,141
8568,4,51
8569,4,113
8570,4,97
8571,4,12
8572,5,114
8572,5,117
8572,5,2
8573,4,177
8573,4,37
8574,4,69
8574,4,130
8575,4,155
8575,4,106
8576,4,105
8577,5,58
8578,4,155
8579,10,190
8579,10,146
8580,4,44
8580,4,35
8580,4,2
8581,5,162
8582,4,2
8583,5,117
8583,5,208
8583,5,166
8584,4,80
8585,4,157
8586,5,150
8586,5,83
8586,5,4
8586,5,61
8587,4,20
8588,5,144
8588,5,102
8589,4,37
8590,5,103
8590,5,203
8591,8,48
8592,4,179
8592,4,173
8593,4,133
8594,4,197
8595,4,148
8596,4,172
8596,4,214
8596,4,76
8596,4,61
8596,4,91
8596,4,143
8597,5,2
8598,4,115
8598,4,20
8599,4,108
8599,4,79
8600,4,216
8601,4,122
8601,4,178
8601,4,142
8601,4,121
8602,4,75
8603,6,83
8603,6,175
8604,4,160
8605,5,131
8606,5,22
8607,5,64
8608,6,99
8609,4,123
8610,8,168
8610,8,198
8610,8,173
8611,7,198
8612,6,182
8613,5,167
8613,5,87
8614,4,123
8615,4,63
8615,4,113
8616,5,135
8616,5,141
8617,5,15
8617,5,123
8618,5,125
8619,6,147
8619,6,169
8620,7,118
8621,4,79
8621,4,80
8622,4,155
8623,4,147
8623,4,144
8624,5,125
8625,6,170
8625,6,201
8625,6,166
8625,6,100
8626,4,208
8626,4,68
8627,4,93
8628,4,93
8629,4,69
8630,5,208
8631,4,64
8632,4,128
8633,5,135
8633,5,78
8634,4,151
8634,4,186
8635,5,64
8635,5,188
8635,5,162
8636,4,9
8636,4,106
8636,4,25
8637,9,98
8637,9,160
8638,6,76
8638,6,119
8639,4,126
8640,7,106
8641,5,118
8641,5,214
8642,4,61
8643,8,27
8644,4,69
8645,4,30
8646,5,130
8646,5,128
8647,6,61
8647,6,145
8647,6,140
8647,6,4
8648,6,200
8649,4,58
8649,4,102
8649,4,34
8649,4,173
8649,4,98
8649,4,147
8650,4,44
8651,5,161
8651,5,67
8652,4,202
8653,4,202
8653,4,139
8654,4,68
8654,4,43
8655,5,118
8656,5,141
8657,5,148
8658,4,91
8658,4,94
8659,5,69
8660,4,97
8661,4,51
8662,4,194
8663,4,113
8663,4,122
8664,4,162
8665,4,1
8666,6,58
8667,4,192
8667,4,95
8667,4,119
8668,4,16
8669,7,98
8669,7,95
8670,4,25
8670,4,4
8671,4,123
8672,4,121
8673,4,61
8674,5,153
8674,5,54
8675,4,23
8675,4,72
8676,4,110
8677,4,36
8678,4,170
8679,4,85
8680,4,32
8681,4,138
8682,7,67
8682,7,155
8683,5,86
8683,5,180
8684,5,67
8685,4,145
8686,4,11
8687,6,170
8687,6,154
8688,5,67
8688,5,162
8689,5,101
8690,5,34
8690,5,37
8691,4,184
8691,4,117
8692,4,155
8692,4,28
8693,5,95
8694,4,43
8694,4,133
8695,4,78
8696,5,184
8697,5,93
8697,5,86
8698,4,56
8698,4,175
8698,4,51
8699,4,209
8700,5,37
8701,4,177
8702,4,14
8702,4,128
8702,4,120
8703,4,57
8704,4,100
8705,4,57
8706,4,106
8707,6,76
8707,6,192
8708,4,93
8708,4,38
8709,5,192
8709,5,95
8710,4,76
8711,6,71
8711,6,188
8711,6,156
8712,6,134
8713,4,83
8713,4,48
8714,4,28
8715,4,118
8716,5,56
8717,4,174
8717,4,201
8718,4,98
8719,5,44
8720,4,40
8720,4,47
8720,4,50
8720,4,48
8721,5,113
8722,4,78
8722,4,157
8723,4,2
8724,5,22
8724,5,80
8724,5,37
8725,4,132
8726,5,4
8727,7,98
8728,4,170
8729,4,151
8729,4,114
8730,4,184
8730,4,83
8730,4,44
8731,4,44
8732,6,16
8733,4,76
8734,4,168
8735,4,168
8735,4,82
8736,4,128
8737,7,212
8737,7,4
8738,4,4
8739,6,211
8740,4,188
8740,4,140
8741,4,193
8742,7,171
8743,4,160
8743,4,115
8744,5,33
8745,4,133
8745,4,83
8746,5,1
8746,5,194
8747,4,2
8747,4,13
8747,4,23
8748,5,67
8749,7,149
8750,4,150
8751,4,177
8751,4,182
8751,4,67
8751,4,150
8751,4,127
8751,4,93
8751,4,159
8751,4,141
8752,4,48
8753,5,10
8754,4,140
8754,4,170
8755,4,214
8756,5,140
8756,5,173
8757,4,195
8758,5,156
8758,5,211
8759,4,91
8760,4,128
8761,6,44
8762,4,37
8763,4,63
8763,4,20
8764,7,188
8764,7,33
8765,4,57
8766,5,66
8767,4,3
8768,4,113
8768,4,192
8769,4,101
8770,4,152
8771,4,93
8771,4,128
8771,4,69
8772,4,82
8773,4,82
8774,5,81
8774,5,2
8775,5,155
8775,5,52
8776,4,146
8776,4,120
8776,4,2
8777,4,214
8778,5,84
8778,5,67
8778,5,176
8779,7,69
8780,4,42
8781,4,212
8782,4,154
8782,4,150
8782,4,213
8783,7,16
8784,6,114
8785,4,4
8785,4,58
8786,4,79
8786,4,148
8787,4,121
8788,4,91
8789,4,67
8789,4,95
8790,5,26
8790,5,98
8790,5,132
8790,5,9
8791,5,76
8792,4,138
8792,4,41
8793,4,84
8793,4,125
8794,6,121
8795,6,10
8796,6,150
8797,6,113
8797,6,10
8798,4,184
8798,4,117
8799,4,34
8800,5,67
8800,5,83
8801,4,85
8802,5,168
8803,4,177
8803,4,103
8804,9,152
8805,5,113
8806,5,98
8807,4,58
8807,4,45
8808,6,28
8808,6,155
8809,9,113
8810,5,186
8810,5,95
8811,4,44
8812,6,80
8812,6,4
8813,5,90
8813,5,119
8813,5,154
8813,5,205
8814,6,113
8815,4,69
8815,4,118
8816,4,172
8817,4,101
8818,4,140
8818,4,103
8819,4,94
8820,5,100
8820,5,178
8821,4,47
8822,4,101
8823,6,195
8824,4,51
8825,4,146
8825,4,101
8826,4,150
8827,5,106
8828,5,126
8828,5,164
8829,6,130
8829,6,21
8830,4,117
8831,4,143
8832,4,152
8833,4,179
8834,6,84
8834,6,188
8834,6,176
8835,5,54
8836,4,61
8837,4,58
8838,5,102
8838,5,45
8839,5,121
8839,5,136
8840,6,126
8841,5,54
8842,4,168
8843,4,106
8843,4,141
8843,4,50
8844,6,20
8845,4,69
8846,4,12
8846,4,83
8847,4,93
8848,4,168
8849,6,112
8849,6,172
8850,5,67
8851,5,69
8852,4,2
8853,5,173
8854,4,98
8854,4,106
8854,4,146
8855,4,2
8856,4,26
8856,4,66
8857,4,190
8858,5,4
8859,4,67
8860,4,160
8861,5,162
8861,5,7
8861,5,31
8862,4,157
8863,4,83
8864,6,121
8865,6,169
8865,6,157
8866,4,168
8867,5,83
8867,5,155
8868,5,66
8869,6,73
8870,4,106
8871,5,99
8872,5,45
8872,5,61
8873,4,15
8874,4,37
8875,4,51
8875,4,100
8876,4,150
8877,4,143
8878,6,70
8879,4,216
8880,8,191
8881,4,122
8882,6,37
8882,6,152
8882,6,150
8883,4,123
8884,5,105
8885,5,132
8886,4,113
8886,4,5
8886,4,90
8887,4,80
8888,5,160
8888,5,155
8889,5,149
8890,6,123
8891,4,166
8892,4,16
8892,4,23
8893,5,47
8893,5,12
8893,5,109
8893,5,110
8894,5,50
8894,5,105
8895,4,123
8896,6,202
8896,6,38
8897,4,156
8898,4,181
8899,4,128
8900,5,53
8900,5,113
8901,4,67
8902,5,175
8903,8,46
8903,8,58
8904,7,142
8905,7,105
8905,7,72
8905,7,115
8906,5,63
8907,4,125
8907,4,176
8908,4,77
8908,4,118
8909,4,120
8910,4,125
8911,4,56
8912,4,47
8912,4,110
8912,4,214
8913,4,141
8914,5,25
8914,5,195
8915,4,151
8916,4,157
8917,4,83
8918,4,174
8919,4,168
8920,4,67
8920,4,162
8921,4,83
8921,4,201
8922,5,157
8923,5,135
8924,6,117
8924,6,48
8925,8,90
8926,4,81
8927,4,34
8927,4,126
8928,6,4
8929,4,117
8929,4,40
8930,5,123
8931,4,16
8932,5,193
8932,5,20
8932,5,30
8933,4,2
8933,4,44
8933,4,150
8934,5,176
8935,4,26
8936,5,110
8936,5,179
8936,5,27
8936,5,47
8937,4,31
8938,4,131
8939,4,166
8940,4,148
8941,4,135
8942,5,152
8943,6,12
8943,6,22
8944,4,168
8945,4,146
8945,4,140
8946,4,208
8947,4,19
8948,4,113
8949,4,61
8949,4,58
8950,5,22
8951,4,99
8951,4,153
8952,8,43
8952,8,185
8953,5,16
8954,4,154
8955,4,112
8955,4,177
8955,4,172
8956,4,140
8956,4,206
8956,4,214
8957,7,53
8958,6,44
8958,6,35
8959,4,4
8959,4,2
8960,4,160
8961,6,33
8961,6,179
8961,6,110
8962,4,137
8962,4,157
8963,5,140
8963,5,46
8964,4,113
8965,5,194
8966,4,25
8966,4,123
8967,6,115
8968,4,34
8969,4,37
8970,6,73
8971,4,151
8972,4,175
8973,4,24
8974,4,214
8975,4,46
8976,4,179
8977,4,197
8978,4,153
8978,4,123
8978,4,12
8979,4,119
8980,4,190
8981,5,47
8981,5,49
8982,4,62
8983,4,164
8984,4,146
8984,4,89
8984,4,83
8984,4,156
8984,4,58
8984,4,61
8984,4,164
8985,4,12
8985,4,19
8986,4,182
8987,4,112
8988,4,69
8988,4,77
8988,4,76
8988,4,133
8989,4,93
8990,5,121
8991,4,136
8992,7,67
8992,7,72
8993,4,175
8993,4,48
8994,4,123
8995,4,9
8996,4,20
8997,4,123
8998,5,20
8999,4,28
9000,7,168
9001,4,141
9001,4,203
9001,4,48
9002,4,67
9003,6,212
9003,6,36
9004,4,56
9005,4,155
9006,4,49
9006,4,110
9007,4,114
9007,4,76
9008,4,64
9009,4,166
9010,4,92
