CUSTOMER_ID,ORDER_NUMBER,MATERIAL_NUMBER
1,1,1
1,2,2
1,3,3
2,1,4
2,1,5
2,2,6
2,3,7
3,1,8
3,1,9
3,1,10
3,1,5
3,2,10
3,3,11
4,1,12
4,1,13
4,1,14
4,1,15
4,1,16
4,2,17
4,2,18
4,3,19
4,4,20
5,1,21
5,2,22
5,3,23
5,4,24
5,4,25
5,5,26
6,1,27
6,2,28
6,3,29
6,4,30
7,1,31
7,1,32
7,2,31
7,2,32
7,3,32
8,1,33
8,2,34
8,3,35
8,4,36
8,5,20
8,6,37
9,1,38
9,1,39
9,2,40
9,3,38
10,1,41
10,2,42
10,2,43
10,3,43
11,1,44
11,2,45
11,2,46
11,3,44
12,1,27
12,1,47
12,1,48
12,1,49
12,1,50
12,1,51
12,2,52
12,3,53
12,4,54
13,1,25
13,2,55
13,3,25
14,1,56
14,1,21
14,2,56
14,3,47
14,4,3
15,1,34
15,2,57
15,3,44
16,1,58
16,2,58
16,3,59
16,4,60
17,1,61
17,2,34
17,3,62
17,4,63
18,1,64
18,2,65
18,3,14
18,3,38
19,1,66
19,2,40
19,3,2
20,1,67
20,1,68
20,2,69
20,3,70
21,1,52
21,2,71
21,2,72
21,3,71
22,1,58
22,2,73
22,2,74
22,3,75
23,1,76
23,2,77
23,2,69
23,3,78
23,4,76
23,4,69
23,5,69
24,1,40
24,2,79
24,2,80
24,3,80
24,3,81
24,3,82
25,1,75
25,2,75
25,2,83
25,3,84
26,1,85
26,2,44
26,3,44
26,4,86
26,5,1
26,5,87
26,6,88
26,6,89
27,1,38
27,2,38
27,3,89
27,4,90
28,1,77
28,2,13
28,2,91
28,2,92
28,3,13
29,1,93
29,2,94
29,2,76
29,2,91
29,3,77
29,4,95
30,1,96
30,2,97
30,3,98
31,1,15
31,2,94
31,2,76
31,3,99
32,1,55
32,2,100
32,3,100
32,3,29
32,3,55
33,1,77
33,2,82
33,2,2
33,2,33
33,3,82
34,1,88
34,2,88
34,3,88
34,4,96
35,1,46
35,2,101
35,3,11
36,1,90
36,2,50
36,3,69
36,3,102
36,3,103
37,1,104
37,1,83
37,2,85
37,3,22
37,4,37
37,4,104
38,1,54
38,2,96
38,3,31
39,1,105
39,2,105
39,3,2
40,1,106
40,1,107
40,2,108
40,3,18
40,3,77
41,1,109
41,1,33
41,2,109
41,3,109
41,4,109
41,4,110
41,4,93
42,1,111
42,2,79
42,3,79
43,1,81
43,2,112
43,3,8
43,4,113
43,5,30
44,1,113
44,2,69
44,2,114
44,2,115
44,3,116
44,3,117
45,1,25
45,2,118
45,2,83
45,3,76
45,3,25
45,4,119
46,1,120
46,2,47
46,3,76
47,1,121
47,1,46
47,2,121
47,2,122
47,3,76
47,3,121
47,3,61
47,3,107
47,3,123
47,3,95
47,4,124
47,4,107
47,4,107
47,4,124
47,5,95
47,5,46
47,6,47
47,7,107
47,7,95
48,1,125
48,2,34
48,2,11
48,3,125
48,4,125
48,5,11
48,6,15
49,1,21
49,2,20
49,2,59
49,3,110
50,1,116
50,2,54
50,2,52
50,2,84
50,2,97
50,3,126
50,3,116
50,3,16
50,3,38
51,1,14
51,2,67
51,3,125
52,1,12
52,1,127
52,2,17
52,3,17
52,4,34
53,1,51
53,2,128
53,3,27
54,1,67
54,2,129
54,3,130
55,1,72
55,1,114
55,2,113
55,3,56
55,4,131
56,1,121
56,2,3
56,3,132
56,3,133
57,1,112
57,2,134
57,3,112
57,3,135
57,3,39
58,1,136
58,1,119
58,2,119
58,2,137
58,3,119
59,1,12
59,2,64
59,3,138
59,3,76
60,1,64
60,1,72
60,2,139
60,2,72
60,3,65
60,4,140
60,4,139
61,1,10
61,1,55
61,2,25
61,2,2
61,3,10
61,4,129
61,4,25
61,5,25
61,5,129
62,1,39
62,2,67
62,2,39
62,2,100
62,3,39
63,1,43
63,2,30
63,3,109
64,1,141
64,1,35
64,2,22
64,3,95
64,3,142
64,4,85
64,5,143
65,1,144
65,2,89
65,3,145
65,3,146
65,4,147
65,5,128
66,1,148
66,2,69
66,3,131
66,4,91
66,4,131
66,4,148
67,1,132
67,2,28
67,3,149
68,1,150
68,2,69
68,2,77
68,3,151
68,3,105
69,1,146
69,2,152
69,3,95
70,1,28
70,1,114
70,2,47
70,3,109
70,3,58
71,1,2
71,1,150
71,2,120
71,2,3
71,3,39
71,4,25
71,5,3
71,5,151
72,1,75
72,1,63
72,1,153
72,2,154
72,2,25
72,2,87
72,3,87
72,3,54
72,4,89
72,4,53
72,5,78
72,6,145
73,1,40
73,2,121
73,2,106
73,3,44
73,4,93
74,1,155
74,1,95
74,2,131
74,2,155
74,2,70
74,2,16
74,2,126
74,2,113
74,3,81
74,4,81
74,5,2
74,6,70
74,6,113
74,6,155
74,6,131
74,7,61
74,7,156
74,8,155
74,8,131
74,8,153
75,1,28
75,2,157
75,3,157
75,4,93
75,5,80
75,5,24
75,5,124
76,1,77
76,1,21
76,2,158
76,3,118
77,1,159
77,2,132
77,2,159
77,3,159
78,1,48
78,1,127
78,1,48
78,2,21
78,2,37
78,2,48
78,3,21
79,1,29
79,2,29
79,3,29
79,4,29
79,4,139
80,1,160
80,1,67
80,2,118
80,3,136
80,4,67
80,5,14
80,5,67
81,1,161
81,2,97
81,2,121
81,3,9
82,1,150
82,2,136
82,2,150
82,3,136
82,3,150
83,1,69
83,1,39
83,2,67
83,2,83
83,3,67
84,1,133
84,1,162
84,2,132
84,3,121
84,4,132
84,4,162
84,4,121
85,1,12
85,1,84
85,1,104
85,2,163
85,2,89
85,3,123
85,4,89
85,4,95
85,5,89
85,5,144
86,1,131
86,2,90
86,3,10
87,1,2
87,2,67
87,3,84
87,3,67
87,4,67
88,1,87
88,2,87
88,3,87
88,3,2
88,4,2
89,1,21
89,2,76
89,3,24
89,3,21
90,1,58
90,2,103
90,3,164
90,3,63
90,4,63
91,1,101
91,2,137
91,3,101
92,1,21
92,2,83
92,3,93
92,3,11
92,4,11
93,1,155
93,1,160
93,2,165
93,3,166
93,4,167
93,5,69
93,5,39
94,1,36
94,2,168
94,3,78
95,1,77
95,2,113
95,2,169
95,3,24
95,4,77
95,4,157
95,4,128
95,4,113
96,1,160
96,1,7
96,2,170
96,3,7
96,3,160
97,1,48
97,1,150
97,2,37
97,3,129
98,1,148
98,2,53
98,2,101
98,2,136
98,2,48
98,3,71
98,3,49
98,4,48
98,4,171
98,4,53
99,1,107
99,1,151
99,2,79
99,2,108
99,2,84
99,3,73
99,4,69
99,5,83
99,6,83
99,6,122
100,1,95
100,2,25
100,3,25
100,4,95
101,1,129
101,1,37
101,1,155
101,2,155
101,3,125
101,4,37
101,5,76
101,5,98
101,5,126
101,5,58
101,5,61
102,1,155
102,2,155
102,2,95
102,3,155
103,1,98
103,2,113
103,2,172
103,3,98
104,1,71
104,1,61
104,1,154
104,2,71
104,3,173
104,3,71
104,3,61
105,1,155
105,1,91
105,2,160
105,3,77
106,1,4
106,2,120
106,3,174
106,4,78
106,5,88
106,5,95
106,5,174
106,6,120
107,1,121
107,2,151
107,3,10
108,1,22
108,2,175
108,3,134
109,1,82
109,1,176
109,1,113
109,2,73
109,2,93
109,3,50
110,1,53
110,2,55
110,2,73
110,3,177
110,3,55
111,1,34
111,2,126
111,2,101
111,2,67
111,3,126
112,1,22
112,2,56
112,3,54
112,3,144
113,1,164
113,2,164
113,3,3
114,1,172
114,1,112
114,2,79
114,3,103
115,1,171
115,1,178
115,2,32
115,3,34
116,1,35
116,2,47
116,3,60
116,4,140
117,1,179
117,2,40
117,3,180
118,1,93
118,2,13
118,3,63
118,3,92
118,3,125
119,1,90
119,1,56
119,2,181
119,2,113
119,3,128
120,1,76
120,1,107
120,2,182
120,3,83
120,3,7
121,1,55
121,2,55
121,3,183
122,1,169
122,2,120
122,3,56
122,4,56
122,4,13
122,5,126
123,1,89
123,2,28
123,2,63
123,3,28
123,3,81
124,1,15
124,2,55
124,3,55
124,3,76
125,1,149
125,2,149
125,3,149
126,1,23
126,1,63
126,2,147
126,3,147
127,1,104
127,1,95
127,2,53
127,3,8
128,1,184
128,2,67
128,3,4
128,4,128
129,1,125
129,2,21
129,2,125
129,3,176
130,1,118
130,1,125
130,2,14
130,2,53
130,2,55
130,3,36
130,3,113
131,1,63
131,1,88
131,2,100
131,2,18
131,3,125
131,3,21
132,1,3
132,2,124
132,3,76
132,3,133
132,4,140
132,4,54
133,1,141
133,2,181
133,3,185
134,1,148
134,1,160
134,2,160
134,3,93
134,3,160
135,1,23
135,1,158
135,1,16
135,2,94
135,3,67
136,1,67
136,2,67
136,3,76
136,4,4
137,1,162
137,2,127
137,2,107
137,3,3
137,4,119
137,5,95
137,5,80
138,1,42
138,2,42
138,3,183
138,3,42
139,1,93
139,2,93
139,3,113
139,3,138
139,3,7
140,1,166
140,2,162
140,2,27
140,3,22
141,1,58
141,2,58
141,3,156
141,3,83
141,3,1
142,1,30
142,2,178
142,3,132
143,1,95
143,1,182
143,2,182
143,3,95
143,3,113
144,1,168
144,1,78
144,2,181
144,3,175
144,3,51
144,3,47
144,3,151
145,1,147
145,1,100
145,2,136
145,2,148
145,2,147
145,3,147
145,4,123
145,5,160
145,6,147
146,1,141
146,1,15
146,2,155
146,3,141
146,3,15
147,1,155
147,1,95
147,2,155
147,2,95
147,3,127
148,1,81
148,2,130
148,2,16
148,3,3
148,3,186
149,1,148
149,2,187
149,2,25
149,3,87
149,3,67
149,3,100
150,1,55
150,2,188
150,2,20
150,2,55
150,2,59
150,3,168
151,1,10
151,1,128
151,2,76
151,2,50
151,2,150
151,2,189
151,3,150
151,3,189
151,3,76
151,4,83
151,5,150
151,5,50
151,5,189
151,6,19
151,7,129
151,8,117
151,8,105
152,1,148
152,2,78
152,2,13
152,3,190
152,3,21
152,4,181
152,5,21
152,6,104
152,7,38
153,1,191
153,2,15
153,2,99
153,3,3
153,3,51
154,1,133
154,2,123
154,3,121
154,3,106
155,1,113
155,2,141
155,3,141
155,3,28
155,4,150
156,1,119
156,2,192
156,3,151
157,1,106
157,1,79
157,2,152
157,3,34
158,1,166
158,2,148
158,3,33
159,1,93
159,1,41
159,2,49
159,3,41
159,4,41
159,5,193
159,5,4
160,1,163
160,2,191
160,3,73
160,3,113
160,3,75
160,3,163
160,3,175
160,3,4
160,4,4
160,4,113
160,4,75
160,4,175
160,4,6
161,1,83
161,2,25
161,3,33
162,1,181
162,2,78
162,3,87
162,3,155
162,3,54
162,4,162
162,4,2
162,4,181
163,1,4
163,2,194
163,3,83
163,3,158
163,3,194
163,4,69
163,5,158
164,1,62
164,2,22
164,3,7
164,3,62
164,3,32
164,3,31
165,1,195
165,1,95
165,2,10
165,2,70
165,3,67
165,4,69
166,1,23
166,1,95
166,2,23
166,3,144
167,1,53
167,2,116
167,3,196
167,4,184
167,4,116
168,1,76
168,1,163
168,2,163
168,3,163
168,4,163
169,1,82
169,2,16
169,3,125
170,1,79
170,2,172
170,2,76
170,3,84
170,3,108
170,3,79
170,4,108
171,1,150
171,2,113
171,2,11
171,2,51
171,3,150
172,1,31
172,1,160
172,2,140
172,3,174
173,1,95
173,2,83
173,3,135
174,1,67
174,1,154
174,1,38
174,1,181
174,2,107
174,2,4
174,3,123
174,3,57
174,4,126
174,5,76
174,6,83
174,6,120
175,1,166
175,1,190
175,2,190
175,3,166
175,4,148
175,5,190
175,6,166
176,1,87
176,1,58
176,2,93
176,3,38
177,1,32
177,1,67
177,2,137
177,3,91
177,3,169
177,3,32
178,1,58
178,2,128
178,2,95
178,2,48
178,3,28
178,3,122
178,4,77
178,5,71
178,5,94
178,6,197
178,7,21
178,8,98
178,9,197
178,9,21
179,1,41
179,2,67
179,2,167
179,2,166
179,2,148
179,3,136
179,4,191
179,5,58
180,1,23
180,1,158
180,1,167
180,2,53
180,2,42
180,3,41
181,1,8
181,1,5
181,2,163
181,3,55
181,4,51
181,4,73
182,1,42
182,2,111
182,3,42
182,4,111
183,1,123
183,2,57
183,3,57
184,1,162
184,2,83
184,2,63
184,2,25
184,3,160
184,4,63
185,1,102
185,1,123
185,1,106
185,2,83
185,3,113
185,4,58
185,4,61
185,5,58
185,5,112
185,5,73
185,6,161
185,7,58
185,7,16
186,1,65
186,2,27
186,3,95
186,4,176
186,4,125
187,1,14
187,1,67
187,2,137
187,2,187
187,3,94
188,1,27
188,2,79
188,3,188
189,1,16
189,1,50
189,2,50
189,2,17
189,3,50
190,1,4
190,2,120
190,2,161
190,3,120
191,1,69
191,1,39
191,2,75
191,3,69
191,4,69
191,5,146
191,5,28
191,5,54
191,6,39
191,6,114
191,6,24
192,1,108
192,2,198
192,3,1
192,4,191
193,1,159
193,2,75
193,3,12
193,3,44
193,4,160
193,4,75
194,1,123
194,2,73
194,2,25
194,2,83
194,2,35
194,3,57
194,4,55
195,1,171
195,1,173
195,2,23
195,3,63
196,1,150
196,1,3
196,2,3
196,3,22
197,1,53
197,2,123
197,3,161
197,4,53
197,4,129
198,1,76
198,2,38
198,2,162
198,3,164
198,3,113
199,1,30
199,2,67
199,3,199
200,1,35
200,2,76
200,3,75
201,1,65
201,1,1
201,2,65
201,3,200
202,1,81
202,1,106
202,2,28
202,3,106
202,3,81
203,1,109
203,2,159
203,2,57
203,3,24
203,4,22
203,5,160
204,1,201
204,1,190
204,2,202
204,3,148
204,4,27
204,4,201
205,1,133
205,1,20
205,2,25
205,3,84
205,4,133
205,4,28
205,4,106
205,4,203
206,1,96
206,1,183
206,2,156
206,3,88
206,3,183
206,4,63
206,4,204
206,5,58
206,6,24
206,6,60
207,1,121
207,2,148
207,3,121
208,1,83
208,1,35
208,1,61
208,2,144
208,3,168
209,1,73
209,2,16
209,3,61
209,3,4
209,4,177
210,1,135
210,2,88
210,2,135
210,2,31
210,3,23
210,4,96
210,4,181
211,1,29
211,2,29
211,3,29
212,1,53
212,1,145
212,2,118
212,3,61
212,3,58
213,1,141
213,1,95
213,2,155
213,3,95
213,3,150
214,1,193
214,1,81
214,2,112
214,2,193
214,3,76
215,1,78
215,2,78
215,3,78
216,1,11
216,2,152
216,2,11
216,3,11
217,1,4
217,2,4
217,3,4
217,4,3
218,1,77
218,2,93
218,2,69
218,3,93
218,3,40
218,3,105
219,1,194
219,2,39
219,3,164
219,3,2
219,4,126
220,1,155
220,2,16
220,2,67
220,3,67
220,3,16
220,4,16
220,5,155
220,5,95
220,5,83
220,5,120
221,1,79
221,2,35
221,3,155
221,3,93
221,3,86
222,1,39
222,2,176
222,2,93
222,3,16
223,1,81
223,2,10
223,3,76
224,1,157
224,1,203
224,1,106
224,2,157
224,3,157
224,3,106
224,4,157
224,4,106
224,5,157
224,5,106
224,6,157
224,7,157
225,1,130
225,2,37
225,3,161
225,3,121
225,4,121
225,4,161
225,5,161
226,1,46
226,1,156
226,1,67
226,2,149
226,2,160
226,3,24
226,4,67
226,5,156
227,1,192
227,2,83
227,2,119
227,3,192
228,1,83
228,2,169
228,3,62
229,1,67
229,1,160
229,2,127
229,3,77
230,1,170
230,2,179
230,3,176
230,4,12
231,1,32
231,2,125
231,3,113
231,4,154
231,5,125
231,5,176
232,1,205
232,1,192
232,1,119
232,2,133
232,2,186
232,3,35
232,3,69
232,3,160
233,1,58
233,1,10
233,2,146
233,2,63
233,2,113
233,3,95
233,3,107
234,1,50
234,1,150
234,2,72
234,3,39
235,1,141
235,2,16
235,2,40
235,2,141
235,3,141
236,1,31
236,2,201
236,3,167
236,4,44
237,1,112
237,1,81
237,2,81
237,2,112
237,3,81
237,4,80
237,5,47
238,1,155
238,2,181
238,3,181
239,1,141
239,2,48
239,2,141
239,3,35
240,1,10
240,2,132
240,2,67
240,3,67
240,4,83
240,5,113
240,6,44
240,6,67
240,7,67
240,7,154
241,1,4
241,1,70
241,2,4
241,3,146
242,1,44
242,2,94
242,3,67
243,1,113
243,1,141
243,2,99
243,3,113
243,3,141
244,1,128
244,1,39
244,2,39
244,2,128
244,3,128
245,1,150
245,2,150
245,2,2
245,3,22
245,3,129
245,3,141
246,1,19
246,1,127
246,2,20
246,2,19
246,3,19
246,4,127
246,4,11
246,4,19
247,1,78
247,2,136
247,3,198
248,1,51
248,1,151
248,1,12
248,2,123
248,3,76
248,3,12
249,1,32
249,2,32
249,3,32
250,1,125
250,2,113
250,3,125
251,1,162
251,1,41
251,2,82
251,2,13
251,2,4
251,3,4
252,1,72
252,1,67
252,2,72
252,2,67
252,3,72
252,3,67
253,1,55
253,2,170
253,2,88
253,3,100
254,1,75
254,1,2
254,2,75
254,2,146
254,2,48
254,2,141
254,2,2
254,3,87
254,3,153
254,3,158
254,3,25
254,3,168
255,1,34
255,2,83
255,2,164
255,3,164
255,4,95
255,5,110
255,6,76
255,6,27
256,1,67
256,1,206
256,2,38
256,3,162
257,1,57
257,2,28
257,2,104
257,3,98
258,1,41
258,1,20
258,2,41
258,3,18
258,4,41
258,4,1
259,1,95
259,2,63
259,2,100
259,3,207
259,4,208
260,1,92
260,1,7
260,2,171
260,3,92
260,3,66
260,4,166
261,1,69
261,1,77
261,2,93
261,2,69
261,3,93
261,3,21
262,1,7
262,1,204
262,2,204
262,3,201
262,3,143
262,4,204
263,1,179
263,2,164
263,3,111
263,3,164
264,1,133
264,2,94
264,3,158
264,3,208
265,1,20
265,1,120
265,2,171
265,2,79
265,3,67
265,4,120
266,1,103
266,2,103
266,3,16
267,1,172
267,2,57
267,3,37
268,1,139
268,1,156
268,1,19
268,2,98
268,2,139
268,2,19
268,2,95
268,3,156
268,4,156
268,4,139
268,4,151
268,4,144
269,1,11
269,2,67
269,3,35
270,1,171
270,2,78
270,3,16
270,3,71
270,4,69
270,5,52
270,5,173
271,1,103
271,2,28
271,3,175
272,1,71
272,1,206
272,2,71
272,2,176
272,3,21
272,4,206
272,4,126
272,4,176
272,4,71
272,5,71
273,1,30
273,2,70
273,2,90
273,3,70
273,4,70
273,5,90
273,5,70
274,1,61
274,2,50
274,3,50
274,3,113
274,4,35
274,5,76
274,5,50
275,1,197
275,2,168
275,3,197
275,3,168
275,4,168
275,4,4
276,1,78
276,2,107
276,2,83
276,3,151
276,3,10
276,4,190
277,1,168
277,2,130
277,3,31
277,4,97
277,4,123
278,1,93
278,1,150
278,2,150
278,2,189
278,3,150
278,3,83
279,1,129
279,1,161
279,2,10
279,3,129
279,3,155
279,3,161
280,1,160
280,2,83
280,2,133
280,3,160
280,4,160
281,1,123
281,2,56
281,3,4
282,1,190
282,2,145
282,3,76
282,4,61
282,4,154
283,1,180
283,2,72
283,3,126
283,3,57
283,3,16
284,1,205
284,1,2
284,2,73
284,2,24
284,2,116
284,2,128
284,3,80
285,1,38
285,2,25
285,2,183
285,3,36
285,3,67
285,3,155
286,1,69
286,1,141
286,2,48
286,3,141
286,4,48
287,1,55
287,2,55
287,3,55
287,3,93
287,4,55
288,1,24
288,1,159
288,1,106
288,1,25
288,2,51
288,3,58
288,4,76
288,4,71
289,1,10
289,2,92
289,3,10
290,1,209
290,2,15
290,3,20
290,3,27
291,1,66
291,2,187
291,3,123
292,1,44
292,2,145
292,3,83
292,3,145
292,4,113
292,4,145
293,1,100
293,2,100
293,2,100
293,3,166
293,4,21
293,4,166
294,1,20
294,2,9
294,3,9
295,1,16
295,1,156
295,2,99
295,3,98
296,1,102
296,2,149
296,3,102
296,3,67
296,3,95
297,1,76
297,1,37
297,2,210
297,3,210
297,4,210
297,5,76
298,1,97
298,2,30
298,3,113
299,1,89
299,1,67
299,2,59
299,2,206
299,3,81
299,3,67
299,3,79
300,1,79
300,2,121
300,2,83
300,2,197
300,3,133
300,3,14
300,3,121
300,4,121
300,4,83
301,1,185
301,1,4
301,2,141
301,3,137
301,4,150
301,4,4
301,4,69
301,5,110
301,5,150
302,1,10
302,2,181
302,3,106
302,4,172
302,5,203
303,1,97
303,1,139
303,1,104
303,1,119
303,1,171
303,2,211
303,3,166
304,1,150
304,1,136
304,2,126
304,2,48
304,3,109
304,4,126
304,4,190
304,4,114
304,4,105
304,5,30
305,1,81
305,1,108
305,2,76
305,3,10
306,1,82
306,2,14
306,2,82
306,3,143
306,4,167
306,5,82
307,1,69
307,2,76
307,2,67
307,3,118
307,4,51
307,5,87
307,5,2
308,1,83
308,1,105
308,2,69
308,3,83
308,3,105
308,4,168
309,1,110
309,1,188
309,1,78
309,1,138
309,2,78
309,3,9
310,1,105
310,1,40
310,2,2
310,2,10
310,3,105
310,4,105
311,1,103
311,1,52
311,2,129
311,2,52
311,3,86
311,3,146
311,3,129
311,3,3
312,1,124
312,2,53
312,2,14
312,3,20
312,4,47
312,4,27
312,5,110
312,5,47
312,5,22
312,5,27
313,1,31
313,2,170
313,2,15
313,2,73
313,2,4
313,3,170
313,3,73
314,1,139
314,1,76
314,2,176
314,3,32
315,1,150
315,1,123
315,1,95
315,2,61
315,2,113
315,2,58
315,3,150
315,3,2
315,4,58
315,5,150
315,6,58
315,6,61
315,7,105
316,1,16
316,2,182
316,2,196
316,2,2
316,2,8
316,3,119
316,4,43
316,4,54
316,5,167
316,6,54
316,6,4
317,1,76
317,2,69
317,3,113
317,3,83
318,1,51
318,2,69
318,3,22
319,1,133
319,1,61
319,2,126
319,2,133
319,3,133
319,4,76
319,5,61
320,1,171
320,2,44
320,3,4
320,3,121
321,1,126
321,1,71
321,1,95
321,2,71
321,3,71
321,3,44
322,1,123
322,2,141
322,2,126
322,3,126
323,1,23
323,2,133
323,2,45
323,3,188
324,1,121
324,2,121
324,2,101
324,3,101
324,3,121
325,1,50
325,2,209
325,3,150
325,4,150
325,5,50
325,5,150
326,1,41
326,2,31
326,2,41
326,3,11
327,1,187
327,1,76
327,1,77
327,1,45
327,2,9
327,2,125
327,3,21
328,1,20
328,2,150
328,2,20
328,3,2
329,1,77
329,1,124
329,2,124
329,3,124
329,3,77
329,3,28
329,3,103
329,3,78
330,1,113
330,2,121
330,3,10
331,1,95
331,2,186
331,2,113
331,3,189
331,3,95
331,4,189
331,5,189
332,1,160
332,1,50
332,2,51
332,2,72
332,3,50
332,3,48
332,3,72
333,1,60
333,1,73
333,2,73
333,3,73
333,3,60
333,4,60
333,4,73
333,5,202
333,6,121
333,6,67
333,6,2
334,1,172
334,2,53
334,2,4
334,3,68
334,4,123
335,1,16
335,2,101
335,2,39
335,2,150
335,2,143
335,3,137
335,3,187
336,1,83
336,1,16
336,2,142
336,3,162
337,1,37
337,2,37
337,3,84
338,1,4
338,2,143
338,3,143
338,3,2
339,1,155
339,1,162
339,2,155
339,2,162
339,3,155
340,1,91
340,2,123
340,3,38
340,3,1
340,3,93
340,4,1
340,5,89
340,6,93
340,6,21
341,1,72
341,1,116
341,1,123
341,2,18
341,3,34
342,1,93
342,1,207
342,2,209
342,3,207
342,4,2
343,1,123
343,2,67
343,3,76
344,1,44
344,2,80
344,3,76
345,1,180
345,2,4
345,2,12
345,3,61
346,1,145
346,2,95
346,3,107
346,4,95
347,1,36
347,2,36
347,2,4
347,3,153
347,3,36
347,4,36
347,5,36
347,5,4
348,1,130
348,2,32
348,3,124
348,3,14
348,4,124
348,5,14
348,5,174
348,5,140
349,1,212
349,2,212
349,2,4
349,3,212
349,4,212
350,1,52
350,2,68
350,2,67
350,3,67
350,3,44
350,3,137
350,4,67
350,4,137
350,5,44
351,1,75
351,2,83
351,2,75
351,3,123
352,1,101
352,2,124
352,3,101
353,1,90
353,1,39
353,2,69
353,3,69
354,1,123
354,2,141
354,2,175
354,3,97
355,1,28
355,1,155
355,2,28
355,3,82
355,4,88
356,1,150
356,1,161
356,2,150
356,2,57
356,3,150
357,1,209
357,2,17
357,3,143
357,3,49
357,3,138
357,4,174
357,4,33
357,5,66
357,5,174
358,1,9
358,1,121
358,2,9
358,3,121
358,3,197
359,1,67
359,2,132
359,3,97
360,1,79
360,1,20
360,2,47
360,3,20
360,3,139
361,1,106
361,2,57
361,3,134
362,1,2
362,2,121
362,3,121
362,4,28
363,1,69
363,2,146
363,2,161
363,3,161
363,3,146
364,1,113
364,1,75
364,2,92
364,2,75
364,3,75
364,3,72
365,1,35
365,2,89
365,2,145
365,3,161
366,1,48
366,2,58
366,3,73
367,1,63
367,1,136
367,2,63
367,2,136
367,3,136
368,1,93
368,2,52
368,3,4
368,3,52
368,4,103
369,1,212
369,1,160
369,2,83
369,2,192
369,3,13
369,3,87
369,4,83
369,4,142
369,5,66
370,1,67
370,2,50
370,3,160
371,1,67
371,2,206
371,2,150
371,3,67
372,1,89
372,2,89
372,2,24
372,3,89
373,1,150
373,2,175
373,3,128
374,1,93
374,1,90
374,2,124
374,2,85
374,3,4
374,4,143
375,1,12
375,1,160
375,2,21
375,3,12
375,4,24
375,4,12
376,1,105
376,2,28
376,2,105
376,3,105
377,1,30
377,2,106
377,3,209
378,1,126
378,2,155
378,2,151
378,3,155
379,1,189
379,1,25
379,1,113
379,2,25
379,3,44
380,1,73
380,2,179
380,3,73
380,4,168
381,1,95
381,1,5
381,2,119
381,3,95
381,3,67
381,4,5
381,4,95
382,1,17
382,1,85
382,1,2
382,2,85
382,3,16
383,1,170
383,1,213
383,1,151
383,2,44
383,3,138
383,3,173
383,3,170
383,3,66
383,3,214
384,1,106
384,2,58
384,3,58
385,1,110
385,1,188
385,2,110
385,3,3
385,3,75
386,1,209
386,2,209
386,3,69
386,4,180
387,1,76
387,2,175
387,3,175
387,4,48
387,5,83
387,6,39
387,6,211
387,7,10
387,7,80
387,8,79
387,8,80
387,9,79
387,10,39
388,1,5
388,2,173
388,3,79
388,4,173
388,5,83
388,5,5
388,6,80
388,6,83
388,6,79
388,6,173
389,1,126
389,1,83
389,2,155
389,2,126
389,3,79
389,3,83
389,3,87
389,3,126
389,3,80
390,1,76
390,2,194
390,2,121
390,3,133
391,1,160
391,2,10
391,3,150
391,3,160
391,3,39
391,4,160
391,4,150
392,1,164
392,1,75
392,2,146
392,2,75
392,3,95
393,1,67
393,1,47
393,1,154
393,2,155
393,2,78
393,3,155
393,3,52
394,1,75
394,2,100
394,3,84
394,3,208
394,3,158
395,1,57
395,2,67
395,2,83
395,2,160
395,2,89
395,2,87
395,3,94
395,4,67
395,5,94
395,6,24
395,6,67
396,1,146
396,1,113
396,1,63
396,2,70
396,3,2
396,3,141
397,1,56
397,1,118
397,2,56
397,3,56
397,4,82
398,1,13
398,2,162
398,2,104
398,3,81
399,1,106
399,1,164
399,2,164
399,2,28
399,3,25
399,4,212
399,5,54
399,5,84
400,1,109
400,2,56
400,3,80
400,4,109
400,4,80
401,1,26
401,1,91
401,2,203
401,3,122
402,1,67
402,1,153
402,2,123
402,3,37
402,4,76
402,5,80
403,1,134
403,1,56
403,2,94
403,2,56
403,3,56
404,1,25
404,1,69
404,1,70
404,1,6
404,1,84
404,2,145
404,2,113
404,3,212
404,3,154
405,1,67
405,2,98
405,3,54
406,1,76
406,2,53
406,2,76
406,3,83
406,3,34
406,4,97
406,4,76
407,1,150
407,2,48
407,3,115
407,4,80
408,1,3
408,2,53
408,2,4
408,3,53
408,3,83
408,3,25
408,4,113
409,1,16
409,2,74
409,3,80
409,3,79
409,4,79
409,4,80
409,5,70
409,5,69
409,6,95
409,6,116
410,1,10
410,2,51
410,2,2
410,3,51
410,3,125
410,3,84
411,1,113
411,2,169
411,3,113
412,1,153
412,1,184
412,2,87
412,2,42
412,2,146
412,2,75
412,3,76
413,1,95
413,1,143
413,2,143
413,3,143
414,1,123
414,2,99
414,3,116
414,3,184
414,4,117
414,4,114
414,4,116
414,5,44
414,5,117
414,5,105
414,6,114
414,6,116
414,7,39
414,7,128
414,8,116
414,9,16
414,10,114
414,10,117
414,11,98
414,12,116
414,13,98
414,14,184
414,14,114
415,1,76
415,1,67
415,2,121
415,2,76
415,3,121
416,1,33
416,1,110
416,2,99
416,2,7
416,3,7
416,3,99
416,3,33
417,1,209
417,2,209
417,3,209
418,1,113
418,2,99
418,3,69
419,1,83
419,1,63
419,2,83
419,2,61
419,2,45
419,2,97
419,2,79
419,3,2
420,1,3
420,2,57
420,3,174
420,4,44
420,5,84
421,1,215
421,1,26
421,2,16
421,2,83
421,2,81
421,3,73
422,1,39
422,1,10
422,2,160
422,2,83
422,3,135
422,3,39
423,1,54
423,1,100
423,2,150
423,2,190
423,3,105
424,1,8
424,2,1
424,2,156
424,2,58
424,3,156
424,3,61
424,3,2
424,3,74
425,1,150
425,2,155
425,2,20
425,3,155
426,1,164
426,2,76
426,2,63
426,3,63
426,4,164
427,1,68
427,2,68
427,3,47
428,1,17
428,2,145
428,3,83
428,3,67
428,3,61
428,3,4
428,4,67
428,4,13
429,1,40
429,1,190
429,2,67
429,3,78
430,1,150
430,1,51
430,1,48
430,2,168
430,3,58
430,3,168
430,3,78
430,3,95
431,1,89
431,1,95
431,1,98
431,2,89
431,3,86
432,1,58
432,2,197
432,3,61
432,3,58
433,1,27
433,2,55
433,2,164
433,3,27
433,4,27
434,1,88
434,2,133
434,3,33
434,3,79
435,1,141
435,1,113
435,2,141
435,3,67
435,4,129
435,5,150
436,1,55
436,2,55
436,2,67
436,2,4
436,3,55
436,3,67
436,4,86
436,4,130
437,1,152
437,2,3
437,3,3
438,1,190
438,2,98
438,3,50
439,1,160
439,2,50
439,3,148
439,4,76
440,1,97
440,2,113
440,3,128
440,3,70
441,1,150
441,1,22
441,2,44
441,3,150
441,3,20
441,4,22
441,5,20
441,6,20
441,7,44
441,8,20
442,1,124
442,2,162
442,2,104
442,3,104
442,4,104
443,1,160
443,2,160
443,3,160
444,1,150
444,1,113
444,2,69
444,3,37
444,3,175
445,1,82
445,1,27
445,2,16
445,3,16
446,1,57
446,2,57
446,3,61
447,1,75
447,1,54
447,2,192
447,3,44
447,3,55
447,3,75
448,1,146
448,2,164
448,2,146
448,2,2
448,3,132
448,3,93
448,3,146
449,1,76
449,2,34
449,3,199
449,4,125
450,1,21
450,1,154
450,2,201
450,3,201
451,1,73
451,2,162
451,2,112
451,3,69
451,3,90
451,4,58
452,1,41
452,2,213
452,3,168
452,3,73
453,1,125
453,1,155
453,2,101
453,3,78
454,1,81
454,1,16
454,2,14
454,2,143
454,2,174
454,3,113
454,3,45
454,3,81
455,1,66
455,2,94
455,3,2
455,3,149
455,4,145
455,4,63
455,4,53
456,1,95
456,1,175
456,2,150
456,3,126
456,3,105
456,3,113
457,1,117
457,2,191
457,2,95
457,2,184
457,3,98
457,4,76
457,4,105
458,1,12
458,1,29
458,1,200
458,2,212
458,3,200
459,1,172
459,1,40
459,2,123
459,3,63
459,4,70
459,5,123
459,6,128
459,7,123
459,7,6
459,8,2
459,8,51
459,8,175
459,8,73
459,9,5
459,9,40
460,1,73
460,2,116
460,3,116
460,3,113
460,4,50
460,4,106
460,5,20
460,6,27
461,1,28
461,1,121
461,2,142
461,3,190
461,4,57
461,5,161
461,5,28
462,1,101
462,1,50
462,2,100
462,2,55
462,3,25
463,1,183
463,1,160
463,2,118
463,3,145
463,3,72
463,4,118
464,1,107
464,2,14
464,3,62
464,4,53
464,4,148
464,5,140
464,6,165
464,7,14
465,1,155
465,1,129
465,2,67
465,2,9
465,3,129
465,4,161
465,5,164
466,1,67
466,1,28
466,1,210
466,2,93
466,3,67
466,3,28
466,4,28
466,4,67
466,5,131
467,1,52
467,1,146
467,2,45
467,3,56
468,1,124
468,2,124
468,3,151
469,1,28
469,1,52
469,2,52
469,3,28
470,1,64
470,2,209
470,3,83
471,1,114
471,2,10
471,3,141
472,1,205
472,2,196
472,2,182
472,3,69
472,3,148
472,3,166
473,1,121
473,2,128
473,2,67
473,3,69
473,4,69
474,1,157
474,1,72
474,2,17
474,3,72
475,1,40
475,2,40
475,3,11
475,4,40
476,1,123
476,1,5
476,1,8
476,2,135
476,3,123
477,1,27
477,2,78
477,3,78
477,4,78
477,5,27
477,6,150
478,1,57
478,2,38
478,3,57
479,1,45
479,2,153
479,3,140
480,1,15
480,2,16
480,3,10
481,1,27
481,2,118
481,3,113
481,3,121
481,4,66
482,1,183
482,1,136
482,2,136
482,2,25
482,3,136
482,3,183
482,4,136
482,4,183
482,5,136
482,5,183
483,1,181
483,2,103
483,3,155
483,3,106
483,4,181
483,5,155
484,1,71
484,1,96
484,2,71
484,3,71
484,3,88
484,4,96
484,4,107
484,5,146
485,1,4
485,2,147
485,2,146
485,3,171
485,3,108
486,1,4
486,1,58
486,2,75
486,2,113
486,2,55
486,3,55
486,3,75
487,1,150
487,2,113
487,2,189
487,3,84
487,3,150
488,1,162
488,1,22
488,1,49
488,2,133
488,3,67
488,3,113
488,4,67
489,1,48
489,1,83
489,2,48
489,2,83
489,3,48
489,3,106
489,4,106
489,4,48
489,5,48
489,5,106
489,6,48
489,6,83
489,7,153
489,7,51
490,1,43
490,2,32
490,3,32
491,1,133
491,1,27
491,1,4
491,2,212
491,2,122
491,2,130
491,2,3
491,3,107
491,3,133
491,4,99
491,4,98
492,1,155
492,2,36
492,3,115
492,3,95
493,1,4
493,1,48
493,1,141
493,2,150
493,3,172
493,3,108
493,3,177
493,3,168
494,1,193
494,1,131
494,2,6
494,3,2
494,3,182
495,1,111
495,2,113
495,3,150
496,1,15
496,2,53
496,2,16
496,3,164
496,4,103
497,1,53
497,2,44
497,2,53
497,3,44
498,1,76
498,2,100
498,2,120
498,3,123
498,4,146
498,4,76
499,1,196
499,2,34
499,3,192
500,1,169
500,2,4
500,3,11
501,1,125
501,2,108
501,3,79
501,4,151
501,5,151
501,5,124
501,6,151
501,6,81
502,1,70
502,2,214
502,2,168
502,2,15
502,3,70
503,1,124
503,1,125
503,2,121
503,3,125
503,4,121
503,4,113
503,5,200
503,5,121
504,1,116
504,1,117
504,2,147
504,2,144
504,3,164
504,3,100
504,3,155
504,4,123
504,5,89
504,5,147
504,5,101
504,6,100
505,1,134
505,1,141
505,1,50
505,1,24
505,2,205
505,2,135
505,3,83
505,3,205
506,1,142
506,2,164
506,3,72
506,3,164
507,1,128
507,2,63
507,2,101
507,2,93
507,2,69
507,3,93
507,3,63
507,3,128
507,3,113
507,3,167
508,1,57
508,2,166
508,3,77
508,3,90
508,3,60
509,1,202
509,2,179
509,3,16
510,1,16
510,2,153
510,3,4
511,1,177
511,1,199
511,2,77
511,2,25
511,3,4
512,1,194
512,2,194
512,3,103
513,1,84
513,2,141
513,3,83
513,4,175
513,5,106
513,6,50
513,6,150
514,1,158
514,2,95
514,2,23
514,3,67
515,1,32
515,1,178
515,2,111
515,3,113
516,1,113
516,1,155
516,1,21
516,2,155
516,2,72
516,3,21
516,3,72
516,3,93
516,3,155
517,1,103
517,2,118
517,3,113
517,4,63
517,4,73
518,1,213
518,1,113
518,2,61
518,3,213
519,1,52
519,1,76
519,1,159
519,2,52
519,3,53
519,3,83
520,1,159
520,2,159
520,3,159
520,4,13
521,1,94
521,2,140
521,2,66
521,3,124
522,1,192
522,2,119
522,3,192
523,1,160
523,2,65
523,3,141
523,3,2
523,4,2
523,5,78
524,1,46
524,2,19
524,3,109
524,3,140
525,1,197
525,2,197
525,3,96
525,4,197
526,1,22
526,1,168
526,1,27
526,2,76
526,3,105
526,3,64
527,1,126
527,1,76
527,2,95
527,3,121
528,1,37
528,2,118
528,3,76
528,4,37
529,1,17
529,2,96
529,3,61
530,1,160
530,1,36
530,2,13
530,3,216
530,4,124
530,5,160
530,5,54
530,6,36
530,6,83
531,1,75
531,2,69
531,3,127
531,4,69
532,1,159
532,2,63
532,3,103
533,1,177
533,2,4
533,3,3
533,3,73
533,4,213
534,1,150
534,2,97
534,3,105
535,1,210
535,1,158
535,2,173
535,3,158
535,3,173
535,3,69
535,4,210
535,5,173
535,5,158
536,1,90
536,2,95
536,3,154
536,4,69
536,5,184
536,5,117
537,1,56
537,1,118
537,2,161
537,3,45
537,4,144
537,5,161
537,6,161
537,6,66
537,7,11
538,1,78
538,2,79
538,3,23
538,3,113
538,4,190
538,4,23
539,1,119
539,2,119
539,2,154
539,3,119
540,1,53
540,2,209
540,3,53
540,4,10
540,5,53
540,5,3
540,5,152
540,6,188
541,1,123
541,2,150
541,3,65
541,3,140
541,3,214
542,1,146
542,2,30
542,3,88
542,3,169
542,4,121
543,1,37
543,2,69
543,3,95
544,1,115
544,2,83
544,3,115
544,3,160
545,1,138
545,1,98
545,2,66
545,3,31
545,3,201
546,1,45
546,1,125
546,2,55
546,3,76
547,1,87
547,2,87
547,3,87
547,3,34
548,1,150
548,2,113
548,3,150
548,4,78
548,4,150
548,4,95
548,5,184
549,1,25
549,2,25
549,2,171
549,3,25
549,3,171
549,4,171
550,1,89
550,2,63
550,3,156
550,4,179
550,4,59
550,5,113
550,5,63
551,1,28
551,2,27
551,3,187
551,3,121
552,1,76
552,1,133
552,2,191
552,3,186
553,1,64
553,1,104
553,2,104
553,3,104
554,1,98
554,2,76
554,2,38
554,2,205
554,3,192
554,3,44
555,1,169
555,1,76
555,1,107
555,2,69
555,3,123
556,1,189
556,2,190
556,3,40
557,1,61
557,2,194
557,3,97
558,1,181
558,2,71
558,3,34
558,3,118
558,3,44
559,1,21
559,2,53
559,2,95
559,3,95
559,4,95
560,1,16
560,2,73
560,2,117
560,2,76
560,3,73
561,1,75
561,1,110
561,2,75
561,2,94
561,2,124
561,2,53
561,3,34
561,4,124
562,1,211
562,2,73
562,3,195
563,1,185
563,1,4
563,2,78
563,3,72
564,1,60
564,2,89
564,3,89
565,1,48
565,2,160
565,3,175
565,3,160
566,1,69
566,2,133
566,2,95
566,3,44
566,3,69
567,1,187
567,1,32
567,2,59
567,3,214
568,1,4
568,2,133
568,3,4
568,3,190
568,3,21
568,4,217
569,1,120
569,1,176
569,2,87
569,2,83
569,2,44
569,2,164
569,3,174
569,3,73
569,3,18
569,4,18
569,4,78
569,4,213
569,4,209
570,1,29
570,2,122
570,3,212
570,3,29
570,4,66
570,5,212
571,1,201
571,2,191
571,3,41
571,4,24
571,5,213
572,1,36
572,2,11
572,3,21
572,4,128
573,1,135
573,1,28
573,2,135
573,3,135
573,4,28
574,1,47
574,2,67
574,3,25
574,3,98
575,1,28
575,2,72
575,2,79
575,3,28
575,3,108
575,4,108
575,4,28
576,1,87
576,2,162
576,3,13
577,1,200
577,2,166
577,3,2
577,3,121
578,1,127
578,2,10
578,3,50
579,1,99
579,1,93
579,2,95
579,2,120
579,3,37
579,3,120
579,4,99
580,1,113
580,2,105
580,2,184
580,2,40
580,3,96
580,3,12
581,1,119
581,2,83
581,2,141
581,3,70
581,4,129
581,4,119
581,5,119
581,6,39
581,7,50
581,7,162
582,1,172
582,1,13
582,2,13
582,3,13
582,3,112
582,3,110
582,4,13
582,5,13
583,1,113
583,1,150
583,2,83
583,3,10
584,1,57
584,2,131
584,3,160
585,1,206
585,2,88
585,3,140
586,1,132
586,1,133
586,1,186
586,2,186
586,3,126
586,4,15
587,1,120
587,2,67
587,3,58
587,3,166
588,1,120
588,2,44
588,2,95
588,2,99
588,2,120
588,3,166
588,3,9
589,1,213
589,2,213
589,2,28
589,3,124
590,1,36
590,2,150
590,2,175
590,3,28
590,3,36
591,1,76
591,2,26
591,3,113
592,1,121
592,2,121
592,3,78
593,1,76
593,2,69
593,3,145
593,3,113
593,3,94
593,3,147
593,4,76
594,1,75
594,1,134
594,2,75
594,3,95
594,3,75
595,1,83
595,2,166
595,2,108
595,2,23
595,3,120
595,4,176
596,1,136
596,2,173
596,3,78
597,1,136
597,1,139
597,1,104
597,2,123
597,3,174
597,3,136
597,4,57
597,5,13
598,1,67
598,1,2
598,2,100
598,3,67
598,3,83
599,1,173
599,2,199
599,3,12
599,3,171
599,4,15
600,1,131
600,2,155
600,3,25
601,1,67
601,2,10
601,3,98
602,1,176
602,2,197
602,2,73
602,2,121
602,3,44
602,4,123
602,5,151
602,5,133
602,6,176
603,1,181
603,1,2
603,2,153
603,3,9
604,1,165
604,2,15
604,3,100
604,4,166
605,1,78
605,2,108
605,3,175
605,4,69
606,1,209
606,1,112
606,1,67
606,2,163
606,2,4
606,2,145
606,3,112
607,1,30
607,2,48
607,3,58
608,1,55
608,2,55
608,3,55
609,1,121
609,1,73
609,2,80
609,2,27
609,3,27
609,3,67
610,1,69
610,2,76
610,3,51
610,3,150
611,1,70
611,2,58
611,3,135
611,3,69
612,1,97
612,2,79
612,3,105
612,3,4
613,1,69
613,1,116
613,1,113
613,1,70
613,2,39
613,3,156
614,1,89
614,2,91
614,3,30
615,1,162
615,1,121
615,1,59
615,2,118
615,3,162
615,3,59
616,1,158
616,2,158
616,3,73
616,3,158
617,1,160
617,2,57
617,3,80
617,3,97
618,1,112
618,1,84
618,2,81
618,3,108
618,3,81
618,3,127
619,1,141
619,1,100
619,2,150
619,3,100
619,3,213
620,1,175
620,2,61
620,2,58
620,2,113
620,3,58
621,1,41
621,2,41
621,3,41
621,3,167
622,1,101
622,1,169
622,1,44
622,2,101
622,2,44
622,2,157
622,3,166
623,1,67
623,2,126
623,2,67
623,3,4
623,4,123
624,1,20
624,2,45
624,2,170
624,3,170
624,3,20
624,3,213
624,3,31
624,3,110
624,3,140
625,1,16
625,2,121
625,3,141
625,3,2
625,4,34
625,5,115
626,1,122
626,2,122
626,3,40
626,3,122
626,4,106
626,5,29
626,6,122
626,7,40
626,7,122
627,1,152
627,2,6
627,3,71
627,3,16
627,4,107
628,1,30
628,1,174
628,2,30
628,3,77
628,4,30
628,4,176
628,5,22
628,5,20
628,6,193
629,1,92
629,2,2
629,2,69
629,2,215
629,2,205
629,3,205
630,1,23
630,1,76
630,2,47
630,3,35
631,1,19
631,1,113
631,2,57
631,3,113
632,1,128
632,1,48
632,1,106
632,1,3
632,2,159
632,3,44
632,4,6
632,5,106
633,1,49
633,1,74
633,2,93
633,3,195
633,3,205
634,1,4
634,2,26
634,3,106
634,4,57
634,4,160
634,5,67
634,5,49
635,1,18
635,2,18
635,2,92
635,3,140
636,1,150
636,1,51
636,1,19
636,2,177
636,3,94
637,1,107
637,1,136
637,2,136
637,3,136
637,3,107
638,1,24
638,1,120
638,2,216
638,3,120
638,3,28
638,4,152
639,1,69
639,1,16
639,2,125
639,3,2
639,3,217
640,1,166
640,2,165
640,3,165
640,3,25
640,3,68
641,1,149
641,1,28
641,2,69
641,2,157
641,2,95
641,3,175
642,1,95
642,1,105
642,2,2
642,3,128
643,1,100
643,1,133
643,2,86
643,3,100
643,4,100
643,4,133
644,1,76
644,1,133
644,2,186
644,2,151
644,3,186
645,1,51
645,2,113
645,2,141
645,2,152
645,3,123
646,1,76
646,1,146
646,2,107
646,2,76
646,3,25
646,3,95
647,1,129
647,1,67
647,2,129
647,2,67
647,3,67
648,1,112
648,1,28
648,2,28
648,3,50
648,3,132
648,4,54
649,1,148
649,1,125
649,2,67
649,3,148
649,4,148
650,1,36
650,2,128
650,3,69
650,4,113
650,4,36
650,5,113
650,5,36
650,5,69
651,1,18
651,2,41
651,2,151
651,2,213
651,2,197
651,3,99
651,4,27
651,5,2
652,1,121
652,1,29
652,2,29
652,3,58
652,3,29
653,1,4
653,2,40
653,3,4
653,4,168
653,5,68
653,6,168
654,1,69
654,2,11
654,3,211
655,1,177
655,1,95
655,2,103
655,2,192
655,3,123
656,1,139
656,2,76
656,2,67
656,3,168
657,1,188
657,2,85
657,3,12
658,1,199
658,2,68
658,3,133
659,1,4
659,1,105
659,2,105
659,2,73
659,3,39
659,3,124
659,4,123
659,5,4
660,1,18
660,1,168
660,2,18
660,3,160
660,3,25
661,1,164
661,1,146
661,2,44
661,3,164
661,3,146
662,1,113
662,1,153
662,1,58
662,2,69
662,3,113
662,3,153
662,3,58
662,4,28
662,5,69
663,1,148
663,2,44
663,3,126
663,3,192
664,1,39
664,1,90
664,2,76
664,2,150
664,3,90
664,4,10
665,1,160
665,1,121
665,2,160
665,3,121
665,3,83
665,3,94
666,1,95
666,1,141
666,2,95
666,2,141
666,3,141
667,1,210
667,2,101
667,3,171
668,1,95
668,1,123
668,2,176
668,3,93
668,4,176
668,5,93
669,1,155
669,1,9
669,1,52
669,2,83
669,3,67
669,3,113
670,1,4
670,2,69
670,2,205
670,3,107
671,1,34
671,2,160
671,2,194
671,3,76
671,3,98
671,4,194
672,1,190
672,2,83
672,3,78
672,4,93
672,5,113
672,5,204
672,6,198
672,6,204
672,7,198
672,8,125
672,9,101
672,9,142
673,1,39
673,2,128
673,3,39
674,1,83
674,1,175
674,1,98
674,2,175
674,3,106
674,3,51
675,1,29
675,2,163
675,2,170
675,3,97
675,3,122
675,4,84
675,5,176
676,1,113
676,2,12
676,3,89
676,4,61
676,5,159
676,6,11
676,7,127
676,7,12
677,1,180
677,2,216
677,3,78
678,1,146
678,1,40
678,2,96
678,2,53
678,3,213
678,3,138
678,3,214
678,3,46
679,1,45
679,2,36
679,3,111
680,1,121
680,2,121
680,2,76
680,3,151
680,3,217
681,1,110
681,2,2
681,3,213
681,3,138
681,4,64
681,5,174
682,1,93
682,2,78
682,2,211
682,3,123
683,1,72
683,1,55
683,1,91
683,2,65
683,3,123
684,1,184
684,1,4
684,2,51
684,2,4
684,3,40
684,3,48
685,1,31
685,1,200
685,2,200
685,2,174
685,3,174
685,4,120
686,1,97
686,2,40
686,3,97
687,1,164
687,1,60
687,2,67
687,2,113
687,2,13
687,3,93
687,3,200
687,3,29
688,1,55
688,2,55
688,3,123
688,4,56
689,1,33
689,2,33
689,3,33
690,1,93
690,1,21
690,2,21
690,2,93
690,3,21
690,4,125
690,4,87
690,4,14
690,4,21
691,1,20
691,1,64
691,1,19
691,2,124
691,3,124
692,1,33
692,2,69
692,2,97
692,2,42
692,3,48
692,4,114
693,1,89
693,2,89
693,2,52
693,3,48
693,3,89
693,3,144
693,4,89
693,4,61
693,4,144
693,5,168
693,6,89
693,6,174
693,6,110
694,1,113
694,2,101
694,2,67
694,3,83
695,1,67
695,2,132
695,2,154
695,2,98
695,3,151
696,1,13
696,2,43
696,2,150
696,3,38
696,3,150
697,1,24
697,1,52
697,2,88
697,2,1
697,2,45
697,3,45
697,3,28
698,1,84
698,1,15
698,1,8
698,2,74
698,3,10
698,3,74
699,1,89
699,1,160
699,2,160
699,3,52
700,1,112
700,2,81
700,3,30
701,1,180
701,2,69
701,3,48
701,3,150
702,1,141
702,2,50
702,2,160
702,3,113
702,3,150
703,1,19
703,1,168
703,2,83
703,2,186
703,3,4
703,3,186
704,1,123
704,2,123
704,3,123
705,1,38
705,2,25
705,2,14
705,3,181
705,3,137
705,4,187
706,1,39
706,2,128
706,2,39
706,2,105
706,2,154
706,2,116
706,3,128
706,3,39
706,4,97
706,4,39
706,5,50
706,5,39
706,6,128
706,6,39
706,7,128
706,7,39
706,8,154
706,8,128
706,8,150
706,8,39
707,1,83
707,2,83
707,3,4
708,1,28
708,2,203
708,3,203
708,4,25
708,5,2
708,5,192
708,6,28
709,1,195
709,1,123
709,1,90
709,2,25
709,3,3
710,1,67
710,1,22
710,1,110
710,2,89
710,2,67
710,3,67
710,3,98
710,3,89
710,4,130
710,5,38
710,6,67
710,6,165
710,7,89
710,7,98
710,8,197
711,1,4
711,2,69
711,3,72
711,3,57
711,3,160
711,3,182
711,3,205
712,1,202
712,2,202
712,3,202
713,1,113
713,2,72
713,3,72
714,1,80
714,2,80
714,2,100
714,3,100
714,4,208
715,1,192
715,1,2
715,2,72
715,2,55
715,3,55
715,3,113
716,1,10
716,1,126
716,2,113
716,3,126
716,4,126
717,1,2
717,2,72
717,2,113
717,3,128
718,1,126
718,2,189
718,3,6
719,1,78
719,2,188
719,3,190
720,1,164
720,2,38
720,3,148
721,1,47
721,2,100
721,3,125
721,3,13
721,4,13
721,4,100
721,4,67
721,5,68
721,6,20
721,6,13
722,1,16
722,2,73
722,2,141
722,2,16
722,2,35
722,3,40
723,1,166
723,1,107
723,2,207
723,3,65
724,1,125
724,2,152
724,3,77
724,4,124
724,4,77
725,1,179
725,2,53
725,3,11
726,1,69
726,2,4
726,3,4
727,1,97
727,2,155
727,2,113
727,3,97
728,1,67
728,1,40
728,2,83
728,3,164
728,3,83
728,3,67
729,1,166
729,2,68
729,3,83
730,1,83
730,1,75
730,2,67
730,2,160
730,3,113
731,1,51
731,2,4
731,3,97
732,1,141
732,2,125
732,2,113
732,2,141
732,2,57
732,3,161
732,3,67
732,4,141
733,1,84
733,1,147
733,2,98
733,3,80
733,3,98
733,3,112
733,4,69
733,4,93
733,4,135
734,1,105
734,2,39
734,2,68
734,3,105
734,3,115
735,1,76
735,1,58
735,2,119
735,2,69
735,3,168
735,3,61
735,3,76
735,3,98
735,3,82
735,3,177
736,1,69
736,2,67
736,3,76
736,4,21
736,5,67
736,6,10
737,1,100
737,2,101
737,3,34
737,4,211
738,1,56
738,2,67
738,3,56
739,1,56
739,2,95
739,2,53
739,3,56
739,3,86
740,1,150
740,2,37
740,3,150
741,1,15
741,1,217
741,1,167
741,1,121
741,2,61
741,2,217
741,2,79
741,2,47
741,2,80
741,3,217
741,4,61
741,4,11
741,4,217
741,4,79
742,1,102
742,1,60
742,1,103
742,2,102
742,3,102
742,4,102
743,1,76
743,2,166
743,3,148
744,1,78
744,2,120
744,2,78
744,3,132
744,3,197
745,1,62
745,2,206
745,3,62
745,4,67
745,4,89
745,4,43
745,4,146
746,1,18
746,2,18
746,3,213
746,4,213
746,5,213
747,1,133
747,2,198
747,3,190
748,1,44
748,2,213
748,2,44
748,2,76
748,3,213
748,3,30
749,1,16
749,2,51
749,2,4
749,3,118
750,1,98
750,2,32
750,3,121
750,3,99
750,4,99
750,5,132
751,1,113
751,1,120
751,1,95
751,2,120
751,3,111
751,4,217
751,4,133
751,4,95
752,1,70
752,2,82
752,3,193
753,1,76
753,1,150
753,2,2
753,2,189
753,3,98
754,1,76
754,2,151
754,3,153
754,4,151
755,1,78
755,2,67
755,3,67
756,1,84
756,1,150
756,2,150
756,2,84
756,3,132
757,1,89
757,1,53
757,2,53
757,2,6
757,3,27
757,3,6
757,3,75
758,1,32
758,2,52
758,2,155
758,3,198
758,3,171
758,4,67
758,5,162
759,1,124
759,1,91
759,2,106
759,3,46
760,1,100
760,1,38
760,2,136
760,2,75
760,2,53
760,2,148
760,3,166
760,4,166
761,1,148
761,2,95
761,3,95
761,4,154
761,5,165
761,6,38
761,6,78
762,1,62
762,2,31
762,2,2
762,3,31
763,1,71
763,2,100
763,2,54
763,2,75
763,3,99
764,1,78
764,2,96
764,2,1
764,3,42
764,3,78
764,4,88
764,4,96
764,5,1
764,6,88
764,6,96
765,1,183
765,1,146
765,1,89
765,2,70
765,3,183
765,3,89
766,1,108
766,1,4
766,1,190
766,1,79
766,1,80
766,1,73
766,2,80
766,2,79
766,3,3
767,1,159
767,2,159
767,3,159
767,4,159
767,4,21
767,4,56
768,1,40
768,2,40
768,3,40
768,4,40
769,1,121
769,2,204
769,2,17
769,2,19
769,3,142
770,1,193
770,1,136
770,2,155
770,2,136
770,3,136
770,3,193
771,1,116
771,1,184
771,2,68
771,3,115
771,3,184
771,3,117
772,1,96
772,1,193
772,2,122
772,3,174
772,4,78
772,4,28
772,4,80
772,5,7
773,1,113
773,2,58
773,2,35
773,3,123
774,1,20
774,1,110
774,1,33
774,1,27
774,1,45
774,2,146
774,3,139
774,4,164
774,4,214
774,4,100
774,5,162
774,5,110
774,5,20
775,1,76
775,1,50
775,1,141
775,2,50
775,3,50
776,1,37
776,2,199
776,2,42
776,3,152
776,3,3
777,1,80
777,2,36
777,3,37
778,1,61
778,2,155
778,2,197
778,3,84
778,3,133
779,1,53
779,1,160
779,2,53
779,2,83
779,3,44
780,1,67
780,1,101
780,2,21
780,3,52
780,3,100
780,4,67
780,4,100
780,5,67
780,5,100
781,1,83
781,1,121
781,2,121
781,3,160
781,3,66
781,4,84
782,1,166
782,2,104
782,3,104
782,3,14
783,1,155
783,1,87
783,1,208
783,2,144
783,2,141
783,3,165
784,1,134
784,2,148
784,3,136
784,3,25
784,4,134
785,1,44
785,2,121
785,3,121
785,3,113
785,4,101
785,4,121
785,5,44
785,6,121
785,6,113
785,7,61
785,7,58
786,1,39
786,1,57
786,2,161
786,2,152
786,2,212
786,3,152
787,1,89
787,2,68
787,3,166
788,1,166
788,2,179
788,2,78
788,3,93
788,4,93
788,4,21
788,5,101
788,5,67
789,1,195
789,2,58
789,3,4
789,3,183
789,3,54
789,4,125
789,5,126
790,1,125
790,2,78
790,3,162
791,1,177
791,1,120
791,2,30
791,3,163
791,3,55
791,4,18
791,5,18
792,1,194
792,2,138
792,3,127
793,1,112
793,2,37
793,3,82
793,4,47
794,1,110
794,1,141
794,2,141
794,3,3
795,1,209
795,2,128
795,3,73
795,4,73
795,5,38
796,1,29
796,1,59
796,2,59
796,3,123
796,4,44
797,1,144
797,2,142
797,3,212
797,3,164
797,4,164
798,1,107
798,1,3
798,2,3
798,3,168
798,3,177
798,4,132
799,1,51
799,1,16
799,2,39
799,3,39
800,1,142
800,2,27
800,2,33
800,3,149
800,3,109
801,1,69
801,1,195
801,2,69
801,3,125
801,3,192
801,4,95
801,4,69
801,5,95
801,5,138
801,6,125
802,1,121
802,2,121
802,3,2
803,1,79
803,1,80
803,2,80
803,2,79
803,3,79
804,1,4
804,2,150
804,2,27
804,2,33
804,3,187
804,3,41
804,4,41
805,1,112
805,2,14
805,3,13
805,3,81
805,4,80
805,4,4
806,1,80
806,2,113
806,2,158
806,3,108
806,3,98
806,4,80
806,4,98
807,1,67
807,1,52
807,2,52
807,3,170
807,4,188
807,4,140
807,4,46
808,1,28
808,2,133
808,3,78
808,4,37
809,1,133
809,1,203
809,2,37
809,3,125
809,4,186
809,5,203
810,1,50
810,2,160
810,2,50
810,3,50
810,3,76
811,1,214
811,1,27
811,2,140
811,3,96
812,1,101
812,1,50
812,2,70
812,2,69
812,3,113
812,3,115
813,1,129
813,2,133
813,3,124
813,4,123
814,1,159
814,1,160
814,2,159
814,2,160
814,3,162
814,3,48
814,3,159
814,3,113
814,3,152
815,1,95
815,1,118
815,1,155
815,2,69
815,2,181
815,3,155
816,1,69
816,2,69
816,3,69
816,4,69
816,4,126
816,5,69
817,1,10
817,2,13
817,3,69
818,1,123
818,2,150
818,3,80
819,1,123
819,2,161
819,2,186
819,3,123
819,4,161
819,5,102
820,1,67
820,2,67
820,3,67
820,3,100
820,3,166
821,1,100
821,2,51
821,3,62
822,1,191
822,2,96
822,3,59
823,1,58
823,1,61
823,2,75
823,3,75
824,1,171
824,1,32
824,2,32
824,3,213
825,1,129
825,2,143
825,2,9
825,2,83
825,2,112
825,2,7
825,3,80
825,3,112
825,3,36
826,1,76
826,2,76
826,3,204
827,1,69
827,2,75
827,2,25
827,2,42
827,3,2
828,1,121
828,2,113
828,2,150
828,3,113
829,1,72
829,1,155
829,1,132
829,2,160
829,3,155
830,1,98
830,2,39
830,2,128
830,2,69
830,3,99
830,4,10
830,5,70
830,6,110
830,7,10
830,7,70
831,1,120
831,1,88
831,2,120
831,3,120
831,3,20
832,1,22
832,2,133
832,2,161
832,3,120
832,4,161
832,5,121
833,1,131
833,1,93
833,2,131
833,3,150
834,1,63
834,1,83
834,1,123
834,2,63
834,3,4
834,3,119
834,3,3
834,4,28
834,4,155
835,1,150
835,2,154
835,2,84
835,2,190
835,3,197
836,1,126
836,2,217
836,2,78
836,3,57
837,1,144
837,1,155
837,1,50
837,1,28
837,2,84
837,3,87
838,1,155
838,2,155
838,2,58
838,2,95
838,2,84
838,3,124
839,1,64
839,1,153
839,2,145
839,2,101
839,3,153
839,4,31
839,4,153
839,4,12
840,1,168
840,1,83
840,2,87
840,2,163
840,3,168
841,1,123
841,2,4
841,3,73
842,1,113
842,1,145
842,2,152
842,3,185
842,3,160
843,1,64
843,2,56
843,2,98
843,3,104
844,1,75
844,2,214
844,3,25
844,3,140
845,1,26
845,2,105
845,3,134
845,3,29
846,1,67
846,2,67
846,2,160
846,2,57
846,3,67
846,4,67
847,1,98
847,2,98
847,3,15
847,3,35
847,3,133
848,1,4
848,1,214
848,2,4
848,2,175
848,3,214
848,4,116
849,1,73
849,1,213
849,2,15
849,3,30
850,1,131
850,2,69
850,3,39
850,4,131
851,1,122
851,2,93
851,2,122
851,3,157
851,4,122
851,5,26
852,1,103
852,2,82
852,3,16
852,3,120
852,4,120
852,4,16
853,1,127
853,1,178
853,2,178
853,3,87
853,3,127
853,4,79
853,5,2
853,5,133
854,1,72
854,2,72
854,3,7
855,1,27
855,1,60
855,2,27
855,2,60
855,3,27
856,1,120
856,1,101
856,2,101
856,2,67
856,3,67
856,3,136
856,3,120
857,1,107
857,2,25
857,2,151
857,3,129
857,3,25
857,4,99
858,1,70
858,2,95
858,3,50
859,1,194
859,2,79
859,3,75
860,1,188
860,2,176
860,3,176
861,1,139
861,2,206
861,2,50
861,2,150
861,3,104
862,1,94
862,2,93
862,3,178
862,3,83
862,4,178
863,1,57
863,2,44
863,3,99
864,1,56
864,2,80
864,3,108
864,3,81
865,1,108
865,2,77
865,3,77
866,1,139
866,1,4
866,1,61
866,2,17
866,3,10
866,4,34
867,1,37
867,2,40
867,3,105
868,1,132
868,1,125
868,2,77
868,3,63
869,1,98
869,2,98
869,3,95
869,3,76
869,4,180
869,5,113
870,1,152
870,2,160
870,3,164
871,1,133
871,1,113
871,2,98
871,3,69
872,1,70
872,2,127
872,3,191
872,4,113
872,4,149
872,5,70
872,5,69
872,6,79
872,6,147
872,6,215
872,6,127
872,7,113
873,1,175
873,2,50
873,2,76
873,3,51
873,3,73
874,1,76
874,1,23
874,2,23
874,2,94
874,2,83
874,2,93
874,2,58
874,3,83
874,3,23
874,4,83
874,4,107
875,1,150
875,1,69
875,2,69
875,2,150
875,3,78
875,3,150
876,1,195
876,1,22
876,1,195
876,2,119
876,2,88
876,3,180
877,1,113
877,1,67
877,2,67
877,2,28
877,3,93
877,4,28
877,4,67
878,1,207
878,2,166
878,3,136
878,4,56
879,1,81
879,2,51
879,2,83
879,3,82
879,3,83
879,3,150
879,4,82
879,5,151
880,1,95
880,1,114
880,2,102
880,2,58
880,2,60
880,3,95
881,1,168
881,2,107
881,3,76
881,3,107
881,4,73
882,1,24
882,1,152
882,2,83
882,3,106
882,4,152
883,1,19
883,2,104
883,3,162
883,4,104
884,1,123
884,2,152
884,3,152
885,1,31
885,1,32
885,2,113
885,3,31
885,4,31
886,1,78
886,2,129
886,2,57
886,2,25
886,3,152
886,4,55
886,4,161
886,5,94
887,1,68
887,2,68
887,2,199
887,2,59
887,2,93
887,3,31
887,4,31
887,5,113
887,5,44
887,5,47
887,5,68
888,1,15
888,1,113
888,2,9
888,3,177
889,1,27
889,2,34
889,3,118
889,3,215
889,4,61
890,1,149
890,1,129
890,2,129
890,2,212
890,2,149
890,3,149
891,1,97
891,2,128
891,3,85
891,4,84
891,4,53
892,1,39
892,2,128
892,3,95
892,3,155
892,3,70
893,1,125
893,2,60
893,2,53
893,3,21
893,4,46
893,5,171
893,5,60
893,5,53
893,6,18
893,6,43
893,6,173
893,7,38
894,1,113
894,2,69
894,3,89
894,3,113
894,4,67
894,4,113
894,5,72
894,6,192
894,6,72
895,1,121
895,2,150
895,3,121
895,4,121
896,1,171
896,1,173
896,2,100
896,2,166
896,3,4
896,3,99
897,1,186
897,1,95
897,2,80
897,3,186
897,4,133
897,4,151
898,1,121
898,1,83
898,2,153
898,2,133
898,3,160
898,4,153
898,5,44
898,5,121
898,5,153
898,6,153
898,7,153
898,7,121
898,8,153
898,8,121
898,9,108
899,1,123
899,2,192
899,3,64
899,3,192
899,4,121
899,4,198
899,5,121
899,6,204
899,6,114
900,1,57
900,2,152
900,3,120
900,3,57
900,3,127
901,1,58
901,2,196
901,3,12
902,1,16
902,2,98
902,3,83
903,1,128
903,2,202
903,3,202
903,3,30
904,1,157
904,1,36
904,2,28
904,3,109
904,3,73
905,1,4
905,2,63
905,2,89
905,2,4
905,3,39
906,1,66
906,2,66
906,3,66
907,1,193
907,1,54
907,2,78
907,3,99
907,3,78
907,4,193
907,4,167
908,1,84
908,1,64
908,2,27
908,2,64
908,3,152
908,3,64
908,4,190
908,4,64
908,5,61
908,6,61
908,7,34
908,8,110
908,8,47
908,9,84
909,1,98
909,2,8
909,3,25
909,4,76
909,4,70
909,4,98
909,4,74
909,4,90
910,1,10
910,2,142
910,2,10
910,3,142
910,3,10
910,3,129
910,3,99
911,1,124
911,2,206
911,2,148
911,2,124
911,3,124
912,1,167
912,1,58
912,2,156
912,3,89
912,3,58
912,3,2
913,1,51
913,2,50
913,3,103
914,1,150
914,1,72
914,2,171
914,3,72
914,3,150
915,1,46
915,1,156
915,2,45
915,2,1
915,3,42
915,3,71
915,3,170
915,4,11
915,5,140
915,5,1
916,1,148
916,2,71
916,3,71
916,4,200
917,1,111
917,2,111
917,2,4
917,3,11
917,3,154
918,1,141
918,1,48
918,2,203
918,3,94
919,1,76
919,2,137
919,3,80
919,3,15
920,1,67
920,2,67
920,3,34
921,1,9
921,2,121
921,3,85
921,3,209
922,1,110
922,2,81
922,2,56
922,3,12
923,1,152
923,2,51
923,2,4
923,3,51
923,4,95
923,4,133
924,1,39
924,2,57
924,3,184
924,3,116
924,3,101
924,3,117
924,4,117
924,4,116
924,4,114
925,1,63
925,2,63
925,3,175
925,4,142
926,1,89
926,1,63
926,1,4
926,2,144
926,3,173
926,4,179
926,5,63
926,5,44
926,6,204
926,6,164
927,1,63
927,1,29
927,1,2
927,1,30
927,2,22
927,3,63
928,1,92
928,1,19
928,1,104
928,1,109
928,2,217
928,2,14
928,3,66
928,3,7
928,3,20
929,1,103
929,1,121
929,2,113
929,2,121
929,3,121
929,3,33
929,4,113
929,4,121
929,5,103
929,5,121
929,6,121
929,6,103
930,1,53
930,1,25
930,2,53
930,3,61
930,3,144
930,4,90
931,1,10
931,2,40
931,2,163
931,3,132
931,4,163
932,1,118
932,2,16
932,3,118
933,1,211
933,2,120
933,3,40
933,3,67
933,4,21
933,4,176
933,5,120
933,5,40
934,1,47
934,1,188
934,2,148
934,3,148
934,4,206
934,5,31
934,6,166
935,1,176
935,2,26
935,3,3
936,1,133
936,1,76
936,2,76
936,2,63
936,3,95
937,1,160
937,2,56
937,3,72
937,3,80
938,1,94
938,2,21
938,3,191
939,1,193
939,2,38
939,3,193
940,1,26
940,2,106
940,3,39
940,4,124
940,5,123
941,1,98
941,2,57
941,3,99
941,4,57
942,1,67
942,1,198
942,2,123
942,2,67
942,2,83
942,3,67
942,3,83
942,4,83
942,4,67
942,5,83
942,5,52
942,6,83
942,6,67
942,7,67
942,7,83
942,7,123
942,8,123
942,8,67
942,8,83
943,1,97
943,2,3
943,3,47
944,1,64
944,2,123
944,2,64
944,2,104
944,3,4
944,4,59
944,5,121
945,1,144
945,2,155
945,2,58
945,3,4
945,3,55
946,1,16
946,2,119
946,2,10
946,3,110
946,4,128
946,5,2
946,5,83
946,6,128
946,6,39
946,7,119
947,1,172
947,1,4
947,2,118
947,3,81
947,3,160
948,1,69
948,2,92
948,3,115
949,1,120
949,1,140
949,2,120
949,3,68
949,3,58
949,4,58
949,5,170
949,6,58
950,1,69
950,2,37
950,3,69
950,3,152
950,4,61
950,5,152
950,6,186
950,6,107
950,6,154
951,1,190
951,1,58
951,2,38
951,3,167
952,1,211
952,2,76
952,3,66
953,1,209
953,1,192
953,1,42
953,2,4
953,2,104
953,3,53
953,4,52
953,5,129
953,5,71
953,6,126
953,6,150
953,6,161
954,1,205
954,1,195
954,1,76
954,2,205
954,2,55
954,3,212
954,3,40
954,4,131
955,1,41
955,2,22
955,3,41
955,3,110
956,1,197
956,1,146
956,2,197
956,2,11
956,3,146
957,1,163
957,1,188
957,1,172
957,2,146
957,3,48
958,1,129
958,2,194
958,2,93
958,3,27
959,1,80
959,2,40
959,3,141
960,1,10
960,2,95
960,3,10
961,1,135
961,2,44
961,3,134
961,3,34
962,1,97
962,2,97
962,3,70
963,1,92
963,2,92
963,3,92
963,4,92
963,5,92
964,1,43
964,2,83
964,3,48
964,3,50
964,4,43
964,5,43
964,6,61
964,7,15
965,1,3
965,2,130
965,3,4
965,3,201
965,4,12
965,5,130
966,1,175
966,1,51
966,2,84
966,3,99
966,3,2
967,1,20
967,1,25
967,2,40
967,3,125
968,1,12
968,2,110
968,3,12
969,1,164
969,1,4
969,2,211
969,3,4
970,1,7
970,2,138
970,3,7
970,3,41
971,1,69
971,2,74
971,2,5
971,2,83
971,3,27
972,1,112
972,2,80
972,3,76
972,4,112
972,5,76
972,5,112
973,1,51
973,1,129
973,2,98
973,3,6
973,4,6
973,5,93
973,6,191
973,7,6
973,8,129
973,9,191
973,10,47
974,1,50
974,1,141
974,2,50
974,3,39
975,1,38
975,2,149
975,2,142
975,2,136
975,3,77
975,3,197
976,1,163
976,1,63
976,1,106
976,2,163
976,3,80
977,1,11
977,2,11
977,3,211
977,4,11
977,5,102
978,1,123
978,1,73
978,1,70
978,1,60
978,2,60
978,2,73
978,3,117
978,3,160
978,3,116
978,4,116
978,5,73
978,5,60
979,1,125
979,2,150
979,2,73
979,3,153
979,4,51
979,4,50
980,1,57
980,2,83
980,2,108
980,3,78
980,4,182
980,4,83
981,1,165
981,2,165
981,3,166
981,3,165
982,1,16
982,1,15
982,2,184
982,2,114
982,3,123
983,1,98
983,2,116
983,3,116
983,3,127
983,4,98
983,5,51
983,5,127
983,6,78
983,7,98
984,1,143
984,2,145
984,3,145
984,4,173
984,5,110
985,1,69
985,1,150
985,1,39
985,2,161
985,3,57
985,4,90
985,5,177
986,1,113
986,2,34
986,3,113
986,4,78
987,1,16
987,2,83
987,3,212
988,1,58
988,2,197
988,3,104
988,4,88
989,1,189
989,1,73
989,2,33
989,3,109
990,1,26
990,2,83
990,2,57
990,3,57
991,1,69
991,1,95
991,1,150
991,2,150
991,2,4
991,3,105
992,1,30
992,1,124
992,1,44
992,2,157
992,2,47
992,3,140
993,1,28
993,1,67
993,2,67
993,2,106
993,3,57
993,4,28
993,5,67
993,5,106
993,5,28
994,1,72
994,1,29
994,2,180
994,3,21
994,4,180
995,1,172
995,1,81
995,2,138
995,3,96
995,4,139
995,5,73
996,1,87
996,1,89
996,2,113
996,3,146
996,3,147
996,3,95
997,1,69
997,2,126
997,2,192
997,3,192
997,4,44
998,1,133
998,1,2
998,2,21
998,3,83
998,3,142
998,4,2
998,4,133
999,1,89
999,2,70
999,3,44
1000,1,19
1000,2,14
1000,3,22
1000,3,20
1000,3,139
1000,4,139
1001,1,83
1001,2,76
1001,3,98
1001,4,25
1002,1,105
1002,1,76
1002,1,116
1002,1,192
1002,1,43
1002,2,120
1002,2,83
1002,3,141
1002,3,40
1003,1,48
1003,2,3
1003,2,6
1003,3,131
1004,1,95
1004,2,50
1004,3,118
1005,1,64
1005,2,50
1005,3,64
1005,4,64
1006,1,123
1006,1,217
1006,1,206
1006,2,123
1006,3,13
1007,1,176
1007,1,197
1007,1,92
1007,2,59
1007,3,59
1007,4,176
1008,1,54
1008,2,81
1008,3,3
1009,1,69
1009,2,147
1009,3,164
1009,4,147
1009,4,164
1010,1,36
1010,2,11
1010,2,197
1010,3,186
1010,3,177
1010,4,80
1010,5,11
1011,1,150
1011,2,85
1011,3,175
1011,3,28
1011,4,57
1012,1,30
1012,2,30
1012,3,30
1013,1,95
1013,1,164
1013,2,93
1013,3,98
1013,4,10
1014,1,208
1014,1,121
1014,1,61
1014,2,21
1014,3,121
1015,1,61
1015,1,214
1015,2,61
1015,2,169
1015,3,2
1015,4,169
1015,5,57
1016,1,141
1016,1,37
1016,2,83
1016,2,63
1016,2,147
1016,2,25
1016,3,63
1017,1,83
1017,1,107
1017,2,107
1017,3,118
1018,1,65
1018,2,168
1018,3,156
1018,3,206
1019,1,205
1019,1,195
1019,1,8
1019,2,130
1019,3,102
1019,3,34
1020,1,133
1020,2,133
1020,3,129
1020,3,82
1020,4,129
1020,4,121
1021,1,109
1021,1,200
1021,2,197
1021,2,86
1021,3,187
1022,1,150
1022,2,69
1022,3,162
1023,1,177
1023,2,209
1023,2,96
1023,3,84
1024,1,182
1024,2,74
1024,2,182
1024,3,87
1024,4,44
1024,4,74
1025,1,38
1025,1,130
1025,2,126
1025,3,97
1026,1,126
1026,1,178
1026,2,161
1026,3,80
1027,1,20
1027,2,20
1027,3,168
1027,4,201
1027,4,18
1027,4,151
1028,1,16
1028,2,103
1028,3,16
1029,1,25
1029,2,96
1029,2,212
1029,3,212
1029,4,121
1029,4,96
1030,1,162
1030,2,113
1030,2,150
1030,3,115
1030,3,117
1030,4,162
1031,1,2
1031,1,169
1031,2,169
1031,3,40
1032,1,5
1032,1,182
1032,2,55
1032,3,151
1033,1,113
1033,1,107
1033,2,83
1033,2,108
1033,3,83
1033,3,58
1034,1,98
1034,2,123
1034,3,87
1034,3,171
1035,1,167
1035,1,51
1035,2,2
1035,2,117
1035,3,100
1035,3,51
1036,1,212
1036,2,154
1036,3,212
1037,1,131
1037,2,150
1037,3,162
1038,1,7
1038,2,7
1038,3,200
1039,1,89
1039,2,61
1039,2,145
1039,2,76
1039,2,163
1039,3,163
1039,3,145
1039,3,95
1039,3,61
1040,1,98
1040,2,69
1040,3,128
1040,4,97
1040,5,99
1040,5,97
1040,5,160
1041,1,53
1041,1,63
1041,2,98
1041,2,76
1041,3,198
1042,1,16
1042,2,95
1042,2,25
1042,3,38
1043,1,119
1043,1,95
1043,2,95
1043,3,10
1044,1,101
1044,1,74
1044,1,205
1044,2,113
1044,2,122
1044,3,169
1044,3,61
1045,1,192
1045,1,177
1045,2,153
1045,3,177
1046,1,69
1046,2,53
1046,2,83
1046,3,55
1046,3,2
1047,1,61
1047,2,16
1047,3,191
1048,1,180
1048,2,157
1048,3,39
1049,1,77
1049,2,69
1049,3,24
1049,3,141
1050,1,16
1050,2,16
1050,3,103
1051,1,139
1051,2,101
1051,3,93
1051,3,38
1052,1,81
1052,1,129
1052,2,81
1052,2,129
1052,3,108
1052,3,76
1052,4,81
1053,1,10
1053,2,168
1053,3,160
1053,4,72
1053,4,25
1053,5,168
1054,1,97
1054,2,10
1054,3,195
1054,3,95
1055,1,73
1055,1,72
1055,2,83
1055,3,56
1055,4,76
1056,1,4
1056,1,12
1056,2,12
1056,2,194
1056,3,42
1056,3,10
1056,4,64
1056,4,44
1057,1,160
1057,1,140
1057,1,205
1057,2,140
1057,2,85
1057,3,140
1058,1,171
1058,2,216
1058,3,160
1059,1,190
1059,1,16
1059,1,67
1059,1,73
1059,2,103
1059,2,158
1059,3,127
1060,1,78
1060,2,55
1060,3,146
1060,4,75
1060,5,78
1061,1,141
1061,1,15
1061,2,160
1061,2,141
1061,3,44
1061,4,44
1061,5,44
1061,6,44
1061,7,129
1061,7,150
1061,8,44
1062,1,121
1062,1,153
1062,2,83
1062,3,121
1062,4,121
1062,5,39
1062,5,121
1063,1,130
1063,1,38
1063,2,4
1063,2,215
1063,2,38
1063,3,123
1063,4,57
1064,1,81
1064,2,40
1064,3,80
1064,4,205
1065,1,57
1065,2,160
1065,2,144
1065,3,110
1065,3,7
1065,4,160
1065,4,144
1066,1,89
1066,2,53
1066,3,69
1067,1,153
1067,2,69
1067,3,203
1067,4,48
1067,5,95
1068,1,101
1068,1,67
1068,1,91
1068,2,21
1068,3,21
1068,4,21
1069,1,39
1069,1,69
1069,2,69
1069,3,24
1069,3,175
1070,1,51
1070,1,38
1070,1,92
1070,2,150
1070,3,92
1070,3,38
1070,3,51
1071,1,110
1071,2,21
1071,3,193
1071,4,193
1072,1,123
1072,2,117
1072,2,114
1072,3,24
1072,3,54
1072,4,95
1072,4,76
1073,1,63
1073,1,55
1073,1,95
1073,2,133
1073,3,154
1073,3,31
1073,3,213
1074,1,2
1074,2,111
1074,2,19
1074,3,57
1074,4,83
1074,4,139
1074,5,118
1074,6,151
1074,6,139
1075,1,116
1075,1,2
1075,2,90
1075,2,116
1075,2,160
1075,3,98
1075,4,2
1075,4,116
1075,5,116
1076,1,89
1076,2,164
1076,3,164
1076,4,87
1076,5,145
1077,1,89
1077,1,69
1077,2,63
1077,2,153
1077,3,24
1077,4,121
1078,1,113
1078,1,150
1078,1,48
1078,2,38
1078,3,77
1078,4,72
1078,4,105
1078,4,113
1078,4,115
1079,1,93
1079,2,78
1079,2,182
1079,3,171
1079,3,89
1080,1,150
1080,2,197
1080,3,78
1081,1,114
1081,2,58
1081,3,160
1081,4,114
1082,1,27
1082,2,145
1082,2,146
1082,2,75
1082,3,77
1083,1,83
1083,2,76
1083,3,83
1084,1,99
1084,2,94
1084,2,120
1084,3,121
1084,4,99
1084,4,67
1084,5,128
1085,1,56
1085,2,31
1085,2,18
1085,3,22
1085,3,47
1085,4,74
1085,4,5
1085,4,8
1086,1,2
1086,1,114
1086,2,56
1086,3,102
1087,1,28
1087,1,195
1087,2,119
1087,3,119
1088,1,95
1088,2,70
1088,2,95
1088,3,95
1088,4,95
1089,1,28
1089,1,182
1089,2,215
1089,3,5
1089,3,106
1089,4,63
1090,1,32
1090,2,32
1090,2,217
1090,3,173
1090,4,133
1090,5,32
1091,1,52
1091,2,155
1091,2,2
1091,3,52
1091,3,106
1091,4,160
1091,4,52
1092,1,120
1092,1,63
1092,1,113
1092,2,181
1092,2,101
1092,3,97
1092,3,65
1092,4,181
1093,1,39
1093,2,16
1093,3,128
1093,4,89
1094,1,46
1094,2,75
1094,2,162
1094,3,20
1094,3,64
1094,3,188
1095,1,25
1095,2,147
1095,3,128
1096,1,40
1096,1,87
1096,2,168
1096,3,40
1096,4,58
1097,1,104
1097,1,106
1097,2,104
1097,3,40
1097,3,168
1097,4,188
1097,5,104
1097,6,104
1097,6,20
1097,6,69
1098,1,83
1098,1,117
1098,2,58
1098,3,117
1098,3,83
1098,4,117
1098,5,60
1098,5,173
1098,5,117
1099,1,36
1099,1,28
1099,2,131
1099,3,69
1099,3,36
1099,3,113
1099,4,36
1100,1,179
1100,2,95
1100,2,194
1100,3,216
1101,1,40
1101,2,37
1101,3,113
1101,3,98
1101,4,25
1101,4,98
1102,1,157
1102,2,57
1102,2,125
1102,3,86
1102,3,125
1103,1,97
1103,2,97
1103,3,97
1103,3,12
1104,1,207
1104,2,206
1104,2,140
1104,2,208
1104,3,208
1105,1,57
1105,1,160
1105,2,10
1105,2,70
1105,3,25
1105,3,57
1106,1,162
1106,2,32
1106,3,204
1106,3,101
1106,3,87
1106,3,155
1107,1,169
1107,2,162
1107,2,169
1107,3,29
1107,3,200
1107,4,200
1107,4,29
1108,1,48
1108,2,35
1108,3,7
1109,1,191
1109,2,78
1109,3,100
1109,4,100
1110,1,32
1110,1,36
1110,2,36
1110,2,32
1110,3,92
1110,3,36
1111,1,150
1111,1,83
1111,1,69
1111,2,202
1111,2,83
1111,3,150
1111,4,160
1111,5,160
1112,1,164
1112,2,95
1112,2,112
1112,3,79
1113,1,98
1113,2,195
1113,3,195
1113,4,70
1113,4,69
1113,5,195
1114,1,6
1114,2,51
1114,2,127
1114,2,6
1114,3,123
1115,1,20
1115,1,79
1115,2,164
1115,3,106
1115,3,108
1115,3,107
1115,3,80
1115,3,123
1116,1,67
1116,1,140
1116,1,83
1116,1,73
1116,2,58
1116,2,73
1116,3,159
1116,4,120
1116,4,24
1117,1,89
1117,2,77
1117,3,203
1117,3,77
1117,4,203
1118,1,15
1118,1,16
1118,2,52
1118,3,133
1118,3,76
1119,1,69
1119,2,107
1119,2,129
1119,3,205
1120,1,193
1120,2,110
1120,2,193
1120,3,193
1120,3,110
1120,4,193
1121,1,27
1121,2,216
1121,3,20
1121,3,216
1122,1,200
1122,1,121
1122,2,121
1122,2,160
1122,3,121
1122,3,140
1123,1,155
1123,2,128
1123,3,152
1124,1,142
1124,2,4
1124,3,198
1124,3,83
1125,1,191
1125,1,61
1125,2,25
1125,2,75
1125,2,113
1125,3,16
1125,3,75
1125,3,114
1126,1,150
1126,1,72
1126,1,183
1126,2,198
1126,3,21
1127,1,44
1127,2,100
1127,3,44
1128,1,128
1128,2,50
1128,2,150
1128,3,61
1128,3,45
1128,3,69
1129,1,137
1129,2,36
1129,2,101
1129,3,137
1130,1,128
1130,2,95
1130,2,79
1130,3,58
1130,4,58
1130,5,128
1130,5,78
1131,1,54
1131,2,113
1131,3,69
1131,4,145
1131,4,113
1131,5,2
1132,1,57
1132,2,57
1132,3,81
1132,3,83
1132,3,153
1132,3,132
1132,4,83
1132,4,57
1133,1,64
1133,1,85
1133,2,2
1133,2,50
1133,3,64
1133,3,151
1133,4,151
1133,5,135
1133,6,97
1134,1,58
1134,1,88
1134,1,145
1134,1,1
1134,1,17
1134,2,78
1134,3,143
1134,3,56
1134,3,78
1135,1,27
1135,2,145
1135,3,145
1135,4,21
1135,5,126
1135,5,177
1136,1,67
1136,1,162
1136,2,101
1136,2,67
1136,3,155
1137,1,92
1137,1,147
1137,2,92
1137,3,44
1138,1,67
1138,1,76
1138,2,152
1138,3,150
1138,4,121
1138,5,3
1139,1,53
1139,2,182
1139,2,95
1139,3,182
1140,1,20
1140,2,148
1140,3,148
1141,1,113
1141,2,96
1141,3,141
1141,3,72
1141,3,51
1142,1,22
1142,1,96
1142,2,124
1142,3,88
1142,4,125
1143,1,69
1143,2,109
1143,3,52
1143,4,210
1144,1,133
1144,1,176
1144,2,133
1144,3,154
1144,3,133
1144,4,133
1145,1,75
1145,2,164
1145,2,40
1145,3,38
1146,1,69
1146,1,10
1146,2,155
1146,3,4
1147,1,4
1147,2,155
1147,2,4
1147,3,155
1147,4,36
1147,4,4
1148,1,111
1148,2,155
1148,2,72
1148,3,56
1148,4,128
1148,5,128
1149,1,148
1149,2,148
1149,3,54
1149,3,158
1149,3,210
1150,1,4
1150,1,61
1150,2,60
1150,3,150
1151,1,56
1151,1,2
1151,2,10
1151,2,39
1151,3,55
1152,1,140
1152,1,83
1152,2,71
1152,2,113
1152,3,140
1152,3,46
1153,1,8
1153,2,174
1153,3,30
1153,3,93
1153,4,174
1153,4,188
1154,1,160
1154,1,123
1154,2,123
1154,3,123
1154,4,126
1155,1,57
1155,2,150
1155,3,57
1156,1,31
1156,1,83
1156,2,73
1156,3,97
1157,1,98
1157,2,98
1157,3,61
1157,4,93
1157,5,98
1158,1,76
1158,2,216
1158,3,14
1159,1,13
1159,2,57
1159,2,25
1159,2,55
1159,2,100
1159,2,206
1159,3,66
1159,3,206
1160,1,114
1160,2,69
1160,3,204
1160,3,114
1160,4,4
1160,4,114
1161,1,201
1161,1,95
1161,1,38
1161,2,201
1161,3,41
1162,1,124
1162,2,121
1162,3,133
1162,3,124
1163,1,100
1163,2,148
1163,3,11
1163,4,7
1163,4,136
1164,1,37
1164,2,75
1164,2,158
1164,3,71
1165,1,103
1165,2,94
1165,3,77
1166,1,162
1166,2,169
1166,2,14
1166,2,67
1166,3,67
1167,1,200
1167,1,29
1167,1,54
1167,2,67
1167,3,140
1167,3,29
1167,4,121
1168,1,130
1168,2,13
1168,2,93
1168,2,140
1168,3,124
1169,1,12
1169,1,104
1169,1,78
1169,2,52
1169,2,139
1169,2,32
1169,2,164
1169,3,32
1170,1,121
1170,2,121
1170,3,121
1170,3,79
1171,1,25
1171,1,175
1171,1,76
1171,1,51
1171,1,6
1171,2,202
1171,3,116
1171,3,189
1172,1,48
1172,2,48
1172,3,57
1172,4,129
1172,4,172
1173,1,181
1173,2,120
1173,3,181
1173,3,113
1173,4,181
1173,4,84
1173,5,95
1173,5,181
1173,6,181
1174,1,199
1174,2,199
1174,2,59
1174,2,4
1174,3,9
1175,1,49
1175,2,73
1175,2,195
1175,3,97
1175,4,195
1176,1,113
1176,1,61
1176,1,4
1176,2,64
1176,3,161
1176,3,64
1177,1,107
1177,2,2
1177,3,13
1177,4,154
1177,5,107
1178,1,113
1178,1,81
1178,2,129
1178,3,161
1178,3,21
1178,3,175
1178,4,123
1179,1,14
1179,2,123
1179,3,93
1179,3,21
1179,3,190
1180,1,116
1180,2,116
1180,3,80
1180,3,150
1180,3,79
1181,1,4
1181,2,4
1181,2,25
1181,2,176
1181,3,145
1181,4,4
1181,4,80
1181,5,4
1181,5,145
1181,6,172
1181,6,4
1182,1,123
1182,2,73
1182,2,123
1182,3,32
1182,3,7
1183,1,103
1183,1,110
1183,2,177
1183,3,44
1184,1,108
1184,2,164
1184,3,108
1185,1,45
1185,1,73
1185,2,95
1185,3,113
1186,1,196
1186,1,83
1186,2,10
1186,3,83
1186,3,105
1186,3,62
1186,3,116
1186,4,114
1186,4,154
1186,4,105
1187,1,108
1187,1,76
1187,1,80
1187,2,123
1187,2,128
1187,3,157
1188,1,105
1188,2,113
1188,2,150
1188,3,202
1188,3,167
1188,3,105
1188,4,34
1189,1,214
1189,2,61
1189,2,156
1189,3,69
1190,1,127
1190,1,97
1190,2,67
1190,3,103
1190,3,102
1190,4,16
1190,5,127
1190,5,67
1190,5,126
1191,1,184
1191,2,33
1191,3,84
1192,1,113
1192,1,150
1192,2,95
1192,2,105
1192,3,76
1192,3,67
1192,4,76
1192,4,133
1193,1,28
1193,1,150
1193,2,150
1193,2,83
1193,3,141
1193,3,106
1194,1,12
1194,2,2
1194,3,168
1194,4,97
1195,1,164
1195,2,164
1195,3,164
1195,4,49
1195,4,128
1195,4,107
1196,1,73
1196,2,95
1196,2,44
1196,2,133
1196,3,165
1196,3,141
1196,4,166
1197,1,38
1197,2,164
1197,3,95
1197,3,156
1197,3,60
1197,3,87
1197,3,164
1197,3,44
1198,1,160
1198,1,192
1198,2,192
1198,2,160
1198,3,160
1198,3,105
1199,1,208
1199,2,166
1199,2,204
1199,3,150
1199,4,105
1200,1,217
1200,1,154
1200,2,107
1200,3,60
1200,4,67
1200,4,52
1200,5,123
1201,1,45
1201,2,45
1201,2,75
1201,2,207
1201,3,190
1202,1,40
1202,2,16
1202,3,211
1202,4,103
1203,1,98
1203,1,76
1203,1,121
1203,2,76
1203,2,157
1203,2,10
1203,2,123
1203,3,121
1204,1,169
1204,2,134
1204,3,113
1205,1,179
1205,2,200
1205,2,134
1205,2,29
1205,3,76
1206,1,69
1206,1,197
1206,2,172
1206,3,113
1206,4,172
1207,1,140
1207,2,45
1207,2,83
1207,2,40
1207,3,126
1207,4,77
1207,4,106
1207,4,27
1208,1,142
1208,1,136
1208,2,136
1208,3,23
1208,4,136
1208,5,23
1208,5,136
1209,1,130
1209,2,78
1209,3,65
1209,3,79
1209,3,95
1210,1,160
1210,1,183
1210,2,21
1210,3,28
1210,3,75
1211,1,15
1211,2,15
1211,3,97
1212,1,67
1212,2,73
1212,3,213
1212,4,4
1213,1,147
1213,1,89
1213,2,12
1213,2,27
1213,3,124
1213,4,67
1213,4,171
1214,1,1
1214,2,96
1214,3,87
1215,1,17
1215,1,69
1215,2,17
1215,2,69
1215,3,69
1216,1,150
1216,1,96
1216,2,11
1216,3,154
1216,3,19
1216,4,19
1217,1,202
1217,2,101
1217,3,67
1217,3,55
1218,1,151
1218,1,192
1218,2,192
1218,2,44
1218,3,192
1218,4,192
1218,5,28
1218,5,205
1218,6,95
1218,6,196
1218,7,151
1218,7,119
1219,1,57
1219,2,161
1219,3,56
1220,1,46
1220,2,143
1220,3,2
1220,3,143
1221,1,95
1221,2,95
1221,3,95
1221,4,154
1221,5,154
1221,6,186
1222,1,45
1222,2,3
1222,3,91
1222,3,45
1223,1,96
1223,2,105
1223,3,70
1224,1,10
1224,2,133
1224,3,121
1225,1,67
1225,1,57
1225,2,57
1225,3,57
1225,4,57
1225,4,36
1226,1,89
1226,1,200
1226,2,204
1226,3,11
1226,4,31
1226,5,31
1226,5,101
1227,1,193
1227,2,82
1227,3,193
1227,3,82
1228,1,74
1228,2,105
1228,2,72
1228,3,141
1228,4,41
1228,4,72
1228,5,72
1229,1,31
1229,1,209
1229,2,209
1229,3,209
1229,4,83
1229,5,31
1230,1,81
1230,2,80
1230,3,161
1231,1,39
1231,2,13
1231,3,39
1232,1,69
1232,1,70
1232,1,158
1232,2,20
1232,2,75
1232,3,69
1232,3,100
1233,1,116
1233,2,90
1233,3,128
1233,3,69
1234,1,106
1234,1,25
1234,2,78
1234,3,28
1234,3,195
1235,1,150
1235,1,3
1235,2,150
1235,3,150
1236,1,146
1236,1,75
1236,1,28
1236,2,106
1236,2,28
1236,2,158
1236,3,175
1236,3,113
1237,1,13
1237,2,134
1237,3,13
1237,3,134
1238,1,143
1238,2,143
1238,2,42
1238,3,24
1238,3,31
1239,1,83
1239,1,21
1239,1,140
1239,1,61
1239,1,44
1239,1,121
1239,2,177
1239,2,44
1239,2,83
1239,2,121
1239,3,124
1240,1,160
1240,1,71
1240,2,20
1240,3,176
1241,1,119
1241,2,192
1241,3,192
1242,1,193
1242,1,17
1242,2,3
1242,2,177
1242,2,66
1242,3,27
1242,3,20
1242,3,213
1243,1,98
1243,2,5
1243,2,76
1243,3,141
1244,1,192
1244,1,42
1244,2,94
1244,3,144
1244,4,4
1244,4,119
1244,5,21
1245,1,161
1245,2,37
1245,3,127
1246,1,123
1246,2,40
1246,2,121
1246,3,40
1247,1,14
1247,2,178
1247,2,95
1247,3,192
1248,1,188
1248,1,67
1248,2,67
1248,3,67
1248,4,67
1249,1,63
1249,2,97
1249,3,163
1250,1,45
1250,2,56
1250,3,160
1250,3,45
1250,3,192
1250,3,171
1250,3,4
1251,1,205
1251,1,160
1251,2,205
1251,2,160
1251,3,131
1252,1,212
1252,1,83
1252,2,212
1252,3,212
1252,3,83
1253,1,4
1253,1,75
1253,2,4
1253,3,44
1253,3,210
1254,1,10
1254,2,53
1254,3,10
1255,1,78
1255,2,180
1255,3,180
1256,1,93
1256,2,48
1256,3,99
1256,3,16
1256,3,4
1257,1,64
1257,2,104
1257,3,64
1258,1,33
1258,1,109
1258,1,27
1258,1,49
1258,2,69
1258,2,67
1258,2,81
1258,3,81
1258,3,67
1258,4,69
1258,5,67
1258,5,81
1258,5,69
1259,1,2
1259,2,64
1259,3,1
1259,4,97
1260,1,147
1260,2,75
1260,2,102
1260,3,58
1260,3,90
1260,3,25
1261,1,104
1261,2,176
1261,2,93
1261,3,160
1261,3,138
1261,3,72
1261,3,174
1262,1,57
1262,2,57
1262,3,203
1263,1,67
1263,2,79
1263,2,76
1263,2,58
1263,3,158
1263,3,113
1263,4,158
1263,4,113
1264,1,58
1264,1,61
1264,2,60
1264,2,61
1264,3,4
1264,3,52
1265,1,53
1265,2,53
1265,2,83
1265,3,83
1265,3,53
1265,3,211
1266,1,142
1266,2,93
1266,3,191
1267,1,76
1267,1,51
1267,1,48
1267,2,77
1267,2,90
1267,3,117
1268,1,43
1268,2,14
1268,3,95
1269,1,83
1269,2,160
1269,3,83
1270,1,69
1270,2,28
1270,2,52
1270,2,67
1270,3,25
1270,3,10
1270,3,106
1271,1,67
1271,2,150
1271,3,67
1272,1,117
1272,2,51
1272,3,48
1273,1,193
1273,1,72
1273,1,168
1273,2,198
1273,2,171
1273,3,82
1273,4,168
1274,1,181
1274,1,208
1274,2,120
1274,3,17
1274,4,155
1274,5,208
1274,5,181
1274,6,181
1274,6,45
1274,6,11
1274,6,100
1275,1,93
1275,2,121
1275,3,171
1275,4,121
1276,1,108
1276,2,2
1276,3,59
1276,3,138
1277,1,123
1277,1,58
1277,1,126
1277,2,68
1277,3,128
1277,4,166
1278,1,15
1278,2,131
1278,3,39
1279,1,37
1279,2,2
1279,3,155
1279,3,3
1279,4,152
1279,5,59
1279,6,37
1279,7,160
1280,1,213
1280,2,13
1280,3,201
1280,3,31
1281,1,135
1281,1,77
1281,2,77
1281,2,135
1281,3,77
1281,3,135
1281,4,77
1282,1,12
1282,1,95
1282,1,197
1282,2,16
1282,3,177
1282,3,150
1283,1,104
1283,1,177
1283,2,211
1283,3,12
1283,4,16
1284,1,157
1284,1,76
1284,2,16
1284,2,177
1284,3,9
1284,4,8
1284,4,39
1284,4,57
1284,5,2
1284,6,39
1285,1,67
1285,2,127
1285,3,205
1286,1,28
1286,1,155
1286,2,6
1286,2,95
1286,3,6
1286,3,152
1286,3,155
1286,3,28
1287,1,150
1287,1,153
1287,2,141
1287,2,76
1287,3,76
1287,4,44
1288,1,70
1288,1,128
1288,2,98
1288,3,98
1288,4,113
1288,4,133
1288,5,186
1288,5,154
1288,6,1
1288,7,125
1288,7,94
1288,7,203
1288,8,154
1288,8,133
1289,1,2
1289,2,10
1289,3,115
1290,1,48
1290,1,113
1290,1,189
1290,2,113
1290,2,48
1290,3,48
1291,1,83
1291,1,67
1291,2,67
1291,3,83
1291,3,67
1291,3,69
1292,1,2
1292,2,76
1292,3,37
1293,1,177
1293,1,104
1293,2,27
1293,3,27
1293,3,83
1293,4,104
1293,4,188
1294,1,153
1294,1,119
1294,2,86
1294,3,72
1294,3,119
1295,1,113
1295,1,141
1295,2,113
1295,2,150
1295,3,155
1295,3,113
1295,4,22
1296,1,147
1296,1,75
1296,2,118
1296,3,123
1297,1,39
1297,2,162
1297,2,50
1297,2,5
1297,2,102
1297,2,22
1297,3,95
1297,3,90
1297,3,102
1297,4,50
1297,4,55
1297,4,51
1298,1,27
1298,1,133
1298,2,21
1298,3,36
1298,3,100
1299,1,206
1299,1,145
1299,2,206
1299,2,63
1299,3,145
1300,1,129
1300,1,120
1300,2,120
1300,3,67
1300,3,44
1300,4,95
1301,1,206
1301,1,38
1301,1,101
1301,2,67
1301,3,33
1301,4,40
1301,5,108
1301,6,27
1301,6,192
1301,6,202
1302,1,9
1302,2,81
1302,2,172
1302,3,103
1302,3,102
1302,3,177
1303,1,121
1303,1,76
1303,2,121
1303,2,50
1303,3,69
1303,4,76
1303,5,10
1303,6,50
1303,6,51
1304,1,83
1304,2,77
1304,3,83
1304,3,36
1304,4,83
1304,5,123
1304,5,69
1304,5,212
1304,5,83
1305,1,197
1305,2,113
1305,3,16
1305,3,11
1305,4,2
1305,5,11
1305,6,154
1305,7,68
1305,8,154
1305,8,11
1305,9,16
1305,10,11
1305,11,11
1306,1,124
1306,2,69
1306,3,39
1307,1,128
1307,2,55
1307,3,151
1307,3,55
1308,1,16
1308,1,98
1308,2,209
1308,3,209
1308,3,199
1308,4,209
1308,4,199
1308,5,192
1308,5,209
1308,6,199
1309,1,16
1309,2,27
1309,3,198
1309,4,27
1310,1,113
1310,1,63
1310,2,63
1310,3,63
1310,3,113
1310,4,28
1310,4,63
1310,5,5
1310,5,113
1311,1,93
1311,2,25
1311,3,172
1311,3,14
1312,1,133
1312,1,162
1312,2,198
1312,3,133
1312,3,162
1312,4,162
1312,4,133
1312,5,162
1312,5,133
1313,1,45
1313,2,73
1313,2,140
1313,3,73
1313,3,45
1314,1,186
1314,2,4
1314,3,186
1314,4,78
1315,1,95
1315,2,12
1315,2,104
1315,3,80
1316,1,100
1316,2,100
1316,2,101
1316,2,187
1316,3,111
1316,4,39
1317,1,50
1317,2,50
1317,3,50
1318,1,101
1318,2,11
1318,3,155
1318,4,11
1318,5,100
1318,5,67
1319,1,193
1319,2,193
1319,2,96
1319,3,193
1319,4,18
1319,5,40
1319,5,18
1320,1,21
1320,1,120
1320,2,160
1320,2,120
1320,3,120
1320,3,113
1320,4,24
1320,4,67
1321,1,128
1321,2,70
1321,3,128
1321,4,160
1321,4,70
1321,5,128
1321,6,70
1321,7,69
1321,8,128
1321,8,70
1321,8,160
1322,1,173
1322,1,58
1322,2,150
1322,2,51
1322,2,73
1322,2,4
1322,3,86
1323,1,168
1323,2,123
1323,3,128
1324,1,141
1324,1,128
1324,1,95
1324,1,93
1324,1,150
1324,1,51
1324,2,1
1324,3,98
1324,4,27
1324,4,214
1325,1,160
1325,2,136
1325,3,160
1325,4,136
1325,5,136
1326,1,192
1326,1,78
1326,2,108
1326,3,61
1326,3,97
1326,3,58
1326,4,80
1327,1,5
1327,1,32
1327,2,197
1327,3,38
1327,4,14
1328,1,23
1328,2,92
1328,3,162
1329,1,20
1329,1,212
1329,2,74
1329,3,195
1329,3,162
1329,4,162
1329,4,195
1329,5,27
1329,6,212
1329,6,162
1329,7,33
1330,1,61
1330,2,64
1330,3,57
1331,1,21
1331,1,77
1331,2,95
1331,3,121
1332,1,56
1332,1,7
1332,2,68
1332,3,130
1333,1,168
1333,2,1
1333,3,193
1333,3,88
1333,3,164
1333,4,51
1333,5,117
1333,6,110
1333,7,1
1333,7,140
1333,7,60
1333,7,94
1333,7,34
1334,1,217
1334,2,16
1334,3,154
1335,1,118
1335,1,155
1335,2,118
1335,3,118
1336,1,130
1336,1,30
1336,1,89
1336,2,98
1336,3,30
1336,3,76
1336,4,93
1337,1,108
1337,2,172
1337,3,172
1337,3,81
1337,3,80
1338,1,192
1338,1,72
1338,2,148
1338,3,150
1339,1,42
1339,1,64
1339,2,139
1339,2,25
1339,3,67
1339,3,42
1339,3,25
1340,1,76
1340,2,30
1340,3,98
1341,1,141
1341,1,48
1341,2,28
1341,3,128
1342,1,164
1342,1,88
1342,2,137
1342,2,164
1342,3,76
1342,4,164
1342,5,95
1342,5,194
1343,1,120
1343,2,177
1343,2,120
1343,3,82
1343,3,177
1343,4,45
1343,4,188
1343,5,120
1344,1,87
1344,2,10
1344,3,155
1344,3,153
1344,3,10
1345,1,55
1345,1,88
1345,2,20
1345,2,55
1345,3,55
1346,1,120
1346,2,124
1346,3,124
1346,4,124
1347,1,67
1347,1,52
1347,1,111
1347,1,113
1347,2,67
1347,2,113
1347,3,111
1348,1,120
1348,2,67
1348,3,120
1349,1,16
1349,2,16
1349,2,58
1349,3,58
1349,4,33
1350,1,4
1350,2,70
1350,2,90
1350,3,112
1350,3,106
1350,4,153
1351,1,76
1351,2,155
1351,2,83
1351,3,76
1352,1,137
1352,1,136
1352,1,148
1352,2,148
1352,2,136
1352,3,165
1352,4,148
1352,4,136
1353,1,48
1353,2,106
1353,3,44
1354,1,205
1354,2,141
1354,2,72
1354,3,113
1354,3,155
1355,1,4
1355,2,2
1355,3,4
1356,1,61
1356,2,182
1356,2,185
1356,2,208
1356,3,93
1356,4,54
1356,4,195
1356,5,91
1356,5,190
1356,6,61
1356,7,83
1356,7,153
1356,7,195
1356,8,91
1357,1,61
1357,1,125
1357,1,105
1357,1,128
1357,2,2
1357,2,61
1357,3,70
1357,4,2
1357,5,125
1357,5,83
1357,5,150
1357,5,61
1357,5,48
1357,5,128
1358,1,67
1358,2,15
1358,3,105
1359,1,209
1359,2,145
1359,2,6
1359,3,12
1360,1,69
1360,2,76
1360,3,182
1361,1,34
1361,2,40
1361,3,44
1361,4,98
1362,1,160
1362,2,83
1362,2,54
1362,3,9
1363,1,128
1363,1,98
1363,1,95
1363,2,44
1363,2,98
1363,2,2
1363,3,90
1363,3,116
1364,1,30
1364,1,171
1364,1,205
1364,2,209
1364,3,209
1364,3,112
1364,3,85
1364,3,119
1364,3,201
1365,1,21
1365,2,107
1365,3,40
1366,1,16
1366,1,46
1366,2,113
1366,2,16
1366,3,16
1366,3,83
1366,3,79
1367,1,120
1367,1,28
1367,2,69
1367,2,197
1367,3,57
1368,1,121
1368,2,162
1368,3,64
1369,1,192
1369,2,119
1369,3,101
1369,3,192
1370,1,155
1370,2,80
1370,3,162
1370,3,114
1370,3,117
1371,1,95
1371,1,117
1371,1,107
1371,2,95
1371,3,71
1371,3,49
1372,1,44
1372,2,71
1372,2,4
1372,3,57
1372,4,106
1373,1,209
1373,2,119
1373,3,209
1373,4,34
1373,5,44
1373,6,98
1373,7,52
1374,1,113
1374,2,126
1374,2,75
1374,3,58
1374,4,12
1375,1,200
1375,2,148
1375,3,69
1376,1,194
1376,2,209
1376,3,21
1377,1,44
1377,2,76
1377,2,133
1377,2,121
1377,3,15
1378,1,12
1378,1,96
1378,1,1
1378,2,79
1378,2,45
1378,3,140
1378,4,17
1378,4,54
1378,4,78
1378,5,87
1379,1,95
1379,1,192
1379,2,72
1379,3,202
1380,1,81
1380,2,10
1380,2,130
1380,3,36
1381,1,37
1381,2,83
1381,3,152
1381,4,83
1381,5,123
1381,6,37
1382,1,113
1382,1,185
1382,2,128
1382,2,185
1382,2,113
1382,3,182
1382,3,72
1383,1,67
1383,2,67
1383,2,52
1383,3,20
1384,1,70
1384,2,125
1384,3,102
1384,3,93
1384,3,66
1385,1,156
1385,2,58
1385,3,167
1386,1,75
1386,2,78
1386,2,46
1386,2,75
1386,2,58
1386,3,158
1386,4,38
1386,4,158
1387,1,124
1387,2,47
1387,3,156
1387,3,58
1387,4,4
1388,1,121
1388,2,121
1388,3,67
1388,4,67
1388,5,113
1388,5,121
1389,1,177
1389,1,58
1389,1,61
1389,1,133
1389,1,83
1389,2,73
1389,2,61
1389,3,133
1390,1,113
1390,2,113
1390,2,59
1390,3,9
1390,4,154
1390,4,59
1390,4,123
1390,5,95
1390,5,59
1391,1,76
1391,2,29
1391,3,99
1391,4,119
1392,1,37
1392,2,195
1392,3,37
1393,1,5
1393,2,98
1393,3,44
1394,1,124
1394,1,136
1394,2,136
1394,3,113
1394,4,194
1394,5,38
1394,6,34
1395,1,86
1395,1,175
1395,1,73
1395,2,175
1395,3,44
1396,1,53
1396,2,83
1396,2,52
1396,3,83
1396,3,126
1397,1,113
1397,2,65
1397,3,113
1398,1,51
1398,2,128
1398,3,150
1399,1,141
1399,1,37
1399,1,50
1399,2,28
1399,3,28
1399,3,93
1399,3,67
1399,4,150
1399,4,123
1399,4,50
1399,5,87
1399,5,28
1399,6,91
1399,7,116
1399,7,22
1399,7,150
1400,1,116
1400,2,162
1400,3,162
1400,3,116
1400,4,116
1400,4,162
1401,1,76
1401,1,79
1401,1,80
1401,2,214
1401,3,105
1402,1,14
1402,2,31
1402,3,166
1403,1,168
1403,2,95
1403,3,5
1403,3,2
1404,1,130
1404,1,95
1404,2,93
1404,2,36
1404,2,208
1404,2,121
1404,3,109
1404,3,36
1405,1,31
1405,2,123
1405,2,83
1405,3,95
1405,4,123
1406,1,94
1406,2,80
1406,3,188
1406,4,36
1407,1,112
1407,2,155
1407,3,131
1407,3,70
1407,4,125
1408,1,100
1408,2,100
1408,3,100
1409,1,117
1409,1,4
1409,1,116
1409,2,75
1409,2,87
1409,3,4
1410,1,69
1410,2,209
1410,3,11
1410,4,70
1410,4,11
1411,1,13
1411,1,125
1411,2,216
1411,3,216
1411,4,203
1412,1,89
1412,2,89
1412,3,124
1412,4,83
1412,4,89
1413,1,120
1413,2,44
1413,3,120
1413,3,15
1414,1,44
1414,1,83
1414,2,182
1414,2,113
1414,3,123
1414,4,44
1414,5,123
1415,1,67
1415,2,105
1415,3,4
1415,4,111
1415,5,105
1416,1,66
1416,2,66
1416,3,170
1417,1,61
1417,2,76
1417,3,1
1417,3,42
1417,3,80
1417,4,70
1417,5,1
1417,6,39
1417,6,113
1417,6,107
1417,7,39
1417,8,88
1417,8,107
1417,9,78
1418,1,205
1418,2,202
1418,2,155
1418,3,73
1418,3,202
1418,3,113
1419,1,100
1419,2,123
1419,3,123
1420,1,40
1420,1,212
1420,2,33
1420,3,33
1420,4,212
1421,1,133
1421,1,42
1421,2,42
1421,3,133
1422,1,121
1422,1,160
1422,2,191
1422,3,40
1422,3,133
1423,1,13
1423,2,197
1423,3,130
1423,3,86
1424,1,120
1424,1,81
1424,1,77
1424,1,58
1424,2,124
1424,2,67
1424,2,81
1424,2,20
1424,2,125
1424,2,9
1424,3,20
1425,1,20
1425,2,133
1425,3,20
1426,1,37
1426,2,191
1426,3,37
1426,4,203
1427,1,185
1427,2,10
1427,3,117
1427,3,76
1427,4,10
1427,5,117
1428,1,90
1428,2,10
1428,3,141
1428,3,98
1428,3,128
1429,1,58
1429,1,103
1429,2,67
1429,3,76
1429,3,132
1429,4,58
1429,4,44
1429,4,37
1430,1,50
1430,1,175
1430,2,80
1430,2,79
1430,3,44
1431,1,51
1431,2,50
1431,2,35
1431,2,153
1431,3,21
1432,1,133
1432,1,22
1432,1,162
1432,2,34
1432,2,162
1432,2,17
1432,2,121
1432,3,121
1432,3,34
1432,3,131
1432,4,121
1432,5,121
1432,5,162
1433,1,27
1433,1,67
1433,2,121
1433,3,95
1433,3,79
1434,1,95
1434,2,73
1434,3,15
1435,1,74
1435,2,156
1435,2,74
1435,2,61
1435,2,113
1435,3,58
1435,3,185
1435,3,61
1436,1,21
1436,1,83
1436,1,93
1436,1,50
1436,2,192
1436,2,113
1436,3,51
1436,3,100
1436,4,93
1436,4,21
1437,1,88
1437,2,120
1437,3,120
1437,4,120
1437,4,88
1438,1,72
1438,2,160
1438,3,83
1438,4,164
1439,1,111
1439,2,58
1439,3,38
1440,1,68
1440,1,120
1440,2,211
1440,3,58
1441,1,67
1441,2,113
1441,2,4
1441,3,67
1441,3,15
1441,3,57
1442,1,107
1442,1,21
1442,1,28
1442,2,93
1442,3,103
1442,4,142
1442,4,28
1442,5,24
1443,1,122
1443,2,164
1443,2,147
1443,3,129
1443,3,104
1444,1,39
1444,1,131
1444,2,50
1444,2,4
1444,3,4
1444,3,107
1444,4,80
1444,5,4
1445,1,149
1445,1,83
1445,2,16
1445,3,73
1445,4,149
1446,1,69
1446,2,69
1446,3,69
1447,1,136
1447,1,87
1447,2,38
1447,3,70
1447,4,87
1447,5,136
1447,6,38
1448,1,110
1448,1,205
1448,1,22
1448,2,40
1448,2,62
1448,3,8
1448,3,166
1448,3,13
1448,4,205
1448,5,8
1448,6,59
1449,1,115
1449,1,105
1449,1,154
1449,1,99
1449,2,116
1449,2,115
1449,3,115
1449,3,116
1449,3,105
1449,3,10
1449,3,114
1450,1,139
1450,1,12
1450,1,16
1450,2,171
1450,3,12
1450,3,19
1450,3,139
1450,4,171
1451,1,197
1451,2,62
1451,3,20
1451,3,67
1452,1,106
1452,1,155
1452,2,155
1452,3,67
1452,3,106
1452,4,97
1452,4,106
1452,4,155
1452,5,37
1453,1,168
1453,2,179
1453,3,180
1453,4,214
1453,5,125
1454,1,122
1454,2,103
1454,3,31
1454,4,82
1455,1,137
1455,2,148
1455,3,69
1455,4,136
1455,4,48
1455,4,205
1455,4,141
1456,1,81
1456,2,108
1456,3,81
1457,1,139
1457,1,20
1457,2,142
1457,2,68
1457,3,142
1457,3,162
1457,4,20
1457,5,33
1457,5,139
1458,1,28
1458,2,16
1458,3,2
1459,1,97
1459,2,156
1459,2,102
1459,3,97
1460,1,127
1460,1,59
1460,2,113
1460,2,55
1460,3,113
1460,3,25
1461,1,44
1461,2,60
1461,3,97
1462,1,101
1462,1,142
1462,2,166
1462,3,122
1462,3,136
1463,1,76
1463,2,85
1463,3,4
1463,3,70
1463,4,156
1463,5,39
1464,1,190
1464,2,163
1464,3,163
1464,4,168
1464,5,97
1465,1,121
1465,1,2
1465,2,150
1465,2,113
1465,3,51
1465,3,58
1465,3,57
1465,4,123
1466,1,139
1466,1,173
1466,2,49
1466,3,173
1466,3,154
1466,3,58
1466,4,31
1466,4,58
1466,4,47
1466,4,33
1466,4,49
1467,1,128
1467,2,150
1467,2,98
1467,2,4
1467,3,4
1467,4,150
1467,5,69
1468,1,193
1468,2,127
1468,3,12
1469,1,189
1469,1,50
1469,2,2
1469,3,189
1469,3,50
1470,1,44
1470,1,155
1470,2,40
1470,2,155
1470,3,98
1470,4,155
1470,5,155
1471,1,152
1471,2,40
1471,3,40
1472,1,12
1472,2,7
1472,3,72
1472,3,7
1472,4,9
1472,4,138
1473,1,77
1473,1,75
1473,2,128
1473,2,90
1473,3,207
1473,3,158
1474,1,100
1474,1,53
1474,2,15
1474,3,7
1474,4,69
1475,1,48
1475,1,88
1475,1,150
1475,2,48
1475,2,92
1475,3,150
1475,4,150
1476,1,125
1476,2,122
1476,3,11
1477,1,42
1477,1,189
1477,2,120
1477,3,97
1478,1,190
1478,2,67
1478,3,203
1478,3,155
1479,1,27
1479,2,64
1479,3,162
1480,1,155
1480,1,67
1480,2,67
1480,2,155
1480,3,80
1481,1,113
1481,2,145
1481,3,87
1482,1,22
1482,1,192
1482,1,20
1482,2,181
1482,3,85
1482,4,80
1482,5,81
1482,6,210
1483,1,6
1483,1,106
1483,2,6
1483,3,28
1483,4,106
1483,4,6
1483,5,6
1483,6,28
1483,6,6
1483,7,21
1483,7,106
1483,7,6
1484,1,159
1484,2,64
1484,3,160
1485,1,35
1485,2,150
1485,3,177
1485,4,125
1486,1,65
1486,2,153
1486,2,199
1486,3,131
1487,1,126
1487,2,205
1487,3,83
1487,3,157
1487,4,123
1488,1,114
1488,1,92
1488,2,80
1488,3,111
1489,1,69
1489,2,69
1489,3,34
1489,4,186
1489,4,151
1489,5,131
1489,6,69
1489,7,36
1490,1,4
1490,2,56
1490,3,73
1491,1,160
1491,2,28
1491,2,37
1491,3,37
1491,4,4
1491,5,152
1491,6,28
1491,6,37
1491,7,15
1491,7,35
1492,1,104
1492,2,104
1492,2,20
1492,3,20
1492,4,64
1492,5,20
1492,6,20
1492,6,104
1493,1,10
1493,2,153
1493,2,67
1493,3,83
1493,4,120
1493,4,51
1493,4,95
1494,1,109
1494,1,79
1494,2,79
1494,3,9
1495,1,30
1495,2,73
1495,3,27
1496,1,128
1496,2,3
1496,2,186
1496,3,201
1496,3,66
1497,1,155
1497,2,99
1497,3,155
1497,3,99
1497,4,155
1497,4,99
1497,4,3
1497,5,155
1497,5,77
1497,6,21
1497,6,155
1498,1,156
1498,1,39
1498,1,146
1498,1,210
1498,2,123
1498,3,44
1498,4,63
1498,4,103
1499,1,150
1499,1,83
1499,2,150
1499,2,36
1499,2,2
1499,2,160
1499,3,97
1499,4,83
1499,5,98
1500,1,7
1500,2,7
1500,3,7
1501,1,63
1501,1,83
1501,2,127
1501,3,145
1501,3,83
1501,4,63
1501,4,113
1502,1,153
1502,1,141
1502,2,70
1502,3,153
1502,3,150
1502,4,153
1502,4,150
1502,5,128
1502,5,150
1502,5,103
1503,1,154
1503,2,21
1503,3,55
1503,4,160
1503,4,71
1503,5,71
1504,1,63
1504,1,100
1504,2,213
1504,3,68
1505,1,22
1505,2,192
1505,3,22
1505,4,192
1506,1,34
1506,2,151
1506,2,208
1506,2,23
1506,3,23
1507,1,4
1507,1,115
1507,2,137
1507,3,29
1507,3,121
1508,1,113
1508,2,44
1508,3,166
1508,4,12
1508,4,72
1509,1,161
1509,1,141
1509,2,161
1509,2,141
1509,3,77
1510,1,46
1510,2,140
1510,3,32
1511,1,51
1511,2,51
1511,2,113
1511,3,121
1511,3,95
1511,4,67
1511,5,63
1511,5,76
1511,6,131
1512,1,69
1512,2,133
1512,3,98
1513,1,15
1513,1,71
1513,1,106
1513,2,202
1513,2,21
1513,3,57
1513,4,75
1514,1,38
1514,2,38
1514,3,18
1514,3,174
1515,1,34
1515,1,216
1515,2,4
1515,3,93
1515,4,216
1516,1,33
1516,2,27
1516,2,189
1516,2,33
1516,3,62
1517,1,196
1517,2,55
1517,3,205
1517,3,55
1517,3,32
1518,1,211
1518,2,51
1518,2,113
1518,3,211
1518,3,38
1519,1,49
1519,1,22
1519,2,22
1519,3,121
1520,1,121
1520,1,16
1520,2,96
1520,3,4
1520,3,121
1520,3,96
1521,1,24
1521,1,186
1521,2,28
1521,3,132
1522,1,25
1522,2,25
1522,3,4
1522,3,25
1523,1,113
1523,1,40
1523,2,32
1523,2,183
1523,3,154
1524,1,166
1524,1,137
1524,1,165
1524,2,128
1524,3,117
1524,3,160
1525,1,1
1525,2,120
1525,3,42
1526,1,29
1526,1,192
1526,1,135
1526,2,135
1526,3,135
1526,3,113
1526,4,135
1526,5,135
1527,1,29
1527,2,29
1527,3,110
1527,4,29
1528,1,21
1528,2,60
1528,2,102
1528,3,156
1528,4,156
1529,1,34
1529,2,87
1529,3,54
1529,4,97
1529,4,98
1529,4,76
1530,1,133
1530,2,133
1530,2,43
1530,3,133
1531,1,169
1531,2,4
1531,3,64
1531,4,4
1531,5,4
1531,5,107
1532,1,2
1532,2,193
1532,3,40
1533,1,152
1533,2,63
1533,2,106
1533,2,89
1533,3,63
1534,1,58
1534,2,61
1534,3,58
1534,3,61
1535,1,152
1535,2,123
1535,3,61
1535,3,121
1536,1,104
1536,1,110
1536,2,161
1536,3,63
1537,1,55
1537,1,14
1537,2,197
1537,3,166
1537,3,183
1537,3,100
1538,1,94
1538,1,93
1538,2,148
1538,3,11
1539,1,41
1539,2,41
1539,3,43
1539,3,41
1540,1,93
1540,2,191
1540,3,135
1541,1,199
1541,2,7
1541,2,1
1541,3,17
1541,4,194
1542,1,20
1542,1,188
1542,1,32
1542,1,12
1542,2,162
1542,2,12
1542,3,162
1543,1,131
1543,2,127
1543,2,67
1543,3,131
1543,4,28
1543,4,67
1543,5,67
1544,1,29
1544,2,29
1544,3,29
1545,1,181
1545,1,95
1545,2,181
1545,3,25
1545,3,24
1545,4,94
1545,5,44
1545,6,76
1545,6,181
1546,1,83
1546,1,104
1546,2,104
1546,3,138
1547,1,195
1547,2,55
1547,3,98
1548,1,122
1548,2,44
1548,3,44
1548,4,3
1548,5,108
1549,1,4
1549,2,63
1549,2,54
1549,3,63
1550,1,182
1550,1,192
1550,2,5
1550,2,136
1550,2,90
1550,3,128
1550,4,192
1550,4,83
1550,4,5
1550,5,5
1550,5,69
1550,6,5
1550,6,113
1551,1,10
1551,2,10
1551,3,89
1551,3,10
1551,4,10
1551,4,102
1551,5,10
1551,6,10
1552,1,63
1552,2,95
1552,2,63
1552,2,130
1552,3,98
1552,3,63
1552,3,130
1552,4,13
1552,5,63
1552,6,13
1552,7,13
1552,7,151
1552,7,63
1552,8,10
1552,8,63
1552,8,130
1553,1,172
1553,1,107
1553,2,133
1553,2,149
1553,2,96
1553,3,172
1553,3,84
1553,3,193
1553,3,107
1554,1,151
1554,2,76
1554,3,73
1554,3,23
1555,1,39
1555,1,2
1555,1,134
1555,2,134
1555,3,154
1555,3,155
1555,3,67
1555,4,197
1555,4,134
1556,1,128
1556,2,90
1556,2,7
1556,3,7
1557,1,76
1557,2,114
1557,3,202
1557,3,30
1557,4,114
1558,1,10
1558,2,119
1558,3,10
1559,1,168
1559,2,83
1559,3,123
1560,1,78
1560,2,100
1560,3,51
1560,4,43
1561,1,142
1561,2,49
1561,3,189
1562,1,3
1562,2,54
1562,2,152
1562,3,114
1563,1,70
1563,2,29
1563,3,29
1564,1,62
1564,2,167
1564,3,166
1565,1,176
1565,2,34
1565,3,212
1565,4,176
1566,1,148
1566,2,21
1566,3,121
1566,4,72
1566,4,160
1566,4,77
1567,1,27
1567,2,83
1567,2,163
1567,2,63
1567,3,73
1567,3,35
1567,4,106
1567,4,199
1567,5,76
1567,6,190
1568,1,141
1568,1,128
1568,2,128
1568,3,83
1568,3,128
1568,3,155
1568,4,69
1568,5,128
1568,6,128
1568,6,28
1568,6,150
1568,7,128
1568,8,71
1568,9,115
1568,9,128
1568,9,20
1569,1,12
1569,2,12
1569,3,138
1569,3,110
1569,3,31
1570,1,64
1570,1,2
1570,2,64
1570,2,104
1570,2,97
1570,3,64
1570,3,104
1571,1,98
1571,2,158
1571,2,76
1571,3,99
1572,1,10
1572,1,20
1572,1,121
1572,2,121
1572,3,56
1573,1,113
1573,1,2
1573,2,58
1573,3,182
1573,3,10
1573,4,113
1574,1,70
1574,2,90
1574,3,203
1575,1,21
1575,2,160
1575,3,20
1575,4,36
1575,5,20
1575,5,36
1576,1,82
1576,1,91
1576,1,21
1576,1,83
1576,2,82
1576,2,72
1576,3,160
1576,3,82
1576,4,82
1577,1,89
1577,2,73
1577,3,190
1577,4,163
1578,1,30
1578,2,162
1578,3,96
1578,3,216
1578,3,109
1579,1,143
1579,2,134
1579,3,143
1579,4,99
1579,4,143
1579,5,76
1579,5,143
1579,5,27
1580,1,176
1580,2,67
1580,2,206
1580,3,176
1581,1,197
1581,1,90
1581,2,75
1581,3,158
1581,4,128
1581,4,85
1582,1,98
1582,2,148
1582,3,115
1582,3,114
1582,3,83
1583,1,4
1583,1,146
1583,2,67
1583,2,83
1583,3,140
1583,4,171
1584,1,159
1584,2,159
1584,3,160
1585,1,89
1585,2,113
1585,2,55
1585,3,69
1586,1,38
1586,2,128
1586,3,32
1586,3,213
1587,1,89
1587,2,123
1587,3,127
1588,1,78
1588,2,114
1588,3,214
1588,4,78
1589,1,129
1589,2,121
1589,3,121
1589,4,174
1589,4,106
1590,1,2
1590,2,2
1590,3,74
1590,3,2
1591,1,4
1591,1,15
1591,1,175
1591,2,150
1591,3,150
1592,1,126
1592,2,51
1592,3,95
1593,1,211
1593,2,148
1593,2,164
1593,3,164
1594,1,75
1594,2,14
1594,3,193
1595,1,133
1595,1,50
1595,1,12
1595,2,88
1595,2,195
1595,2,133
1595,3,30
1595,4,133
1595,4,88
1596,1,97
1596,2,61
1596,3,107
1596,3,40
1597,1,66
1597,2,66
1597,2,27
1597,3,66
1598,1,88
1598,2,38
1598,3,121
1598,3,88
1599,1,78
1599,1,91
1599,2,44
1599,3,44
1599,4,99
1599,5,1
1599,5,44
1599,5,5
1600,1,168
1600,2,97
1600,3,39
1601,1,198
1601,2,162
1601,2,138
1601,3,169
1602,1,111
1602,2,117
1602,3,4
1602,3,156
1603,1,136
1603,2,36
1603,3,36
1603,3,166
1603,3,136
1604,1,102
1604,2,150
1604,3,76
1604,4,102
1605,1,39
1605,2,61
1605,3,39
1606,1,139
1606,1,83
1606,2,123
1606,3,153
1607,1,87
1607,2,23
1607,2,97
1607,2,95
1607,3,144
1607,4,153
1607,4,113
1607,4,123
1608,1,45
1608,2,136
1608,2,148
1608,3,31
1609,1,20
1609,2,4
1609,2,164
1609,3,42
1609,4,73
1609,4,16
1609,4,164
1609,5,12
1609,6,64
1609,6,27
1610,1,83
1610,2,71
1610,3,88
1611,1,205
1611,2,205
1611,2,161
1611,3,39
1611,3,69
1612,1,85
1612,2,1
1612,3,150
1612,3,150
1612,4,150
1612,5,150
1612,6,134
1613,1,69
1613,2,16
1613,3,150
1614,1,44
1614,1,22
1614,2,208
1614,3,208
1615,1,32
1615,1,217
1615,2,121
1615,3,109
1615,4,21
1615,5,190
1615,5,110
1615,6,121
1615,7,47
1615,8,198
1615,9,217
1616,1,12
1616,1,2
1616,2,4
1616,2,31
1616,2,89
1616,3,89
1617,1,51
1617,2,113
1617,3,51
1617,4,51
1618,1,155
1618,1,95
1618,2,214
1618,3,95
1618,3,155
1618,4,155
1618,5,95
1618,5,155
1619,1,69
1619,1,15
1619,2,87
1619,2,145
1619,3,145
1619,3,4
1619,3,87
1619,4,151
1620,1,93
1620,2,4
1620,3,48
1621,1,4
1621,2,22
1621,3,1
1621,4,179
1621,5,173
1622,1,25
1622,1,6
1622,2,103
1622,3,63
1622,3,163
1622,3,146
1622,3,75
1623,1,48
1623,2,95
1623,3,124
1624,1,16
1624,2,123
1624,3,126
1624,4,194
1624,5,151
1625,1,126
1625,2,156
1625,3,149
1625,3,113
1626,1,95
1626,1,120
1626,1,18
1626,1,73
1626,2,67
1626,2,125
1626,3,95
1627,1,21
1627,2,2
1627,3,65
1627,4,2
1628,1,67
1628,1,63
1628,2,67
1628,2,67
1628,3,125
1628,3,101
1629,1,111
1629,1,154
1629,1,36
1629,2,121
1629,3,121
1630,1,16
1630,1,98
1630,1,123
1630,2,95
1630,2,123
1630,3,36
1630,3,99
1631,1,2
1631,1,23
1631,2,168
1631,2,89
1631,2,63
1631,2,58
1631,3,23
1631,3,2
1631,3,113
1632,1,93
1632,2,57
1632,3,77
1632,4,10
1633,1,76
1633,1,53
1633,2,53
1633,3,53
1634,1,217
1634,2,64
1634,3,174
1635,1,216
1635,1,207
1635,2,121
1635,3,207
1635,3,216
1636,1,69
1636,1,40
1636,2,83
1636,3,4
1637,1,27
1637,2,176
1637,2,169
1637,3,169
1637,3,176
1638,1,83
1638,2,160
1638,2,81
1638,3,106
1638,3,67
1638,4,81
1638,4,83
1638,5,150
1638,5,83
1639,1,44
1639,2,98
1639,2,93
1639,3,65
1639,4,208
1640,1,120
1640,2,67
1640,3,160
1641,1,197
1641,2,89
1641,3,61
1641,3,89
1641,3,45
1641,4,101
1641,4,89
1642,1,123
1642,2,140
1642,2,62
1642,3,144
1642,3,99
1642,4,71
1642,4,23
1642,4,95
1642,4,181
1643,1,47
1643,2,143
1643,3,60
1643,3,160
1643,3,47
1644,1,95
1644,1,13
1644,2,193
1644,3,193
1645,1,150
1645,2,1
1645,2,45
1645,3,58
1645,3,1
1646,1,12
1646,1,64
1646,2,104
1646,2,19
1646,3,104
1646,3,95
1646,4,95
1646,4,104
1647,1,67
1647,2,124
1647,3,133
1648,1,128
1648,2,113
1648,2,87
1648,2,38
1648,2,77
1648,2,130
1648,2,89
1648,3,70
1649,1,133
1649,1,73
1649,1,160
1649,2,85
1649,3,108
1649,3,160
1649,3,79
1650,1,43
1650,1,87
1650,2,119
1650,3,162
1651,1,160
1651,2,83
1651,2,6
1651,3,93
1652,1,27
1652,2,127
1652,3,186
1653,1,141
1653,1,16
1653,2,128
1653,3,128
1654,1,166
1654,2,95
1654,3,181
1655,1,162
1655,2,162
1655,2,27
1655,3,27
1655,3,162
1655,4,162
1655,4,27
1655,5,162
1655,5,27
1655,6,27
1655,6,162
1655,7,27
1655,8,27
1655,8,162
1655,9,78
1655,9,162
1655,9,27
1656,1,130
1656,2,128
1656,2,113
1656,2,155
1656,3,130
1657,1,136
1657,2,164
1657,3,87
1657,3,164
1657,4,176
1658,1,53
1658,1,164
1658,1,87
1658,2,87
1658,2,53
1658,2,144
1658,3,37
1658,4,6
1658,4,146
1659,1,120
1659,2,67
1659,3,155
1659,3,76
1659,3,67
1659,4,10
1660,1,11
1660,2,14
1660,2,104
1660,2,78
1660,3,20
1660,3,104
1660,3,11
1661,1,175
1661,1,34
1661,1,37
1661,2,175
1661,3,184
1662,1,133
1662,2,108
1662,2,28
1662,3,108
1663,1,22
1663,2,66
1663,3,4
1664,1,212
1664,2,32
1664,3,93
1665,1,125
1665,2,4
1665,3,77
1665,4,77
1666,1,23
1666,1,99
1666,2,58
1666,3,23
1667,1,84
1667,1,209
1667,2,14
1667,3,70
1667,3,14
1667,4,177
1667,5,12
1668,1,118
1668,2,141
1668,3,97
1668,4,155
1669,1,3
1669,2,150
1669,3,30
1669,3,3
1669,3,82
1669,4,99
1669,4,106
1669,5,82
1669,6,30
1669,6,197
1669,7,4
1669,7,82
1670,1,141
1670,2,106
1670,2,115
1670,3,133
1671,1,4
1671,1,54
1671,2,22
1671,3,67
1672,1,113
1672,2,67
1672,3,113
1672,3,89
1672,4,126
1672,5,176
1673,1,186
1673,2,6
1673,2,160
1673,3,162
1673,4,83
1673,4,66
1674,1,216
1674,1,31
1674,2,21
1674,3,154
1674,4,171
1674,4,132
1675,1,48
1675,1,4
1675,1,141
1675,1,83
1675,2,124
1675,3,168
1676,1,123
1676,2,48
1676,2,154
1676,3,51
1676,3,123
1676,3,57
1677,1,160
1677,2,66
1677,3,82
1678,1,5
1678,1,126
1678,2,63
1678,2,97
1678,2,164
1678,3,88
1678,3,89
1678,4,5
1678,4,170
1679,1,59
1679,2,21
1679,2,18
1679,2,113
1679,3,201
1679,3,206
1679,4,73
1680,1,172
1680,1,156
1680,1,112
1680,1,153
1680,2,153
1680,2,156
1680,2,80
1680,2,95
1680,2,79
1680,3,153
1680,3,156
1680,3,25
1680,4,156
1680,4,102
1680,5,112
1680,6,27
1680,6,174
1680,6,162
1680,6,153
1680,6,112
1681,1,83
1681,1,212
1681,2,79
1681,2,73
1681,3,212
1682,1,22
1682,2,20
1682,2,33
1682,2,155
1682,2,67
1682,3,40
1682,3,83
1682,3,35
1682,4,199
1682,5,106
1682,6,177
1682,7,33
1683,1,150
1683,1,97
1683,1,76
1683,1,121
1683,2,25
1683,3,34
1684,1,133
1684,2,121
1684,2,98
1684,3,40
1684,3,121
1684,4,121
1685,1,129
1685,1,36
1685,2,36
1685,2,129
1685,3,129
1685,3,177
1685,3,36
1686,1,83
1686,2,83
1686,2,121
1686,3,128
1686,4,129
1687,1,98
1687,1,209
1687,2,29
1687,2,17
1687,3,174
1687,3,162
1688,1,186
1688,1,95
1688,1,26
1688,2,186
1688,3,186
1688,3,95
1688,3,26
1688,4,154
1688,4,186
1688,4,26
1689,1,69
1689,2,69
1689,3,190
1689,4,69
1689,5,121
1689,6,97
1690,1,168
1690,2,63
1690,2,58
1690,3,160
1690,3,63
1690,4,168
1691,1,3
1691,2,47
1691,2,46
1691,2,110
1691,3,175
1692,1,58
1692,1,102
1692,2,141
1692,2,58
1692,2,50
1692,3,37
1693,1,67
1693,2,69
1693,3,67
1693,4,67
1693,5,95
1693,6,58
1693,6,61
1694,1,95
1694,2,95
1694,2,4
1694,3,4
1695,1,113
1695,2,98
1695,2,113
1695,3,160
1695,3,213
1695,4,2
1696,1,44
1696,2,216
1696,3,41
1697,1,7
1697,1,96
1697,2,7
1697,3,7
1698,1,213
1698,2,57
1698,3,123
1699,1,30
1699,2,88
1699,3,138
1699,3,7
1700,1,25
1700,2,78
1700,2,67
1700,3,137
1701,1,155
1701,2,69
1701,3,28
1701,4,113
1701,5,82
1702,1,71
1702,1,34
1702,2,98
1702,3,71
1702,3,40
1703,1,95
1703,2,180
1703,3,15
1703,4,137
1703,5,76
1703,5,201
1704,1,119
1704,2,199
1704,2,206
1704,3,121
1704,4,123
1704,5,166
1705,1,19
1705,1,12
1705,2,58
1705,3,41
1706,1,132
1706,1,130
1706,2,130
1706,2,132
1706,3,130
1707,1,129
1707,1,133
1707,1,129
1707,2,96
1707,2,106
1707,2,1
1707,2,42
1707,2,133
1707,2,107
1707,2,194
1707,3,133
1707,4,106
1707,4,133
1708,1,168
1708,1,40
1708,1,118
1708,1,192
1708,2,40
1708,3,199
1708,3,151
1709,1,136
1709,1,150
1709,2,150
1709,3,101
1709,3,141
1710,1,121
1710,1,160
1710,2,160
1710,2,121
1710,3,61
1710,4,121
1710,4,160
1710,5,160
1710,5,121
1711,1,94
1711,1,105
1711,2,94
1711,3,76
1711,4,21
1712,1,128
1712,1,81
1712,1,4
1712,1,29
1712,2,80
1712,3,103
1713,1,112
1713,2,141
1713,2,25
1713,3,2
1713,3,141
1713,4,28
1713,4,141
1713,5,162
1714,1,27
1714,2,27
1714,3,168
1714,4,121
1714,4,4
1714,5,168
1714,5,39
1715,1,36
1715,2,189
1715,2,95
1715,3,186
1715,4,76
1715,4,186
1715,5,186
1715,6,133
1715,7,186
1716,1,185
1716,2,67
1716,2,4
1716,3,52
1716,4,52
1717,1,157
1717,2,157
1717,2,4
1717,3,84
1718,1,126
1718,2,54
1718,2,7
1718,2,83
1718,2,97
1718,3,113
1718,3,85
1718,3,170
1718,3,7
1718,4,140
1718,4,47
1719,1,31
1719,2,31
1719,2,21
1719,3,66
1720,1,96
1720,2,96
1720,3,42
1720,3,214
1720,4,96
1721,1,83
1721,2,35
1721,3,103
1721,3,121
1721,4,95
1721,5,44
1722,1,87
1722,1,194
1722,2,54
1722,3,87
1722,4,194
1722,5,145
1723,1,119
1723,2,73
1723,3,3
1723,4,113
1724,1,141
1724,2,37
1724,3,141
1724,4,141
1724,4,83
1724,5,141
1725,1,53
1725,2,53
1725,3,10
1725,3,40
1726,1,141
1726,2,21
1726,3,211
1726,4,2
1726,4,150
1727,1,162
1727,1,175
1727,2,156
1727,2,209
1727,3,175
1727,3,88
1727,4,162
1727,4,175
1728,1,91
1728,1,110
1728,1,51
1728,2,42
1728,2,51
1728,3,209
1728,4,117
1729,1,60
1729,1,13
1729,1,4
1729,1,102
1729,2,98
1729,3,74
1729,3,8
1729,3,5
1730,1,60
1730,1,58
1730,1,65
1730,2,147
1730,3,168
1731,1,39
1731,2,73
1731,2,205
1731,3,61
1731,3,73
1731,3,69
1731,3,73
1731,3,214
1731,4,73
1731,5,61
1731,5,113
1732,1,95
1732,2,35
1732,3,132
1733,1,38
1733,2,21
1733,3,121
1733,3,178
1734,1,89
1734,2,160
1734,2,202
1734,2,69
1734,3,24
1735,1,121
1735,2,84
1735,2,157
1735,3,102
1736,1,91
1736,2,91
1736,3,106
1737,1,58
1737,1,44
1737,1,175
1737,2,24
1737,2,146
1737,3,44
1737,3,48
1737,4,52
1737,4,58
1738,1,17
1738,1,209
1738,2,67
1738,3,39
1739,1,37
1739,2,121
1739,2,9
1739,3,121
1739,3,9
1740,1,40
1740,1,103
1740,2,40
1740,2,16
1740,3,40
1740,4,40
1741,1,67
1741,2,4
1741,2,67
1741,3,4
1741,3,16
1741,4,67
1742,1,58
1742,1,61
1742,2,83
1742,3,33
1743,1,33
1743,2,166
1743,3,173
1743,4,47
1744,1,44
1744,1,103
1744,2,120
1744,2,131
1744,3,120
1744,3,131
1744,3,70
1745,1,150
1745,2,150
1745,2,24
1745,3,150
1746,1,59
1746,2,64
1746,3,3
1747,1,123
1747,2,157
1747,2,58
1747,3,58
1747,4,197
1748,1,113
1748,2,113
1748,3,113
1748,3,41
1749,1,25
1749,1,67
1749,2,25
1749,3,25
1750,1,118
1750,2,161
1750,2,5
1750,2,8
1750,3,119
1750,4,63
1750,4,83
1750,5,205
1750,5,28
1750,6,5
1750,6,8
1750,6,83
1751,1,18
1751,1,73
1751,2,35
1751,3,44
1752,1,160
1752,2,209
1752,3,12
1752,4,160
1752,5,98
1752,5,70
1753,1,66
1753,1,213
1753,1,18
1753,2,213
1753,2,18
1753,3,66
1753,3,68
1753,4,99
1753,4,66
1753,4,41
1754,1,51
1754,1,64
1754,2,130
1754,3,64
1754,4,18
1755,1,163
1755,1,57
1755,1,63
1755,1,123
1755,2,112
1755,3,97
1755,4,76
1755,5,213
1755,5,41
1756,1,83
1756,1,95
1756,2,79
1756,3,36
1757,1,31
1757,2,66
1757,3,66
1757,4,66
1758,1,74
1758,2,6
1758,2,53
1758,2,164
1758,3,74
1758,3,5
1759,1,95
1759,2,78
1759,3,95
1759,3,39
1760,1,34
1760,1,4
1760,1,120
1760,1,47
1760,2,120
1760,3,113
1760,3,120
1761,1,153
1761,1,144
1761,2,61
1761,2,25
1761,3,55
1761,3,53
1761,3,25
1761,3,16
1761,3,151
1762,1,161
1762,1,75
1762,2,113
1762,2,25
1762,3,113
1762,3,146
1763,1,121
1763,2,5
1763,3,74
1764,1,162
1764,1,57
1764,2,166
1764,3,211
1765,1,50
1765,1,97
1765,2,202
1765,3,216
1765,4,216
1765,4,2
1765,5,173
1765,5,50
1765,6,10
1766,1,160
1766,1,6
1766,2,48
1766,2,160
1766,3,51
1766,3,160
1767,1,33
1767,2,103
1767,2,96
1767,3,191
1767,4,33
1767,4,162
1768,1,170
1768,1,83
1768,1,4
1768,2,83
1768,2,164
1768,3,61
1769,1,6
1769,1,110
1769,2,177
1769,2,103
1769,3,4
1769,3,87
1769,3,63
1769,3,73
1769,3,98
1769,3,183
1769,4,163
1769,4,3
1769,5,163
1769,6,21
1769,7,214
1770,1,52
1770,2,160
1770,2,141
1770,3,52
1770,3,83
1770,4,83
1770,5,197
1771,1,4
1771,1,121
1771,2,38
1771,3,121
1772,1,216
1772,1,121
1772,2,21
1772,2,125
1772,3,68
1772,3,100
1772,4,79
1773,1,77
1773,1,124
1773,2,208
1773,3,71
1774,1,67
1774,1,95
1774,2,168
1774,3,67
1775,1,16
1775,2,95
1775,2,69
1775,2,80
1775,3,102
1776,1,48
1776,1,113
1776,2,168
1776,3,76
1776,3,48
1777,1,123
1777,2,38
1777,3,57
1778,1,25
1778,2,123
1778,3,25
1778,3,57
1778,4,195
1778,5,76
1778,5,105
1779,1,168
1779,2,36
1779,2,76
1779,3,168
1780,1,67
1780,1,95
1780,2,67
1780,2,21
1780,3,95
1780,3,155
1781,1,39
1781,2,83
1781,2,182
1781,3,83
1781,3,117
1781,3,48
1781,4,175
1781,4,160
1781,4,48
1782,1,133
1782,2,58
1782,3,111
1783,1,215
1783,1,84
1783,1,144
1783,1,75
1783,2,146
1783,2,4
1783,3,75
1783,3,161
1784,1,19
1784,2,64
1784,3,64
1785,1,213
1785,1,154
1785,2,18
1785,3,44
1785,4,71
1785,4,4
1786,1,193
1786,2,18
1786,3,35
1786,3,31
1787,1,95
1787,2,54
1787,2,15
1787,3,178
1788,1,124
1788,1,27
1788,1,162
1788,1,48
1788,1,141
1788,1,22
1788,2,199
1788,2,141
1788,2,93
1788,2,48
1788,3,199
1788,3,154
1788,4,124
1788,4,125
1788,5,95
1788,5,150
1788,6,99
1789,1,135
1789,2,135
1789,3,135
1790,1,112
1790,2,37
1790,2,106
1790,3,197
1791,1,192
1791,2,95
1791,3,154
1792,1,144
1792,1,83
1792,2,15
1792,3,171
1793,1,40
1793,2,211
1793,2,190
1793,3,45
1793,3,27
1793,3,54
1793,4,69
1794,1,97
1794,2,37
1794,3,94
1794,4,120
1795,1,88
1795,2,58
1795,3,88
1795,3,199
1795,4,167
1796,1,168
1796,2,34
1796,3,26
1797,1,61
1797,2,46
1797,3,179
1797,4,180
1797,4,115
1797,4,114
1798,1,24
1798,2,67
1798,2,160
1798,3,24
1798,3,150
1798,3,131
1798,4,67
1798,4,28
1799,1,164
1799,2,164
1799,3,17
1799,3,164
1799,3,162
1799,4,23
1799,5,21
1799,6,164
1800,1,64
1800,2,30
1800,2,12
1800,3,64
1800,3,123
1801,1,110
1801,1,46
1801,1,188
1801,1,47
1801,1,33
1801,2,155
1801,3,139
1801,4,79
1802,1,79
1802,1,153
1802,2,80
1802,2,153
1802,3,161
1802,3,51
1803,1,17
1803,1,85
1803,1,195
1803,2,85
1803,2,25
1803,2,156
1803,3,213
1803,3,41
1804,1,107
1804,1,106
1804,2,120
1804,2,106
1804,3,106
1804,4,106
1804,4,120
1804,5,120
1804,5,106
1804,6,120
1804,6,106
1805,1,69
1805,2,150
1805,3,69
1805,4,69
1805,4,133
1806,1,76
1806,2,81
1806,3,112
1807,1,123
1807,2,187
1807,2,58
1807,3,57
1807,4,118
1807,4,125
1808,1,58
1808,2,155
1808,3,155
1808,4,155
1809,1,27
1809,2,83
1809,2,158
1809,3,38
1810,1,162
1810,2,22
1810,3,37
1811,1,37
1811,2,28
1811,2,80
1811,2,108
1811,3,190
1811,4,35
1812,1,171
1812,1,146
1812,2,146
1812,3,113
1812,3,146
1813,1,138
1813,1,104
1813,2,47
1813,3,7
1813,4,138
1813,5,213
1813,5,138
1814,1,2
1814,1,4
1814,2,4
1814,2,125
1814,3,4
1814,4,4
1815,1,86
1815,2,202
1815,3,86
1815,4,202
1816,1,192
1816,2,68
1816,3,192
1817,1,171
1817,2,120
1817,3,120
1817,4,214
1818,1,152
1818,2,44
1818,2,58
1818,3,55
1818,3,177
1818,3,53
1818,4,34
1818,5,97
1818,5,58
1819,1,155
1819,2,30
1819,3,194
1819,4,30
1820,1,198
1820,2,113
1820,3,179
1821,1,67
1821,2,151
1821,2,67
1821,3,69
1821,4,67
1821,5,97
1822,1,47
1822,2,64
1822,3,125
1823,1,28
1823,1,82
1823,2,82
1823,3,19
1823,4,82
1823,5,82
1823,5,113
1824,1,125
1824,1,13
1824,2,13
1824,3,79
1825,1,150
1825,2,128
1825,2,175
1825,3,34
1825,3,128
1825,4,141
1826,1,83
1826,1,159
1826,2,69
1826,2,163
1826,3,20
1826,3,69
1827,1,133
1827,1,4
1827,2,87
1827,3,144
1827,3,51
1827,4,133
1827,4,4
1827,5,108
1827,5,107
1827,5,3
1828,1,66
1828,1,83
1828,2,66
1828,3,66
1828,4,83
1828,4,66
1828,5,83
1828,5,107
1828,6,107
1828,6,83
1829,1,12
1829,1,194
1829,2,95
1829,3,83
1829,3,112
1830,1,176
1830,1,75
1830,2,103
1830,2,79
1830,3,22
1831,1,32
1831,1,43
1831,2,217
1831,3,67
1831,4,32
1831,4,46
1831,4,29
1832,1,83
1832,1,50
1832,2,113
1832,2,116
1832,3,116
1832,3,113
1833,1,21
1833,2,5
1833,3,62
1834,1,28
1834,1,183
1834,2,28
1834,2,170
1834,2,53
1834,3,28
1834,3,53
1834,4,28
1835,1,146
1835,1,129
1835,2,146
1835,3,132
1835,4,86
1836,1,83
1836,2,34
1836,2,44
1836,3,117
1837,1,189
1837,2,189
1837,3,6
1838,1,4
1838,1,58
1838,2,4
1838,2,58
1838,3,115
1838,3,113
1838,3,114
1839,1,168
1839,1,145
1839,2,38
1839,3,168
1839,3,4
1840,1,43
1840,2,43
1840,3,43
1841,1,41
1841,1,42
1841,1,138
1841,1,112
1841,2,41
1841,3,138
1841,3,41
1841,3,7
1842,1,178
1842,1,160
1842,2,160
1842,2,178
1842,3,99
1843,1,179
1843,2,180
1843,3,206
1844,1,69
1844,1,125
1844,2,215
1844,2,69
1844,3,107
1844,3,101
1845,1,209
1845,1,113
1845,1,149
1845,2,175
1845,2,50
1845,3,15
1845,4,15
1845,5,76
1846,1,166
1846,1,21
1846,1,121
1846,2,101
1846,2,137
1846,3,58
1846,3,43
1847,1,113
1847,2,167
1847,3,217
1847,3,133
1848,1,130
1848,2,80
1848,2,83
1848,2,6
1848,3,80
1848,3,77
1848,3,69
1849,1,153
1849,1,129
1849,1,87
1849,2,125
1849,2,162
1849,2,178
1849,3,153
1850,1,98
1850,2,98
1850,3,165
1850,4,83
1850,5,98
1850,5,192
1851,1,67
1851,2,67
1851,3,83
1851,4,13
1852,1,186
1852,2,36
1852,2,123
1852,3,83
1852,3,123
1852,4,124
1852,4,186
1853,1,87
1853,2,112
1853,2,136
1853,3,17
1853,3,149
1853,4,101
1853,4,67
1853,5,68
1853,5,87
1853,6,206
1853,7,87
1854,1,18
1854,2,65
1854,3,174
1854,4,124
1854,5,35
1855,1,151
1855,1,52
1855,2,2
1855,3,16
1855,3,156
1855,3,69
1855,3,215
1855,4,75
1855,4,151
1856,1,88
1856,1,118
1856,2,213
1856,3,171
1856,3,213
1856,4,96
1856,5,93
1856,5,118
1857,1,97
1857,1,56
1857,2,155
1857,2,40
1857,3,155
1858,1,85
1858,1,5
1858,1,119
1858,2,95
1858,2,5
1858,2,85
1858,2,192
1858,3,63
1858,3,2
1858,3,89
1859,1,191
1859,2,143
1859,2,191
1859,3,191
1859,3,143
1859,4,191
1860,1,148
1860,2,100
1860,3,100
1861,1,98
1861,2,52
1861,2,67
1861,3,95
1861,3,51
1861,3,150
1861,3,48
1861,3,50
1861,4,55
1861,4,113
1861,5,34
1861,5,210
1861,6,116
1861,6,61
1862,1,128
1862,2,50
1862,2,24
1862,3,150
1862,4,128
1863,1,15
1863,2,42
1863,3,127
1863,3,82
1864,1,113
1864,2,177
1864,2,81
1864,3,51
1865,1,148
1865,2,176
1865,3,137
1865,4,137
1865,5,137
1865,6,137
1865,7,137
1865,8,137
1866,1,90
1866,2,155
1866,2,145
1866,3,80
1867,1,216
1867,2,99
1867,3,42
1868,1,91
1868,2,167
1868,3,167
1869,1,50
1869,1,150
1869,2,103
1869,2,3
1869,3,86
1869,3,3
1869,3,50
1869,3,129
1869,3,150
1869,4,3
1869,4,50
1869,4,150
1869,5,175
1869,5,3
1869,5,150
1869,6,132
1869,7,103
1869,7,50
1870,1,24
1870,1,7
1870,2,2
1870,3,7
1871,1,160
1871,1,16
1871,2,16
1871,3,212
1871,3,16
1871,4,16
1871,4,42
1872,1,121
1872,2,61
1872,3,61
1872,4,83
1872,4,36
1873,1,132
1873,1,106
1873,2,121
1873,3,133
1873,3,3
1873,4,133
1874,1,96
1874,2,146
1874,2,53
1874,2,96
1874,2,75
1874,3,96
1874,4,53
1874,4,49
1875,1,214
1875,1,61
1875,2,211
1875,3,214
1875,4,190
1876,1,60
1876,1,98
1876,1,102
1876,2,102
1876,3,102
1877,1,4
1877,1,146
1877,2,37
1877,2,102
1877,3,146
1877,3,37
1877,3,2
1878,1,21
1878,2,125
1878,3,83
1878,3,172
1878,4,178
1879,1,61
1879,1,58
1879,2,98
1879,3,95
1879,4,141
1879,4,113
1879,5,69
1880,1,110
1880,2,172
1880,3,110
1880,3,79
1881,1,150
1881,2,76
1881,3,87
1881,3,54
1881,4,151
1881,5,51
1882,1,76
1882,1,150
1882,2,100
1882,2,67
1882,3,83
1882,3,150
1882,4,99
1883,1,158
1883,2,145
1883,2,129
1883,3,158
1884,1,184
1884,2,184
1884,3,131
1884,3,39
1884,4,113
1884,4,25
1885,1,42
1885,2,125
1885,3,187
1886,1,44
1886,2,44
1886,3,97
1886,4,53
1886,4,4
1886,5,4
1887,1,131
1887,2,121
1887,3,121
1887,3,24
1887,4,83
1887,4,121
1888,1,10
1888,2,67
1888,3,72
1889,1,188
1889,2,58
1889,3,186
1889,3,128
1890,1,52
1890,1,83
1890,2,83
1890,3,151
1890,4,44
1890,4,106
1890,5,37
1891,1,172
1891,1,81
1891,1,4
1891,2,123
1891,3,58
1891,3,4
1892,1,48
1892,1,161
1892,1,128
1892,2,128
1892,3,49
1892,3,213
1893,1,184
1893,2,8
1893,3,116
1894,1,46
1894,1,214
1894,1,213
1894,2,213
1894,2,143
1894,2,46
1894,2,214
1894,3,18
1894,3,47
1894,4,33
1894,4,213
1895,1,172
1895,1,81
1895,1,37
1895,2,12
1895,3,31
1895,3,129
1895,3,164
1895,4,112
1896,1,181
1896,1,136
1896,2,100
1896,2,87
1896,2,167
1896,2,101
1896,2,146
1896,3,164
1896,3,146
1896,3,87
1896,3,113
1897,1,148
1897,2,136
1897,3,216
1898,1,16
1898,2,102
1898,3,103
1898,4,102
1898,5,102
1898,6,157
1899,1,69
1899,1,79
1899,1,95
1899,2,95
1899,2,79
1899,3,81
1900,1,120
1900,1,84
1900,1,2
1900,2,121
1900,2,34
1900,3,120
1900,3,2
1901,1,113
1901,2,186
1901,3,186
1901,3,113
1902,1,59
1902,2,125
1902,3,199
1903,1,7
1903,2,215
1903,2,43
1903,2,122
1903,2,38
1903,3,68
1903,3,66
1903,3,7
1903,3,167
1903,4,201
1903,4,207
1903,4,166
1903,4,174
1904,1,14
1904,2,62
1904,3,120
1905,1,124
1905,1,188
1905,2,173
1905,2,198
1905,3,124
1906,1,133
1906,2,107
1906,3,187
1906,4,52
1906,4,133
1906,5,104
1907,1,87
1907,1,206
1907,2,132
1907,3,115
1907,4,49
1908,1,163
1908,1,188
1908,2,4
1908,2,163
1908,3,163
1908,3,212
1908,4,194
1908,4,66
1908,5,118
1909,1,34
1909,2,34
1909,3,34
1910,1,164
1910,2,164
1910,3,76
1910,3,164
1911,1,10
1911,2,105
1911,3,151
1911,3,119
1912,1,133
1912,2,133
1912,2,124
1912,3,110
1912,4,217
1912,4,110
1912,5,217
1913,1,119
1913,2,31
1913,3,79
1914,1,64
1914,2,125
1914,3,16
1914,4,198
1915,1,58
1915,2,43
1915,3,58
1916,1,125
1916,2,125
1916,3,125
1917,1,21
1917,1,155
1917,1,106
1917,2,21
1917,2,155
1917,2,51
1917,2,106
1917,3,106
1917,3,155
1917,4,155
1917,4,106
1918,1,80
1918,2,80
1918,3,4
1918,4,135
1918,5,172
1919,1,106
1919,1,67
1919,2,106
1919,2,67
1919,2,37
1919,3,67
1919,3,106
1920,1,44
1920,2,156
1920,3,102
1920,3,156
1921,1,10
1921,2,10
1921,3,36
1921,3,95
1922,1,8
1922,2,204
1922,3,74
1922,3,5
1923,1,150
1923,2,83
1923,2,114
1923,3,129
1923,3,114
1924,1,150
1924,2,100
1924,3,179
1925,1,123
1925,2,10
1925,2,158
1925,2,2
1925,3,94
1925,4,166
1925,5,94
1926,1,78
1926,2,44
1926,3,133
1926,3,4
1927,1,54
1927,2,104
1927,3,87
1928,1,107
1928,1,76
1928,2,124
1928,3,133
1928,3,186
1928,3,20
1929,1,95
1929,2,192
1929,3,138
1929,4,192
1929,5,67
1930,1,99
1930,2,61
1930,2,98
1930,3,123
1931,1,15
1931,2,98
1931,3,98
1932,1,127
1932,2,37
1932,3,7
1932,4,37
1933,1,189
1933,2,209
1933,3,20
1933,4,200
1933,5,162
1934,1,57
1934,2,150
1934,2,113
1934,3,57
1935,1,20
1935,1,175
1935,1,51
1935,2,125
1935,3,20
1935,3,162
1935,3,29
1935,3,23
1936,1,195
1936,2,195
1936,3,73
1936,3,117
1936,4,117
1936,4,73
1936,4,116
1937,1,123
1937,1,194
1937,2,123
1937,3,15
1937,4,119
1937,4,205
1937,4,11
1937,4,192
1937,4,74
1938,1,89
1938,1,20
1938,1,164
1938,2,164
1938,2,89
1938,2,20
1938,3,20
1938,3,164
1939,1,4
1939,1,71
1939,2,4
1939,2,53
1939,3,71
1940,1,67
1940,1,30
1940,2,118
1940,2,4
1940,3,4
1941,1,105
1941,1,114
1941,1,16
1941,2,69
1941,2,16
1941,2,105
1941,3,69
1942,1,13
1942,2,53
1942,3,39
1943,1,12
1943,1,60
1943,2,55
1943,2,95
1943,3,113
1944,1,212
1944,2,212
1944,3,142
1944,4,142
1944,5,142
1944,6,142
1944,7,142
1944,8,142
1944,8,160
1945,1,86
1945,2,35
1945,3,86
1946,1,25
1946,2,25
1946,2,67
1946,3,4
1947,1,67
1947,2,67
1947,3,67
1948,1,146
1948,2,52
1948,3,148
1949,1,206
1949,2,193
1949,2,101
1949,3,164
1949,3,89
1949,4,206
1949,4,100
1950,1,184
1950,2,72
1950,3,72
1951,1,123
1951,2,57
1951,3,57
1951,4,73
1951,4,83
1952,1,201
1952,2,140
1952,2,201
1952,3,44
1952,4,213
1952,4,4
1952,4,201
1953,1,58
1953,2,23
1953,3,1
1953,4,67
1953,5,23
1953,6,79
1953,7,19
1954,1,69
1954,2,161
1954,3,120
1954,4,83
1954,4,121
1955,1,22
1955,1,27
1955,2,11
1955,3,27
1955,3,22
1956,1,83
1956,1,48
1956,1,51
1956,2,69
1956,2,48
1956,2,51
1956,2,3
1956,2,140
1956,2,39
1956,2,85
1956,3,4
1957,1,5
1957,2,98
1957,2,144
1957,2,83
1957,2,6
1957,3,28
1957,4,80
1957,4,28
1957,4,66
1957,4,143
1957,4,213
1957,4,201
1957,5,162
1957,5,80
1958,1,76
1958,2,85
1958,3,163
1958,3,172
1958,4,110
1958,4,10
1958,5,195
1959,1,146
1959,2,146
1959,2,100
1959,3,146
1959,3,83
1960,1,120
1960,2,65
1960,3,120
1960,4,165
1960,5,21
1961,1,155
1961,1,113
1961,1,93
1961,2,38
1961,3,67
1961,3,90
1961,3,14
1962,1,52
1962,1,67
1962,1,96
1962,2,10
1962,2,96
1962,3,36
1962,3,102
1963,1,118
1963,2,44
1963,3,108
1963,3,113
1964,1,155
1964,1,84
1964,1,67
1964,1,106
1964,2,83
1964,2,67
1964,2,58
1964,2,102
1964,3,83
1964,3,67
1964,3,61
1964,3,155
1964,3,3
1965,1,69
1965,2,208
1965,3,67
1965,3,69
1965,4,100
1966,1,168
1966,1,154
1966,1,119
1966,2,168
1966,3,168
1967,1,117
1967,1,185
1967,1,94
1967,2,149
1967,3,107
1968,1,32
1968,2,66
1968,3,101
1968,4,151
1968,4,64
1968,5,96
1968,6,64
1969,1,67
1969,1,84
1969,2,37
1969,3,97
1970,1,148
1970,2,148
1970,3,68
1970,3,74
1971,1,46
1971,2,12
1971,3,14
1972,1,69
1972,2,53
1972,3,53
1973,1,50
1973,1,83
1973,2,98
1973,3,95
1973,3,50
1973,4,43
1974,1,120
1974,2,21
1974,3,68
1975,1,67
1975,2,67
1975,3,154
1975,3,126
1976,1,119
1976,2,160
1976,2,164
1976,2,155
1976,3,91
1977,1,79
1977,2,141
1977,3,9
1977,4,34
1977,4,76
1978,1,58
1978,1,85
1978,1,156
1978,2,85
1978,2,156
1978,3,168
1978,3,85
1978,3,156
1978,3,58
1978,4,58
1978,4,156
1979,1,4
1979,1,73
1979,2,31
1979,2,110
1979,2,140
1979,3,33
1980,1,36
1980,1,113
1980,2,16
1980,3,98
1980,3,2
1980,3,105
1980,4,73
1980,4,61
1980,4,105
1980,4,171
1980,4,2
1980,4,41
1980,5,69
1981,1,95
1981,1,53
1981,1,123
1981,2,168
1981,2,50
1981,3,168
1982,1,31
1982,1,95
1982,2,31
1982,3,31
1982,4,113
1982,5,113
1982,5,31
1983,1,67
1983,1,58
1983,2,67
1983,2,94
1983,3,98
1984,1,60
1984,1,4
1984,1,217
1984,2,69
1984,2,93
1984,3,210
1984,3,197
1985,1,95
1985,1,98
1985,2,34
1985,3,76
1986,1,95
1986,1,150
1986,1,93
1986,2,69
1986,3,93
1986,3,150
1986,4,69
1986,4,150
1986,5,69
1987,1,121
1987,2,57
1987,2,2
1987,2,127
1987,3,82
1987,4,123
1988,1,3
1988,2,67
1988,2,3
1988,3,152
1989,1,51
1989,2,209
1989,3,175
1990,1,161
1990,1,19
1990,2,19
1990,3,58
1990,3,19
1990,3,156
1990,4,83
1990,4,19
1990,4,51
1990,4,106
1991,1,132
1991,1,150
1991,2,150
1991,2,76
1991,2,16
1991,3,147
1991,3,54
1992,1,106
1992,2,30
1992,3,157
1993,1,56
1993,1,132
1993,2,160
1993,2,104
1993,3,108
1994,1,73
1994,2,150
1994,2,51
1994,3,73
1995,1,10
1995,2,38
1995,3,128
1996,1,4
1996,1,83
1996,2,140
1996,3,159
1997,1,98
1997,2,98
1997,3,67
1997,3,95
1997,4,95
1998,1,193
1998,2,193
1998,2,92
1998,3,136
1998,3,193
1998,4,15
1999,1,80
1999,2,113
1999,3,95
1999,4,69
1999,4,76
2000,1,197
2000,2,123
2000,3,157
2000,3,214
2000,3,85
2000,4,69
2001,1,45
2001,2,61
2001,2,45
2001,3,45
2001,4,45
2002,1,44
2002,2,140
2002,2,214
2002,2,1
2002,3,87
2002,4,167
2003,1,100
2003,2,137
2003,3,206
2003,3,205
2003,4,205
2004,1,54
2004,1,172
2004,2,54
2004,2,147
2004,3,191
2004,4,147
2004,4,54
2004,4,206
2004,5,13
2004,6,147
2004,6,206
2004,6,54
2005,1,140
2005,1,201
2005,2,132
2005,2,206
2005,2,67
2005,2,137
2005,2,91
2005,2,87
2005,3,213
2005,4,93
2005,4,43
2006,1,16
2006,2,16
2006,3,215
2006,4,4
2006,4,71
2006,5,98
2006,6,98
2006,7,4
2006,7,71
2007,1,143
2007,2,3
2007,3,143
2008,1,58
2008,2,34
2008,3,212
2009,1,150
2009,2,150
2009,2,85
2009,2,50
2009,3,50
2009,3,150
2010,1,113
2010,2,30
2010,3,21
2010,4,64
2010,4,177
2011,1,1
2011,2,106
2011,2,190
2011,3,209
2011,4,97
2011,5,76
2012,1,35
2012,1,73
2012,2,120
2012,3,164
2012,4,123
2012,5,154
2012,5,61
2012,5,164
2012,5,120
2012,5,44
2012,5,153
2012,6,98
2013,1,6
2013,1,83
2013,2,83
2013,2,6
2013,2,77
2013,3,34
2013,3,95
2013,3,25
2014,1,209
2014,2,57
2014,3,123
2015,1,64
2015,2,166
2015,3,64
2015,3,110
2015,4,110
2015,4,59
2016,1,12
2016,2,30
2016,2,125
2016,3,109
2016,3,214
2017,1,150
2017,1,28
2017,2,150
2017,3,98
2018,1,10
2018,2,113
2018,2,147
2018,3,113
2018,3,55
2019,1,12
2019,2,12
2019,2,38
2019,3,43
2019,3,64
2020,1,58
2020,1,156
2020,2,93
2020,3,156
2020,3,58
2021,1,121
2021,1,118
2021,2,118
2021,3,149
2021,3,16
2022,1,40
2022,2,155
2022,3,73
2022,4,21
2022,5,40
2022,6,155
2023,1,8
2023,1,95
2023,1,5
2023,2,8
2023,2,5
2023,2,95
2023,3,76
2023,3,5
2023,4,76
2023,4,8
2023,4,74
2024,1,12
2024,1,41
2024,2,153
2024,3,84
2025,1,84
2025,2,67
2025,3,67
2025,3,28
2025,4,3
2026,1,93
2026,2,76
2026,3,191
2027,1,20
2027,2,31
2027,3,31
2028,1,145
2028,1,40
2028,2,40
2028,2,145
2028,3,90
2028,4,40
2028,4,145
2029,1,12
2029,2,199
2029,3,103
2029,4,12
2030,1,103
2030,1,98
2030,2,76
2030,2,107
2030,3,103
2031,1,79
2031,1,83
2031,1,80
2031,2,64
2031,3,104
2031,3,83
2031,4,108
2031,4,134
2032,1,110
2032,2,61
2032,2,12
2032,2,3
2032,3,12
2032,3,3
2032,3,27
2033,1,69
2033,2,71
2033,3,210
2034,1,126
2034,2,126
2034,3,126
2034,4,126
2034,5,126
2035,1,69
2035,1,67
2035,1,75
2035,2,159
2035,3,190
2036,1,141
2036,2,89
2036,2,141
2036,2,3
2036,3,130
2036,4,69
2036,4,98
2036,4,3
2037,1,197
2037,2,120
2037,3,151
2038,1,88
2038,2,138
2038,3,86
2039,1,155
2039,2,150
2039,2,136
2039,3,116
2039,3,115
2039,3,105
2039,3,83
2039,4,205
2039,5,81
2039,5,113
2040,1,95
2040,1,175
2040,1,51
2040,2,2
2040,3,51
2041,1,127
2041,1,67
2041,2,78
2041,3,103
2042,1,15
2042,2,15
2042,2,206
2042,3,19
2042,4,12
2042,4,139
2042,5,104
2043,1,65
2043,2,173
2043,2,112
2043,3,4
2043,3,172
2044,1,191
2044,2,191
2044,3,48
2045,1,210
2045,2,78
2045,2,63
2045,3,72
2045,3,169
2045,4,169
2045,5,69
2046,1,67
2046,2,86
2046,3,67
2046,4,120
2046,4,110
2046,5,120
2046,6,86
2046,7,167
2047,1,212
2047,2,113
2047,3,113
2047,4,113
2047,4,8
2048,1,36
2048,1,157
2048,2,107
2048,2,100
2048,2,67
2048,2,68
2048,3,93
2049,1,72
2049,1,164
2049,2,168
2049,2,61
2049,2,44
2049,3,192
2049,3,95
2049,4,39
2050,1,208
2050,1,165
2050,2,181
2050,3,191
2050,4,181
2050,5,191
2050,5,181
2050,5,208
2051,1,31
2051,2,31
2051,2,127
2051,3,22
2051,4,31
2051,4,127
2052,1,130
2052,1,60
2052,2,16
2052,3,3
2052,4,195
2053,1,190
2053,2,31
2053,2,190
2053,2,89
2053,2,68
2053,2,147
2053,3,27
2053,3,47
2053,4,78
2053,5,68
2053,5,198
2053,5,78
2053,6,208
2053,6,147
2053,6,89
2053,6,68
2054,1,61
2054,1,99
2054,1,102
2054,2,130
2054,3,95
2055,1,57
2055,1,145
2055,2,76
2055,2,164
2055,3,146
2056,1,58
2056,1,61
2056,2,164
2056,3,87
2056,4,29
2056,4,200
2057,1,67
2057,2,13
2057,3,67
2058,1,22
2058,2,70
2058,3,57
2059,1,121
2059,2,13
2059,3,70
2059,3,13
2059,3,121
2060,1,131
2060,1,161
2060,1,115
2060,2,47
2060,3,73
2061,1,173
2061,2,111
2061,3,18
2061,4,182
2062,1,83
2062,1,149
2062,2,99
2062,3,31
2063,1,127
2063,1,121
2063,2,95
2063,3,129
2063,3,149
2064,1,93
2064,1,86
2064,2,130
2064,3,86
2065,1,161
2065,2,6
2065,2,63
2065,3,63
2065,3,164
2065,4,161
2065,5,161
2065,5,190
2065,6,164
2066,1,15
2066,2,113
2066,3,113
2066,3,37
2066,3,105
2066,4,48
2067,1,69
2067,2,11
2067,3,69
2068,1,56
2068,1,82
2068,2,82
2068,3,82
2068,4,207
2068,5,82
2068,6,82
2068,7,82
2068,8,176
2068,9,82
2068,9,110
2069,1,126
2069,2,145
2069,2,53
2069,3,31
2069,3,106
2069,4,31
2069,4,34
2070,1,49
2070,1,58
2070,2,193
2070,3,79
2071,1,67
2071,2,16
2071,3,67
2072,1,44
2072,2,44
2072,3,117
2072,3,44
2072,4,53
2072,4,6
2072,5,117
2072,5,34
2072,6,185
2072,6,78
2073,1,82
2073,2,191
2073,3,191
2074,1,73
2074,2,120
2074,3,67
2075,1,76
2075,2,93
2075,3,21
2076,1,69
2076,2,76
2076,3,128
2077,1,28
2077,2,95
2077,2,97
2077,3,162
2078,1,57
2078,2,166
2078,3,158
2078,3,160
2079,1,81
2079,1,156
2079,1,209
2079,2,156
2079,3,123
2079,4,125
2079,4,69
2079,4,32
2080,1,113
2080,1,104
2080,2,180
2080,3,180
2081,1,61
2081,2,167
2081,3,144
2081,4,95
2081,5,111
2082,1,120
2082,2,31
2082,3,181
2083,1,69
2083,1,4
2083,1,159
2083,2,159
2083,3,159
2084,1,16
2084,2,157
2084,2,16
2084,3,40
2084,3,157
2085,1,112
2085,1,160
2085,2,69
2085,3,81
2085,3,160
2086,1,124
2086,2,95
2086,3,211
2086,4,15
2087,1,54
2087,2,100
2087,3,68
2087,3,23
2088,1,72
2088,2,123
2088,3,39
2088,3,160
2088,4,72
2088,5,160
2088,5,123
2088,6,160
2089,1,75
2089,1,151
2089,1,67
2089,1,55
2089,2,94
2089,3,55
2089,3,75
2090,1,160
2090,1,157
2090,2,76
2090,3,162
2090,3,77
2090,3,124
2090,3,121
2090,4,52
2090,5,151
2090,6,157
2091,1,15
2091,2,57
2091,3,57
2091,4,57
2092,1,113
2092,2,32
2092,3,32
2093,1,4
2093,1,71
2093,2,206
2093,2,71
2093,3,71
2093,3,4
2093,4,71
2093,4,4
2093,5,23
2093,5,4
2094,1,149
2094,1,76
2094,2,149
2094,3,10
2094,4,212
2095,1,175
2095,1,48
2095,2,48
2095,2,175
2095,2,50
2095,2,110
2095,3,48
2095,3,110
2095,3,51
2095,3,50
2095,3,175
2095,4,214
2095,4,175
2095,4,170
2095,4,150
2096,1,183
2096,2,183
2096,3,183
2097,1,202
2097,2,184
2097,3,44
2098,1,116
2098,2,50
2098,2,16
2098,2,35
2098,3,50
2099,1,198
2099,1,67
2099,2,121
2099,2,128
2099,3,67
2099,3,113
2099,4,69
2100,1,39
2100,1,131
2100,2,48
2100,2,44
2100,3,48
2101,1,150
2101,2,150
2101,3,141
2101,4,150
2102,1,117
2102,2,4
2102,2,117
2102,3,4
2103,1,74
2103,2,92
2103,2,58
2103,3,92
2104,1,159
2104,2,152
2104,2,127
2104,3,58
2104,4,121
2104,5,58
2104,5,85
2104,6,83
2104,6,156
2104,7,121
2104,8,121
2104,8,160
2104,9,133
2104,10,58
2104,10,85
2105,1,5
2105,2,8
2105,3,5
2106,1,34
2106,2,93
2106,3,12
2106,4,139
2107,1,4
2107,2,75
2107,3,4
2107,4,33
2107,5,75
2108,1,168
2108,2,19
2108,2,13
2108,3,104
2108,4,38
2109,1,63
2109,1,53
2109,2,204
2109,3,198
2110,1,181
2110,2,53
2110,3,48
2110,3,2
2110,4,69
2110,5,181
2110,5,95
2110,5,158
2111,1,40
2111,1,105
2111,2,98
2111,3,44
2112,1,88
2112,1,141
2112,1,98
2112,1,69
2112,1,50
2112,2,141
2112,2,50
2112,3,141
2112,3,96
2112,3,50
2112,4,98
2112,5,78
2113,1,199
2113,2,199
2113,3,109
2113,3,47
2114,1,117
2114,2,51
2114,3,72
2115,1,83
2115,2,113
2115,3,95
2116,1,81
2116,2,123
2116,3,152
2117,1,144
2117,2,78
2117,3,89
2117,3,87
2117,4,119
2117,5,39
2118,1,155
2118,1,127
2118,1,181
2118,2,127
2118,2,155
2118,3,127
2119,1,46
2119,1,156
2119,2,76
2119,2,164
2119,3,76
2119,3,46
2119,3,156
2119,3,107
2119,4,190
2120,1,55
2120,2,147
2120,2,42
2120,3,119
2121,1,16
2121,1,168
2121,1,15
2121,2,68
2121,3,70
2121,4,34
2122,1,164
2122,2,63
2122,3,126
2122,4,15
2123,1,121
2123,1,160
2123,2,80
2123,2,73
2123,3,160
2123,3,121
2123,4,121
2123,4,160
2123,5,121
2123,6,80
2123,7,160
2123,7,121
2123,8,113
2123,8,48
2124,1,57
2124,2,53
2124,2,83
2124,3,163
2125,1,35
2125,2,152
2125,3,45
2125,4,37
2125,4,3
2126,1,182
2126,2,199
2126,3,162
2127,1,2
2127,2,83
2127,3,194
2127,3,156
2128,1,96
2128,2,61
2128,3,22
2129,1,57
2129,2,155
2129,3,116
2129,3,115
2129,3,151
2129,3,114
2130,1,58
2130,2,58
2130,3,72
2130,3,119
2131,1,133
2131,1,95
2131,1,37
2131,2,69
2131,3,133
2131,3,95
2131,4,128
2132,1,68
2132,1,206
2132,2,72
2132,2,179
2132,3,126
2133,1,20
2133,1,155
2133,2,93
2133,3,46
2133,3,191
2134,1,55
2134,2,55
2134,3,30
2134,4,171
2135,1,57
2135,1,113
2135,2,63
2135,3,123
2135,4,152
2136,1,123
2136,2,187
2136,3,108
2137,1,123
2137,2,69
2137,2,150
2137,3,83
2137,3,155
2138,1,53
2138,2,16
2138,3,76
2139,1,17
2139,2,96
2139,3,101
2139,3,111
2140,1,88
2140,1,202
2140,2,202
2140,3,198
2140,4,198
2141,1,150
2141,1,129
2141,1,85
2141,1,209
2141,2,113
2141,3,150
2141,4,209
2141,4,85
2142,1,37
2142,2,25
2142,3,211
2142,3,78
2143,1,44
2143,2,96
2143,2,149
2143,3,149
2144,1,96
2144,1,58
2144,1,42
2144,1,155
2144,1,85
2144,2,58
2144,2,155
2144,2,118
2144,2,113
2144,2,83
2144,3,151
2144,3,189
2144,4,58
2144,4,151
2144,4,47
2145,1,190
2145,2,54
2145,3,132
2146,1,45
2146,1,61
2146,2,119
2146,2,2
2146,3,69
2146,4,69
2146,4,130
2146,5,69
2147,1,157
2147,2,162
2147,3,68
2148,1,83
2148,2,215
2148,3,113
2148,3,83
2149,1,70
2149,2,122
2149,3,73
2150,1,30
2150,1,109
2150,1,199
2150,2,110
2150,3,110
2150,4,174
2150,5,109
2151,1,152
2151,2,37
2151,2,152
2151,2,55
2151,3,28
2151,4,37
2151,5,37
2152,1,63
2152,1,21
2152,1,72
2152,1,52
2152,2,89
2152,3,108
2152,3,110
2153,1,44
2153,2,53
2153,2,153
2153,3,27
2153,4,15
2154,1,100
2154,2,156
2154,2,76
2154,2,73
2154,2,63
2154,3,21
2154,3,56
2154,4,21
2154,5,63
2154,6,164
2155,1,111
2155,2,98
2155,3,75
2155,4,123
2155,4,75
2156,1,67
2156,2,106
2156,3,148
2156,4,152
2156,4,9
2157,1,120
2157,2,83
2157,3,217
2158,1,109
2158,1,81
2158,2,181
2158,2,100
2158,3,130
2158,3,131
2159,1,155
2159,1,2
2159,2,89
2159,2,76
2159,3,89
2160,1,148
2160,2,67
2160,2,136
2160,3,87
2160,3,160
2160,3,123
2160,4,123
2160,5,215
2160,5,94
2161,1,24
2161,1,63
2161,2,128
2161,3,69
2161,3,93
2162,1,15
2162,2,57
2162,3,44
2163,1,129
2163,1,160
2163,2,194
2163,3,113
2164,1,128
2164,2,151
2164,3,94
2164,4,46
2165,1,85
2165,2,47
2165,2,40
2165,3,105
2165,3,116
2165,4,86
2165,4,47
2165,5,117
2165,5,2
2165,5,116
2166,1,156
2166,2,156
2166,3,86
2166,4,47
2166,4,156
2166,4,109
2167,1,162
2167,2,202
2167,2,49
2167,3,202
2168,1,67
2168,2,29
2168,3,118
2168,3,15
2168,4,118
2168,4,73
2168,4,29
2168,4,15
2169,1,89
2169,2,89
2169,3,102
2169,3,89
2170,1,99
2170,2,45
2170,3,93
2171,1,72
2171,2,32
2171,3,98
2171,4,12
2171,4,101
2172,1,4
2172,2,15
2172,2,114
2172,2,105
2172,2,134
2172,3,114
2172,3,105
2172,4,184
2172,4,114
2173,1,41
2173,2,41
2173,3,41
2173,4,41
2173,4,61
2173,5,170
2173,5,214
2173,5,41
2173,5,21
2173,5,61
2174,1,83
2174,2,192
2174,3,151
2174,3,119
2175,1,150
2175,2,57
2175,3,51
2175,3,113
2176,1,98
2176,2,76
2176,3,133
2177,1,216
2177,2,216
2177,3,142
2178,1,66
2178,2,79
2178,3,210
2178,3,108
2179,1,176
2179,2,40
2179,3,178
2180,1,90
2180,2,11
2180,3,53
2181,1,67
2181,1,83
2181,1,69
2181,2,67
2181,2,76
2181,3,95
2181,3,67
2181,4,67
2181,4,83
2181,5,67
2181,5,83
2181,6,69
2181,7,40
2181,7,67
2182,1,76
2182,1,25
2182,2,25
2182,2,76
2182,3,153
2183,1,28
2183,2,105
2183,3,27
2183,3,105
2183,4,2
2183,4,105
2183,5,129
2183,5,105
2183,6,27
2183,6,83
2183,6,105
2183,7,105
2183,7,61
2184,1,172
2184,1,57
2184,1,40
2184,2,184
2184,2,34
2184,3,158
2184,3,113
2184,4,153
2184,5,83
2184,6,75
2184,7,80
2185,1,58
2185,2,45
2185,2,75
2185,3,172
2185,4,81
2185,4,78
2186,1,40
2186,2,67
2186,3,67
2186,4,40
2187,1,57
2187,1,161
2187,2,129
2187,2,127
2187,2,63
2187,3,50
2187,4,90
2187,4,161
2188,1,4
2188,1,4
2188,2,175
2188,3,4
2188,4,4
2188,5,4
2189,1,110
2189,1,46
2189,2,58
2189,2,21
2189,2,67
2189,3,27
2190,1,46
2190,2,80
2190,3,99
2191,1,57
2191,2,175
2191,2,141
2191,3,175
2192,1,204
2192,2,204
2192,3,154
2192,3,138
2193,1,137
2193,1,78
2193,2,137
2193,3,113
2193,3,155
2193,4,204
2194,1,113
2194,2,160
2194,2,140
2194,2,21
2194,3,90
2194,3,125
2195,1,93
2195,1,124
2195,2,124
2195,3,9
2195,3,124
2196,1,146
2196,2,164
2196,3,164
2197,1,51
2197,1,48
2197,2,58
2197,3,51
2197,3,48
2197,3,76
2197,4,51
2198,1,150
2198,2,150
2198,3,2
2199,1,41
2199,2,138
2199,3,80
2199,4,41
2199,5,41
2199,6,112
2200,1,112
2200,1,34
2200,1,69
2200,1,88
2200,2,119
2200,3,69
2200,3,64
2201,1,92
2201,1,8
2201,2,20
2201,2,79
2201,3,75
2201,3,68
2201,3,89
2202,1,58
2202,1,194
2202,1,88
2202,1,178
2202,1,156
2202,2,194
2202,2,1
2202,3,42
2202,3,88
2202,3,156
2202,3,194
2202,3,58
2202,4,88
2202,5,212
2202,5,110
2202,5,34
2202,5,140
2202,5,98
2202,5,214
2202,5,188
2203,1,166
2203,1,16
2203,2,21
2203,3,187
2203,3,62
2203,4,148
2203,5,166
2203,6,148
2204,1,119
2204,2,95
2204,3,16
2205,1,18
2205,1,123
2205,1,90
2205,2,13
2205,2,160
2205,3,160
2205,3,155
2206,1,100
2206,1,90
2206,2,100
2206,2,101
2206,3,62
2206,4,179
2206,4,140
2207,1,133
2207,1,95
2207,2,107
2207,3,107
2208,1,10
2208,1,114
2208,2,105
2208,3,10
2208,4,114
2208,5,10
2209,1,39
2209,2,94
2209,3,172
2209,4,128
2210,1,4
2210,1,116
2210,2,90
2210,3,57
2210,4,160
2210,4,51
2211,1,85
2211,1,17
2211,1,88
2211,2,140
2211,3,10
2212,1,61
2212,2,126
2212,2,60
2212,3,61
2212,3,60
2213,1,98
2213,2,93
2213,3,15
2213,3,125
2213,4,49
2214,1,85
2214,2,42
2214,2,199
2214,3,110
2214,4,30
2214,5,85
2214,6,66
2214,6,20
2214,6,209
2215,1,166
2215,2,100
2215,2,51
2215,3,150
2215,4,136
2215,4,166
2216,1,15
2216,2,113
2216,3,113
2217,1,98
2217,2,44
2217,3,56
2218,1,55
2218,1,89
2218,1,163
2218,2,63
2218,2,6
2218,3,138
2219,1,131
2219,1,39
2219,2,69
2219,2,39
2219,3,37
2220,1,184
2220,2,76
2220,3,194
2220,3,214
2220,4,22
2220,4,21
2221,1,70
2221,2,95
2221,2,164
2221,3,141
2221,3,24
2222,1,14
2222,1,75
2222,2,75
2222,2,14
2222,3,75
2222,4,133
2223,1,162
2223,1,12
2223,2,20
2223,2,12
2223,3,139
2223,4,139
2224,1,186
2224,2,186
2224,3,113
2224,4,186
2224,4,36
2224,4,103
2225,1,136
2225,2,136
2225,2,63
2225,3,216
2225,4,216
2226,1,61
2226,2,5
2226,3,31
2227,1,73
2227,2,213
2227,2,18
2227,2,73
2227,3,177
2227,4,176
2228,1,91
2228,1,72
2228,2,54
2228,2,72
2228,3,104
2228,3,16
2228,3,76
2229,1,48
2229,2,40
2229,2,48
2229,3,48
2229,4,48
2229,5,48
2229,6,48
2230,1,109
2230,2,48
2230,3,177
2230,4,149
2230,4,109
2231,1,83
2231,1,89
2231,1,25
2231,1,113
2231,2,61
2231,3,61
2232,1,22
2232,2,144
2232,2,51
2232,2,87
2232,3,108
2232,3,203
2233,1,35
2233,1,51
2233,1,4
2233,1,16
2233,2,83
2233,2,16
2233,3,168
2234,1,73
2234,2,54
2234,3,54
2234,3,160
2234,3,168
2235,1,51
2235,2,150
2235,2,2
2235,3,148
2235,4,121
2236,1,73
2236,1,177
2236,2,192
2236,2,103
2236,3,21
2236,3,197
2237,1,38
2237,2,113
2237,2,145
2237,2,147
2237,3,12
2237,3,121
2237,3,32
2238,1,155
2238,2,160
2238,2,89
2238,3,3
2239,1,10
2239,2,71
2239,3,53
2240,1,133
2240,2,64
2240,3,64
2241,1,46
2241,1,67
2241,2,156
2241,3,208
2241,4,26
2242,1,66
2242,1,129
2242,2,85
2242,3,78
2243,1,139
2243,2,58
2243,3,162
2244,1,82
2244,1,136
2244,2,136
2244,3,133
2244,3,136
2245,1,45
2245,1,56
2245,2,129
2245,3,161
2246,1,150
2246,1,48
2246,1,97
2246,2,164
2246,3,197
2246,4,132
2247,1,10
2247,2,10
2247,3,108
2248,1,182
2248,2,95
2248,3,190
2248,3,133
2248,3,103
2248,4,150
2248,4,48
2248,5,2
2248,5,114
2249,1,121
2249,1,11
2249,2,121
2249,2,11
2249,3,11
2249,3,171
2249,3,78
2249,4,68
2249,4,121
2249,5,121
2249,5,171
2249,6,11
2249,7,171
2249,7,121
2250,1,73
2250,2,106
2250,3,113
2250,4,44
2251,1,135
2251,2,149
2251,3,179
2251,3,29
2251,3,31
2251,3,201
2252,1,64
2252,2,136
2252,2,120
2252,3,29
2253,1,4
2253,1,150
2253,2,150
2253,2,4
2253,3,150
2253,3,4
2253,4,150
2253,4,4
2253,5,4
2253,5,150
2253,6,170
2254,1,4
2254,2,73
2254,3,209
2254,4,128
2255,1,50
2255,2,170
2255,3,12
2255,4,98
2255,5,12
2255,6,12
2255,7,150
2255,7,50
2256,1,47
2256,1,112
2256,2,81
2256,2,172
2256,3,172
2256,4,108
2256,5,108
2257,1,57
2257,1,83
2257,1,67
2257,1,69
2257,1,123
2257,2,123
2257,3,123
2257,4,123
2258,1,76
2258,2,172
2258,3,112
2258,3,108
2259,1,123
2259,2,95
2259,3,35
2259,3,16
2260,1,33
2260,2,39
2260,3,69
2261,1,110
2261,1,184
2261,1,116
2261,2,87
2261,2,144
2261,2,146
2261,2,54
2261,3,41
2261,3,143
2261,3,138
2261,4,146
2261,4,144
2261,4,147
2261,4,89
2262,1,150
2262,2,189
2262,3,57
2262,3,189
2263,1,36
2263,2,36
2263,3,121
2263,4,118
2263,5,36
2264,1,22
2264,2,75
2264,2,25
2264,2,155
2264,3,110
2264,4,25
2265,1,39
2265,1,90
2265,2,69
2265,3,40
2266,1,118
2266,2,98
2266,3,142
2266,3,172
2267,1,133
2267,2,161
2267,3,93
2267,4,176
2268,1,119
2268,2,192
2268,3,145
2268,4,144
2268,5,192
2269,1,76
2269,1,133
2269,2,133
2269,3,76
2269,3,133
2270,1,57
2270,2,54
2270,2,20
2270,2,164
2270,3,2
2271,1,10
2271,1,172
2271,2,127
2271,3,93
2272,1,108
2272,1,90
2272,2,69
2272,3,108
2273,1,53
2273,2,52
2273,3,87
2274,1,78
2274,1,160
2274,1,57
2274,2,145
2274,3,78
2275,1,58
2275,2,46
2275,2,60
2275,3,46
2275,3,58
2276,1,150
2276,1,83
2276,2,67
2276,3,30
2277,1,96
2277,2,193
2277,2,68
2277,3,148
2278,1,95
2278,2,55
2278,2,95
2278,2,89
2278,3,28
2279,1,83
2279,1,75
2279,2,55
2279,2,73
2279,3,75
2279,3,129
2280,1,10
2280,2,144
2280,2,55
2280,3,113
2281,1,75
2281,1,90
2281,2,108
2281,3,80
2281,3,88
2282,1,20
2282,1,162
2282,1,64
2282,2,30
2282,3,46
2282,4,46
2283,1,12
2283,2,11
2283,3,11
2283,3,165
2283,3,191
2284,1,56
2284,2,199
2284,3,56
2285,1,214
2285,1,43
2285,2,114
2285,2,162
2285,3,99
2286,1,161
2286,1,138
2286,2,129
2286,3,138
2286,4,18
2286,4,161
2286,5,161
2286,5,18
2286,6,41
2286,7,18
2287,1,77
2287,2,43
2287,3,173
2287,3,43
2288,1,51
2288,2,4
2288,3,40
2288,4,51
2289,1,164
2289,1,136
2289,2,136
2289,2,12
2289,3,121
2290,1,166
2290,2,141
2290,3,141
2290,3,28
2291,1,106
2291,2,106
2291,3,106
2291,3,120
2291,4,120
2291,4,28
2291,5,181
2291,6,102
2291,6,78
2292,1,193
2292,1,188
2292,2,44
2292,3,82
2292,3,188
2293,1,39
2293,1,113
2293,1,155
2293,2,69
2293,3,155
2294,1,51
2294,2,51
2294,2,72
2294,3,210
2294,4,16
2295,1,150
2295,2,203
2295,2,106
2295,2,66
2295,3,11
2295,3,203
2295,4,150
2295,4,95
2296,1,206
2296,2,38
2296,3,69
2296,3,39
2297,1,133
2297,1,95
2297,2,30
2297,3,9
2298,1,48
2298,1,51
2298,1,83
2298,2,69
2298,3,107
2298,3,76
2298,3,90
2299,1,59
2299,2,101
2299,2,166
2299,2,174
2299,3,174
2299,4,162
2300,1,29
2300,1,150
2300,1,132
2300,2,150
2300,3,50
2300,4,1
2301,1,76
2301,2,51
2301,2,85
2301,3,145
2301,3,123
2301,3,76
2301,4,123
2301,4,44
2301,4,76
2301,4,70
2301,4,145
2301,4,90
2301,5,5
2301,5,76
2301,6,8
2301,6,97
2302,1,58
2302,1,61
2302,2,35
2302,2,58
2302,3,150
2302,3,69
2302,3,4
2303,1,36
2303,2,121
2303,2,36
2303,3,39
2304,1,74
2304,1,72
2304,2,67
2304,2,100
2304,3,92
2304,3,146
2305,1,121
2305,2,121
2305,3,121
2305,3,28
2306,1,20
2306,1,48
2306,1,34
2306,2,40
2306,2,75
2306,3,115
2307,1,150
2307,1,113
2307,2,150
2307,3,150
2307,4,150
2308,1,22
2308,1,27
2308,2,47
2308,2,27
2308,3,46
2309,1,114
2309,1,116
2309,1,57
2309,2,95
2309,3,116
2309,4,156
2310,1,50
2310,2,50
2310,2,83
2310,3,50
2310,3,214
2311,1,44
2311,2,160
2311,3,195
2312,1,188
2312,1,146
2312,2,69
2312,3,55
2312,3,25
2313,1,131
2313,1,107
2313,2,160
2313,3,129
2314,1,119
2314,2,119
2314,2,113
2314,3,64
2314,4,121
2315,1,145
2315,1,124
2315,2,25
2315,3,25
2316,1,69
2316,2,63
2316,3,197
2316,4,25
2316,4,160
2317,1,3
2317,1,53
2317,2,25
2317,3,95
2317,3,98
2317,3,155
2318,1,195
2318,2,83
2318,2,195
2318,3,57
2318,4,83
2318,4,195
2318,5,195
2319,1,24
2319,2,24
2319,3,37
2320,1,107
2320,2,19
2320,2,18
2320,3,108
2320,4,140
2320,4,1
2321,1,89
2321,2,63
2321,2,89
2321,2,168
2321,3,106
2321,3,63
2321,4,63
2321,4,168
2321,4,106
2322,1,118
2322,2,130
2322,3,31
2322,3,20
2322,4,84
2323,1,30
2323,1,39
2323,2,4
2323,3,39
2324,1,4
2324,2,99
2324,3,4
2324,3,105
2325,1,81
2325,2,161
2325,3,58
2326,1,44
2326,2,25
2326,3,25
2326,4,39
2326,4,25
2326,5,151
2326,5,25
2326,6,177
2326,7,25
2326,7,57
2326,7,35
2327,1,48
2327,1,50
2327,2,50
2327,2,102
2327,2,58
2327,3,50
2327,4,50
2328,1,58
2328,1,61
2328,2,8
2328,2,113
2328,3,58
2328,3,61
2329,1,61
2329,1,60
2329,1,153
2329,2,60
2329,3,200
2330,1,44
2330,1,4
2330,2,197
2330,3,30
2330,4,30
2331,1,83
2331,2,171
2331,2,119
2331,3,100
2331,3,31
2331,4,83
2331,5,83
2332,1,123
2332,2,187
2332,2,165
2332,2,101
2332,2,68
2332,3,44
2332,4,162
2332,4,171
2332,4,188
2333,1,83
2333,1,150
2333,1,51
2333,2,168
2333,3,168
2333,4,16
2334,1,216
2334,2,159
2334,3,216
2334,4,76
2334,4,216
2334,5,109
2334,5,159
2334,6,216
2334,7,189
2335,1,34
2335,1,87
2335,2,10
2335,2,61
2335,3,168
2336,1,161
2336,2,161
2336,2,155
2336,3,161
2336,3,17
2337,1,119
2337,2,29
2337,2,31
2337,3,177
2337,3,31
2338,1,68
2338,2,110
2338,2,67
2338,3,148
2339,1,148
2339,2,148
2339,3,148
2339,4,57
2340,1,126
2340,2,123
2340,3,75
2341,1,57
2341,2,190
2341,3,190
2341,3,95
2342,1,98
2342,1,52
2342,1,104
2342,2,67
2342,3,30
2342,4,22
2342,4,47
2342,4,110
2342,4,46
2342,5,179
2343,1,137
2343,2,52
2343,3,90
2344,1,202
2344,2,202
2344,2,192
2344,3,24
2345,1,164
2345,1,6
2345,2,76
2345,2,6
2345,3,6
2345,4,83
2345,4,6
2345,4,69
2346,1,29
2346,2,29
2346,2,95
2346,2,124
2346,3,154
2346,3,7
2347,1,4
2347,2,4
2347,3,140
2347,3,12
2347,3,4
2347,3,139
2347,4,12
2347,4,4
2348,1,40
2348,1,158
2348,1,171
2348,1,165
2348,2,25
2348,2,63
2348,2,75
2348,3,98
2348,3,44
2348,3,125
2348,3,75
2348,3,40
2349,1,149
2349,1,73
2349,1,93
2349,2,123
2349,3,113
2349,4,77
2349,5,131
2349,6,142
2349,6,153
2349,7,131
2349,8,28
2349,9,37
2349,10,131
2349,11,98
2349,11,142
2350,1,173
2350,2,43
2350,2,67
2350,2,11
2350,2,58
2350,2,171
2350,2,173
2350,3,174
2350,3,41
2351,1,4
2351,2,123
2351,3,4
2351,4,4
2352,1,57
2352,1,39
2352,1,69
2352,1,50
2352,2,69
2352,3,69
2352,4,39
2353,1,120
2353,1,95
2353,2,85
2353,2,209
2353,3,188
2353,3,87
2353,4,64
2353,4,40
2353,5,114
2353,6,35
2353,6,153
2353,7,39
2354,1,86
2354,2,197
2354,3,81
2355,1,52
2355,2,61
2355,3,52
2355,4,69
2356,1,148
2356,2,113
2356,2,155
2356,2,52
2356,3,211
2357,1,98
2357,2,76
2357,3,99
2357,3,67
2358,1,58
2358,1,61
2358,2,168
2358,2,58
2358,2,53
2358,2,61
2358,3,67
2358,4,61
2358,5,162
2358,6,34
2359,1,67
2359,1,209
2359,2,106
2359,2,160
2359,3,16
2360,1,113
2360,1,75
2360,2,120
2360,2,67
2360,2,2
2360,3,72
2360,3,113
2360,3,118
2360,4,113
2361,1,95
2361,2,65
2361,3,45
2362,1,78
2362,2,45
2362,3,17
2363,1,48
2363,1,141
2363,1,99
2363,2,150
2363,3,141
2363,3,175
2363,3,150
2363,4,175
2364,1,208
2364,1,217
2364,2,208
2364,2,217
2364,3,56
2364,3,86
2365,1,82
2365,2,94
2365,3,100
2365,4,111
2366,1,2
2366,2,95
2366,2,154
2366,3,15
2366,3,95
2366,4,214
2367,1,15
2367,2,166
2367,3,95
2368,1,160
2368,2,160
2368,3,72
2369,1,27
2369,2,70
2369,2,10
2369,3,28
2370,1,87
2370,2,10
2370,3,69
2371,1,197
2371,2,130
2371,2,189
2371,3,70
2371,4,70
2372,1,17
2372,1,20
2372,2,58
2372,2,102
2372,3,175
2372,3,51
2373,1,73
2373,2,144
2373,3,4
2374,1,76
2374,2,99
2374,3,199
2374,3,28
2375,1,60
2375,1,78
2375,2,174
2375,2,4
2375,3,151
2376,1,29
2376,2,112
2376,3,104
2376,4,98
2376,5,194
2377,1,158
2377,1,150
2377,1,95
2377,1,16
2377,2,58
2377,2,17
2377,2,209
2377,2,102
2377,3,30
2377,3,69
2378,1,112
2378,2,32
2378,2,108
2378,3,69
2378,4,115
2379,1,25
2379,1,100
2379,2,212
2379,2,72
2379,2,118
2379,2,93
2379,3,136
2379,3,25
2380,1,49
2380,1,33
2380,1,140
2380,2,52
2380,3,69
2380,4,52
2381,1,155
2381,1,113
2381,1,155
2381,2,155
2381,3,154
2381,3,155
2382,1,124
2382,2,151
2382,3,103
2383,1,174
2383,2,178
2383,3,149
2383,3,113
2383,4,139
2384,1,144
2384,1,2
2384,2,73
2384,3,15
2384,4,98
2385,1,177
2385,2,209
2385,3,12
2385,3,19
2385,3,104
2385,4,34
2385,5,138
2385,5,174
2385,5,213
2386,1,108
2386,1,76
2386,1,210
2386,2,108
2386,3,44
2386,4,108
2387,1,51
2387,2,95
2387,2,63
2387,2,89
2387,3,56
2387,4,131
2387,5,56
2387,6,90
2388,1,81
2388,2,4
2388,3,4
2388,3,81
2389,1,136
2389,1,25
2389,2,25
2389,2,136
2389,3,145
2389,3,136
2389,4,145
2389,4,136
2390,1,63
2390,1,147
2390,1,160
2390,2,166
2390,3,30
2390,4,151
2391,1,154
2391,2,66
2391,3,174
2392,1,181
2392,2,155
2392,2,160
2392,3,181
2392,3,160
2393,1,34
2393,2,201
2393,3,170
2393,3,41
2393,3,46
2393,3,201
2394,1,110
2394,1,104
2394,1,64
2394,2,64
2394,3,104
2395,1,150
2395,1,110
2395,2,78
2395,3,120
2395,3,84
2395,4,128
2395,4,39
2395,5,105
2395,5,106
2395,6,177
2395,6,35
2396,1,3
2396,1,152
2396,2,82
2396,3,82
2396,3,4
2397,1,150
2397,2,77
2397,3,52
2397,3,67
2397,4,113
2398,1,9
2398,2,59
2398,3,174
2398,3,18
2399,1,85
2399,2,76
2399,3,17
2400,1,27
2400,1,58
2400,2,149
2400,3,26
2401,1,118
2401,2,202
2401,3,72
2401,3,202
2402,1,179
2402,2,31
2402,2,143
2402,3,179
2403,1,168
2403,1,74
2403,2,198
2403,2,41
2403,2,151
2403,3,74
2403,4,119
2403,4,171
2404,1,15
2404,2,16
2404,3,61
2405,1,12
2405,2,96
2405,3,139
2406,1,160
2406,2,80
2406,3,177
2407,1,123
2407,1,107
2407,2,209
2407,3,69
2407,3,93
2408,1,175
2408,2,76
2408,3,131
2408,3,70
2409,1,72
2409,1,25
2409,1,199
2409,2,199
2409,2,162
2409,3,97
2410,1,4
2410,1,89
2410,2,189
2410,2,35
2410,2,2
2410,2,164
2410,3,4
2410,3,144
2410,4,141
2410,4,42
2410,5,144
2410,5,42
2410,6,110
2410,6,144
2411,1,97
2411,1,128
2411,1,76
2411,2,120
2411,3,128
2411,4,120
2412,1,4
2412,2,145
2412,3,137
2413,1,55
2413,2,128
2413,3,55
2414,1,95
2414,2,30
2414,3,98
2415,1,38
2415,2,140
2415,3,121
2416,1,154
2416,1,121
2416,2,61
2416,2,45
2416,3,95
2417,1,155
2417,1,95
2417,2,83
2417,3,61
2418,1,191
2418,2,156
2418,2,151
2418,3,79
2418,3,149
2419,1,83
2419,2,54
2419,2,58
2419,2,61
2419,3,58
2420,1,93
2420,1,100
2420,2,124
2420,2,133
2420,3,100
2420,4,93
2420,4,124
2420,5,93
2420,5,107
2421,1,87
2421,2,154
2421,3,47
2421,3,76
2421,4,29
2421,4,82
2422,1,122
2422,1,72
2422,2,212
2422,2,72
2422,3,72
2422,3,122
2422,4,72
2422,4,169
2423,1,122
2423,1,83
2423,2,37
2423,3,56
2423,3,69
2423,3,128
2424,1,94
2424,2,66
2424,3,172
2424,3,151
2425,1,126
2425,2,61
2425,3,152
2425,4,44
2425,4,128
2426,1,152
2426,2,38
2426,3,87
2426,4,79
2427,1,71
2427,1,158
2427,1,21
2427,2,39
2427,2,69
2427,3,52
2427,3,155
2427,3,95
2428,1,3
2428,2,39
2428,3,4
2428,4,116
2428,5,58
2428,5,61
2429,1,188
2429,1,33
2429,1,140
2429,1,9
2429,1,1
2429,2,44
2429,3,164
2429,4,9
2430,1,124
2430,2,20
2430,3,21
2431,1,177
2431,2,124
2431,3,25
2432,1,39
2432,2,50
2432,2,52
2432,3,62
2433,1,21
2433,1,168
2433,1,37
2433,2,177
2433,2,37
2433,3,21
2434,1,58
2434,2,39
2434,3,76
2435,1,56
2435,2,56
2435,3,172
2435,3,4
2435,4,86
2435,4,80
2436,1,112
2436,2,80
2436,3,44
2436,4,95
2436,5,80
2436,6,83
2437,1,4
2437,2,17
2437,2,4
2437,3,174
2437,3,34
2438,1,4
2438,2,212
2438,3,34
2438,3,79
2438,3,129
2439,1,125
2439,1,98
2439,1,133
2439,1,11
2439,2,136
2439,2,133
2439,3,125
2439,3,133
2439,3,11
2439,4,133
2439,5,136
2439,6,136
2439,6,73
2439,6,121
2439,7,121
2440,1,187
2440,2,16
2440,3,16
2440,4,187
2441,1,67
2441,1,58
2441,1,155
2441,2,164
2441,2,63
2441,3,148
2442,1,113
2442,2,123
2442,3,105
2442,3,44
2442,4,69
2443,1,78
2443,2,34
2443,3,12
2443,3,139
2443,3,101
2444,1,27
2444,2,20
2444,3,162
2444,3,82
2444,4,82
2445,1,101
2445,1,75
2445,2,38
2445,3,38
2446,1,105
2446,2,150
2446,2,57
2446,2,72
2446,3,105
2446,4,160
2446,4,57
2447,1,61
2447,2,73
2447,3,191
2447,4,60
2447,5,204
2447,5,60
2448,1,126
2448,2,2
2448,3,104
2448,4,151
2448,5,138
2449,1,4
2449,2,122
2449,3,72
2449,4,160
2449,5,108
2449,5,47
2450,1,191
2450,2,191
2450,3,191
2450,4,191
2450,5,191
2451,1,113
2451,2,73
2451,2,143
2451,2,51
2451,3,143
2452,1,27
2452,1,188
2452,2,12
2452,3,12
2452,3,47
2452,3,27
2452,3,188
2453,1,124
2453,2,67
2453,2,27
2453,3,124
2453,3,22
2454,1,62
2454,2,67
2454,3,158
2454,4,136
2455,1,128
2455,2,54
2455,2,206
2455,3,98
2455,4,148
2455,5,124
2455,5,93
2455,6,148
2455,6,54
2455,6,164
2455,6,72
2456,1,96
2456,2,96
2456,3,52
2456,3,67
2457,1,58
2457,1,61
2457,1,106
2457,2,58
2457,2,61
2457,2,164
2457,3,150
2458,1,149
2458,2,149
2458,3,69
2459,1,166
2459,2,88
2459,2,12
2459,3,12
2459,4,96
2460,1,76
2460,2,95
2460,2,87
2460,2,58
2460,3,97
2460,3,69
2460,3,79
2460,4,140
2461,1,52
2461,1,91
2461,2,55
2461,2,166
2461,2,216
2461,3,207
2461,3,66
2461,3,198
2462,1,114
2462,2,150
2462,2,151
2462,3,105
2463,1,69
2463,2,83
2463,3,99
2463,3,83
2463,4,192
2463,4,2
2464,1,48
2464,2,48
2464,3,113
2464,3,50
2464,4,48
2464,5,103
2464,5,55
2464,6,95
2464,6,48
2464,7,25
2465,1,114
2465,2,50
2465,3,164
2465,3,145
2465,4,80
2465,4,212
2465,5,24
2466,1,10
2466,2,155
2466,2,55
2466,2,209
2466,3,108
2467,1,131
2467,2,37
2467,3,119
2468,1,98
2468,1,47
2468,1,175
2468,2,123
2468,2,98
2468,3,47
2469,1,81
2469,1,28
2469,2,83
2469,2,81
2469,3,112
2469,3,3
2469,3,80
2470,1,129
2470,1,51
2470,1,150
2470,2,37
2470,3,37
2471,1,90
2471,2,15
2471,3,4
2472,1,145
2472,2,52
2472,3,67
2472,4,66
2472,4,33
2473,1,174
2473,1,72
2473,1,59
2473,2,212
2473,2,149
2473,2,72
2473,3,72
2473,3,149
2473,4,160
2473,4,174
2474,1,117
2474,1,151
2474,1,114
2474,2,4
2474,3,48
2474,4,47
2474,4,156
2474,4,114
2474,4,30
2474,4,39
2475,1,120
2475,1,181
2475,2,10
2475,3,67
2476,1,5
2476,2,94
2476,2,144
2476,2,106
2476,3,83
2476,4,144
2476,4,83
2476,5,123
2477,1,81
2477,1,76
2477,1,70
2477,2,209
2477,2,98
2477,2,81
2477,3,81
2477,3,4
2477,4,112
2477,5,79
2477,6,156
2477,7,103
2477,8,156
2477,8,113
2477,8,10
2477,9,98
2477,10,73
2477,10,172
2477,11,102
2477,12,151
2477,12,172
2477,13,61
2477,14,80
2477,15,102
2477,16,81
2477,16,102
2477,17,102
2477,18,81
2477,18,106
2477,19,81
2477,19,175
2477,19,106
2477,19,177
2477,19,102
2478,1,77
2478,2,4
2478,3,77
2478,4,34
2478,4,2
2478,5,93
2479,1,113
2479,1,107
2479,2,133
2479,2,95
2479,3,107
2479,4,107
2479,4,113
2479,5,133
2479,5,95
2480,1,113
2480,1,145
2480,2,117
2480,3,73
2480,3,182
2480,4,121
2480,5,123
2480,6,10
2481,1,189
2481,1,85
2481,2,85
2481,3,85
2481,4,85
2482,1,63
2482,2,130
2482,3,175
2482,3,95
2483,1,116
2483,1,68
2483,2,39
2483,3,44
2483,4,39
2483,5,116
2484,1,159
2484,2,83
2484,3,159
2485,1,83
2485,1,8
2485,1,5
2485,2,160
2485,2,5
2485,2,8
2485,3,5
2485,3,74
2485,3,113
2485,3,8
2485,4,95
2486,1,194
2486,1,205
2486,1,42
2486,1,192
2486,2,3
2486,3,192
2487,1,130
2487,2,86
2487,2,93
2487,3,39
2487,3,86
2488,1,15
2488,2,98
2488,3,30
2488,4,76
2488,4,4
2488,4,176
2489,1,121
2489,1,152
2489,2,57
2489,3,67
2489,3,129
2489,3,21
2489,3,57
2490,1,47
2490,2,18
2490,2,201
2490,2,213
2490,2,174
2490,3,4
2491,1,162
2491,2,123
2491,3,162
2491,4,28
2492,1,142
2492,2,142
2492,3,142
2493,1,69
2493,1,16
2493,2,97
2493,2,98
2493,3,154
2493,3,51
2493,4,98
2493,4,16
2493,5,97
2493,5,99
2493,6,105
2493,6,184
2493,6,117
2493,7,10
2493,7,16
2493,8,34
2494,1,71
2494,2,71
2494,3,53
2494,4,71
2495,1,111
2495,1,136
2495,1,91
2495,2,212
2495,2,125
2495,2,111
2495,3,111
2495,4,111
2496,1,144
2496,2,98
2496,3,2
2496,3,122
2497,1,54
2497,2,110
2497,3,4
2497,3,54
2497,4,110
2497,5,93
2497,6,87
2498,1,76
2498,2,55
2498,3,81
2498,4,80
2499,1,89
2499,1,113
2499,2,168
2499,3,168
2499,4,168
2499,5,168
2500,1,48
2500,2,113
2500,2,67
2500,3,10
2501,1,38
2501,1,206
2501,1,63
2501,2,68
2501,2,155
2501,3,213
2502,1,83
2502,1,23
2502,2,69
2502,3,183
2502,4,160
2503,1,6
2503,1,28
2503,2,57
2503,3,98
2504,1,127
2504,2,133
2504,3,133
2504,3,77
2505,1,59
2505,2,55
2505,2,83
2505,3,67
2505,3,127
2505,3,59
2505,4,103
2506,1,197
2506,2,26
2506,3,130
2506,3,26
2507,1,78
2507,2,175
2507,2,129
2507,3,161
2508,1,97
2508,1,133
2508,2,97
2508,3,87
2508,4,87
2508,5,98
2509,1,106
2509,1,82
2509,2,82
2509,3,106
2510,1,44
2510,2,129
2510,3,83
2511,1,120
2511,1,129
2511,2,127
2511,3,129
2511,3,164
2511,4,129
2511,4,164
2512,1,118
2512,2,160
2512,2,159
2512,3,44
2512,4,113
2512,4,159
2512,5,113
2512,5,84
2512,5,159
2513,1,57
2513,1,150
2513,2,193
2513,3,12
2514,1,42
2514,2,17
2514,2,42
2514,3,29
2514,3,200
2514,4,193
2515,1,163
2515,2,176
2515,3,120
2515,3,83
2515,4,61
2515,4,89
2516,1,40
2516,2,113
2516,3,113
2517,1,32
2517,1,180
2517,1,213
2517,2,173
2517,3,201
2517,3,174
2517,3,31
2517,3,32
2517,4,173
2517,5,32
2517,6,47
2518,1,173
2518,2,69
2518,3,139
2518,3,12
2518,3,173
2519,1,80
2519,2,180
2519,3,98
2520,1,121
2520,2,168
2520,3,56
2520,4,168
2520,5,68
2521,1,48
2521,2,48
2521,3,48
2521,4,48
2522,1,15
2522,2,15
2522,3,15
2523,1,69
2523,1,39
2523,1,8
2523,1,5
2523,1,95
2523,2,204
2523,2,195
2523,2,119
2523,2,182
2523,3,180
2523,3,58
2523,3,126
2523,3,60
2524,1,168
2524,2,16
2524,3,113
2524,3,163
2524,3,53
2524,4,146
2524,4,76
2524,4,145
2525,1,121
2525,2,96
2525,2,121
2525,3,121
2525,4,121
2525,5,96
2525,6,121
2525,6,96
2526,1,69
2526,2,117
2526,3,44
2526,4,51
2526,4,160
2527,1,76
2527,2,90
2527,3,90
2528,1,116
2528,2,116
2528,2,88
2528,3,45
2528,3,116
2528,4,116
2528,4,95
2529,1,73
2529,2,73
2529,3,73
2529,4,103
2529,5,103
2529,6,177
2530,1,95
2530,2,48
2530,3,113
2531,1,54
2531,2,211
2531,3,54
2532,1,39
2532,1,210
2532,2,39
2532,2,210
2532,3,39
2532,4,55
2532,4,27
2532,5,70
2532,5,69
2533,1,87
2533,1,106
2533,2,106
2533,2,145
2533,2,67
2533,3,20
2534,1,76
2534,1,120
2534,2,95
2534,2,120
2534,3,67
2534,3,21
2534,3,95
2534,4,215
2535,1,93
2535,2,120
2535,2,2
2535,3,17
2535,3,93
2535,4,120
2535,4,2
2535,5,34
2535,5,120
2535,6,2
2535,6,120
2535,6,209
2536,1,150
2536,1,95
2536,2,150
2536,3,76
2536,4,117
2537,1,83
2537,1,81
2537,2,41
2537,3,45
2537,3,170
2538,1,100
2538,1,67
2538,1,164
2538,1,183
2538,2,208
2538,2,164
2538,2,146
2538,2,144
2538,3,75
2538,3,164
2538,4,120
2538,4,158
2539,1,131
2539,2,52
2539,3,69
2540,1,217
2540,2,125
2540,3,154
2540,3,61
2540,3,4
2541,1,80
2541,2,80
2541,3,2
2541,3,80
2541,3,60
2541,4,68
2542,1,103
2542,2,48
2542,2,160
2542,3,146
2542,3,83
2542,4,106
2542,4,108
2543,1,69
2543,2,79
2543,2,80
2543,3,79
2543,3,80
2544,1,129
2544,1,59
2544,2,59
2544,3,129
2544,3,59
2545,1,168
2545,2,51
2545,2,50
2545,3,177
2545,4,75
2546,1,95
2546,1,48
2546,2,57
2546,3,155
2546,3,162
2546,4,34
2547,1,209
2547,2,58
2547,2,2
2547,3,22
2547,3,61
2547,3,58
2548,1,66
2548,1,129
2548,2,174
2548,3,160
2548,4,191
2548,4,93
2548,4,213
2548,4,40
2549,1,121
2549,2,20
2549,2,188
2549,3,9
2549,3,82
2550,1,87
2550,2,133
2550,2,83
2550,3,156
2550,4,133
2550,4,113
2550,5,73
2550,6,113
2550,6,133
2550,7,27
2550,7,121
2550,8,113
2551,1,137
2551,2,137
2551,3,155
2551,3,101
2551,4,101
2551,4,120
2552,1,23
2552,1,95
2552,2,155
2552,2,20
2552,3,98
2552,4,73
2553,1,167
2553,2,14
2553,3,155
2554,1,75
2554,1,160
2554,2,160
2554,3,75
2554,3,160
2555,1,207
2555,1,18
2555,2,207
2555,2,16
2555,3,123
2555,3,31
2556,1,20
2556,1,155
2556,2,180
2556,3,148
2556,4,23
2557,1,157
2557,1,14
2557,2,198
2557,3,169
2557,3,14
2557,4,157
2558,1,76
2558,1,105
2558,2,105
2558,3,44
2559,1,123
2559,2,48
2559,3,160
2560,1,62
2560,2,99
2560,3,121
2560,3,167
2561,1,113
2561,2,38
2561,3,51
2561,4,95
2561,4,79
2562,1,100
2562,1,82
2562,2,100
2562,2,82
2562,3,171
2562,4,67
2562,5,101
2562,5,82
2563,1,28
2563,2,25
2563,3,162
2563,3,25
2563,4,162
2564,1,168
2564,2,116
2564,2,2
2564,3,168
2564,3,80
2565,1,16
2565,2,34
2565,2,141
2565,2,48
2565,3,2
2565,3,48
2565,3,34
2565,3,141
2565,3,151
2566,1,186
2566,1,2
2566,2,163
2566,2,75
2566,3,186
2567,1,91
2567,2,111
2567,2,93
2567,2,52
2567,2,155
2567,3,215
2568,1,121
2568,2,133
2568,2,113
2568,3,133
2568,3,113
2568,3,98
2568,4,133
2569,1,149
2569,2,22
2569,2,27
2569,2,79
2569,2,192
2569,3,47
2570,1,155
2570,1,3
2570,2,95
2570,3,181
2570,3,23
2571,1,145
2571,2,145
2571,3,100
2571,3,145
2572,1,95
2572,2,155
2572,3,140
2572,4,190
2572,4,140
2572,5,155
2572,6,155
2572,7,95
2573,1,127
2573,2,127
2573,3,127
2573,4,10
2573,4,127
2573,5,127
2573,6,127
2573,7,127
2574,1,4
2574,1,186
2574,2,186
2574,3,81
2574,3,118
2574,3,4
2574,4,186
2574,5,110
2575,1,179
2575,2,201
2575,2,31
2575,3,105
2575,3,116
2575,3,114
2576,1,145
2576,1,127
2576,1,63
2576,2,118
2576,3,78
2577,1,61
2577,2,19
2577,2,4
2577,3,19
2578,1,2
2578,2,5
2578,2,125
2578,3,5
2578,3,153
2578,4,153
2578,4,5
2579,1,119
2579,2,161
2579,2,119
2579,3,131
2580,1,207
2580,2,176
2580,3,176
2581,1,112
2581,1,162
2581,2,172
2581,2,102
2581,2,128
2581,2,130
2581,2,162
2581,3,162
2581,3,172
2581,4,162
2581,4,80
2581,4,172
2582,1,185
2582,1,182
2582,2,185
2582,3,38
2583,1,136
2583,1,145
2583,2,190
2583,3,166
2583,4,21
2583,5,147
2583,5,100
2583,6,128
2583,6,78
2583,7,57
2583,8,90
2584,1,57
2584,2,38
2584,2,160
2584,3,89
2584,3,160
2584,4,160
2585,1,89
2585,2,21
2585,3,200
2585,3,21
2586,1,95
2586,1,146
2586,2,146
2586,3,146
2587,1,51
2587,2,83
2587,2,150
2587,3,48
2587,3,99
2588,1,38
2588,2,119
2588,3,123
2588,4,123
2588,5,38
2589,1,188
2589,2,199
2589,3,188
2589,4,59
2589,4,188
2589,5,199
2589,5,3
2589,6,168
2590,1,27
2590,1,47
2590,1,162
2590,2,108
2590,3,102
2591,1,158
2591,2,58
2591,3,113
2591,4,34
2592,1,148
2592,1,118
2592,2,146
2592,3,72
2593,1,90
2593,2,68
2593,3,166
2593,4,183
2593,4,164
2594,1,179
2594,2,65
2594,3,65
2595,1,29
2595,1,23
2595,2,98
2595,3,29
2595,3,66
2595,4,29
2595,4,23
2596,1,45
2596,1,78
2596,1,149
2596,1,188
2596,1,28
2596,2,122
2596,2,45
2596,2,162
2596,2,46
2596,3,61
2596,3,45
2596,3,28
2596,3,149
2597,1,56
2597,1,10
2597,2,145
2597,2,58
2597,2,53
2597,3,35
2597,4,80
2597,4,95
2597,4,47
2598,1,4
2598,1,23
2598,2,34
2598,3,158
2598,4,23
2598,5,15
2599,1,88
2599,2,128
2599,3,38
2599,4,128
2600,1,173
2600,2,77
2600,3,94
2600,4,77
2600,5,94
2600,6,77
2600,7,100
2600,7,204
2600,8,77
2600,8,132
2601,1,36
2601,2,105
2601,3,16
2601,3,36
2601,4,123
2601,4,150
2601,5,21
2602,1,17
2602,2,30
2602,3,30
2602,4,30
2602,5,88
2603,1,78
2603,2,75
2603,3,190
2603,3,110
2603,3,75
2604,1,203
2604,2,121
2604,2,76
2604,3,118
2604,4,133
2605,1,98
2605,2,212
2605,2,113
2605,3,67
2606,1,124
2606,2,23
2606,3,101
2606,4,43
2607,1,115
2607,1,161
2607,2,115
2607,2,161
2607,3,69
2607,3,57
2608,1,63
2608,2,95
2608,3,6
2608,4,6
2608,5,76
2608,5,98
2608,6,154
2609,1,94
2609,2,94
2609,3,131
2609,3,164
2610,1,25
2610,1,16
2610,1,123
2610,2,25
2610,2,70
2610,2,113
2610,2,16
2610,2,98
2610,3,70
2610,3,25
2610,3,11
2611,1,70
2611,2,4
2611,2,70
2611,2,150
2611,2,61
2611,2,40
2611,3,2
2612,1,4
2612,1,44
2612,2,195
2612,3,38
2613,1,63
2613,1,84
2613,2,63
2613,2,113
2613,3,63
2614,1,4
2614,2,38
2614,3,107
2614,3,169
2614,3,65
2615,1,62
2615,1,150
2615,2,173
2615,2,166
2615,3,48
2615,4,43
2615,4,198
2615,4,179
2616,1,125
2616,1,37
2616,2,120
2616,2,106
2616,2,159
2616,3,123
2617,1,2
2617,2,98
2617,2,4
2617,2,97
2617,2,67
2617,3,155
2617,4,34
2618,1,31
2618,1,14
2618,2,38
2618,2,59
2618,3,77
2618,4,9
2618,4,14
2618,4,198
2619,1,4
2619,1,146
2619,1,124
2619,2,13
2619,2,56
2619,3,56
2620,1,169
2620,2,72
2620,2,169
2620,3,169
2620,3,61
2621,1,38
2621,1,202
2621,2,44
2621,3,202
2621,4,202
2622,1,40
2622,1,121
2622,2,40
2622,2,121
2622,3,121
2622,3,40
2622,4,38
2623,1,195
2623,2,118
2623,3,185
2623,4,69
2624,1,60
2624,1,196
2624,2,202
2624,2,141
2624,3,152
2625,1,12
2625,2,195
2625,3,39
2625,3,10
2625,4,119
2625,4,76
2625,5,73
2626,1,30
2626,1,152
2626,2,30
2626,3,152
2627,1,194
2627,1,5
2627,2,73
2627,3,16
2627,3,35
2627,4,42
2627,4,125
2628,1,125
2628,2,37
2628,3,78
2628,3,132
2629,1,133
2629,2,133
2629,3,34
2630,1,11
2630,1,125
2630,2,98
2630,3,167
2630,3,4
2631,1,160
2631,2,130
2631,3,161
2632,1,95
2632,1,89
2632,1,38
2632,1,39
2632,1,164
2632,1,2
2632,2,98
2632,3,197
2633,1,159
2633,1,160
2633,2,132
2633,3,160
2633,4,160
2634,1,76
2634,2,98
2634,3,47
2635,1,117
2635,1,116
2635,1,4
2635,2,100
2635,2,54
2635,2,164
2635,3,3
2635,3,133
2635,4,116
2635,4,105
2635,4,4
2636,1,58
2636,2,156
2636,3,144
2636,4,97
2636,4,119
2636,5,119
2637,1,192
2637,2,125
2637,3,17
2637,4,17
2637,4,192
2637,5,17
2637,6,194
2638,1,159
2638,2,123
2638,3,67
2639,1,188
2639,1,90
2639,1,47
2639,2,90
2639,2,125
2639,3,10
2639,4,90
2639,5,194
2640,1,39
2640,1,113
2640,1,123
2640,1,67
2640,2,123
2640,2,39
2640,3,72
2640,3,192
2641,1,192
2641,1,95
2641,2,192
2641,3,192
2642,1,171
2642,2,25
2642,3,165
2643,1,33
2643,1,20
2643,1,36
2643,2,36
2643,2,14
2643,3,36
2643,3,14
2644,1,191
2644,2,122
2644,3,191
2645,1,61
2645,2,62
2645,3,76
2645,3,98
2646,1,95
2646,1,67
2646,2,67
2646,2,95
2646,3,153
2647,1,34
2647,2,206
2647,3,155
2647,3,110
2648,1,16
2648,1,8
2648,2,48
2648,2,155
2648,3,108
2649,1,123
2649,2,83
2649,2,158
2649,2,72
2649,3,160
2649,3,75
2649,4,123
2649,5,72
2649,5,158
2649,5,113
2649,6,57
2650,1,48
2650,1,95
2650,2,76
2650,2,175
2650,3,44
2650,4,76
2651,1,26
2651,2,26
2651,3,26
2651,3,15
2652,1,154
2652,2,185
2652,2,68
2652,3,98
2652,3,113
2653,1,21
2653,2,30
2653,2,68
2653,2,31
2653,3,174
2654,1,202
2654,2,202
2654,3,206
2654,3,202
2654,3,133
2654,3,212
2655,1,2
2655,1,175
2655,2,150
2655,2,2
2655,3,150
2656,1,76
2656,2,83
2656,3,76
2656,4,98
2657,1,210
2657,2,121
2657,2,100
2657,3,100
2658,1,47
2658,2,122
2658,3,4
2658,3,122
2658,4,47
2659,1,74
2659,2,65
2659,3,95
2659,3,75
2659,4,74
2660,1,160
2660,2,73
2660,2,168
2660,3,170
2660,3,214
2661,1,121
2661,2,121
2661,3,166
2661,3,94
2661,4,166
2662,1,8
2662,2,109
2662,3,95
2663,1,57
2663,2,120
2663,3,101
2663,3,164
2664,1,15
2664,2,56
2664,3,56
2664,4,198
2665,1,65
2665,1,20
2665,2,46
2665,3,20
2666,1,39
2666,2,155
2666,3,29
2667,1,4
2667,2,41
2667,3,41
2667,3,18
2667,3,4
2668,1,66
2668,2,86
2668,3,18
2669,1,54
2669,1,37
2669,1,152
2669,2,37
2669,2,110
2669,3,3
2670,1,136
2670,1,38
2670,1,150
2670,1,148
2670,2,164
2670,3,96
2670,3,117
2671,1,113
2671,1,8
2671,2,113
2671,2,182
2671,3,132
2671,4,182
2671,4,83
2671,4,113
2671,5,88
2672,1,44
2672,2,64
2672,3,16
2673,1,4
2673,2,4
2673,2,78
2673,2,141
2673,3,21
2673,3,125
2673,4,141
2673,4,4
2674,1,30
2674,2,30
2674,3,30
2675,1,162
2675,2,180
2675,3,15
2676,1,34
2676,2,34
2676,3,34
2676,4,113
2676,4,34
2677,1,160
2677,2,160
2677,3,160
2678,1,106
2678,2,152
2678,3,37
2678,4,152
2678,5,37
2678,5,82
2678,6,28
2679,1,12
2679,2,118
2679,3,85
2680,1,70
2680,2,113
2680,3,10
2681,1,6
2681,1,63
2681,2,95
2681,2,5
2681,3,168
2681,4,79
2681,4,83
2681,4,74
2682,1,193
2682,2,180
2682,3,216
2683,1,132
2683,2,84
2683,3,132
2683,4,103
2683,5,153
2683,5,93
2684,1,39
2684,2,141
2684,2,50
2684,3,39
2685,1,14
2685,2,56
2685,3,56
2686,1,152
2686,2,152
2686,3,123
2686,4,36
2686,4,127
2686,5,36
2686,5,127
2686,6,47
2686,7,186
2686,7,84
2687,1,177
2687,1,55
2687,2,25
2687,2,176
2687,3,25
2687,3,177
2687,4,37
2688,1,76
2688,2,142
2688,3,156
2688,3,61
2688,3,58
2688,4,79
2688,5,1
2688,5,127
2689,1,123
2689,2,168
2689,3,53
2689,4,80
2689,5,2
2690,1,129
2690,1,157
2690,2,129
2690,2,22
2690,2,122
2690,3,157
2690,4,176
2690,4,157
2691,1,52
2691,2,52
2691,3,52
2691,3,3
2692,1,121
2692,1,207
2692,2,121
2692,3,207
2692,3,121
2693,1,98
2693,1,30
2693,2,30
2693,3,30
2694,1,39
2694,2,76
2694,3,32
2695,1,113
2695,1,23
2695,2,23
2695,2,113
2695,3,113
2695,4,87
2695,4,68
2695,4,68
2695,5,69
2695,6,160
2696,1,112
2696,2,209
2696,3,129
2696,3,121
2696,3,80
2696,4,30
2697,1,107
2697,2,107
2697,3,107
2698,1,146
2698,1,58
2698,1,85
2698,2,194
2698,2,58
2698,3,81
2698,4,172
2699,1,96
2699,2,95
2699,3,59
2700,1,113
2700,2,121
2700,3,121
2700,4,121
2700,5,113
2701,1,69
2701,2,39
2701,2,69
2701,3,95
2701,4,168
2702,1,202
2702,2,110
2702,3,59
2702,3,110
2703,1,36
2703,2,121
2703,2,82
2703,2,73
2703,3,215
2704,1,160
2704,2,9
2704,3,181
2704,3,84
2704,3,9
2705,1,1
2705,1,200
2705,1,42
2705,2,83
2705,2,192
2705,3,156
2705,3,34
2705,3,154
2705,4,34
2705,5,29
2706,1,129
2706,2,127
2706,2,152
2706,3,152
2706,4,129
2706,4,82
2707,1,42
2707,1,139
2707,1,17
2707,1,19
2707,2,64
2707,2,43
2707,2,19
2707,3,19
2707,3,22
2707,3,64
2707,4,104
2708,1,36
2708,2,3
2708,2,79
2708,3,36
2709,1,21
2709,2,200
2709,3,174
2709,3,66
2710,1,36
2710,2,212
2710,3,168
2711,1,216
2711,1,194
2711,2,216
2711,3,45
2711,3,216
2712,1,205
2712,2,90
2712,3,134
2712,4,215
2713,1,121
2713,1,129
2713,2,61
2713,2,53
2713,2,58
2713,3,159
2713,3,58
2714,1,98
2714,2,4
2714,2,76
2714,3,126
2714,4,126
2714,5,76
2715,1,168
2715,2,44
2715,3,44
2716,1,176
2716,2,55
2716,2,7
2716,3,3
2716,3,50
2716,4,16
2716,4,7
2716,4,55
2717,1,128
2717,2,123
2717,3,57
2718,1,145
2718,1,87
2718,1,88
2718,2,10
2718,3,64
2718,3,92
2718,3,31
2718,4,137
2719,1,155
2719,2,155
2719,3,155
2719,3,101
2720,1,189
2720,2,126
2720,3,127
2720,4,50
2721,1,42
2721,1,210
2721,2,42
2721,2,192
2721,3,8
2721,3,74
2721,3,42
2722,1,83
2722,1,69
2722,1,189
2722,2,16
2722,3,189
2722,3,83
2722,4,46
2722,4,58
2722,5,58
2722,5,46
2723,1,11
2723,2,125
2723,3,47
2724,1,189
2724,1,150
2724,1,16
2724,2,39
2724,3,141
2724,4,10
2724,5,16
2724,5,150
2724,6,39
2725,1,114
2725,2,105
2725,2,73
2725,3,128
2725,4,85
2725,4,175
2725,4,51
2725,5,105
2725,6,110
2725,6,49
2725,6,33
2725,7,184
2726,1,209
2726,2,127
2726,3,80
2726,4,49
2726,4,162
2726,4,22
2726,4,79
2726,4,209
2727,1,104
2727,1,190
2727,2,130
2727,3,130
2727,4,124
2727,4,104
2727,4,42
2727,5,190
2727,5,47
2727,6,104
2727,6,124
2727,7,190
2728,1,188
2728,2,11
2728,3,99
2729,1,123
2729,2,4
2729,3,61
2730,1,148
2730,2,136
2730,3,21
2731,1,163
2731,2,163
2731,2,113
2731,2,6
2731,3,160
2732,1,205
2732,1,95
2732,1,211
2732,2,192
2732,3,69
2732,3,154
2732,3,192
2732,4,192
2732,5,85
2732,5,210
2732,6,205
2732,7,192
2732,8,76
2732,8,119
2732,9,192
2733,1,169
2733,1,151
2733,2,49
2733,3,169
2734,1,58
2734,1,61
2734,2,182
2734,3,16
2734,3,5
2735,1,168
2735,1,192
2735,2,119
2735,2,2
2735,3,2
2735,4,30
2735,5,70
2736,1,151
2736,2,98
2736,3,98
2737,1,76
2737,2,38
2737,2,39
2737,3,166
2737,4,61
2737,4,119
2738,1,110
2738,1,61
2738,1,58
2738,2,151
2738,2,81
2738,2,58
2738,3,61
2738,4,51
2738,4,99
2738,4,15
2738,4,141
2738,4,76
2739,1,33
2739,2,52
2739,2,83
2739,3,123
2740,1,171
2740,1,139
2740,2,104
2740,3,104
2740,4,171
2741,1,45
2741,2,45
2741,3,87
2742,1,182
2742,1,61
2742,2,101
2742,2,74
2742,3,119
2742,3,136
2742,4,182
2742,4,70
2742,5,182
2742,6,92
2743,1,141
2743,1,48
2743,1,76
2743,2,4
2743,3,39
2744,1,118
2744,2,195
2744,3,58
2744,3,4
2744,3,151
2745,1,79
2745,2,79
2745,3,108
2745,3,79
2745,4,78
2746,1,95
2746,2,90
2746,2,10
2746,3,163
2746,3,146
2747,1,123
2747,2,133
2747,3,133
2748,1,113
2748,1,141
2748,2,73
2748,3,197
2748,4,28
2748,4,141
2748,5,141
2748,5,103
2748,6,2
2749,1,63
2749,1,160
2749,2,160
2749,2,117
2749,2,77
2749,3,184
2749,3,160
2750,1,209
2750,2,209
2750,3,129
2750,3,161
2751,1,123
2751,2,196
2751,3,124
2751,4,123
2751,5,124
2752,1,39
2752,2,95
2752,2,63
2752,2,39
2752,3,163
2752,4,44
2752,4,39
2752,4,63
2752,4,154
2752,4,210
2752,5,49
2752,5,25
2753,1,38
2753,2,38
2753,3,69
2753,4,69
2753,4,90
2754,1,176
2754,2,84
2754,3,31
2755,1,142
2755,2,142
2755,3,166
2755,3,4
2755,4,133
2756,1,76
2756,1,67
2756,2,76
2756,2,10
2756,2,67
2756,2,69
2756,3,10
2757,1,70
2757,2,67
2757,2,83
2757,3,78
2757,4,155
2757,5,98
2757,6,155
2757,6,40
2758,1,61
2758,1,113
2758,2,44
2758,2,138
2758,3,61
2758,4,34
2758,4,139
2758,4,123
2759,1,14
2759,2,146
2759,3,52
2760,1,51
2760,1,50
2760,1,175
2760,1,76
2760,2,10
2760,2,16
2760,3,10
2761,1,188
2761,2,109
2761,3,109
2762,1,95
2762,1,120
2762,2,160
2762,2,193
2762,3,67
2763,1,82
2763,2,82
2763,3,207
2764,1,129
2764,2,99
2764,3,89
2764,3,67
2764,3,98
2764,4,85
2764,5,133
2765,1,12
2765,2,12
2765,2,20
2765,2,19
2765,3,138
2765,4,12
2765,4,104
2766,1,212
2766,2,212
2766,3,209
2767,1,175
2767,2,106
2767,3,44
2767,4,37
2768,1,76
2768,2,73
2768,2,69
2768,3,192
2768,3,16
2768,3,156
2768,3,184
2769,1,131
2769,2,155
2769,2,20
2769,3,150
2769,3,72
2770,1,67
2770,2,67
2770,3,67
2770,4,94
2770,5,93
2771,1,48
2771,1,95
2771,2,48
2771,3,131
2771,4,126
2771,5,48
2771,6,97
2771,7,34
2771,7,48
2772,1,120
2772,2,152
2772,3,106
2773,1,97
2773,2,97
2773,3,97
2774,1,164
2774,2,164
2774,3,164
2774,4,164
2775,1,133
2775,1,113
2775,2,113
2775,2,80
2775,3,83
2775,4,113
2776,1,51
2776,2,95
2776,3,205
2776,3,83
2776,4,117
2776,4,116
2776,5,184
2776,5,115
2776,5,123
2776,6,123
2776,7,58
2777,1,168
2777,2,183
2777,2,66
2777,3,168
2778,1,69
2778,2,149
2778,3,4
2778,3,149
2778,3,70
2778,3,47
2779,1,51
2779,1,83
2779,2,123
2779,3,83
2779,3,51
2779,3,93
2779,3,69
2780,1,136
2780,2,67
2780,3,67
2781,1,17
2781,1,33
2781,2,161
2781,3,99
2781,3,7
2781,3,201
2781,4,30
2782,1,73
2782,2,59
2782,3,170
2783,1,51
2783,1,33
2783,2,16
2783,2,51
2783,3,105
2783,3,103
2784,1,17
2784,2,38
2784,3,38
2785,1,76
2785,1,71
2785,1,69
2785,2,76
2785,2,71
2785,3,71
2786,1,176
2786,1,83
2786,2,19
2786,3,176
2787,1,99
2787,2,20
2787,2,150
2787,3,113
2787,3,150
2787,4,28
2787,4,150
2787,5,51
2787,5,162
2788,1,46
2788,2,47
2788,3,47
2788,4,12
2788,4,104
2789,1,123
2789,2,128
2789,3,48
2789,3,51
2789,3,136
2789,4,57
2789,5,128
2789,6,123
2790,1,89
2790,2,164
2790,2,83
2790,3,87
2790,3,164
2790,3,76
2790,4,164
2791,1,185
2791,2,185
2791,3,185
2792,1,131
2792,1,22
2792,2,129
2792,3,129
2792,4,20
2792,5,20
2793,1,136
2793,1,196
2793,1,192
2793,2,206
2793,2,205
2793,3,196
2793,3,100
2794,1,95
2794,2,208
2794,3,44
2794,4,210
2794,5,95
2795,1,95
2795,1,133
2795,2,154
2795,2,133
2795,3,130
2795,3,118
2796,1,211
2796,2,77
2796,2,166
2796,2,158
2796,2,14
2796,3,25
2796,3,147
2796,4,211
2797,1,11
2797,2,216
2797,3,212
2797,4,59
2797,4,20
2797,4,38
2798,1,25
2798,1,153
2798,1,147
2798,2,147
2798,2,151
2798,2,103
2798,2,55
2798,3,25
2799,1,100
2799,2,136
2799,3,66
2799,3,32
2799,3,213
2799,4,63
2799,4,12
2799,5,173
2800,1,95
2800,2,104
2800,3,123
2801,1,76
2801,1,150
2801,2,150
2801,3,150
2801,4,151
2801,5,150
2802,1,53
2802,1,113
2802,2,146
2802,3,69
2802,4,48
2802,4,113
2802,5,39
2802,6,182
2802,6,154
2802,7,69
2803,1,178
2803,1,83
2803,1,212
2803,2,212
2803,2,160
2803,2,178
2803,3,178
2803,3,212
2803,4,83
2803,5,178
2803,5,212
2804,1,107
2804,1,207
2804,2,207
2804,3,166
2805,1,210
2805,2,207
2805,2,63
2805,3,113
2805,3,105
2806,1,78
2806,2,79
2806,3,136
2806,4,136
2807,1,176
2807,2,154
2807,2,23
2807,3,23
2808,1,126
2808,2,121
2808,2,100
2808,3,173
2809,1,63
2809,2,2
2809,3,63
2810,1,179
2810,2,130
2810,3,87
2810,3,83
2810,3,52
2810,4,173
2810,4,119
2810,4,78
2810,4,55
2811,1,189
2811,2,189
2811,2,123
2811,3,189
2812,1,67
2812,1,100
2812,2,166
2812,3,216
2813,1,67
2813,1,83
2813,2,1
2813,3,76
2813,3,67
2813,4,67
2814,1,21
2814,1,12
2814,2,200
2814,2,19
2814,2,64
2814,3,104
2814,4,213
2814,4,66
2815,1,197
2815,2,34
2815,3,214
2816,1,127
2816,2,164
2816,3,28
2816,3,55
2816,3,33
2816,4,164
2816,4,127
2817,1,39
2817,1,57
2817,2,160
2817,3,148
2818,1,10
2818,1,200
2818,2,11
2818,3,191
2819,1,93
2819,2,55
2819,2,25
2819,2,176
2819,3,77
2820,1,216
2820,2,199
2820,3,202
2821,1,61
2821,1,67
2821,2,61
2821,3,167
2822,1,57
2822,2,120
2822,2,160
2822,3,127
2822,3,186
2823,1,3
2823,2,25
2823,2,3
2823,3,25
2823,4,3
2824,1,105
2824,1,83
2824,2,47
2824,3,105
2824,4,61
2824,4,105
2824,4,58
2824,5,28
2824,5,105
2825,1,93
2825,2,76
2825,3,93
2825,4,96
2825,4,34
2826,1,42
2826,2,42
2826,3,3
2827,1,97
2827,2,21
2827,3,61
2827,4,73
2827,5,107
2827,6,108
2827,6,2
2827,6,79
2828,1,22
2828,2,75
2828,3,130
2828,4,28
2828,4,67
2828,5,203
2828,5,197
2829,1,108
2829,1,140
2829,1,37
2829,1,3
2829,2,193
2829,3,27
2829,3,79
2830,1,166
2830,2,179
2830,3,165
2831,1,145
2831,1,95
2831,1,63
2831,2,63
2831,2,4
2831,3,34
2832,1,166
2832,2,208
2832,3,128
2832,3,208
2833,1,73
2833,2,163
2833,2,2
2833,2,164
2833,3,162
2833,3,27
2834,1,216
2834,2,216
2834,3,110
2834,3,216
2834,4,47
2834,4,216
2835,1,71
2835,1,3
2835,2,35
2835,3,71
2835,3,4
2835,4,47
2835,4,4
2835,4,15
2835,5,71
2836,1,205
2836,1,90
2836,1,4
2836,2,79
2836,2,126
2836,3,79
2836,4,190
2837,1,3
2837,2,18
2837,2,3
2837,2,80
2837,3,178
2837,4,15
2838,1,209
2838,2,145
2838,3,14
2838,3,147
2838,3,93
2838,3,209
2838,4,155
2838,4,73
2838,4,52
2838,5,77
2838,5,155
2838,6,155
2838,6,14
2838,6,173
2839,1,158
2839,1,83
2839,2,152
2839,3,158
2839,3,84
2839,4,77
2839,4,160
2839,4,94
2839,4,57
2839,4,146
2839,5,152
2840,1,150
2840,2,141
2840,3,141
2840,4,115
2841,1,41
2841,1,136
2841,1,138
2841,2,31
2841,2,43
2841,2,138
2841,3,162
2841,3,66
2841,4,66
2842,1,70
2842,2,182
2842,2,77
2842,3,195
2842,3,154
2843,1,8
2843,2,4
2843,2,53
2843,3,52
2843,4,53
2843,4,4
2844,1,14
2844,2,43
2844,2,87
2844,3,14
2844,3,67
2844,4,148
2844,5,148
2844,5,198
2844,6,46
2844,7,188
2844,8,148
2845,1,9
2845,1,78
2845,2,69
2845,3,9
2845,4,78
2845,5,78
2845,5,98
2845,5,83
2846,1,83
2846,1,67
2846,1,29
2846,2,86
2846,2,67
2846,3,67
2846,4,37
2847,1,146
2847,2,160
2847,2,175
2847,3,67
2847,4,175
2847,5,164
2848,1,12
2848,2,12
2848,2,39
2848,3,98
2848,4,139
2848,4,39
2848,4,210
2848,5,98
2848,5,151
2848,6,39
2849,1,101
2849,1,122
2849,2,30
2849,3,43
2849,4,101
2849,4,107
2849,5,32
2849,5,107
2849,6,101
2849,6,107
2849,7,107
2849,7,101
2850,1,215
2850,2,210
2850,3,46
2850,4,69
2851,1,38
2851,2,133
2851,2,78
2851,3,130
2852,1,57
2852,1,205
2852,2,192
2852,2,70
2852,2,69
2852,3,69
2852,3,150
2852,3,70
2852,3,76
2852,4,70
2853,1,106
2853,2,89
2853,3,160
2854,1,61
2854,2,38
2854,3,4
2854,3,95
2855,1,197
2855,2,72
2855,3,145
2855,3,72
2856,1,5
2856,2,5
2856,3,5
2856,3,113
2856,4,10
2857,1,12
2857,2,12
2857,3,7
2857,3,96
2857,3,41
2857,4,104
2857,5,138
2857,5,31
2858,1,5
2858,1,160
2858,2,90
2858,3,90
2859,1,150
2859,2,44
2859,3,176
2859,3,150
2860,1,19
2860,1,106
2860,1,64
2860,2,85
2860,3,85
2860,4,133
2860,5,97
2861,1,3
2861,2,7
2861,3,35
2861,4,35
2861,5,7
2861,6,213
2861,6,121
2862,1,64
2862,2,64
2862,3,130
2862,3,56
2862,4,32
2862,4,139
2862,5,137
2862,6,67
2862,7,67
2862,7,101
2863,1,145
2863,1,128
2863,2,83
2863,3,133
2864,1,52
2864,1,73
2864,1,153
2864,1,123
2864,2,44
2864,3,106
2864,4,159
2865,1,158
2865,1,14
2865,2,158
2865,3,94
2866,1,72
2866,1,75
2866,2,72
2866,2,114
2866,3,50
2866,3,160
2866,4,123
2866,5,72
2866,5,131
2866,6,72
2866,6,114
2866,6,72
2866,7,160
2866,7,212
2867,1,4
2867,2,67
2867,3,106
2867,3,8
2867,4,4
2868,1,171
2868,1,82
2868,2,61
2868,3,32
2869,1,6
2869,2,6
2869,2,3
2869,2,164
2869,3,3
2869,3,164
2870,1,87
2870,2,10
2870,3,44
2871,1,205
2871,1,168
2871,2,80
2871,3,154
2872,1,197
2872,1,121
2872,2,121
2872,3,121
2873,1,23
2873,2,181
2873,2,14
2873,3,171
2873,3,67
2873,4,14
2873,4,181
2873,5,181
2873,5,14
2873,6,120
2873,7,198
2873,7,67
2874,1,128
2874,2,95
2874,3,212
2874,4,44
2875,1,136
2875,1,67
2875,2,52
2875,2,92
2875,2,29
2875,3,32
2875,3,52
2876,1,38
2876,2,38
2876,3,82
2877,1,13
2877,1,93
2877,2,101
2877,2,148
2877,3,120
2877,4,166
2878,1,175
2878,2,51
2878,2,175
2878,3,141
2879,1,50
2879,1,88
2879,2,105
2879,3,78
2880,1,97
2880,2,95
2880,2,61
2880,3,97
2880,3,128
2880,4,34
2880,5,97
2881,1,4
2881,2,4
2881,3,165
2881,3,206
2881,4,206
2882,1,95
2882,2,99
2882,3,99
2883,1,85
2883,2,101
2883,3,66
2883,3,174
2884,1,157
2884,1,118
2884,2,82
2884,3,3
2884,3,53
2884,3,140
2885,1,93
2885,2,77
2885,3,58
2886,1,190
2886,2,83
2886,3,45
2886,4,107
2886,5,157
2887,1,22
2887,2,121
2887,2,86
2887,3,98
2888,1,105
2888,1,72
2888,2,155
2888,3,95
2888,3,48
2888,4,83
2888,4,114
2889,1,186
2889,1,42
2889,2,186
2889,2,85
2889,3,3
2890,1,128
2890,2,76
2890,2,69
2890,2,117
2890,3,128
2891,1,67
2891,1,113
2891,2,105
2891,2,95
2891,3,98
2892,1,76
2892,2,77
2892,3,9
2892,4,129
2892,5,9
2893,1,38
2893,2,172
2893,2,160
2893,3,72
2894,1,130
2894,2,33
2894,3,139
2894,4,22
2894,4,33
2894,4,162
2895,1,150
2895,2,35
2895,3,175
2896,1,120
2896,2,181
2896,3,191
2896,3,93
2896,3,120
2897,1,216
2897,2,97
2897,3,82
2898,1,144
2898,2,168
2898,3,22
2898,4,61
2899,1,74
2899,1,57
2899,1,76
2899,2,164
2899,3,83
2900,1,119
2900,1,85
2900,2,126
2900,2,85
2900,2,12
2900,3,85
2900,4,85
2900,5,85
2900,6,85
2900,6,192
2900,6,126
2900,7,126
2900,8,85
2900,9,85
2900,10,46
2900,11,126
2900,11,43
2900,11,174
2900,12,109
2901,1,21
2901,1,63
2901,1,83
2901,1,125
2901,2,21
2901,2,77
2901,3,16
2901,3,93
2901,3,63
2902,1,143
2902,1,66
2902,1,31
2902,1,7
2902,2,27
2902,3,33
2902,3,27
2902,3,85
2903,1,161
2903,1,50
2903,2,40
2903,3,157
2904,1,78
2904,2,25
2904,2,76
2904,3,175
2904,3,83
2904,4,132
2904,4,83
2905,1,6
2905,2,87
2905,3,105
2905,4,116
2906,1,80
2906,2,27
2906,3,198
2906,3,64
2907,1,75
2907,1,4
2907,1,53
2907,2,123
2907,3,9
2908,1,90
2908,1,56
2908,1,150
2908,2,164
2908,2,113
2908,2,87
2908,3,56
2908,3,69
2909,1,98
2909,2,4
2909,2,119
2909,3,123
2910,1,69
2910,2,42
2910,2,121
2910,3,69
2910,4,164
2910,4,4
2910,5,199
2910,5,85
2910,6,4
2910,6,121
2910,6,69
2911,1,160
2911,1,50
2911,2,141
2911,3,72
2912,1,188
2912,1,45
2912,2,159
2912,3,127
2913,1,201
2913,2,154
2913,2,213
2913,3,45
2914,1,104
2914,2,150
2914,2,104
2914,3,12
2915,1,40
2915,1,54
2915,2,40
2915,2,89
2915,2,21
2915,3,40
2915,4,89
2915,5,21
2915,5,87
2916,1,25
2916,1,83
2916,2,195
2916,2,83
2916,3,10
2917,1,101
2917,2,15
2917,3,113
2918,1,161
2918,1,159
2918,2,120
2918,3,159
2918,4,159
2919,1,44
2919,2,75
2919,3,168
2920,1,129
2920,1,115
2920,2,55
2920,3,10
2921,1,118
2921,2,40
2921,3,4
2921,3,105
2921,4,140
2922,1,205
2922,2,210
2922,3,94
2922,3,77
2923,1,95
2923,2,30
2923,3,67
2923,4,163
2924,1,144
2924,1,4
2924,1,146
2924,2,90
2924,3,107
2924,4,138
2924,4,34
2924,4,31
2925,1,113
2925,1,138
2925,1,213
2925,2,165
2925,3,78
2926,1,170
2926,1,138
2926,2,95
2926,3,118
2927,1,130
2927,1,111
2927,2,70
2927,3,111
2927,3,70
2928,1,55
2928,2,84
2928,2,159
2928,3,86
2929,1,121
2929,1,83
2929,2,34
2929,3,113
2929,3,79
2930,1,147
2930,2,166
2930,3,147
2930,3,83
2930,4,164
2930,4,160
2930,5,123
2930,5,166
2930,5,62
2930,6,146
2931,1,197
2931,2,199
2931,3,12
2932,1,56
2932,2,35
2932,3,120
2933,1,2
2933,2,167
2933,2,22
2933,2,31
2933,3,22
2934,1,76
2934,1,186
2934,2,107
2934,3,108
2934,3,5
2934,4,3
2934,4,108
2934,5,107
2934,6,15
2934,6,195
2934,7,151
2935,1,112
2935,2,83
2935,2,50
2935,3,105
2935,3,83
2935,4,150
2935,5,168
2935,6,150
2935,6,83
2935,7,168
2936,1,150
2936,1,175
2936,2,96
2936,2,150
2936,3,150
2937,1,2
2937,1,189
2937,2,44
2937,3,69
2938,1,150
2938,2,140
2938,3,95
2938,3,99
2938,3,168
2938,3,10
2939,1,9
2939,2,21
2939,2,9
2939,3,98
2939,3,108
2939,4,79
2939,5,108
2939,6,76
2939,6,108
2940,1,69
2940,1,125
2940,2,98
2940,3,83
2941,1,76
2941,2,83
2941,3,89
2941,4,168
2942,1,61
2942,1,160
2942,1,58
2942,2,69
2942,3,89
2943,1,123
2943,2,146
2943,3,123
2943,3,12
2943,3,4
2944,1,85
2944,2,25
2944,3,119
2945,1,115
2945,1,116
2945,1,114
2945,1,113
2945,1,184
2945,1,105
2945,2,83
2945,2,114
2945,2,105
2945,2,184
2945,2,117
2945,2,115
2945,2,116
2945,3,115
2945,3,117
2945,3,114
2945,3,116
2945,3,105
2945,3,113
2945,3,184
2945,4,114
2945,4,117
2945,4,116
2945,4,184
2945,4,113
2945,4,105
2945,4,115
2945,5,113
2945,5,115
2945,5,116
2945,5,114
2945,5,117
2945,5,105
2945,5,184
2946,1,55
2946,2,55
2946,3,55
2947,1,104
2947,2,104
2947,2,83
2947,3,104
2948,1,98
2948,2,4
2948,2,107
2948,3,111
2949,1,4
2949,1,142
2949,2,212
2949,3,212
2949,4,42
2950,1,85
2950,2,34
2950,3,73
2951,1,160
2951,2,67
2951,2,123
2951,3,160
2951,3,155
2951,3,123
2952,1,155
2952,1,123
2952,1,55
2952,2,168
2952,3,189
2953,1,64
2953,1,139
2953,1,28
2953,2,199
2953,3,96
2953,3,199
2953,4,66
2953,4,47
2954,1,69
2954,2,154
2954,2,133
2954,2,44
2954,3,44
2955,1,133
2955,2,133
2955,2,21
2955,3,151
2955,4,133
2956,1,16
2956,1,64
2956,2,17
2956,3,113
2956,4,142
2957,1,57
2957,1,119
2957,2,119
2957,3,57
2958,1,76
2958,1,121
2958,2,140
2958,3,121
2959,1,98
2959,1,10
2959,2,10
2959,2,89
2959,3,144
2960,1,44
2960,1,189
2960,1,67
2960,2,123
2960,2,67
2960,2,160
2960,3,83
2961,1,96
2961,1,85
2961,2,209
2961,2,96
2961,3,193
2961,3,96
2962,1,12
2962,2,64
2962,3,213
2962,4,12
2962,5,201
2962,6,99
2963,1,146
2963,2,2
2963,3,164
2963,4,151
2964,1,30
2964,1,4
2964,2,15
2964,3,4
2964,3,130
2964,4,27
2964,5,107
2964,5,4
2964,5,47
2965,1,4
2965,1,122
2965,2,122
2965,2,40
2965,3,122
2965,3,83
2966,1,76
2966,2,2
2966,3,154
2967,1,128
2967,2,123
2967,3,37
2968,1,97
2968,2,90
2968,2,39
2968,3,80
2969,1,93
2969,2,93
2969,2,94
2969,3,155
2969,3,136
2970,1,55
2970,1,113
2970,2,68
2970,3,54
2971,1,57
2971,2,95
2971,2,36
2971,3,78
2971,3,150
2972,1,98
2972,2,27
2972,3,58
2973,1,78
2973,1,166
2973,2,100
2973,2,67
2973,3,165
2974,1,150
2974,2,50
2974,3,50
2975,1,70
2975,2,70
2975,3,70
2976,1,21
2976,1,155
2976,2,40
2976,3,103
2977,1,4
2977,1,21
2977,2,59
2977,2,30
2977,3,3
2977,4,33
2978,1,55
2978,2,160
2978,2,25
2978,3,118
2978,3,39
2978,4,38
2979,1,67
2979,1,38
2979,2,83
2979,2,67
2979,3,21
2979,4,67
2979,4,113
2980,1,151
2980,1,150
2980,2,95
2980,2,150
2980,3,150
2980,4,106
2980,5,212
2980,5,20
2980,6,105
2980,6,20
2981,1,16
2981,1,81
2981,2,81
2981,2,103
2981,3,15
2981,3,16
2982,1,75
2982,2,75
2982,3,91
2983,1,31
2983,2,83
2983,2,113
2983,2,66
2983,2,40
2983,3,197
2983,3,66
2983,4,128
2984,1,198
2984,1,83
2984,2,83
2984,2,80
2984,2,198
2984,3,171
2985,1,80
2985,1,79
2985,1,107
2985,2,80
2985,2,79
2985,2,69
2985,3,22
2986,1,39
2986,2,122
2986,2,136
2986,3,164
2986,4,136
2986,5,136
2986,5,164
2986,6,39
2986,6,128
2986,7,136
2987,1,92
2987,2,155
2987,3,46
2987,4,155
2987,5,190
2988,1,18
2988,2,213
2988,3,162
2988,3,21
2989,1,172
2989,1,139
2989,1,32
2989,2,99
2989,3,122
2989,3,113
2989,3,178
2989,4,117
2990,1,82
2990,2,82
2990,3,82
2991,1,4
2991,2,11
2991,3,64
2991,4,32
2991,4,31
2991,5,190
2991,6,190
2991,6,216
2991,7,216
2992,1,121
2992,2,121
2992,2,56
2992,3,101
2992,3,121
2992,4,56
2993,1,134
2993,1,159
2993,2,159
2993,3,160
2994,1,174
2994,2,66
2994,3,201
2994,3,92
2995,1,51
2995,2,48
2995,3,150
2996,1,39
2996,1,95
2996,2,176
2996,3,48
2996,4,48
2996,4,21
2996,4,154
2996,4,51
2996,4,176
2997,1,69
2997,2,4
2997,2,181
2997,3,90
2997,3,155
2997,3,4
2998,1,25
2998,2,58
2998,3,25
2998,3,180
2998,3,123
2998,4,183
2998,5,183
2999,1,67
2999,2,54
2999,2,67
2999,2,101
2999,3,67
2999,3,68
2999,4,67
2999,4,101
2999,5,67
2999,5,101
3000,1,210
3000,2,55
3000,3,130
3000,4,210
3000,5,133
3000,6,197
3001,1,84
3001,2,212
3001,3,129
3001,4,5
3002,1,162
3002,1,47
3002,2,28
3002,3,68
3002,3,155
3002,3,87
3002,4,101
3003,1,105
3003,1,114
3003,2,114
3003,3,114
3003,4,115
3004,1,213
3004,2,140
3004,2,213
3004,3,83
3004,3,213
3004,3,160
3005,1,76
3005,1,67
3005,1,118
3005,2,119
3005,3,192
3005,4,192
3005,5,192
3006,1,75
3006,1,53
3006,2,176
3006,2,72
3006,3,134
3007,1,12
3007,2,11
3007,3,66
3007,4,113
3007,4,11
3008,1,75
3008,2,103
3008,2,73
3008,3,73
3009,1,58
3009,1,184
3009,1,16
3009,2,35
3009,3,116
3009,4,94
3010,1,160
3010,1,145
3010,2,94
3010,3,78
3010,3,145
3010,4,145
3010,5,22
3011,1,188
3011,1,67
3011,2,67
3011,2,27
3011,3,202
3011,3,130
3011,4,67
3011,4,27
3012,1,80
3012,2,87
3012,2,17
3012,3,147
3012,3,43
3012,3,206
3012,4,79
3012,4,153
3013,1,133
3013,2,186
3013,2,93
3013,3,16
3013,3,186
3014,1,19
3014,1,61
3014,1,113
3014,2,207
3014,3,131
3014,4,123
3014,4,61
3014,5,180
3015,1,214
3015,1,130
3015,1,38
3015,2,23
3015,3,164
3015,3,87
3016,1,106
3016,1,37
3016,2,75
3016,3,152
3016,3,75
3016,3,9
3017,1,60
3017,2,123
3017,3,168
3017,4,169
3018,1,176
3018,2,75
3018,3,124
3019,1,144
3019,1,171
3019,2,140
3019,3,166
3020,1,105
3020,1,4
3020,2,4
3020,2,116
3020,3,44
3020,4,40
3020,4,34
3020,4,116
3020,5,40
3020,5,34
3020,5,116
3021,1,134
3021,2,134
3021,3,134
3022,1,30
3022,2,30
3022,3,30
3023,1,177
3023,1,80
3023,2,94
3023,3,53
3023,3,73
3024,1,78
3024,2,129
3024,2,150
3024,3,78
3024,3,129
3025,1,56
3025,1,92
3025,1,81
3025,2,81
3025,2,92
3025,3,81
3025,3,92
3025,4,81
3025,4,92
3026,1,57
3026,2,155
3026,2,72
3026,3,83
3026,3,183
3026,3,53
3027,1,74
3027,1,95
3027,2,113
3027,3,113
3027,3,74
3027,3,167
3027,4,74
3027,5,115
3027,6,173
3027,6,184
3027,7,101
3027,7,74
3028,1,75
3028,1,63
3028,2,2
3028,2,23
3028,3,23
3029,1,44
3029,2,57
3029,3,57
3029,4,57
3029,5,57
3030,1,12
3030,2,78
3030,3,95
3030,3,89
3030,4,139
3030,4,12
3030,5,12
3030,5,22
3031,1,7
3031,2,53
3031,3,7
3032,1,29
3032,2,190
3032,3,51
3032,4,89
3032,5,154
3032,6,54
3033,1,121
3033,2,113
3033,3,121
3034,1,202
3034,2,39
3034,3,128
3034,4,72
3034,4,51
3035,1,44
3035,2,170
3035,2,35
3035,3,193
3036,1,58
3036,1,1
3036,1,38
3036,2,149
3036,2,208
3036,3,68
3036,4,68
3037,1,95
3037,1,51
3037,1,50
3037,1,47
3037,2,47
3037,2,175
3037,2,76
3037,3,50
3037,3,150
3038,1,121
3038,2,121
3038,2,154
3038,3,121
3038,4,70
3039,1,16
3039,2,180
3039,3,179
3039,4,120
3039,4,95
3039,5,211
3039,6,2
3039,6,195
3039,7,179
3039,8,67
3039,9,117
3039,9,195
3039,9,185
3040,1,3
3040,2,4
3040,2,57
3040,3,175
3041,1,67
3041,1,160
3041,2,151
3041,3,72
3041,3,192
3041,4,69
3041,4,160
3041,5,15
3041,6,113
3042,1,37
3042,2,67
3042,3,78
3043,1,20
3043,2,20
3043,3,20
3043,3,47
3044,1,83
3044,1,163
3044,2,163
3044,2,160
3044,3,98
3044,4,163
3044,4,160
3045,1,76
3045,1,147
3045,1,50
3045,2,164
3045,2,147
3045,2,54
3045,3,4
3046,1,155
3046,2,155
3046,3,70
3046,4,155
3046,5,20
3046,6,155
3046,7,162
3046,7,155
3047,1,125
3047,1,21
3047,2,89
3047,3,76
3047,3,21
3048,1,185
3048,2,113
3048,3,141
3048,3,48
3048,3,113
3049,1,23
3049,1,71
3049,2,22
3049,3,155
3049,3,146
3049,3,113
3050,1,154
3050,1,23
3050,1,172
3050,2,101
3050,2,51
3050,3,52
3050,3,145
3050,4,146
3050,4,87
3050,4,113
3050,5,154
3050,5,23
3051,1,47
3051,1,22
3051,2,53
3051,3,17
3051,3,2
3051,4,53
3051,4,6
3051,5,52
3052,1,149
3052,2,1
3052,2,45
3052,3,212
3052,4,107
3052,5,212
3053,1,169
3053,1,83
3053,2,69
3053,3,122
3054,1,76
3054,1,120
3054,2,120
3054,2,83
3054,3,76
3054,3,120
3054,4,76
3054,4,181
3054,5,181
3054,5,83
3055,1,69
3055,2,69
3055,3,92
3056,1,106
3056,1,82
3056,2,193
3056,3,106
3056,3,82
3056,4,106
3056,4,82
3056,5,82
3056,5,129
3056,6,129
3056,6,193
3056,6,82
3056,7,129
3057,1,132
3057,1,93
3057,2,93
3057,3,121
3057,3,4
3057,4,35
3057,4,142
3057,4,125
3057,4,3
3057,5,168
3058,1,15
3058,2,34
3058,3,95
3058,3,178
3059,1,68
3059,1,145
3059,2,53
3059,2,145
3059,2,4
3059,3,73
3060,1,44
3060,1,155
3060,2,126
3060,3,127
3060,3,193
3060,4,98
3061,1,179
3061,2,74
3061,3,5
3061,3,72
3061,3,39
3062,1,104
3062,2,52
3062,3,85
3062,3,107
3062,3,209
3062,4,84
3062,4,75
3062,4,53
3062,4,25
3062,4,55
3063,1,168
3063,1,14
3063,1,170
3063,2,168
3063,3,170
3064,1,195
3064,1,113
3064,2,113
3064,3,185
3065,1,188
3065,1,58
3065,2,143
3065,2,113
3065,3,43
3065,3,58
3065,4,173
3066,1,57
3066,2,123
3066,3,98
3066,4,123
3067,1,113
3067,1,69
3067,1,54
3067,2,54
3067,2,87
3067,3,150
3067,3,24
3068,1,209
3068,2,51
3068,3,51
3068,4,215
3068,4,10
3069,1,83
3069,1,98
3069,2,157
3069,2,76
3069,2,98
3069,3,121
3069,4,193
3070,1,140
3070,1,61
3070,2,123
3070,3,143
3071,1,140
3071,2,58
3071,3,190
3071,4,83
3071,4,184
3072,1,10
3072,2,17
3072,3,44
3072,3,133
3073,1,214
3073,1,170
3073,2,153
3073,3,50
3073,3,76
3073,4,39
3074,1,98
3074,2,67
3074,3,107
3074,3,2
3075,1,61
3075,2,160
3075,3,160
3076,1,192
3076,1,83
3076,2,8
3076,3,76
3076,3,8
3076,4,8
3076,4,74
3076,4,76
3077,1,217
3077,1,47
3077,2,20
3077,3,47
3077,4,194
3078,1,128
3078,2,183
3078,3,212
3079,1,84
3079,1,121
3079,2,24
3079,3,28
3079,3,121
3079,4,24
3080,1,86
3080,2,40
3080,2,115
3080,2,105
3080,3,141
3080,3,150
3080,3,40
3081,1,176
3081,2,73
3081,3,61
3081,3,214
3081,4,12
3082,1,34
3082,1,121
3082,2,121
3082,2,44
3082,3,76
3082,3,121
3082,3,97
3082,4,97
3082,5,76
3082,6,121
3082,6,76
3082,7,97
3082,8,133
3082,9,121
3082,9,44
3083,1,9
3083,2,9
3083,3,120
3083,3,67
3084,1,116
3084,2,136
3084,2,55
3084,3,60
3084,4,40
3085,1,103
3085,1,57
3085,2,94
3085,3,28
3085,3,195
3086,1,127
3086,1,120
3086,2,11
3086,3,121
3086,4,129
3086,5,11
3086,6,93
3087,1,76
3087,2,77
3087,2,21
3087,2,54
3087,3,113
3087,3,60
3087,4,21
3087,4,160
3088,1,124
3088,1,171
3088,2,61
3088,3,67
3088,3,101
3088,4,171
3089,1,176
3089,1,110
3089,2,110
3089,3,44
3090,1,148
3090,2,100
3090,3,100
3090,4,108
3090,4,79
3090,4,136
3091,1,10
3091,2,37
3091,3,189
3091,3,95
3091,4,10
3091,5,150
3092,1,189
3092,2,95
3092,3,39
3093,1,186
3093,2,186
3093,3,186
3093,4,133
3093,4,79
3093,4,129
3094,1,144
3094,2,163
3094,2,28
3094,3,162
3095,1,25
3095,2,37
3095,3,133
3095,4,29
3096,1,2
3096,2,123
3096,3,15
3096,4,39
3096,4,16
3096,5,123
3096,5,15
3096,6,13
3096,7,123
3097,1,157
3097,2,157
3097,3,132
3098,1,113
3098,2,108
3098,2,79
3098,2,32
3098,3,207
3098,3,146
3098,3,144
3098,4,113
3099,1,39
3099,2,69
3099,3,150
3100,1,37
3100,2,40
3100,3,109
3100,3,63
3101,1,36
3101,1,110
3101,2,110
3101,2,36
3101,3,110
3101,3,167
3102,1,67
3102,2,21
3102,3,113
3102,4,80
3103,1,209
3103,1,85
3103,2,130
3103,3,174
3103,3,164
3103,4,108
3104,1,37
3104,1,106
3104,2,137
3104,3,97
3105,1,50
3105,2,129
3105,2,67
3105,3,84
3105,3,47
3105,3,197
3105,3,21
3105,3,49
3105,3,124
3106,1,142
3106,1,123
3106,2,142
3106,2,160
3106,2,149
3106,3,15
3106,4,5
3107,1,4
3107,2,152
3107,3,4
3108,1,213
3108,2,24
3108,3,24
3109,1,67
3109,1,72
3109,2,38
3109,3,113
3109,3,121
3109,4,215
3109,4,76
3110,1,113
3110,2,60
3110,2,204
3110,2,11
3110,2,156
3110,3,11
3110,3,73
3110,3,140
3110,3,214
3111,1,63
3111,1,28
3111,2,63
3111,2,11
3111,3,25
3111,3,28
3112,1,176
3112,2,1
3112,3,79
3112,3,106
3112,4,79
3113,1,51
3113,1,113
3113,2,83
3113,3,12
3113,3,38
3113,3,64
3113,4,64
3114,1,55
3114,1,113
3114,2,107
3114,2,83
3114,3,67
3114,4,83
3114,4,55
3114,5,55
3115,1,150
3115,1,161
3115,2,77
3115,3,83
3115,3,150
3115,4,150
3116,1,39
3116,2,98
3116,2,128
3116,2,4
3116,3,39
3117,1,124
3117,2,73
3117,2,72
3117,3,61
3117,4,118
3118,1,101
3118,2,202
3118,3,202
3118,4,100
3119,1,67
3119,2,126
3119,2,140
3119,3,126
3119,3,206
3119,3,60
3119,4,94
3120,1,187
3120,1,155
3120,2,155
3120,2,187
3120,3,101
3120,3,155
3121,1,67
3121,1,127
3121,2,67
3121,3,70
3122,1,113
3122,1,25
3122,1,55
3122,1,67
3122,2,113
3122,2,67
3122,2,63
3122,2,145
3122,3,61
3122,3,53
3122,3,58
3122,3,67
3122,3,113
3122,4,146
3122,4,120
3122,4,74
3122,4,113
3123,1,132
3123,2,160
3123,2,36
3123,3,160
3124,1,129
3124,1,63
3124,2,67
3124,3,164
3124,3,113
3124,4,28
3124,5,5
3124,6,93
3125,1,155
3125,2,177
3125,2,155
3125,3,95
3125,3,155
3126,1,161
3126,2,69
3126,3,106
3126,3,150
3126,4,113
3127,1,150
3127,1,154
3127,2,80
3127,2,95
3127,3,132
3128,1,57
3128,2,61
3128,2,98
3128,2,84
3128,2,76
3128,3,61
3129,1,74
3129,2,74
3129,3,202
3129,4,119
3129,5,119
3129,5,61
3129,5,45
3130,1,69
3130,1,160
3130,2,84
3130,3,113
3130,4,69
3130,5,2
3130,6,69
3130,7,15
3130,8,61
3131,1,69
3131,2,39
3131,3,55
3131,3,40
3131,4,128
3132,1,160
3132,2,164
3132,2,113
3132,3,113
3132,4,140
3133,1,123
3133,2,128
3133,3,48
3134,1,51
3134,2,50
3134,2,51
3134,3,104
3135,1,117
3135,2,179
3135,3,184
3135,3,26
3136,1,75
3136,1,129
3136,2,75
3136,3,127
3136,3,37
3136,3,78
3137,1,164
3137,1,160
3137,2,164
3137,3,164
3137,4,56
3138,1,53
3138,2,196
3138,3,67
3138,3,69
3138,4,155
3138,4,84
3139,1,58
3139,2,69
3139,3,67
3140,1,98
3140,1,113
3140,1,150
3140,2,123
3140,3,98
3141,1,216
3141,2,182
3141,2,73
3141,3,169
3142,1,151
3142,1,98
3142,2,189
3142,2,69
3142,3,41
3143,1,31
3143,2,78
3143,3,106
3143,4,40
3143,5,199
3144,1,121
3144,1,72
3144,2,72
3144,2,121
3144,3,64
3144,4,72
3144,4,64
3144,5,173
3144,6,64
3144,6,101
3144,6,21
3144,6,68
3145,1,59
3145,2,110
3145,3,200
3146,1,152
3146,2,152
3146,3,121
3146,4,133
3146,5,152
3146,5,133
3146,6,33
3147,1,103
3147,1,81
3147,1,28
3147,2,81
3147,2,112
3147,3,112
3147,4,112
3147,4,28
3147,4,172
3147,5,28
3147,6,112
3147,6,81
3148,1,98
3148,2,145
3148,3,67
3148,3,76
3148,4,76
3148,4,2
3148,4,112
3148,5,80
3148,5,95
3149,1,104
3149,2,73
3149,2,64
3149,3,53
3149,4,177
3149,5,64
3150,1,21
3150,2,87
3150,3,27
3150,3,102
3150,3,33
3150,4,32
3151,1,186
3151,2,37
3151,3,216
3152,1,216
3152,2,98
3152,3,216
3152,3,27
3153,1,155
3153,1,68
3153,1,164
3153,2,206
3153,2,155
3153,3,206
3154,1,99
3154,2,79
3154,3,95
3154,4,72
3155,1,94
3155,2,93
3155,2,28
3155,2,94
3155,2,107
3155,3,97
3155,3,120
3155,4,95
3155,5,93
3155,6,15
3156,1,26
3156,2,120
3156,3,120
3156,4,190
3156,4,214
3157,1,56
3157,2,56
3157,3,56
3158,1,116
3158,1,89
3158,2,3
3158,2,50
3158,3,116
3158,3,110
3159,1,89
3159,1,163
3159,2,21
3159,3,192
3160,1,67
3160,2,67
3160,2,106
3160,2,25
3160,3,85
3160,4,88
3160,4,78
3161,1,181
3161,2,215
3161,3,150
3162,1,137
3162,2,67
3162,3,67
3162,4,67
3163,1,67
3163,2,123
3163,3,67
3163,4,67
3163,5,67
3163,6,98
3163,6,67
3163,7,154
3163,7,67
3163,8,28
3163,9,67
3163,10,99
3163,11,67
3163,12,28
3163,12,67
3163,13,76
3163,13,67
3163,14,67
3163,15,67
3163,16,67
3163,17,67
3163,17,95
3164,1,175
3164,2,175
3164,3,175
3165,1,34
3165,2,83
3165,3,78
3165,3,4
3165,4,98
3166,1,145
3166,2,67
3166,2,197
3166,2,101
3166,3,131
3166,4,217
3166,5,34
3166,6,176
3166,7,136
3166,7,48
3166,8,162
3166,8,66
3166,8,18
3166,9,187
3166,10,95
3167,1,136
3167,1,115
3167,2,75
3167,3,148
3168,1,103
3168,2,98
3168,3,10
3168,4,44
3168,4,83
3168,4,212
3169,1,76
3169,2,76
3169,2,175
3169,2,141
3169,3,175
3169,3,150
3169,3,141
3169,3,76
3170,1,69
3170,2,159
3170,3,56
3170,4,6
3171,1,61
3171,2,15
3171,3,53
3171,3,55
3171,3,147
3171,3,87
3171,3,54
3171,3,146
3171,3,113
3172,1,43
3172,2,201
3172,2,96
3172,2,41
3172,3,88
3172,3,201
3172,3,7
3173,1,141
3173,2,141
3173,2,113
3173,3,153
3173,3,131
3173,3,141
3173,4,141
3173,5,141
3173,5,113
3173,6,141
3173,6,34
3174,1,136
3174,2,121
3174,3,136
3174,4,121
3174,4,136
3174,5,148
3174,5,136
3175,1,23
3175,1,207
3175,2,23
3175,3,23
3175,3,207
3175,3,164
3176,1,96
3176,2,21
3176,3,38
3176,3,125
3176,4,118
3176,4,93
3177,1,86
3177,1,197
3177,2,57
3177,3,83
3177,3,25
3178,1,95
3178,2,141
3178,2,102
3178,2,61
3178,3,106
3178,3,90
3178,3,141
3178,4,191
3178,4,39
3179,1,21
3179,2,50
3179,3,21
3180,1,73
3180,1,81
3180,2,36
3180,2,28
3180,3,52
3180,3,155
3180,3,113
3180,4,121
3181,1,121
3181,2,84
3181,2,133
3181,3,21
3181,4,133
3181,4,95
3182,1,157
3182,2,84
3182,3,177
3182,4,176
3183,1,19
3183,2,206
3183,3,110
3184,1,46
3184,1,20
3184,2,21
3184,2,150
3184,3,32
3185,1,154
3185,1,119
3185,2,55
3185,3,140
3185,4,106
3185,4,3
3185,5,89
3185,6,28
3185,6,25
3185,6,145
3186,1,36
3186,1,106
3186,2,2
3186,2,90
3186,3,83
3186,3,36
3187,1,93
3187,2,63
3187,3,98
3187,4,109
3188,1,2
3188,2,83
3188,3,78
3189,1,115
3189,1,114
3189,1,76
3189,2,141
3189,2,50
3189,2,48
3189,2,123
3189,3,83
3189,4,76
3189,4,115
3190,1,18
3190,1,20
3190,2,178
3190,3,34
3191,1,168
3191,2,95
3191,3,113
3191,3,115
3191,3,215
3191,4,34
3191,4,97
3192,1,34
3192,2,141
3192,2,95
3192,2,69
3192,3,141
3192,4,215
3192,4,38
3193,1,166
3193,2,38
3193,3,62
3193,4,38
3194,1,85
3194,2,4
3194,3,10
3194,3,83
3194,3,52
3195,1,133
3195,2,126
3195,2,217
3195,3,101
3196,1,168
3196,2,7
3196,3,174
3196,3,138
3197,1,87
3197,1,6
3197,1,151
3197,2,6
3197,2,87
3197,3,6
3197,3,87
3197,4,69
3198,1,67
3198,2,154
3198,2,121
3198,3,67
3199,1,174
3199,2,7
3199,3,129
3200,1,4
3200,2,38
3200,2,13
3200,3,187
3201,1,99
3201,1,85
3201,2,184
3201,3,69
3201,4,85
3201,4,76
3201,4,98
3201,4,61
3202,1,36
3202,2,36
3202,3,141
3203,1,73
3203,2,4
3203,3,121
3204,1,79
3204,2,21
3204,2,93
3204,3,154
3205,1,190
3205,2,130
3205,3,124
3206,1,77
3206,2,79
3206,3,79
3206,4,93
3207,1,29
3207,1,7
3207,2,174
3207,2,29
3207,3,174
3207,3,29
3207,4,29
3207,5,174
3208,1,98
3208,2,132
3208,2,133
3208,2,95
3208,3,186
3208,3,95
3208,4,132
3209,1,71
3209,1,76
3209,2,171
3209,2,83
3209,3,39
3210,1,61
3210,2,61
3210,3,12
3211,1,113
3211,1,205
3211,2,205
3211,2,83
3211,3,113
3211,3,205
3211,4,70
3212,1,16
3212,2,116
3212,3,116
3212,3,76
3212,4,116
3212,4,16
3213,1,67
3213,2,4
3213,2,57
3213,3,99
3214,1,78
3214,1,107
3214,2,78
3214,3,4
3214,3,25
3215,1,33
3215,2,49
3215,3,124
3216,1,121
3216,1,171
3216,2,133
3216,3,30
3217,1,11
3217,1,130
3217,2,11
3217,3,37
3218,1,162
3218,1,5
3218,2,5
3218,3,200
3218,4,107
3218,5,5
3218,6,5
3218,7,8
3219,1,30
3219,1,27
3219,1,143
3219,2,27
3219,2,143
3219,3,143
3219,3,27
3220,1,165
3220,1,50
3220,1,101
3220,2,101
3220,2,50
3220,3,101
3220,3,48
3221,1,178
3221,1,93
3221,2,118
3221,3,144
3221,3,164
3222,1,32
3222,2,27
3222,3,76
3222,3,174
3222,4,194
3222,5,173
3222,5,44
3223,1,10
3223,2,29
3223,3,10
3224,1,216
3224,2,133
3224,2,216
3224,3,216
3224,4,216
3224,5,216
3224,5,133
3224,6,133
3225,1,98
3225,1,76
3225,1,157
3225,2,157
3225,3,157
3225,3,76
3226,1,74
3226,1,205
3226,2,39
3226,2,124
3226,3,103
3226,3,74
3227,1,108
3227,2,121
3227,3,121
3228,1,129
3228,2,177
3228,3,150
3228,3,177
3228,3,106
3228,3,175
3228,3,3
3229,1,113
3229,2,121
3229,2,125
3229,2,113
3229,3,10
3229,4,128
3229,4,39
3229,5,99
3230,1,208
3230,2,108
3230,2,107
3230,3,109
3231,1,124
3231,2,89
3231,2,124
3231,3,93
3231,4,124
3232,1,104
3232,2,106
3232,2,19
3232,2,104
3232,3,19
3232,3,104
3232,4,37
3233,1,119
3233,1,83
3233,2,119
3233,2,83
3233,3,2
3233,3,70
3234,1,11
3234,2,201
3234,2,81
3234,2,11
3234,2,187
3234,3,11
3235,1,208
3235,2,23
3235,3,208
3235,3,79
3235,3,68
3235,3,112
3236,1,98
3236,2,4
3236,2,113
3236,3,121
3237,1,13
3237,1,39
3237,2,112
3237,2,173
3237,3,13
3237,3,192
3237,4,13
3237,4,47
3238,1,72
3238,2,158
3238,2,96
3238,3,180
3239,1,72
3239,1,104
3239,2,104
3239,3,160
3239,3,13
3240,1,123
3240,2,87
3240,3,88
3240,4,99
3241,1,3
3241,2,4
3241,2,47
3241,3,4
3241,4,155
3241,5,4
3242,1,31
3242,2,31
3242,2,174
3242,3,49
3242,3,47
3243,1,137
3243,1,202
3243,2,10
3243,2,202
3243,3,75
3243,3,202
3243,4,113
3243,4,202
3243,5,202
3243,6,202
3243,6,192
3244,1,10
3244,2,179
3244,3,179
3244,3,69
3245,1,108
3245,2,132
3245,2,197
3245,3,127
3245,3,108
3246,1,190
3246,2,121
3246,2,106
3246,3,190
3246,4,190
3247,1,155
3247,2,32
3247,2,107
3247,3,45
3247,3,155
3248,1,157
3248,2,161
3248,3,90
3248,3,39
3248,4,168
3248,5,4
3248,5,107
3249,1,37
3249,2,37
3249,3,37
3250,1,123
3250,2,171
3250,3,198
3251,1,150
3251,2,204
3251,3,69
3252,1,123
3252,2,101
3252,3,217
3252,3,166
3252,3,101
3253,1,29
3253,2,10
3253,3,31
3253,3,73
3254,1,160
3254,2,160
3254,3,160
3254,4,160
3254,5,160
3254,6,160
3254,7,160
3255,1,62
3255,2,202
3255,3,107
3255,3,101
3256,1,27
3256,2,110
3256,3,168
3257,1,197
3257,2,50
3257,2,175
3257,3,31
3257,3,47
3257,3,18
3257,4,83
3258,1,11
3258,2,76
3258,3,76
3259,1,20
3259,2,17
3259,3,16
3260,1,97
3260,2,44
3260,3,44
3260,4,44
3261,1,122
3261,2,122
3261,3,204
3261,3,142
3261,4,94
3261,4,202
3262,1,39
3262,2,39
3262,3,184
3262,3,117
3263,1,25
3263,1,24
3263,2,25
3263,3,25
3264,1,21
3264,2,21
3264,3,36
3264,3,28
3264,4,170
3264,4,46
3264,4,214
3264,4,34
3265,1,11
3265,2,11
3265,3,11
3265,4,11
3265,5,11
3266,1,124
3266,2,124
3266,3,124
3267,1,85
3267,2,125
3267,3,30
3267,4,21
3268,1,112
3268,2,77
3268,3,81
3268,3,72
3268,4,140
3269,1,186
3269,2,53
3269,3,7
3269,4,44
3270,1,51
3270,2,150
3270,3,123
3270,3,51
3271,1,127
3271,1,75
3271,2,75
3271,2,123
3271,3,113
3271,3,53
3271,4,53
3272,1,216
3272,2,73
3272,2,156
3272,3,93
3272,3,69
3273,1,63
3273,2,63
3273,3,56
3274,1,88
3274,2,88
3274,3,84
3274,4,88
3274,5,88
3274,5,149
3274,5,100
3274,6,88
3274,7,157
3274,8,158
3274,8,23
3275,1,6
3275,2,6
3275,3,90
3275,3,69
3275,4,76
3275,4,6
3276,1,179
3276,1,60
3276,1,180
3276,2,96
3276,3,195
3276,3,96
3276,4,154
3276,4,195
3276,4,204
3277,1,113
3277,1,196
3277,1,35
3277,1,156
3277,2,156
3277,2,35
3277,3,205
3278,1,64
3278,1,42
3278,1,19
3278,2,11
3278,3,150
3279,1,32
3279,2,124
3279,2,202
3279,2,32
3279,3,202
3279,4,32
3280,1,4
3280,2,124
3280,3,40
3281,1,161
3281,1,98
3281,2,21
3281,2,176
3281,2,125
3281,3,98
3281,4,133
3282,1,44
3282,2,26
3282,3,123
3283,1,121
3283,2,131
3283,3,88
3283,3,121
3284,1,57
3284,2,125
3284,3,129
3285,1,11
3285,2,206
3285,3,193
3285,4,197
3285,4,180
3285,4,29
3285,4,179
3286,1,186
3286,2,186
3286,2,83
3286,3,186
3287,1,113
3287,1,4
3287,1,87
3287,1,145
3287,2,50
3287,2,51
3287,3,26
3287,3,41
3287,3,143
3288,1,152
3288,2,103
3288,3,103
3289,1,56
3289,2,95
3289,3,56
3289,4,56
3290,1,120
3290,2,47
3290,3,188
3291,1,170
3291,2,84
3291,2,122
3291,3,83
3291,3,140
3291,3,61
3291,4,84
3292,1,112
3292,2,58
3292,3,113
3292,3,73
3292,3,58
3292,3,16
3292,3,123
3293,1,4
3293,1,15
3293,2,15
3293,3,15
3294,1,124
3294,2,21
3294,3,87
3294,3,136
3294,4,166
3294,5,164
3294,5,136
3294,6,93
3295,1,58
3295,2,155
3295,3,16
3296,1,110
3296,2,123
3296,3,188
3296,4,110
3296,4,109
3296,5,42
3296,6,42
3297,1,16
3297,1,11
3297,2,154
3297,2,52
3297,2,61
3297,3,52
3298,1,9
3298,1,45
3298,2,83
3298,2,119
3298,3,45
3298,3,65
3299,1,109
3299,1,27
3299,2,206
3299,2,207
3299,3,14
3300,1,118
3300,2,183
3300,3,44
3301,1,97
3301,2,46
3301,3,32
3301,4,97
3302,1,18
3302,1,136
3302,1,183
3302,2,27
3302,3,20
3303,1,83
3303,2,51
3303,2,83
3303,3,79
3303,4,83
3303,4,51
3304,1,97
3304,2,97
3304,2,58
3304,3,194
3304,4,50
3304,5,98
3305,1,197
3305,2,95
3305,3,76
3305,3,141
3306,1,23
3306,1,112
3306,2,109
3306,2,101
3306,3,132
3307,1,20
3307,2,51
3307,2,50
3307,3,150
3308,1,49
3308,2,162
3308,3,27
3308,4,21
3309,1,4
3309,1,63
3309,2,125
3309,3,110
3309,3,23
3310,1,145
3310,2,25
3310,3,183
3311,1,99
3311,2,168
3311,3,168
3311,4,98
3311,4,154
3312,1,176
3312,1,43
3312,1,130
3312,1,216
3312,2,167
3312,3,43
3312,4,14
3313,1,161
3313,2,69
3313,3,89
3313,4,197
3314,1,160
3314,2,160
3314,3,160
3315,1,121
3315,2,121
3315,2,86
3315,3,86
3315,4,132
3316,1,83
3316,2,141
3316,2,51
3316,3,83
3317,1,15
3317,2,118
3317,2,114
3317,3,15
3317,3,99
3318,1,62
3318,2,29
3318,3,200
3319,1,192
3319,1,73
3319,2,192
3319,2,83
3319,3,61
3319,3,123
3319,4,153
3319,4,8
3319,5,69
3320,1,112
3320,1,2
3320,1,95
3320,2,128
3320,2,95
3320,2,189
3320,3,112
3320,4,81
3320,4,16
3320,5,67
3320,5,112
3320,6,112
3320,7,79
3320,7,112
3321,1,11
3321,2,152
3321,3,152
3322,1,104
3322,2,190
3322,3,173
3322,4,34
3323,1,82
3323,2,47
3323,3,125
3323,3,14
3323,4,47
3323,4,94
3323,5,20
3323,6,206
3324,1,121
3324,2,121
3324,3,27
3325,1,79
3325,1,14
3325,2,64
3325,2,178
3325,3,100
3325,3,59
3325,3,206
3325,4,4
3325,4,87
3325,5,148
3326,1,214
3326,2,214
3326,3,45
3326,3,61
3326,4,214
3326,5,214
3326,6,214
3326,7,69
3327,1,78
3327,2,11
3327,2,93
3327,3,96
3327,3,75
3327,4,96
3327,4,75
3327,5,158
3327,5,88
3327,6,164
3327,6,96
3327,7,1
3328,1,164
3328,2,199
3328,3,137
3328,3,89
3328,3,148
3328,3,13
3328,3,44
3329,1,86
3329,1,66
3329,1,162
3329,2,66
3329,2,20
3329,3,66
3329,3,213
3329,3,162
3329,4,127
3329,5,86
3330,1,10
3330,2,44
3330,3,4
3330,3,74
3330,4,192
3331,1,133
3331,1,72
3331,2,178
3331,3,154
3332,1,10
3332,1,90
3332,2,54
3332,3,76
3332,4,43
3332,4,171
3332,4,82
3333,1,148
3333,2,68
3333,3,148
3333,4,23
3333,4,2
3334,1,51
3334,2,76
3334,3,184
3334,3,76
3335,1,160
3335,1,152
3335,2,57
3335,3,57
3335,4,141
3335,4,57
3336,1,56
3336,2,56
3336,3,2
3336,3,50
3336,3,48
3336,3,51
3336,4,56
3337,1,121
3337,1,4
3337,2,2
3337,2,133
3337,3,124
3338,1,144
3338,2,144
3338,3,144
3338,3,215
3339,1,58
3339,1,209
3339,2,133
3339,2,4
3339,2,58
3339,2,209
3339,3,133
3340,1,148
3340,2,96
3340,2,87
3340,3,58
3340,3,43
3340,4,87
3340,4,27
3340,4,96
3340,5,87
3340,6,96
3340,6,87
3341,1,71
3341,1,61
3341,2,93
3341,3,14
3341,4,180
3341,5,71
3342,1,205
3342,1,113
3342,2,141
3342,3,210
3342,4,155
3342,4,72
3342,5,112
3342,5,83
3343,1,57
3343,1,210
3343,1,77
3343,2,192
3343,2,57
3343,3,4
3344,1,34
3344,2,101
3344,2,50
3344,3,13
3345,1,133
3345,2,95
3345,3,27
3345,3,133
3346,1,25
3346,2,30
3346,3,30
3346,3,25
3347,1,150
3347,2,101
3347,2,157
3347,3,51
3347,3,50
3347,3,141
3347,3,150
3348,1,67
3348,2,99
3348,3,67
3349,1,11
3349,2,110
3349,3,20
3349,4,110
3349,5,20
3349,6,57
3350,1,83
3350,1,156
3350,2,155
3350,3,156
3351,1,57
3351,2,166
3351,3,155
3351,3,100
3352,1,206
3352,1,75
3352,2,74
3352,2,148
3352,3,38
3352,4,75
3352,4,136
3353,1,114
3353,1,105
3353,2,195
3353,2,200
3353,2,29
3353,3,83
3353,4,99
3353,4,65
3353,4,195
3354,1,49
3354,2,66
3354,3,78
3355,1,185
3355,2,124
3355,3,4
3356,1,73
3356,1,212
3356,2,121
3356,3,133
3356,4,108
3357,1,34
3357,2,78
3357,3,123
3358,1,160
3358,2,83
3358,2,150
3358,3,57
3358,4,150
3358,4,160
3359,1,194
3359,2,66
3359,3,7
3359,4,9
3360,1,93
3360,1,104
3360,2,14
3360,3,55
3360,4,104
3360,5,160
3360,5,74
3361,1,83
3361,1,132
3361,2,132
3361,3,6
3361,3,132
3361,4,125
3362,1,209
3362,1,17
3362,1,1
3362,2,21
3362,3,7
3363,1,48
3363,1,24
3363,1,51
3363,2,93
3363,3,21
3363,4,93
3364,1,28
3364,2,56
3364,2,90
3364,3,34
3364,4,207
3364,4,116
3365,1,69
3365,2,16
3365,2,73
3365,3,37
3365,4,67
3365,4,151
3365,4,6
3366,1,25
3366,1,5
3366,2,118
3366,3,57
3366,4,25
3367,1,11
3367,2,11
3367,2,82
3367,3,82
3367,3,73
3368,1,69
3368,2,83
3368,3,192
3369,1,23
3369,1,167
3369,2,23
3369,3,151
3369,3,23
3370,1,72
3370,2,157
3370,3,169
3371,1,96
3371,2,113
3371,3,72
3372,1,175
3372,2,3
3372,2,163
3372,3,76
3373,1,194
3373,2,47
3373,2,152
3373,3,64
3373,4,110
3373,5,161
3374,1,28
3374,2,98
3374,3,37
3374,3,107
3374,3,95
3374,4,76
3375,1,2
3375,2,125
3375,2,16
3375,3,16
3375,4,16
3375,4,10
3376,1,63
3376,1,113
3376,2,63
3376,3,118
3377,1,145
3377,2,106
3377,3,96
3378,1,47
3378,2,16
3378,3,50
3378,3,171
3378,3,45
3378,3,173
3378,3,198
3379,1,40
3379,1,4
3379,2,21
3379,3,40
3379,3,145
3380,1,63
3380,2,212
3380,2,34
3380,3,63
3380,4,212
3380,4,28
3381,1,18
3381,2,18
3381,2,123
3381,3,83
3382,1,42
3382,1,1
3382,2,1
3382,2,42
3382,3,198
3382,3,47
3382,4,173
3382,5,110
3382,5,85
3383,1,33
3383,2,150
3383,2,3
3383,3,33
3383,3,213
3383,4,150
3383,5,168
3384,1,10
3384,2,39
3384,3,10
3384,4,213
3384,5,194
3384,6,10
3385,1,123
3385,2,3
3385,2,58
3385,2,156
3385,3,4
3386,1,58
3386,2,40
3386,3,98
3386,3,55
3387,1,67
3387,2,155
3387,2,113
3387,3,80
3387,3,193
3387,3,106
3387,4,48
3388,1,113
3388,2,123
3388,2,113
3388,3,48
3388,4,114
3389,1,61
3389,1,57
3389,1,160
3389,1,81
3389,2,152
3389,3,81
3389,3,57
3389,3,160
3390,1,113
3390,1,36
3390,2,113
3390,2,36
3390,3,113
3390,3,36
3391,1,40
3391,2,98
3391,3,177
3392,1,110
3392,1,64
3392,2,64
3392,3,64
3392,3,110
3393,1,57
3393,2,168
3393,3,152
3393,3,168
3393,4,168
3393,5,168
3393,6,53
3393,6,160
3393,7,57
3394,1,36
3394,2,79
3394,3,133
3394,3,15
3394,3,4
3394,4,3
3394,4,141
3395,1,146
3395,1,136
3395,2,10
3395,3,172
3395,3,80
3396,1,61
3396,2,187
3396,2,143
3396,2,206
3396,3,143
3397,1,181
3397,1,76
3397,2,16
3397,3,16
3397,4,102
3397,4,181
3397,5,37
3397,5,16
3398,1,109
3398,2,104
3398,3,22
3398,3,109
3398,4,42
3399,1,213
3399,1,40
3399,2,40
3399,3,41
3399,4,40
3399,4,213
3400,1,128
3400,2,28
3400,2,53
3400,3,53
3400,3,25
3401,1,82
3401,1,190
3401,1,83
3401,2,82
3401,3,82
3402,1,56
3402,2,1
3402,3,203
3402,3,9
3403,1,78
3403,2,155
3403,3,128
3404,1,46
3404,2,97
3404,3,132
3404,4,51
3404,4,140
3404,5,51
3404,6,43
3405,1,197
3405,2,97
3405,3,213
3405,3,66
3405,4,98
3406,1,95
3406,2,6
3406,2,75
3406,3,124
3407,1,183
3407,2,183
3407,2,2
3407,2,55
3407,3,126
3407,3,183
3407,3,97
3407,4,2
3407,4,58
3407,4,23
3408,1,69
3408,2,210
3408,2,1
3408,3,211
3409,1,121
3409,1,40
3409,2,40
3409,2,121
3409,3,121
3410,1,205
3410,1,2
3410,1,76
3410,2,52
3410,2,113
3410,3,176
3410,3,73
3410,3,153
3410,3,76
3411,1,105
3411,1,113
3411,2,113
3411,2,114
3411,3,113
3411,4,116
3411,4,113
3412,1,30
3412,2,30
3412,3,207
3413,1,98
3413,2,42
3413,2,166
3413,3,166
3413,4,85
3414,1,45
3414,2,61
3414,2,45
3414,3,46
3415,1,76
3415,1,44
3415,1,123
3415,1,15
3415,1,4
3415,2,201
3415,2,113
3415,3,94
3416,1,41
3416,1,162
3416,2,165
3416,3,165
3417,1,3
3417,1,141
3417,2,73
3417,3,3
3417,3,121
3418,1,156
3418,1,67
3418,2,153
3418,2,24
3418,3,38
3418,3,56
3419,1,47
3419,2,178
3419,3,107
3420,1,4
3420,2,4
3420,3,4
3421,1,144
3421,1,106
3421,2,94
3421,2,93
3421,3,67
3421,3,103
3421,4,94
3421,5,144
3421,5,28
3421,5,106
3422,1,165
3422,2,38
3422,2,173
3422,2,130
3422,3,118
3423,1,25
3423,2,70
3423,3,157
3423,3,121
3424,1,66
3424,2,62
3424,3,66
3424,4,66
3424,4,4
3425,1,41
3425,1,76
3425,1,143
3425,2,58
3425,3,41
3426,1,88
3426,2,44
3426,2,42
3426,3,85
3427,1,195
3427,2,10
3427,3,15
3428,1,57
3428,2,56
3428,3,37
3428,3,102
3429,1,168
3429,2,155
3429,2,168
3429,2,69
3429,2,83
3429,3,49
3429,3,155
3429,3,83
3430,1,59
3430,1,177
3430,2,51
3430,3,59
3431,1,162
3431,2,38
3431,3,162
3431,3,120
3432,1,132
3432,2,199
3432,3,93
3433,1,83
3433,2,64
3433,3,64
3434,1,24
3434,1,67
3434,2,120
3434,2,113
3434,3,69
3435,1,60
3435,2,145
3435,2,95
3435,3,163
3436,1,136
3436,1,146
3436,2,67
3436,2,136
3436,3,67
3436,3,63
3436,4,136
3436,5,136
3436,5,146
3437,1,73
3437,2,73
3437,3,73
3438,1,65
3438,2,146
3438,3,52
3439,1,96
3439,1,85
3439,1,193
3439,2,211
3439,3,18
3439,3,213
3439,4,213
3440,1,10
3440,2,161
3440,3,10
3440,4,106
3441,1,39
3441,1,4
3441,2,206
3441,3,147
3441,3,206
3441,3,80
3442,1,183
3442,2,151
3442,2,8
3442,2,158
3442,3,125
3442,4,83
3442,4,158
3442,4,119
3442,5,118
3442,6,156
3442,6,43
3443,1,63
3443,1,67
3443,2,125
3443,3,95
3444,1,150
3444,1,4
3444,2,110
3444,2,150
3444,3,150
3445,1,83
3445,2,40
3445,3,186
3445,3,123
3446,1,7
3446,1,29
3446,2,53
3446,2,29
3446,3,78
3446,4,200
3446,4,146
3447,1,69
3447,2,193
3447,3,193
3447,4,78
3448,1,81
3448,2,208
3448,3,154
3448,4,144
3448,4,89
3448,4,150
3448,5,95
3448,6,146
3449,1,2
3449,1,181
3449,2,198
3449,3,17
3449,3,75
3449,4,15
3449,5,155
3450,1,145
3450,1,83
3450,2,83
3450,2,144
3450,2,145
3450,3,69
3450,4,79
3450,4,80
3450,5,10
3451,1,83
3451,2,111
3451,3,136
3452,1,141
3452,2,48
3452,2,151
3452,3,141
3452,4,39
3452,4,128
3452,5,76
3452,5,115
3453,1,199
3453,2,104
3453,3,124
3454,1,164
3454,1,2
3454,1,54
3454,2,111
3454,3,113
3455,1,155
3455,2,155
3455,2,20
3455,3,20
3455,3,155
3456,1,64
3456,2,64
3456,3,64
3456,4,10
3456,5,84
3456,5,64
3456,5,77
3457,1,70
3457,2,131
3457,3,128
3457,3,70
3458,1,19
3458,2,215
3458,2,139
3458,3,193
3459,1,73
3459,2,73
3459,3,168
3460,1,96
3460,2,51
3460,3,98
3460,4,51
3461,1,54
3461,1,163
3461,1,177
3461,2,185
3461,2,99
3461,2,195
3461,2,113
3461,2,2
3461,3,75
3462,1,20
3462,2,20
3462,3,20
3462,4,20
3463,1,54
3463,1,96
3463,1,87
3463,2,173
3463,3,32
3463,3,87
3464,1,16
3464,1,155
3464,1,160
3464,1,67
3464,2,42
3464,3,95
3464,4,128
3464,5,95
3464,6,155
3464,7,188
3464,7,214
3465,1,168
3465,2,34
3465,3,18
3466,1,167
3466,1,12
3466,1,64
3466,2,4
3466,2,12
3466,3,136
3467,1,182
3467,2,76
3467,3,76
3468,1,21
3468,2,93
3468,3,93
3469,1,148
3469,2,113
3469,2,155
3469,3,166
3470,1,193
3470,2,193
3470,3,118
3471,1,135
3471,2,182
3471,2,61
3471,3,160
3471,3,182
3472,1,72
3472,1,105
3472,2,160
3472,2,105
3472,3,105
3472,3,160
3472,4,105
3472,4,72
3472,5,105
3472,5,72
3473,1,83
3473,2,83
3473,3,83
3473,4,83
3473,5,83
3474,1,44
3474,2,11
3474,2,76
3474,3,164
3475,1,80
3475,2,81
3475,3,79
3476,1,72
3476,2,188
3476,3,56
3476,4,120
3476,5,53
3477,1,27
3477,2,185
3477,2,196
3477,2,204
3477,2,8
3477,3,73
3478,1,32
3478,1,64
3478,1,173
3478,2,173
3478,3,32
3478,4,64
3478,5,173
3479,1,19
3479,2,104
3479,3,7
3479,4,66
3480,1,106
3480,1,192
3480,1,196
3480,2,177
3480,3,90
3480,4,20
3480,4,184
3481,1,48
3481,2,141
3481,2,4
3481,2,150
3481,3,153
3481,3,48
3481,4,110
3482,1,56
3482,2,95
3482,2,155
3482,2,120
3482,3,56
3483,1,123
3483,1,73
3483,2,40
3483,3,69
3483,3,52
3484,1,36
3484,2,132
3484,2,36
3484,3,83
3484,3,36
3484,4,84
3484,4,186
3484,5,36
3484,6,36
3484,6,16
3484,7,186
3484,8,36
3484,9,160
3484,9,36
3485,1,110
3485,2,56
3485,3,41
3485,3,31
3486,1,51
3486,2,160
3486,2,51
3486,3,160
3487,1,101
3487,1,87
3487,2,101
3487,3,147
3487,3,204
3487,4,101
3487,4,87
3487,5,87
3487,5,101
3487,6,87
3487,6,101
3488,1,58
3488,2,183
3488,2,1
3488,3,58
3489,1,30
3489,2,81
3489,3,81
3490,1,180
3490,2,192
3490,3,65
3491,1,11
3491,1,101
3491,1,155
3491,2,63
3491,3,11
3492,1,153
3492,1,76
3492,2,151
3492,2,150
3492,2,84
3492,3,150
3493,1,152
3493,2,160
3493,2,193
3493,3,97
3494,1,190
3494,2,190
3494,3,101
3494,4,204
3495,1,83
3495,1,23
3495,2,4
3495,2,73
3495,3,4
3495,3,145
3496,1,68
3496,1,145
3496,2,180
3496,3,121
3497,1,142
3497,2,118
3497,3,100
3498,1,95
3498,2,95
3498,2,168
3498,2,150
3498,3,95
3499,1,150
3499,2,150
3499,3,98
3499,4,150
3500,1,67
3500,1,161
3500,2,58
3500,2,191
3500,3,67
3500,3,160
3501,1,144
3501,2,28
3501,2,144
3501,3,144
3501,4,144
3502,1,51
3502,2,175
3502,2,51
3502,3,51
3502,4,51
3503,1,67
3503,1,113
3503,2,67
3503,3,106
3503,4,67
3504,1,202
3504,1,12
3504,1,133
3504,2,123
3504,2,117
3504,3,12
3504,3,14
3504,3,46
3504,3,202
3504,3,32
3504,3,150
3505,1,50
3505,1,70
3505,2,150
3505,3,95
3506,1,183
3506,1,162
3506,2,27
3506,3,25
3506,4,27
3506,5,27
3507,1,132
3507,2,156
3507,3,184
3508,1,4
3508,2,90
3508,3,164
3508,3,206
3508,3,165
3508,4,38
3509,1,4
3509,1,150
3509,1,123
3509,2,93
3509,3,78
3509,3,150
3509,4,2
3510,1,155
3510,2,60
3510,3,11
3510,4,101
3510,4,155
3510,4,112
3510,5,81
3510,5,101
3511,1,39
3511,1,128
3511,2,74
3511,3,119
3511,3,128
3511,3,208
3511,4,39
3511,5,39
3511,5,210
3511,6,80
3511,7,98
3512,1,59
3512,2,76
3512,2,194
3512,3,93
3513,1,98
3513,2,186
3513,3,186
3514,1,172
3514,2,112
3514,3,61
3515,1,36
3515,2,9
3515,3,78
3515,3,9
3515,4,80
3515,4,95
3516,1,93
3516,2,54
3516,3,125
3516,4,164
3516,4,2
3516,5,77
3516,6,206
3516,6,77
3517,1,150
3517,2,106
3517,3,11
3518,1,120
3518,2,58
3518,3,4
3518,4,156
3518,4,4
3518,4,44
3519,1,164
3519,2,67
3519,2,113
3519,3,215
3520,1,168
3520,1,64
3520,1,42
3520,2,42
3520,3,12
3521,1,72
3521,2,83
3521,2,128
3521,3,105
3522,1,126
3522,2,27
3522,3,126
3523,1,97
3523,2,58
3523,3,214
3523,3,192
3523,3,57
3523,3,4
3523,3,44
3523,3,40
3523,3,83
3524,1,148
3524,2,136
3524,2,155
3524,3,148
3524,4,155
3524,4,136
3524,5,148
3524,6,94
3525,1,132
3525,2,179
3525,2,72
3525,2,62
3525,3,197
3525,4,132
3526,1,64
3526,1,167
3526,2,78
3526,2,59
3526,3,59
3526,3,167
3526,3,81
3526,3,140
3527,1,78
3527,2,78
3527,3,21
3528,1,83
3528,1,120
3528,2,168
3528,3,110
3528,4,15
3528,5,68
3528,5,120
3529,1,14
3529,1,71
3529,2,22
3529,2,71
3529,2,110
3529,3,157
3530,1,150
3530,2,83
3530,2,150
3530,3,150
3530,3,88
3530,3,51
3530,3,39
3530,4,168
3530,5,168
3531,1,128
3531,2,70
3531,3,107
3532,1,82
3532,2,49
3532,3,82
3532,4,178
3532,4,83
3532,5,130
3532,6,178
3532,7,82
3533,1,66
3533,2,58
3533,2,38
3533,3,66
3533,3,83
3533,4,13
3533,4,66
3533,4,83
3533,5,66
3533,5,58
3533,5,151
3534,1,89
3534,1,20
3534,2,22
3534,3,20
3534,3,120
3535,1,113
3535,1,157
3535,2,157
3535,2,76
3535,3,94
3535,4,169
3535,4,168
3536,1,73
3536,2,54
3536,2,58
3536,2,73
3536,2,35
3536,3,87
3537,1,2
3537,2,155
3537,2,52
3537,3,15
3537,4,175
3538,1,102
3538,2,102
3538,2,60
3538,2,78
3538,3,102
3538,4,128
3538,4,130
3538,5,102
3538,6,4
3538,6,6
3538,7,102
3538,8,102
3538,9,102
3538,9,107
3538,10,190
3538,11,114
3538,12,102
3538,13,102
3538,14,102
3538,15,102
3539,1,171
3539,2,46
3539,3,178
3539,3,46
3539,3,171
3540,1,95
3540,2,119
3540,3,119
3540,3,70
3540,4,10
3540,4,70
3540,5,119
3540,5,151
3541,1,114
3541,1,113
3541,2,86
3541,3,114
3541,3,105
3541,4,105
3541,4,95
3541,4,114
3542,1,129
3542,2,75
3542,2,25
3542,3,190
3543,1,119
3543,2,102
3543,3,119
3544,1,48
3544,1,113
3544,2,117
3544,2,95
3544,2,98
3544,3,74
3544,3,5
3544,4,44
3545,1,68
3545,1,121
3545,2,121
3545,3,21
3545,3,125
3546,1,4
3546,1,163
3546,1,73
3546,1,193
3546,2,97
3546,2,4
3546,3,73
3546,3,3
3546,4,145
3546,5,87
3546,5,54
3547,1,4
3547,2,125
3547,3,29
3547,4,4
3548,1,123
3548,2,72
3548,2,110
3548,3,75
3549,1,150
3549,1,38
3549,1,51
3549,2,150
3549,3,150
3549,4,95
3550,1,104
3550,2,188
3550,3,144
3551,1,56
3551,2,199
3551,3,56
3551,3,207
3552,1,150
3552,2,78
3552,3,150
3552,3,33
3553,1,110
3553,1,55
3553,2,55
3553,3,55
3553,4,167
3553,5,69
3554,1,2
3554,2,95
3554,2,48
3554,2,50
3554,3,73
3555,1,34
3555,2,34
3555,2,67
3555,3,203
3555,4,203
3556,1,121
3556,2,91
3556,3,56
3557,1,1
3557,2,164
3557,2,177
3557,3,87
3557,3,1
3557,3,194
3557,3,85
3557,3,164
3558,1,93
3558,2,145
3558,3,132
3558,3,199
3558,3,83
3558,3,93
3559,1,177
3559,1,213
3559,2,96
3559,2,7
3559,2,213
3559,3,66
3560,1,147
3560,1,190
3560,1,181
3560,2,176
3560,3,216
3560,3,78
3560,3,181
3560,4,176
3561,1,98
3561,1,126
3561,2,113
3561,2,25
3561,3,126
3561,3,8
3561,4,117
3561,5,126
3562,1,15
3562,2,61
3562,3,107
3563,1,83
3563,2,160
3563,3,106
3563,4,119
3563,4,160
3563,5,61
3564,1,120
3564,1,68
3564,2,68
3564,3,162
3564,4,162
3565,1,150
3565,2,150
3565,2,113
3565,3,173
3565,4,184
3565,5,72
3566,1,175
3566,2,175
3566,3,122
3566,3,40
3567,1,94
3567,1,6
3567,2,56
3567,3,56
3568,1,48
3568,1,84
3568,2,83
3568,2,150
3568,3,37
3568,4,2
3568,4,50
3568,5,98
3569,1,50
3569,2,113
3569,3,113
3569,3,67
3569,4,1
3569,4,15
3569,4,50
3569,4,102
3569,4,123
3569,4,58
3569,4,96
3569,4,128
3569,5,79
3570,1,140
3570,2,4
3570,2,120
3570,3,120
3570,4,100
3571,1,69
3571,2,44
3571,3,69
3572,1,129
3572,2,145
3572,2,129
3572,3,127
3572,4,127
3572,4,145
3572,4,132
3573,1,38
3573,2,98
3573,3,117
3574,1,93
3574,2,88
3574,3,47
3574,3,144
3575,1,168
3575,1,152
3575,2,194
3575,2,8
3575,2,28
3575,3,106
3575,3,8
3575,4,55
3575,5,8
3575,5,2
3576,1,130
3576,2,105
3576,3,76
3577,1,118
3577,2,84
3577,3,118
3578,1,113
3578,2,77
3578,3,150
3578,3,154
3578,4,93
3579,1,155
3579,1,32
3579,1,147
3579,2,187
3579,3,198
3579,3,173
3579,3,44
3580,1,164
3580,1,21
3580,2,19
3580,3,21
3581,1,48
3581,2,141
3581,3,128
3581,4,168
3581,5,13
3582,1,162
3582,2,13
3582,3,207
3582,3,104
3582,3,100
3583,1,150
3583,2,150
3583,3,95
3583,4,37
3583,5,154
3583,5,150
3584,1,197
3584,2,143
3584,3,98
3584,3,143
3584,3,16
3585,1,215
3585,1,2
3585,2,2
3585,3,98
3586,1,130
3586,2,126
3586,3,130
3587,1,125
3587,2,3
3587,3,164
3588,1,48
3588,1,136
3588,2,81
3588,3,150
3589,1,205
3589,1,192
3589,2,8
3589,2,196
3589,3,98
3590,1,78
3590,2,4
3590,2,107
3590,3,83
3590,3,133
3591,1,36
3591,2,28
3591,2,87
3591,2,63
3591,2,30
3591,3,138
3591,3,82
3591,3,18
3591,3,213
3592,1,10
3592,2,10
3592,3,150
3593,1,95
3593,1,116
3593,2,117
3593,2,76
3593,2,184
3593,3,65
3594,1,76
3594,1,55
3594,2,98
3594,2,102
3594,3,2
3594,3,145
3594,3,164
3594,3,55
3595,1,99
3595,2,193
3595,2,129
3595,3,18
3595,3,129
3596,1,72
3596,2,39
3596,3,181
3597,1,51
3597,2,27
3597,2,175
3597,3,30
3597,3,177
3597,3,175
3598,1,37
3598,2,98
3598,3,106
3599,1,20
3599,2,97
3599,3,150
3599,4,168
3599,5,44
3600,1,132
3600,2,63
3600,3,24
3600,3,63
3601,1,172
3601,2,74
3601,2,8
3601,3,172
3601,3,128
3601,4,172
3601,5,172
3601,6,12
3601,7,172
3601,8,40
3601,8,172
3601,9,172
3601,10,77
3601,11,172
3601,11,40
3601,12,172
3601,12,160
3601,13,69
3601,13,70
3601,14,128
3601,15,8
3601,15,112
3601,16,172
3601,16,24
3601,17,20
3601,17,172
3601,18,128
3601,19,110
3601,19,172
3602,1,21
3602,2,83
3602,2,4
3602,3,21
3602,3,215
3603,1,97
3603,2,67
3603,3,31
3603,3,86
3603,3,77
3604,1,95
3604,1,125
3604,2,128
3604,3,160
3604,4,98
3605,1,76
3605,1,120
3605,2,98
3605,2,131
3605,3,61
3606,1,6
3606,2,142
3606,3,88
3606,4,69
3607,1,181
3607,2,155
3607,2,32
3607,3,155
3607,3,32
3607,4,32
3608,1,193
3608,1,82
3608,2,193
3608,3,193
3608,4,39
3608,4,57
3608,5,128
3608,6,82
3609,1,31
3609,2,31
3609,3,37
3610,1,28
3610,1,44
3610,2,28
3610,2,144
3610,3,164
3611,1,147
3611,1,4
3611,2,94
3611,3,38
3612,1,101
3612,1,68
3612,2,167
3612,2,121
3612,2,95
3612,3,121
3612,4,150
3613,1,20
3613,1,114
3613,2,101
3613,2,114
3613,3,105
3613,3,113
3614,1,64
3614,2,12
3614,2,3
3614,3,29
3614,3,64
3614,3,12
3615,1,12
3615,1,60
3615,1,46
3615,2,96
3615,3,22
3616,1,164
3616,2,99
3616,3,154
3616,3,164
3617,1,103
3617,1,106
3617,2,146
3617,3,22
3618,1,44
3618,2,67
3618,3,158
3618,3,50
3618,4,67
3618,5,51
3618,6,67
3618,7,106
3618,7,120
3619,1,17
3619,1,88
3619,2,67
3619,3,17
3619,4,194
3619,5,98
3619,6,118
3620,1,95
3620,2,30
3620,2,12
3620,2,104
3620,3,142
3621,1,99
3621,2,37
3621,3,197
3621,4,164
3621,4,75
3621,5,184
3621,5,105
3621,5,114
3621,5,22
3621,6,44
3622,1,27
3622,2,118
3622,2,26
3622,2,93
3622,3,81
3623,1,38
3623,1,183
3623,2,65
3623,3,69
3623,4,47
3624,1,175
3624,1,106
3624,2,27
3624,3,27
3624,4,188
3624,4,27
3625,1,193
3625,2,46
3625,2,7
3625,3,81
3625,4,193
3626,1,164
3626,1,32
3626,1,89
3626,2,209
3626,3,90
3627,1,167
3627,2,207
3627,3,197
3627,4,187
3627,5,21
3628,1,202
3628,2,48
3628,2,76
3628,2,175
3628,3,10
3629,1,13
3629,2,61
3629,3,61
3629,3,13
3630,1,162
3630,1,91
3630,2,148
3630,2,162
3630,3,32
3630,3,148
3630,3,19
3630,4,101
3631,1,44
3631,2,61
3631,2,45
3631,3,116
3631,3,184
3632,1,5
3632,1,128
3632,2,5
3632,3,5
3632,3,76
3633,1,128
3633,1,101
3633,1,81
3633,2,83
3633,2,169
3633,2,128
3633,3,83
3633,3,128
3633,3,169
3633,4,169
3633,4,113
3633,4,128
3634,1,67
3634,2,67
3634,2,100
3634,3,38
3634,3,120
3634,3,76
3635,1,178
3635,1,113
3635,2,215
3635,2,100
3635,3,55
3635,3,155
3635,3,101
3636,1,113
3636,1,205
3636,2,128
3636,3,196
3636,3,113
3636,4,113
3636,4,196
3637,1,76
3637,1,36
3637,1,75
3637,2,75
3637,2,106
3637,3,75
3638,1,155
3638,1,3
3638,2,44
3638,3,3
3638,3,67
3638,3,44
3638,4,67
3638,4,44
3638,4,3
3639,1,54
3639,1,25
3639,2,130
3639,3,98
3639,3,2
3640,1,44
3640,1,48
3640,2,58
3640,2,61
3640,3,96
3641,1,4
3641,2,4
3641,3,13
3641,3,197
3641,3,4
3642,1,36
3642,1,192
3642,1,28
3642,2,113
3642,2,80
3642,2,83
3642,3,172
3642,3,93
3642,4,11
3642,4,154
3642,4,172
3642,5,152
3643,1,61
3643,2,93
3643,3,48
3643,3,72
3644,1,5
3644,2,5
3644,2,4
3644,3,5
3645,1,128
3645,1,119
3645,2,113
3645,2,70
3645,2,185
3645,3,182
3645,3,95
3645,3,128
3646,1,135
3646,2,156
3646,3,200
3646,3,29
3647,1,145
3647,2,145
3647,3,121
3647,4,110
3647,4,145
3648,1,134
3648,2,134
3648,3,134
3649,1,205
3649,2,141
3649,3,186
3649,4,44
3649,4,76
3649,5,69
3649,5,186
3649,5,133
3649,5,105
3649,6,151
3649,7,186
3649,8,186
3649,9,50
3649,9,141
3649,9,76
3650,1,198
3650,1,71
3650,2,71
3650,3,204
3650,4,71
3650,4,101
3650,5,71
3651,1,182
3651,2,52
3651,2,34
3651,2,67
3651,3,10
3652,1,113
3652,2,113
3652,2,182
3652,3,182
3652,3,113
3653,1,65
3653,2,113
3653,2,202
3653,3,16
3653,4,194
3653,5,179
3654,1,197
3654,1,13
3654,2,57
3654,3,160
3654,3,25
3654,4,39
3654,4,38
3654,5,98
3654,5,83
3654,5,25
3655,1,160
3655,1,157
3655,2,157
3655,3,160
3655,4,157
3655,4,160
3656,1,98
3656,2,98
3656,2,51
3656,2,80
3656,3,98
3657,1,46
3657,1,45
3657,2,36
3657,2,26
3657,3,36
3657,3,4
3658,1,172
3658,1,110
3658,2,58
3658,2,61
3658,3,61
3658,3,147
3658,3,58
3658,4,60
3658,4,172
3658,4,4
3658,4,61
3658,5,4
3658,5,112
3658,5,69
3658,6,58
3658,6,206
3658,6,80
3658,6,61
3658,7,61
3658,7,153
3658,7,58
3658,7,80
3659,1,94
3659,1,25
3659,1,113
3659,2,136
3659,3,155
3659,3,151
3659,3,52
3660,1,189
3660,1,15
3660,1,113
3660,2,191
3660,3,191
3661,1,100
3661,2,21
3661,3,188
3661,4,181
3661,4,101
3662,1,129
3662,1,74
3662,2,75
3662,2,53
3662,3,129
3663,1,39
3663,2,28
3663,3,78
3664,1,83
3664,1,80
3664,2,164
3664,3,151
3664,3,146
3664,4,95
3664,4,139
3665,1,200
3665,2,4
3665,3,4
3665,3,31
3666,1,148
3666,2,67
3666,3,148
3667,1,39
3667,1,2
3667,1,10
3667,1,183
3667,2,39
3667,3,10
3667,3,39
3667,4,151
3667,4,195
3668,1,76
3668,2,12
3668,2,64
3668,3,66
3668,3,174
3668,4,78
3669,1,4
3669,2,86
3669,3,130
3670,1,29
3670,2,29
3670,2,200
3670,3,200
3671,1,98
3671,2,53
3671,2,83
3671,3,53
3671,3,107
3671,4,197
3671,5,80
3671,5,54
3671,6,54
3672,1,113
3672,1,67
3672,2,23
3672,3,128
3673,1,38
3673,2,217
3673,2,38
3673,2,93
3673,2,29
3673,3,217
3673,3,29
3673,3,69
3674,1,8
3674,1,40
3674,2,44
3674,3,139
3674,3,136
3674,4,9
3674,5,8
3674,5,74
3674,5,40
3675,1,89
3675,2,149
3675,2,84
3675,3,159
3676,1,113
3676,2,145
3676,3,72
3677,1,12
3677,2,12
3677,3,12
3677,3,200
3677,4,12
3678,1,2
3678,2,200
3678,3,210
3679,1,93
3679,2,100
3679,3,67
3679,4,93
3679,4,67
3679,4,176
3679,4,100
3679,5,93
3679,5,67
3679,6,176
3679,7,93
3679,8,93
3679,8,176
3680,1,75
3680,2,75
3680,3,55
3680,4,55
3680,5,9
3681,1,118
3681,2,141
3681,2,100
3681,2,101
3681,2,8
3681,3,112
3682,1,105
3682,1,29
3682,1,154
3682,2,151
3682,2,105
3682,2,98
3682,3,211
3683,1,59
3683,2,199
3683,3,199
3683,3,101
3683,4,101
3683,4,199
3684,1,20
3684,2,75
3684,3,44
3685,1,185
3685,2,171
3685,2,146
3685,3,104
3685,3,139
3686,1,86
3686,2,86
3686,3,9
3686,3,86
3686,4,86
3687,1,45
3687,1,2
3687,2,157
3687,3,198
3688,1,56
3688,2,56
3688,3,56
3689,1,125
3689,1,96
3689,1,21
3689,1,88
3689,2,121
3689,3,194
3689,3,57
3689,4,2
3690,1,217
3690,2,93
3690,3,165
3691,1,95
3691,1,182
3691,2,53
3691,2,100
3691,3,53
3692,1,169
3692,2,69
3692,3,134
3692,4,90
3692,4,123
3692,5,134
3692,6,212
3692,6,4
3692,7,22
3693,1,16
3693,2,16
3693,3,103
3694,1,50
3694,1,16
3694,2,54
3694,3,144
3694,3,16
3695,1,98
3695,2,121
3695,3,10
3695,4,121
3695,5,121
3695,5,27
3695,6,133
3695,6,85
3695,7,121
3696,1,2
3696,2,100
3696,3,16
3696,3,2
3696,4,7
3696,4,180
3697,1,161
3697,2,142
3697,3,129
3697,3,133
3697,4,124
3698,1,2
3698,2,69
3698,3,40
3698,4,40
3699,1,152
3699,1,175
3699,2,79
3699,3,57
3700,1,98
3700,1,189
3700,2,37
3700,3,37
3701,1,39
3701,2,21
3701,3,39
3701,3,69
3702,1,44
3702,2,44
3702,3,34
3703,1,156
3703,2,156
3703,3,134
3703,4,158
3703,4,23
3704,1,20
3704,2,143
3704,3,143
3704,4,96
3704,4,88
3704,4,114
3704,4,90
3704,5,39
3704,5,21
3704,6,21
3704,6,39
3704,7,7
3704,7,78
3704,8,20
3704,8,143
3704,9,22
3705,1,130
3705,1,82
3705,1,209
3705,2,155
3705,2,151
3705,3,98
3705,4,82
3705,4,155
3705,4,57
3706,1,95
3706,1,150
3706,2,95
3706,2,124
3706,3,189
3706,4,150
3706,4,95
3707,1,57
3707,2,73
3707,2,180
3707,3,73
3708,1,160
3708,2,160
3708,3,160
3708,4,160
3708,5,160
3709,1,12
3709,2,44
3709,3,209
3710,1,10
3710,2,113
3710,2,155
3710,3,205
3711,1,115
3711,1,142
3711,2,79
3711,3,207
3711,4,125
3712,1,119
3712,1,83
3712,2,70
3712,3,119
3712,4,119
3712,5,83
3712,5,119
3712,6,70
3712,7,31
3712,7,41
3712,8,95
3713,1,38
3713,2,199
3713,2,87
3713,2,100
3713,3,21
3713,4,87
3713,4,199
3714,1,93
3714,1,162
3714,1,122
3714,2,121
3714,3,122
3714,4,11
3714,4,96
3714,4,122
3714,5,77
3715,1,208
3715,1,104
3715,2,208
3715,2,19
3715,3,130
3716,1,38
3716,2,81
3716,3,155
3717,1,194
3717,2,29
3717,2,64
3717,3,17
3717,3,194
3717,4,143
3717,4,98
3717,4,29
3718,1,151
3718,1,34
3718,1,83
3718,2,16
3718,3,61
3718,4,97
3718,4,208
3718,4,133
3719,1,69
3719,1,70
3719,2,141
3719,3,39
3719,3,81
3720,1,72
3720,2,69
3720,3,108
3721,1,12
3721,2,145
3721,3,87
3721,3,206
3722,1,31
3722,2,206
3722,2,121
3722,3,100
3723,1,124
3723,2,108
3723,3,79
3723,4,108
3723,4,29
3723,5,124
3724,1,217
3724,1,61
3724,2,168
3724,3,56
3724,3,133
3725,1,211
3725,2,121
3725,2,76
3725,3,83
3725,4,121
3726,1,2
3726,2,108
3726,2,16
3726,3,168
3726,3,10
3727,1,67
3727,2,108
3727,3,67
3728,1,150
3728,1,101
3728,2,101
3728,2,150
3728,3,101
3728,3,150
3729,1,145
3729,2,5
3729,3,103
3729,3,55
3730,1,198
3730,2,205
3730,2,142
3730,3,198
3731,1,104
3731,1,136
3731,2,23
3731,2,136
3731,3,136
3731,3,158
3732,1,89
3732,2,160
3732,3,77
3733,1,150
3733,2,69
3733,2,150
3733,2,51
3733,3,150
3733,3,4
3733,4,161
3733,4,3
3733,4,150
3733,5,105
3734,1,76
3734,2,120
3734,3,95
3735,1,179
3735,2,179
3735,3,179
3735,4,179
3736,1,58
3736,2,128
3736,3,140
3736,3,173
3737,1,105
3737,2,141
3737,3,206
3738,1,217
3738,1,110
3738,2,43
3738,3,206
3739,1,211
3739,1,213
3739,2,120
3739,2,95
3739,3,10
3739,4,2
3739,5,151
3739,5,120
3740,1,50
3740,1,150
3740,1,51
3740,2,51
3740,2,67
3740,2,50
3740,3,97
3741,1,74
3741,1,160
3741,2,164
3741,3,8
3741,3,62
3742,1,184
3742,1,51
3742,2,87
3742,3,160
3743,1,160
3743,2,160
3743,2,82
3743,3,82
3744,1,37
3744,2,150
3744,3,141
3745,1,25
3745,1,96
3745,2,6
3745,2,25
3745,3,124
3745,4,76
3746,1,69
3746,1,4
3746,2,4
3746,3,115
3746,3,4
3747,1,14
3747,2,94
3747,3,101
3747,4,88
3747,4,96
3748,1,96
3748,2,19
3748,3,13
3748,4,22
3748,5,66
3748,5,213
3748,6,64
3748,6,64
3749,1,71
3749,2,71
3749,3,71
3750,1,168
3750,2,73
3750,2,168
3750,3,73
3750,3,168
3750,4,73
3751,1,15
3751,2,95
3751,3,69
3751,4,2
3752,1,13
3752,2,160
3752,2,117
3752,3,105
3753,1,162
3753,2,26
3753,2,162
3753,3,22
3754,1,121
3754,2,121
3754,2,113
3754,3,121
3754,4,113
3754,5,121
3755,1,84
3755,1,67
3755,2,106
3755,3,20
3756,1,182
3756,2,74
3756,2,77
3756,2,4
3756,2,119
3756,2,113
3756,3,146
3756,3,147
3756,3,75
3756,3,54
3756,4,77
3756,4,21
3756,5,206
3756,5,8
3756,5,74
3757,1,60
3757,1,102
3757,2,127
3757,2,121
3757,3,31
3757,4,107
3758,1,3
3758,2,87
3758,2,56
3758,3,87
3759,1,69
3759,2,76
3759,3,215
3759,4,123
3759,4,83
3759,5,70
3759,5,131
3759,6,76
3760,1,173
3760,1,157
3760,1,13
3760,1,188
3760,2,13
3760,3,39
3760,4,13
3760,4,47
3761,1,67
3761,2,157
3761,2,113
3761,2,178
3761,3,89
3761,4,178
3761,4,142
3762,1,76
3762,1,155
3762,1,123
3762,2,123
3762,3,61
3762,3,140
3763,1,55
3763,1,95
3763,2,68
3763,3,145
3763,4,69
3763,5,119
3763,6,95
3763,6,205
3763,6,192
3764,1,129
3764,1,159
3764,2,67
3764,3,129
3764,3,161
3764,4,129
3764,4,161
3764,4,67
3765,1,195
3765,2,195
3765,3,6
3765,4,195
3766,1,195
3766,2,110
3766,2,195
3766,3,195
3767,1,97
3767,2,123
3767,3,97
3768,1,28
3768,1,55
3768,2,123
3768,3,123
3769,1,136
3769,1,164
3769,2,164
3769,3,162
3770,1,83
3770,2,125
3770,3,106
3771,1,140
3771,1,42
3771,1,175
3771,2,48
3771,3,49
3771,3,42
3771,3,51
3771,4,49
3771,4,175
3771,4,88
3771,4,22
3772,1,150
3772,2,150
3772,3,150
3773,1,85
3773,1,157
3773,2,146
3773,3,21
3773,4,106
3774,1,152
3774,2,55
3774,2,164
3774,3,55
3774,3,63
3774,3,106
3774,4,152
3774,5,47
3775,1,150
3775,1,167
3775,2,148
3775,3,123
3776,1,10
3776,2,116
3776,2,51
3776,3,40
3777,1,51
3777,1,3
3777,1,159
3777,2,50
3777,2,42
3777,3,159
3777,4,40
3777,4,50
3777,4,159
3777,4,4
3777,5,50
3777,5,110
3777,5,16
3777,6,3
3777,6,116
3777,7,3
3777,7,159
3778,1,160
3778,1,83
3778,2,106
3778,2,155
3778,3,67
3778,3,160
3778,4,160
3778,4,155
3779,1,187
3779,1,64
3779,2,78
3779,3,92
3779,3,142
3779,4,149
3779,5,72
3780,1,36
3780,2,44
3780,3,57
3781,1,63
3781,1,83
3781,2,16
3781,3,83
3781,3,6
3781,4,10
3781,5,9
3781,5,164
3782,1,128
3782,2,128
3782,2,50
3782,2,76
3782,3,73
3782,3,168
3782,3,50
3782,3,4
3783,1,101
3783,1,81
3783,1,25
3783,2,75
3783,2,101
3783,2,55
3783,3,38
3784,1,123
3784,2,89
3784,3,89
3784,3,136
3784,3,136
3785,1,3
3785,1,37
3785,2,85
3785,2,17
3785,2,209
3785,3,66
3786,1,79
3786,1,123
3786,1,151
3786,2,10
3786,2,70
3786,3,37
3787,1,57
3787,1,160
3787,2,83
3787,3,4
3788,1,44
3788,2,2
3788,3,168
3788,3,112
3788,4,79
3788,4,81
3789,1,81
3789,1,113
3789,2,140
3789,3,60
3789,3,58
3789,4,101
3789,4,5
3789,4,81
3790,1,95
3790,2,15
3790,3,15
3790,3,58
3790,3,154
3790,4,15
3791,1,3
3791,2,190
3791,3,3
3791,4,141
3792,1,84
3792,2,175
3792,3,203
3792,4,157
3793,1,178
3793,1,16
3793,1,177
3793,2,24
3793,2,4
3793,2,178
3793,3,85
3793,3,17
3793,3,212
3793,3,178
3793,4,73
3793,5,178
3793,6,103
3793,6,3
3793,7,178
3793,8,103
3793,9,177
3793,10,177
3793,10,178
3793,11,177
3794,1,158
3794,2,160
3794,2,63
3794,2,53
3794,3,78
3795,1,90
3795,2,132
3795,3,76
3795,4,76
3796,1,76
3796,2,121
3796,3,121
3797,1,45
3797,1,31
3797,2,125
3797,3,61
3798,1,161
3798,2,131
3798,3,155
3798,3,161
3798,4,161
3798,4,159
3798,4,155
3798,4,127
3798,5,39
3798,6,131
3798,7,155
3798,7,161
3799,1,131
3799,2,131
3799,3,95
3799,4,69
3799,5,69
3799,6,69
3799,6,164
3799,6,162
3800,1,113
3800,2,105
3800,3,34
3800,3,105
3801,1,125
3801,2,123
3801,3,169
3802,1,47
3802,2,46
3802,3,188
3802,3,20
3802,4,12
3802,4,30
3802,5,47
3802,6,12
3802,6,136
3803,1,74
3803,1,83
3803,2,55
3803,3,53
3803,3,83
3804,1,190
3804,2,78
3804,3,106
3804,4,190
3805,1,38
3805,2,15
3805,3,123
3805,4,65
3805,5,98
3805,6,38
3805,6,65
3805,6,83
3806,1,69
3806,2,179
3806,3,96
3806,3,23
3806,4,77
3806,4,154
3806,4,23
3807,1,48
3807,2,48
3807,2,4
3807,2,69
3807,3,48
3807,4,69
3807,5,69
3807,5,48
3808,1,25
3808,1,136
3808,2,183
3808,3,136
3808,4,206
3808,4,45
3809,1,86
3809,2,121
3809,2,83
3809,3,86
3809,3,121
3809,4,113
3809,4,83
3809,4,121
3810,1,130
3810,2,61
3810,3,11
3811,1,177
3811,1,51
3811,1,50
3811,2,34
3811,3,34
3811,4,128
3812,1,2
3812,2,2
3812,3,192
3813,1,212
3813,1,214
3813,2,30
3813,3,104
3813,3,200
3813,3,19
3813,4,19
3813,4,29
3814,1,39
3814,2,10
3814,3,96
3814,4,135
3814,5,128
3814,6,37
3815,1,29
3815,2,30
3815,3,27
3816,1,178
3816,2,165
3816,3,107
3816,3,206
3816,3,178
3816,4,166
3816,5,80
3816,6,208
3816,6,79
3817,1,82
3817,2,49
3817,3,171
3817,3,121
3817,3,11
3817,3,208
3818,1,8
3818,2,191
3818,3,8
3818,3,167
3818,3,5
3819,1,69
3819,2,95
3819,3,209
3819,4,69
3820,1,76
3820,2,67
3820,3,67
3821,1,65
3821,2,44
3821,3,2
3822,1,208
3822,2,171
3822,3,66
3822,3,31
3823,1,83
3823,1,121
3823,2,83
3823,3,83
3823,4,121
3823,5,171
3823,5,83
3823,5,121
3823,6,121
3823,6,83
3824,1,10
3824,2,87
3824,2,209
3824,2,76
3824,2,144
3824,3,107
3824,3,133
3825,1,19
3825,1,173
3825,2,13
3825,3,40
3826,1,209
3826,1,42
3826,2,57
3826,3,126
3827,1,136
3827,2,76
3827,3,148
3828,1,104
3828,2,139
3828,3,76
3828,3,104
3828,4,104
3828,5,104
3828,6,76
3828,6,104
3829,1,2
3829,2,16
3829,3,2
3829,3,4
3829,3,87
3829,4,69
3830,1,120
3830,2,22
3830,2,120
3830,2,34
3830,3,120
3831,1,216
3831,2,131
3831,3,98
3831,3,216
3831,4,111
3832,1,150
3832,2,64
3832,2,207
3832,2,51
3832,3,68
3833,1,133
3833,2,121
3833,3,43
3834,1,113
3834,1,52
3834,2,28
3834,2,37
3834,3,98
3834,4,150
3834,4,175
3835,1,199
3835,1,3
3835,2,191
3835,3,199
3835,3,110
3835,4,110
3836,1,27
3836,1,9
3836,2,123
3836,2,9
3836,3,103
3837,1,124
3837,2,124
3837,2,99
3837,2,34
3837,3,98
3837,3,124
3837,3,34
3838,1,29
3838,2,171
3838,3,54
3838,3,29
3838,4,211
3838,5,70
3839,1,19
3839,1,88
3839,1,137
3839,2,69
3839,2,17
3839,3,4
3839,4,167
3840,1,61
3840,2,97
3840,2,73
3840,2,182
3840,3,190
3841,1,4
3841,1,121
3841,2,121
3841,3,160
3842,1,70
3842,2,118
3842,2,107
3842,3,67
3843,1,121
3843,2,129
3843,2,133
3843,3,129
3843,3,133
3844,1,113
3844,1,112
3844,1,83
3844,2,71
3844,3,79
3844,3,76
3845,1,113
3845,2,61
3845,2,51
3845,2,170
3845,3,83
3845,3,105
3846,1,53
3846,2,53
3846,3,157
3847,1,56
3847,2,87
3847,2,83
3847,3,79
3848,1,16
3848,1,192
3848,2,192
3848,2,16
3848,3,192
3848,3,16
3849,1,51
3849,2,73
3849,3,73
3849,3,67
3849,4,50
3849,5,29
3850,1,152
3850,2,69
3850,3,152
3850,3,69
3850,4,152
3851,1,178
3851,1,128
3851,2,164
3851,2,89
3851,3,28
3851,4,95
3851,5,58
3852,1,162
3852,1,188
3852,2,79
3852,3,21
3853,1,32
3853,2,32
3853,3,124
3853,3,93
3854,1,155
3854,1,106
3854,2,120
3854,3,63
3855,1,109
3855,2,108
3855,3,22
3855,3,109
3856,1,150
3856,1,51
3856,2,197
3856,3,197
3857,1,80
3857,1,178
3857,2,178
3857,3,154
3857,3,178
3858,1,69
3858,2,40
3858,3,69
3858,4,69
3858,4,40
3859,1,83
3859,2,133
3859,3,205
3860,1,6
3860,1,152
3860,2,127
3860,3,6
3860,4,142
3860,5,37
3861,1,178
3861,2,149
3861,3,178
3861,3,127
3862,1,26
3862,2,73
3862,3,178
3863,1,38
3863,2,113
3863,3,44
3863,4,83
3864,1,101
3864,1,166
3864,2,155
3864,2,137
3864,2,75
3864,3,148
3864,3,155
3864,3,137
3864,3,101
3864,4,176
3865,1,122
3865,1,176
3865,2,188
3865,3,162
3865,3,217
3866,1,130
3866,1,128
3866,2,130
3866,3,128
3866,3,95
3866,3,98
3866,3,39
3866,4,128
3866,4,141
3866,4,197
3867,1,58
3867,2,58
3867,3,140
3868,1,161
3868,1,129
3868,1,50
3868,2,161
3868,2,175
3868,2,141
3868,3,48
3868,3,141
3869,1,11
3869,2,155
3869,2,164
3869,2,28
3869,3,11
3870,1,185
3870,1,4
3870,2,25
3870,2,145
3870,3,47
3871,1,88
3871,1,194
3871,2,155
3871,3,207
3872,1,15
3872,2,15
3872,3,15
3873,1,95
3873,1,61
3873,2,27
3873,3,69
3874,1,75
3874,1,76
3874,1,55
3874,1,37
3874,2,38
3874,2,23
3874,3,154
3874,3,61
3874,3,71
3874,3,203
3875,1,18
3875,2,152
3875,2,36
3875,3,151
3876,1,83
3876,1,44
3876,2,101
3876,2,148
3876,3,57
3877,1,40
3877,2,124
3877,3,98
3877,4,84
3878,1,104
3878,1,32
3878,2,104
3878,2,64
3878,3,124
3878,4,32
3878,5,112
3878,6,32
3878,6,80
3878,7,120
3879,1,122
3879,1,23
3879,1,76
3879,2,200
3879,3,207
3880,1,38
3880,2,65
3880,3,40
3881,1,58
3881,2,21
3881,3,70
3882,1,113
3882,1,121
3882,2,131
3882,3,131
3882,3,80
3882,3,113
3882,4,112
3882,4,113
3883,1,34
3883,2,98
3883,2,44
3883,3,76
3883,4,34
3883,5,186
3884,1,13
3884,2,31
3884,3,33
3884,4,204
3885,1,11
3885,2,158
3885,3,158
3885,3,38
3886,1,74
3886,2,8
3886,3,8
3886,4,90
3886,5,114
3886,5,116
3886,5,129
3886,6,114
3886,6,116
3887,1,57
3887,2,27
3887,3,51
3887,3,28
3888,1,98
3888,1,76
3888,2,76
3888,3,67
3888,4,67
3888,4,98
3888,4,61
3888,4,30
3888,5,76
3889,1,175
3889,1,76
3889,2,44
3889,2,175
3889,3,150
3890,1,188
3890,1,8
3890,1,18
3890,1,41
3890,1,140
3890,1,162
3890,2,58
3890,3,182
3890,3,46
3890,3,162
3890,3,188
3890,3,140
3891,1,16
3891,2,90
3891,3,111
3891,4,68
3891,5,38
3892,1,40
3892,1,36
3892,2,108
3892,3,108
3892,4,123
3893,1,51
3893,1,113
3893,2,134
3893,3,113
3893,3,195
3893,4,113
3893,4,185
3894,1,50
3894,1,205
3894,2,56
3894,3,22
3894,4,45
3894,4,198
3894,5,73
3894,6,162
3894,6,18
3894,6,41
3895,1,165
3895,2,165
3895,3,165
3895,4,165
3896,1,17
3896,2,76
3896,3,151
3897,1,39
3897,2,63
3897,3,10
3898,1,47
3898,2,47
3898,3,47
3898,3,162
3899,1,190
3899,2,48
3899,2,154
3899,3,97
3900,1,16
3900,2,35
3900,3,34
3900,4,16
3900,5,34
3901,1,108
3901,2,94
3901,3,146
3901,3,56
3901,4,96
3901,5,56
3902,1,58
3902,2,98
3902,3,58
3902,3,50
3902,3,127
3903,1,94
3903,2,2
3903,3,127
3904,1,35
3904,2,47
3904,3,85
3905,1,77
3905,2,69
3905,3,25
3906,1,160
3906,2,160
3906,3,160
3906,4,155
3906,4,83
3906,5,160
3906,6,160
3906,6,155
3907,1,155
3907,1,67
3907,2,38
3907,2,95
3907,3,15
3908,1,12
3908,2,38
3908,2,70
3908,3,4
3908,3,36
3908,4,162
3908,4,139
3909,1,150
3909,2,150
3909,3,99
3909,4,150
3909,5,76
3910,1,95
3910,1,116
3910,2,154
3910,2,116
3910,2,128
3910,3,69
3911,1,105
3911,2,106
3911,2,122
3911,3,24
3911,3,105
3911,4,140
3912,1,34
3912,2,3
3912,3,140
3912,3,61
3913,1,77
3913,2,190
3913,3,77
3913,4,135
3913,5,77
3914,1,152
3914,2,152
3914,3,152
3914,4,152
3915,1,144
3915,2,164
3915,3,131
3915,4,63
3915,5,81
3915,6,160
3915,6,144
3916,1,160
3916,2,53
3916,3,160
3916,3,53
3917,1,61
3917,2,187
3917,3,184
3917,3,13
3917,3,39
3918,1,217
3918,1,110
3918,2,29
3918,3,170
3918,3,110
3918,3,217
3918,4,110
3919,1,128
3919,2,128
3919,3,2
3920,1,57
3920,2,10
3920,3,177
3920,3,36
3920,4,16
3920,5,113
3920,6,123
3920,6,36
3921,1,48
3921,1,100
3921,1,167
3921,2,104
3921,2,206
3921,3,167
3921,4,166
3922,1,75
3922,1,183
3922,2,75
3922,3,72
3922,3,75
3923,1,44
3923,2,154
3923,2,113
3923,3,67
3923,3,2
3924,1,83
3924,2,123
3924,3,83
3924,3,50
3925,1,85
3925,2,192
3925,2,113
3925,3,162
3925,3,84
3925,3,47
3926,1,142
3926,2,142
3926,3,121
3926,3,132
3926,3,142
3926,4,142
3927,1,69
3927,2,69
3927,2,113
3927,2,67
3927,3,69
3927,4,69
3927,5,69
3927,6,125
3928,1,195
3928,2,129
3928,2,189
3928,3,189
3929,1,155
3929,2,215
3929,3,155
3930,1,55
3930,1,83
3930,2,97
3930,2,58
3930,3,90
3931,1,121
3931,2,93
3931,3,197
3931,4,78
3931,4,2
3931,4,121
3931,5,80
3931,6,151
3931,6,4
3932,1,173
3932,2,143
3932,3,162
3932,3,22
3932,3,20
3933,1,123
3933,1,155
3933,1,16
3933,1,83
3933,2,123
3933,2,16
3933,3,67
3933,3,106
3933,4,98
3933,4,113
3933,4,16
3933,5,113
3933,5,67
3933,6,16
3933,6,98
3933,7,16
3933,7,98
3934,1,74
3934,2,100
3934,3,208
3934,3,51
3934,4,184
3934,5,11
3935,1,47
3935,1,55
3935,2,125
3935,2,25
3935,3,85
3935,3,25
3935,4,160
3935,4,25
3935,5,25
3935,5,106
3935,6,25
3936,1,112
3936,2,162
3936,3,112
3937,1,27
3937,2,209
3937,2,79
3937,2,80
3937,3,93
3938,1,30
3938,2,30
3938,3,30
3939,1,128
3939,2,128
3939,3,48
3939,3,73
3939,4,128
3940,1,202
3940,2,16
3940,3,21
3941,1,61
3941,2,70
3941,3,8
3941,3,160
3942,1,133
3942,1,167
3942,2,149
3942,3,121
3942,3,96
3942,4,1
3942,5,77
3942,5,96
3942,5,142
3943,1,97
3943,2,123
3943,3,16
3943,3,75
3943,3,83
3944,1,21
3944,2,21
3944,3,166
3945,1,91
3945,1,11
3945,2,88
3945,2,143
3945,3,64
3946,1,129
3946,2,175
3946,3,161
3947,1,42
3947,1,194
3947,1,96
3947,2,192
3947,3,35
3947,4,35
3947,5,47
3948,1,209
3948,2,129
3948,3,25
3949,1,108
3949,1,79
3949,2,217
3949,3,107
3949,3,4
3950,1,178
3950,2,29
3950,2,48
3950,2,175
3950,2,126
3950,2,50
3950,3,69
3951,1,75
3951,1,72
3951,2,72
3951,2,25
3951,3,58
3951,3,194
3951,3,102
3952,1,30
3952,2,30
3952,3,30
3953,1,188
3953,1,67
3953,1,110
3953,2,60
3953,3,64
3953,3,61
3953,3,83
3953,3,12
3953,3,45
3953,4,67
3953,4,4
3954,1,88
3954,1,164
3954,2,21
3954,3,144
3954,4,164
3954,5,21
3954,6,164
3955,1,4
3955,2,7
3955,3,7
3956,1,152
3956,2,175
3956,2,58
3956,3,168
3956,3,48
3956,3,61
3956,3,73
3956,3,83
3956,4,156
3956,4,168
3956,4,48
3957,1,154
3957,2,176
3957,3,154
3957,3,82
3957,4,176
3957,5,73
3957,6,176
3958,1,170
3958,2,170
3958,3,12
3958,3,106
3958,3,19
3958,4,170
3959,1,39
3959,1,38
3959,2,148
3959,3,39
3959,4,179
3959,5,48
3959,5,38
3959,5,173
3959,6,123
3959,6,39
3960,1,202
3960,2,25
3960,2,28
3960,3,44
3961,1,148
3961,2,148
3961,3,148
3962,1,75
3962,2,146
3962,3,63
3962,3,3
3963,1,39
3963,2,162
3963,2,181
3963,3,39
3963,4,98
3964,1,82
3964,2,132
3964,3,82
3964,3,45
3964,3,110
3964,4,132
3964,5,3
3964,6,3
3964,6,82
3965,1,168
3965,2,108
3965,2,38
3965,3,21
3965,3,93
3966,1,193
3966,2,193
3966,2,140
3966,3,110
3967,1,78
3967,2,28
3967,2,52
3967,3,196
3967,3,10
3968,1,160
3968,1,51
3968,2,175
3968,3,51
3969,1,15
3969,2,50
3969,3,48
3969,3,73
3969,3,50
3969,4,80
3969,5,76
3969,6,177
3969,6,170
3970,1,20
3970,2,59
3970,3,213
3970,3,41
3970,4,142
3970,5,162
3971,1,151
3971,1,51
3971,1,48
3971,2,52
3971,3,76
3971,3,51
3971,3,141
3971,4,39
3972,1,119
3972,2,131
3972,3,123
3973,1,94
3973,1,70
3973,2,45
3973,2,47
3973,2,140
3973,3,90
3973,4,39
3974,1,70
3974,2,177
3974,2,45
3974,3,129
3975,1,139
3975,2,94
3975,2,93
3975,2,101
3975,2,199
3975,3,139
3975,3,126
3976,1,204
3976,2,125
3976,2,101
3976,3,101
3977,1,176
3977,2,176
3977,3,157
3978,1,152
3978,2,37
3978,3,117
3978,3,122
3978,4,128
3978,4,175
3978,4,48
3978,4,129
3979,1,146
3979,2,38
3979,3,165
3980,1,148
3980,2,148
3980,3,148
3981,1,160
3981,2,152
3981,2,161
3981,3,131
3982,1,24
3982,2,24
3982,3,24
3982,4,113
3982,5,57
3982,5,155
3982,5,113
3982,6,28
3982,7,24
3982,7,155
3983,1,64
3983,2,160
3983,3,132
3983,4,160
3984,1,213
3984,1,110
3984,2,89
3984,3,73
3984,3,35
3984,4,89
3984,5,106
3984,6,31
3984,6,213
3984,6,201
3984,6,22
3985,1,69
3985,2,74
3985,2,35
3985,3,75
3985,3,113
3985,4,95
3985,4,74
3986,1,215
3986,2,101
3986,2,115
3986,2,57
3986,3,115
3986,4,22
3987,1,6
3987,2,6
3987,3,53
3987,3,6
3987,4,128
3987,4,39
3988,1,54
3988,2,183
3988,3,155
3989,1,87
3989,1,101
3989,2,164
3989,2,87
3989,2,137
3989,2,13
3989,3,44
3990,1,90
3990,2,76
3990,2,50
3990,2,51
3990,3,128
3991,1,168
3991,2,168
3991,3,168
3992,1,95
3992,2,95
3992,2,75
3992,3,95
3993,1,166
3993,2,155
3993,3,108
3994,1,20
3994,2,20
3994,3,22
3994,3,76
3994,4,106
3995,1,36
3995,2,36
3995,3,49
3995,3,81
3996,1,98
3996,2,130
3996,3,107
3997,1,39
3997,1,124
3997,2,213
3997,2,4
3997,3,4
3997,3,157
3997,3,213
3997,4,4
3998,1,161
3998,1,64
3998,2,61
3998,2,64
3998,2,161
3998,3,64
3998,3,161
3999,1,15
3999,1,27
3999,1,96
3999,1,57
3999,2,123
3999,2,160
3999,2,73
3999,3,166
4000,1,51
4000,1,202
4000,1,95
4000,1,175
4000,2,175
4000,2,51
4000,3,51
4000,3,175
4001,1,146
4001,2,123
4001,2,113
4001,3,146
4001,4,146
4001,5,123
4001,5,146
4001,6,123
4002,1,144
4002,1,15
4002,2,95
4002,2,51
4002,3,144
4003,1,152
4003,2,15
4003,3,152
4003,4,33
4003,5,152
4003,6,152
4003,6,28
4004,1,98
4004,2,190
4004,3,107
4005,1,83
4005,1,4
4005,1,98
4005,1,86
4005,2,21
4005,2,52
4005,2,40
4005,2,61
4005,3,176
4005,4,52
4005,5,176
4005,6,21
4005,7,162
4006,1,172
4006,1,112
4006,2,58
4006,3,95
4006,3,170
4006,4,58
4007,1,6
4007,2,6
4007,2,95
4007,3,6
4007,4,6
4007,5,6
4008,1,52
4008,1,67
4008,1,100
4008,1,136
4008,2,136
4008,2,52
4008,2,67
4008,2,101
4008,3,67
4008,3,52
4008,4,52
4008,4,67
4009,1,162
4009,1,190
4009,2,20
4009,3,30
4009,4,20
4009,5,20
4010,1,196
4010,2,91
4010,2,13
4010,3,155
4011,1,145
4011,1,13
4011,1,31
4011,2,73
4011,3,31
4012,1,87
4012,1,89
4012,2,89
4012,3,89
4013,1,83
4013,2,3
4013,3,110
4014,1,145
4014,2,83
4014,2,163
4014,3,15
4015,1,109
4015,1,47
4015,2,133
4015,3,109
4016,1,2
4016,2,99
4016,3,2
4016,3,186
4017,1,86
4017,2,76
4017,2,67
4017,3,86
4018,1,76
4018,1,46
4018,2,195
4018,2,119
4018,3,198
4018,4,205
4018,4,95
4018,5,162
4019,1,100
4019,2,80
4019,2,77
4019,3,80
4020,1,61
4020,2,69
4020,3,61
4020,3,69
4021,1,58
4021,2,130
4021,2,21
4021,3,197
4021,4,21
4022,1,69
4022,2,123
4022,3,123
4022,4,105
4022,5,105
4023,1,95
4023,2,45
4023,2,64
4023,2,17
4023,3,88
4024,1,189
4024,1,24
4024,2,150
4024,3,76
4024,3,150
4024,4,76
4024,4,141
4025,1,67
4025,1,199
4025,1,150
4025,1,48
4025,1,101
4025,2,114
4025,3,98
4026,1,141
4026,1,154
4026,2,9
4026,2,98
4026,3,151
4026,3,98
4026,4,2
4026,4,141
4027,1,101
4027,1,144
4027,1,146
4027,2,83
4027,3,51
4027,3,68
4028,1,73
4028,1,50
4028,1,153
4028,1,141
4028,2,141
4028,3,141
4028,3,116
4028,3,133
4029,1,23
4029,2,163
4029,3,37
4030,1,21
4030,2,190
4030,3,190
4030,4,28
4030,5,132
4031,1,150
4031,2,189
4031,2,150
4031,3,81
4031,4,121
4031,4,80
4031,4,112
4031,5,84
4032,1,53
4032,2,2
4032,2,130
4032,2,87
4032,3,67
4033,1,69
4033,2,166
4033,3,216
4034,1,133
4034,2,207
4034,2,25
4034,2,147
4034,2,63
4034,2,101
4034,3,53
4034,3,101
4034,4,101
4034,4,165
4035,1,172
4035,1,106
4035,2,103
4035,3,161
4035,3,122
4036,1,70
4036,2,164
4036,3,86
4037,1,125
4037,2,167
4037,2,42
4037,3,49
4038,1,170
4038,1,27
4038,2,209
4038,3,99
4038,3,210
4038,4,70
4039,1,125
4039,2,85
4039,3,17
4039,3,125
4039,4,160
4039,5,133
4039,6,149
4040,1,36
4040,2,37
4040,3,37
4040,4,203
4040,5,152
4040,6,141
4040,7,37
4040,7,203
4041,1,166
4041,2,194
4041,3,64
4042,1,157
4042,1,4
4042,1,91
4042,2,123
4042,3,91
4042,3,191
4043,1,157
4043,1,160
4043,2,32
4043,3,73
4044,1,128
4044,2,58
4044,2,156
4044,3,69
4044,4,58
4044,4,140
4044,5,58
4044,5,140
4044,6,140
4045,1,111
4045,2,50
4045,3,54
4045,3,101
4045,4,146
4046,1,15
4046,2,95
4046,2,48
4046,2,51
4046,3,12
4046,4,21
4046,4,125
4046,5,175
4047,1,216
4047,2,113
4047,2,164
4047,3,108
4047,3,80
4048,1,75
4048,1,32
4048,1,25
4048,2,75
4048,2,101
4048,3,123
4048,4,75
4048,4,25
4048,4,167
4049,1,125
4049,2,32
4049,3,21
4049,3,95
4049,3,4
4050,1,69
4050,2,69
4050,2,39
4050,3,48
4050,4,116
4051,1,142
4051,2,110
4051,2,142
4051,3,142
4052,1,20
4052,2,27
4052,3,20
4052,4,20
4053,1,51
4053,1,151
4053,2,117
4053,3,76
4053,4,117
4054,1,137
4054,2,70
4054,2,54
4054,2,147
4054,3,214
4054,4,117
4054,4,184
4054,4,116
4055,1,205
4055,2,153
4055,2,126
4055,3,112
4055,4,121
4055,5,112
4056,1,4
4056,2,143
4056,3,132
4057,1,111
4057,1,75
4057,1,146
4057,1,92
4057,2,183
4057,3,62
4058,1,113
4058,1,67
4058,2,150
4058,2,113
4058,3,113
4058,3,123
4058,4,150
4058,4,95
4058,5,123
4058,6,150
4058,7,31
4058,7,113
4059,1,202
4059,2,202
4059,3,202
4059,4,24
4059,5,128
4059,6,203
4060,1,13
4060,2,77
4060,3,79
4060,3,108
4060,3,99
4061,1,83
4061,2,77
4061,3,84
4062,1,76
4062,1,150
4062,2,186
4062,3,161
4062,4,69
4062,5,76
4062,5,141
4062,6,133
4062,7,133
4063,1,31
4063,1,14
4063,2,138
4063,3,31
4063,4,14
4063,4,174
4064,1,100
4064,1,141
4064,2,48
4064,2,141
4064,3,43
4064,3,14
4064,4,44
4065,1,73
4065,2,61
4065,3,61
4066,1,154
4066,2,21
4066,2,34
4066,3,93
4066,3,154
4067,1,111
4067,1,39
4067,2,39
4067,3,39
4068,1,63
4068,1,67
4068,2,110
4068,2,212
4068,2,191
4068,2,118
4068,3,113
4069,1,98
4069,1,70
4069,1,10
4069,2,75
4069,2,69
4069,2,70
4069,3,76
4070,1,4
4070,2,184
4070,2,117
4070,3,15
4071,1,113
4071,2,113
4071,3,21
4071,4,113
4071,4,123
4071,4,36
4072,1,73
4072,2,83
4072,3,160
4072,4,160
4072,4,41
4073,1,25
4073,2,47
4073,3,4
4074,1,121
4074,1,113
4074,2,208
4074,2,121
4074,3,179
4074,4,208
4075,1,74
4075,1,113
4075,2,123
4075,3,195
4075,3,154
4075,4,78
4075,5,95
4075,5,184
4076,1,133
4076,1,28
4076,1,37
4076,2,103
4076,3,24
4076,3,98
4077,1,95
4077,2,98
4077,3,115
4078,1,25
4078,2,12
4078,3,162
4079,1,139
4079,2,96
4079,2,12
4079,2,194
4079,3,96
4079,3,67
4079,3,52
4079,4,14
4079,4,43
4079,4,53
4079,4,198
4080,1,27
4080,2,56
4080,3,73
4080,4,162
4080,4,120
4080,4,8
4080,5,5
4080,5,90
4080,5,73
4080,5,182
4080,5,8
4080,5,16
4081,1,28
4081,1,25
4081,2,25
4081,2,28
4081,3,176
4081,4,25
4082,1,150
4082,1,160
4082,2,189
4082,2,160
4082,3,123
4082,3,185
4082,3,2
4083,1,214
4083,2,214
4083,3,166
4084,1,121
4084,2,121
4084,3,121
4084,3,84
4084,4,36
4084,5,121
4084,6,2
4084,6,178
4085,1,7
4085,1,28
4085,2,170
4085,2,121
4085,3,61
4085,4,61
4085,4,83
4085,4,170
4085,5,41
4085,6,76
4085,6,140
4085,6,61
4085,6,41
4086,1,82
4086,2,82
4086,3,82
4087,1,162
4087,2,178
4087,3,162
4088,1,16
4088,1,8
4088,1,74
4088,1,128
4088,2,175
4088,2,51
4088,3,128
4088,4,8
4089,1,85
4089,2,40
4089,2,85
4089,3,69
4089,4,4
4089,5,209
4089,6,21
4090,1,37
4090,2,22
4090,3,129
4091,1,1
4091,2,13
4091,3,46
4091,3,33
4092,1,167
4092,2,165
4092,3,167
4093,1,10
4093,2,209
4093,3,97
4094,1,36
4094,1,49
4094,1,162
4094,2,151
4094,2,172
4094,3,128
4094,3,39
4095,1,185
4095,2,130
4095,2,10
4095,3,205
4096,1,26
4096,1,37
4096,1,205
4096,1,76
4096,2,121
4096,2,160
4096,3,76
4096,3,26
4096,3,205
4097,1,117
4097,2,42
4097,2,117
4097,3,166
4097,3,137
4097,4,105
4097,4,206
4098,1,80
4098,2,161
4098,2,177
4098,3,160
4099,1,150
4099,1,4
4099,2,97
4099,3,16
4099,4,97
4100,1,61
4100,2,105
4100,2,40
4100,3,40
4101,1,72
4101,2,190
4101,3,196
4101,4,79
4102,1,57
4102,2,69
4102,3,123
4103,1,58
4103,2,49
4103,3,40
4103,3,51
4103,3,50
4104,1,55
4104,1,53
4104,2,4
4104,2,61
4104,3,170
4105,1,152
4105,2,141
4105,3,152
4106,1,121
4106,2,97
4106,3,98
4106,4,97
4106,5,99
4107,1,187
4107,2,43
4107,3,43
4107,4,213
4108,1,146
4108,1,76
4108,1,175
4108,2,44
4108,2,58
4108,3,76
4108,3,87
4108,3,52
4109,1,8
4109,1,13
4109,2,146
4109,2,87
4109,2,89
4109,3,43
4109,3,125
4109,4,60
4109,4,151
4109,4,123
4109,5,146
4109,5,145
4109,6,13
4110,1,152
4110,1,83
4110,1,44
4110,2,37
4110,3,106
4110,3,37
4110,4,152
4110,5,152
4111,1,83
4111,1,114
4111,2,114
4111,3,114
4111,4,114
4111,5,114
4111,5,106
4111,6,114
4111,6,83
4111,6,57
4112,1,76
4112,2,144
4112,2,54
4112,3,189
4112,3,2
4112,3,103
4113,1,129
4113,1,133
4113,2,67
4113,2,155
4113,3,155
4113,3,113
4114,1,206
4114,2,67
4114,3,68
4114,3,76
4114,3,67
4114,3,141
4115,1,26
4115,2,4
4115,2,55
4115,3,165
4115,3,187
4116,1,202
4116,2,202
4116,3,23
4116,3,84
4117,1,152
4117,2,128
4117,3,50
4117,3,141
4118,1,63
4118,1,2
4118,2,164
4118,2,146
4118,3,146
4119,1,68
4119,1,104
4119,2,19
4119,3,82
4120,1,56
4120,2,23
4120,3,2
4120,3,107
4121,1,150
4121,1,83
4121,2,159
4121,3,93
4122,1,98
4122,2,149
4122,2,32
4122,3,95
4123,1,34
4123,2,155
4123,2,95
4123,3,34
4124,1,135
4124,2,29
4124,3,134
4124,3,29
4125,1,192
4125,2,99
4125,3,91
4126,1,61
4126,1,58
4126,2,108
4126,2,61
4126,2,58
4126,3,58
4126,3,61
4126,4,3
4127,1,4
4127,1,143
4127,1,90
4127,2,143
4127,3,109
4128,1,161
4128,2,176
4128,3,126
4128,4,80
4128,5,129
4129,1,143
4129,1,76
4129,1,85
4129,2,143
4129,2,160
4129,3,76
4130,1,69
4130,2,133
4130,3,4
4131,1,11
4131,2,123
4131,3,125
4132,1,75
4132,1,4
4132,2,4
4132,2,75
4132,3,75
4132,3,4
4132,4,4
4132,5,4
4132,5,75
4133,1,81
4133,1,128
4133,1,123
4133,1,67
4133,2,79
4133,2,198
4133,2,80
4133,3,68
4133,4,198
4133,4,112
4133,4,113
4134,1,214
4134,1,107
4134,2,162
4134,2,107
4134,3,133
4134,4,64
4134,5,45
4134,5,46
4134,5,133
4135,1,86
4135,2,61
4135,3,9
4135,3,78
4136,1,124
4136,2,55
4136,3,154
4137,1,90
4137,1,130
4137,2,113
4137,3,131
4138,1,162
4138,2,200
4138,3,193
4139,1,33
4139,1,81
4139,1,20
4139,2,101
4139,3,104
4139,3,122
4140,1,83
4140,1,67
4140,1,16
4140,2,83
4140,2,155
4140,3,191
4140,3,83
4141,1,160
4141,1,118
4141,1,51
4141,2,73
4141,3,118
4141,4,48
4141,4,118
4142,1,86
4142,2,77
4142,3,150
4142,3,51
4142,3,48
4142,4,76
4143,1,2
4143,2,34
4143,3,37
4144,1,7
4144,1,72
4144,2,72
4144,2,7
4144,3,72
4144,3,7
4144,3,15
4144,3,180
4145,1,121
4145,2,85
4145,2,29
4145,3,93
4145,3,11
4146,1,184
4146,1,75
4146,1,2
4146,2,113
4146,2,75
4146,3,15
4146,4,113
4146,5,146
4146,5,160
4147,1,3
4147,2,155
4147,3,106
4148,1,202
4148,2,110
4148,3,94
4149,1,64
4149,2,21
4149,3,59
4149,4,129
4150,1,36
4150,2,141
4150,3,83
4151,1,76
4151,2,76
4151,2,150
4151,2,50
4151,2,48
4151,3,51
4151,3,1
4152,1,168
4152,2,113
4152,3,2
4153,1,25
4153,2,154
4153,2,74
4153,2,78
4153,3,133
4154,1,157
4154,1,69
4154,2,157
4154,2,3
4154,3,157
4154,4,3
4154,4,157
4154,5,22
4154,6,157
4155,1,23
4155,1,76
4155,2,123
4155,3,123
4156,1,132
4156,2,132
4156,3,81
4157,1,81
4157,1,10
4157,2,81
4157,3,150
4157,4,80
4157,5,141
4158,1,69
4158,2,69
4158,2,39
4158,3,70
4159,1,106
4159,1,63
4159,1,84
4159,2,63
4159,3,58
4159,4,212
4159,5,69
4160,1,192
4160,1,205
4160,1,96
4160,1,194
4160,2,154
4160,3,73
4160,3,151
4160,3,5
4161,1,8
4161,2,119
4161,3,8
4161,4,88
4161,4,119
4162,1,178
4162,2,212
4162,2,14
4162,3,16
4162,3,40
4163,1,129
4163,2,118
4163,3,95
4163,3,105
4163,3,99
4164,1,152
4164,2,98
4164,3,160
4165,1,122
4165,1,83
4165,1,9
4165,2,9
4165,3,9
4166,1,33
4166,1,190
4166,2,118
4166,3,47
4166,4,64
4166,4,103
4166,4,28
4167,1,21
4167,1,130
4167,2,94
4167,2,215
4167,3,21
4168,1,57
4168,2,40
4168,3,40
4168,4,57
4168,5,44
4168,6,57
4168,7,57
4168,8,57
4169,1,197
4169,2,30
4169,3,203
4170,1,65
4170,2,11
4170,3,195
4171,1,61
4171,2,4
4171,2,210
4171,2,61
4171,2,58
4171,3,58
4171,3,87
4171,3,113
4172,1,126
4172,2,83
4172,2,51
4172,3,151
4173,1,32
4173,2,13
4173,2,91
4173,3,130
4173,3,38
4174,1,87
4174,1,52
4174,1,3
4174,2,150
4174,3,69
4174,4,4
4174,4,146
4174,5,146
4174,5,87
4174,6,110
4175,1,89
4175,1,98
4175,2,9
4175,3,145
4176,1,123
4176,2,123
4176,3,85
4176,3,209
4176,3,123
4177,1,153
4177,2,129
4177,3,128
4178,1,213
4178,2,88
4178,2,94
4178,2,31
4178,2,110
4178,3,18
4179,1,206
4179,1,185
4179,2,148
4179,3,148
4179,4,61
4179,4,185
4180,1,167
4180,2,118
4180,2,162
4180,3,162
4181,1,65
4181,2,154
4181,2,117
4181,2,105
4181,3,37
4182,1,76
4182,2,89
4182,3,35
4182,3,89
4182,4,89
4182,5,29
4182,6,97
4183,1,1
4183,1,42
4183,2,61
4183,2,150
4183,3,9
4183,3,61
4183,3,34
4183,3,150
4184,1,113
4184,1,147
4184,2,93
4184,3,113
4184,3,57
4184,3,176
4184,3,56
4184,3,147
4184,4,147
4185,1,2
4185,1,67
4185,2,67
4185,2,24
4185,2,21
4185,3,67
4186,1,25
4186,2,95
4186,2,6
4186,3,154
4186,3,25
4186,4,25
4186,5,25
4187,1,53
4187,1,4
4187,2,53
4187,3,53
4187,4,71
4187,4,4
4187,4,69
4187,5,9
4188,1,16
4188,2,81
4188,3,16
4188,3,113
4188,4,35
4188,5,15
4188,6,190
4189,1,90
4189,1,35
4189,2,35
4189,3,3
4189,3,50
4189,4,110
4189,4,50
4190,1,100
4190,2,183
4190,3,179
4191,1,101
4191,2,81
4191,3,54
4191,4,31
4191,4,66
4191,5,13
4192,1,92
4192,1,62
4192,2,197
4192,3,55
4193,1,62
4193,2,65
4193,3,123
4194,1,72
4194,2,69
4194,3,100
4194,4,206
4194,4,101
4195,1,3
4195,1,98
4195,1,73
4195,1,128
4195,2,128
4195,3,97
4196,1,168
4196,2,189
4196,3,110
4196,4,90
4197,1,192
4197,2,152
4197,2,83
4197,2,48
4197,3,15
4197,4,152
4198,1,113
4198,1,121
4198,2,160
4198,3,59
4199,1,57
4199,2,83
4199,2,67
4199,2,194
4199,2,134
4199,3,160
4200,1,56
4200,2,56
4200,3,56
4201,1,159
4201,2,159
4201,2,95
4201,3,21
4201,3,112
4201,3,159
4201,4,76
4201,4,159
4202,1,200
4202,2,200
4202,3,45
4202,3,102
4202,4,79
4203,1,215
4203,1,128
4203,2,151
4203,2,39
4203,3,39
4204,1,30
4204,2,30
4204,3,30
4205,1,118
4205,1,35
4205,1,83
4205,1,121
4205,1,125
4205,2,121
4205,2,177
4205,3,121
4206,1,82
4206,2,93
4206,3,20
4206,3,82
4207,1,195
4207,1,96
4207,1,209
4207,1,185
4207,2,89
4207,2,167
4207,3,196
4207,4,69
4207,5,178
4208,1,144
4208,1,208
4208,1,118
4208,2,2
4208,2,145
4208,3,144
4209,1,69
4209,1,34
4209,2,101
4209,3,34
4210,1,95
4210,2,21
4210,3,35
4210,4,69
4210,4,197
4210,4,26
4210,5,107
4211,1,69
4211,2,98
4211,2,39
4211,2,210
4211,3,67
4212,1,98
4212,2,126
4212,3,55
4213,1,2
4213,2,63
4213,3,123
4213,4,99
4213,5,61
4214,1,148
4214,2,148
4214,3,148
4215,1,59
4215,2,61
4215,3,191
4216,1,125
4216,1,94
4216,2,46
4216,3,162
4216,4,46
4217,1,212
4217,1,33
4217,2,177
4217,2,40
4217,2,35
4217,3,212
4217,4,212
4217,4,15
4217,5,33
4218,1,76
4218,2,150
4218,3,10
4218,4,150
4219,1,175
4219,1,51
4219,2,25
4219,2,75
4219,3,28
4220,1,25
4220,2,76
4220,2,25
4220,3,25
4221,1,154
4221,1,76
4221,2,126
4221,2,17
4221,3,99
4221,3,98
4221,4,126
4221,5,99
4222,1,188
4222,2,201
4222,3,112
4222,4,30
4223,1,83
4223,2,55
4223,2,75
4223,3,123
4224,1,11
4224,1,79
4224,2,121
4224,3,121
4225,1,9
4225,1,12
4225,2,123
4225,3,102
4225,3,37
4226,1,40
4226,2,40
4226,3,162
4227,1,75
4227,2,3
4227,2,75
4227,3,127
4228,1,160
4228,1,121
4228,2,49
4228,2,121
4228,3,57
4229,1,176
4229,1,93
4229,1,26
4229,2,206
4229,2,164
4229,3,207
4229,4,199
4229,5,176
4229,6,115
4229,6,105
4229,6,117
4229,6,114
4230,1,120
4230,2,120
4230,3,120
4230,4,78
4230,4,15
4230,4,120
4231,1,94
4231,2,108
4231,2,79
4231,2,76
4231,3,79
4232,1,191
4232,2,51
4232,2,48
4232,3,100
4233,1,127
4233,1,67
4233,2,67
4233,2,129
4233,3,127
4233,4,52
4233,5,67
4233,6,57
4234,1,156
4234,2,102
4234,2,159
4234,3,102
4234,4,102
4235,1,99
4235,2,99
4235,3,102
4235,3,83
4235,3,99
4235,3,141
4236,1,5
4236,1,119
4236,2,5
4236,3,62
4236,3,198
4237,1,123
4237,2,120
4237,2,109
4237,3,88
4237,4,17
4237,4,109
4237,4,120
4237,4,62
4237,4,151
4238,1,155
4238,2,206
4238,2,164
4238,2,155
4238,2,136
4238,3,155
4238,3,14
4239,1,141
4239,2,141
4239,3,28
4239,3,141
4240,1,164
4240,1,72
4240,1,148
4240,2,40
4240,3,136
4240,3,148
4240,3,146
4241,1,34
4241,2,34
4241,3,34
4241,3,97
4242,1,119
4242,1,196
4242,2,196
4242,3,8
4242,3,4
4242,4,196
4242,4,113
4243,1,16
4243,1,71
4243,1,28
4243,2,87
4243,2,53
4243,3,87
4244,1,93
4244,2,106
4244,2,120
4244,3,120
4244,3,84
4245,1,53
4245,1,4
4245,2,3
4245,2,131
4245,2,53
4245,3,53
4246,1,121
4246,2,121
4246,2,30
4246,3,30
4247,1,91
4247,2,123
4247,3,23
4247,3,100
4248,1,67
4248,2,100
4248,3,92
4249,1,50
4249,1,95
4249,1,13
4249,2,50
4249,2,83
4249,3,134
4249,3,50
4249,3,150
4249,4,110
4249,5,50
4250,1,4
4250,1,172
4250,2,112
4250,2,83
4250,3,4
4250,3,81
4251,1,127
4251,1,186
4251,1,149
4251,2,39
4251,3,39
4251,3,128
4251,4,161
4251,4,186
4251,5,69
4252,1,129
4252,2,37
4252,3,110
4252,4,161
4252,5,77
4252,6,132
4253,1,146
4253,2,188
4253,2,166
4253,3,52
4254,1,106
4254,1,82
4254,2,137
4254,3,110
4255,1,80
4255,2,13
4255,3,120
4255,3,204
4256,1,44
4256,1,4
4256,2,97
4256,3,94
4257,1,192
4257,2,67
4257,3,177
4257,3,79
4258,1,70
4258,1,89
4258,2,89
4258,2,145
4258,3,99
4259,1,192
4259,2,128
4259,3,17
4259,4,143
4259,5,170
4260,1,4
4260,1,76
4260,2,44
4260,2,83
4260,2,90
4260,2,98
4260,3,98
4260,3,2
4260,3,83
4260,3,63
4261,1,39
4261,2,95
4261,3,53
4261,4,39
4262,1,161
4262,1,87
4262,2,79
4262,3,80
4262,3,161
4263,1,45
4263,2,214
4263,3,214
4263,4,140
4263,4,3
4264,1,121
4264,2,83
4264,3,160
4264,4,96
4264,4,212
4265,1,119
4265,2,205
4265,3,196
4265,3,205
4265,4,196
4265,5,208
4265,6,119
4265,7,119
4266,1,113
4266,1,196
4266,2,34
4266,3,113
4266,3,196
4267,1,20
4267,2,124
4267,3,36
4268,1,31
4268,1,17
4268,2,174
4268,2,80
4268,3,56
4268,3,113
4269,1,68
4269,2,86
4269,2,93
4269,3,32
4269,3,167
4270,1,112
4270,1,161
4270,2,189
4270,3,193
4271,1,73
4271,2,17
4271,3,166
4272,1,141
4272,1,48
4272,1,83
4272,2,150
4272,2,83
4272,2,48
4272,3,194
4273,1,100
4273,1,87
4273,1,145
4273,2,71
4273,3,183
4273,3,49
4274,1,170
4274,2,40
4274,2,121
4274,3,203
4275,1,105
4275,1,40
4275,2,120
4275,2,207
4275,2,90
4275,3,90
4275,3,39
4275,4,40
4275,4,73
4275,4,105
4275,5,40
4275,5,121
4275,5,123
4275,6,27
4275,6,47
4275,7,131
4276,1,172
4276,1,208
4276,2,160
4276,3,183
4276,3,83
4276,4,76
4276,5,183
4276,6,136
4276,7,183
4276,7,160
4277,1,76
4277,2,69
4277,3,145
4277,3,54
4277,4,128
4278,1,113
4278,1,4
4278,2,175
4278,3,94
4278,3,39
4278,4,175
4279,1,54
4279,2,54
4279,2,20
4279,3,54
4280,1,72
4280,1,124
4280,2,32
4280,2,80
4280,3,79
4281,1,78
4281,2,61
4281,3,59
4281,3,78
4281,4,61
4281,5,59
4281,5,78
4281,5,95
4282,1,19
4282,2,69
4282,3,69
4282,4,197
4282,5,123
4282,6,69
4282,6,197
4283,1,40
4283,2,67
4283,2,72
4283,3,113
4283,3,67
4283,4,155
4283,4,160
4284,1,209
4284,2,44
4284,3,59
4285,1,210
4285,2,103
4285,3,188
4285,4,76
4285,5,152
4285,6,83
4285,7,22
4285,8,152
4286,1,85
4286,2,59
4286,3,44
4286,4,22
4286,4,109
4286,4,33
4286,4,175
4286,4,80
4286,4,79
4286,5,88
4287,1,111
4287,2,111
4287,3,111
4287,3,100
4288,1,110
4288,2,12
4288,3,133
4288,4,200
4289,1,50
4289,1,118
4289,2,50
4289,3,50
4289,3,14
4289,3,58
4289,4,50
4289,4,188
4290,1,155
4290,2,58
4290,2,61
4290,3,155
4290,3,151
4290,4,61
4290,4,140
4290,5,155
4290,6,95
4290,7,67
4290,7,84
4290,8,61
4290,8,58
4291,1,4
4291,1,163
4291,1,30
4291,2,34
4291,3,30
4292,1,161
4292,1,48
4292,1,152
4292,2,125
4292,2,131
4292,3,155
4293,1,44
4293,2,95
4293,3,76
4294,1,54
4294,1,78
4294,1,89
4294,2,89
4294,2,76
4294,2,128
4294,2,54
4294,3,2
4294,3,87
4294,3,145
4294,4,145
4295,1,184
4295,1,83
4295,2,58
4295,3,83
4295,3,184
4295,4,117
4295,4,160
4295,5,83
4295,5,117
4295,5,184
4295,6,38
4295,7,23
4296,1,211
4296,2,2
4296,3,76
4297,1,181
4297,2,28
4297,3,15
4297,3,155
4298,1,205
4298,1,86
4298,1,5
4298,2,63
4298,3,196
4298,3,21
4298,4,205
4298,5,132
4298,5,66
4299,1,32
4299,2,94
4299,3,27
4300,1,154
4300,1,53
4300,2,69
4300,3,99
4300,4,160
4300,5,69
4300,6,15
4300,7,99
4301,1,17
4301,1,160
4301,2,141
4301,3,115
4301,3,160
4302,1,205
4302,2,155
4302,3,43
4302,3,196
4303,1,191
4303,2,191
4303,3,191
4304,1,64
4304,2,4
4304,2,12
4304,3,64
4305,1,157
4305,2,79
4305,3,169
4306,1,13
4306,2,52
4306,2,13
4306,3,160
4307,1,8
4307,1,83
4307,2,76
4307,3,182
4307,4,8
4307,4,76
4308,1,44
4308,1,76
4308,2,76
4308,2,141
4308,3,205
4308,4,34
4308,5,196
4308,6,83
4308,6,205
4308,7,98
4308,8,210
4308,8,39
4308,9,70
4308,9,111
4308,10,34
4308,10,150
4309,1,168
4309,2,67
4309,3,98
4309,3,168
4310,1,48
4310,2,67
4310,3,153
4310,3,164
4310,3,145
4310,4,70
4311,1,64
4311,2,4
4311,2,64
4311,3,64
4311,3,207
4311,4,64
4312,1,2
4312,2,150
4312,2,126
4312,3,10
4312,4,98
4312,4,126
4312,5,106
4313,1,74
4313,1,39
4313,2,83
4313,2,74
4313,3,48
4313,4,160
4313,4,48
4314,1,4
4314,1,195
4314,2,93
4314,2,135
4314,3,201
4314,3,4
4315,1,42
4315,1,104
4315,1,12
4315,2,91
4315,3,55
4315,3,20
4316,1,118
4316,1,113
4316,2,73
4316,3,44
4317,1,69
4317,2,69
4317,3,69
4318,1,119
4318,2,119
4318,2,113
4318,2,37
4318,3,123
4318,4,57
4319,1,151
4319,1,184
4319,1,105
4319,2,51
4319,3,184
4319,3,95
4319,3,115
4320,1,205
4320,1,4
4320,2,16
4320,3,3
4320,3,196
4320,3,74
4321,1,58
4321,2,164
4321,2,55
4321,2,61
4321,3,128
4321,3,172
4321,4,58
4321,5,39
4322,1,97
4322,2,64
4322,3,164
4322,4,160
4322,4,52
4323,1,2
4323,2,2
4323,3,2
4323,3,28
4323,4,152
4324,1,67
4324,2,67
4324,2,95
4324,3,70
4324,3,28
4325,1,8
4325,1,44
4325,2,106
4325,3,7
4326,1,136
4326,1,155
4326,2,155
4326,2,207
4326,3,67
4327,1,4
4327,2,4
4327,2,75
4327,3,163
4327,3,4
4328,1,105
4328,1,114
4328,2,115
4328,3,114
4328,3,76
4329,1,67
4329,2,131
4329,3,67
4329,4,83
4330,1,44
4330,2,29
4330,2,44
4330,3,13
4330,4,200
4330,4,13
4330,4,44
4330,5,13
4331,1,27
4331,1,45
4331,2,168
4331,3,34
4331,4,45
4331,4,109
4332,1,142
4332,1,121
4332,1,110
4332,2,110
4332,2,121
4332,2,142
4332,2,153
4332,2,15
4332,3,142
4332,3,121
4333,1,64
4333,2,89
4333,2,25
4333,3,77
4333,3,140
4333,3,94
4333,3,38
4333,3,37
4334,1,13
4334,1,55
4334,2,58
4334,2,198
4334,3,58
4334,3,55
4335,1,210
4335,1,93
4335,2,214
4335,3,58
4335,3,156
4335,4,24
4336,1,25
4336,1,24
4336,2,25
4336,3,20
4336,3,25
4337,1,163
4337,2,88
4337,2,1
4337,2,16
4337,3,140
4337,3,19
4337,3,20
4337,3,157
4338,1,202
4338,2,21
4338,2,33
4338,3,165
4339,1,121
4339,2,83
4339,2,121
4339,3,121
4339,3,30
4339,4,151
4339,5,121
4339,6,121
4339,6,83
4340,1,93
4340,2,123
4340,3,113
4340,3,133
4340,4,118
4341,1,116
4341,1,15
4341,2,137
4341,2,54
4341,2,204
4341,3,116
4341,3,95
4342,1,78
4342,1,71
4342,2,4
4342,2,160
4342,3,11
4343,1,160
4343,1,196
4343,2,152
4343,3,152
4344,1,69
4344,2,69
4344,3,129
4344,4,143
4344,4,138
4345,1,61
4345,1,58
4345,2,94
4345,3,80
4345,4,130
4346,1,174
4346,1,109
4346,1,31
4346,1,27
4346,1,143
4346,1,20
4346,2,174
4346,3,59
4346,3,27
4346,3,109
4346,4,109
4346,4,49
4346,4,174
4346,4,27
4346,4,20
4346,4,188
4347,1,155
4347,2,67
4347,3,95
4348,1,194
4348,1,210
4348,2,14
4348,2,25
4348,3,79
4348,3,167
4348,3,81
4349,1,121
4349,2,171
4349,3,216
4349,3,100
4349,3,166
4350,1,68
4350,2,148
4350,3,210
4351,1,112
4351,2,53
4351,3,146
4351,3,3
4352,1,188
4352,1,33
4352,2,33
4352,3,33
4353,1,23
4353,1,71
4353,2,4
4353,3,4
4353,3,23
4353,3,53
4354,1,113
4354,1,212
4354,1,58
4354,1,141
4354,2,141
4354,2,113
4354,2,212
4354,3,57
4354,4,212
4354,4,113
4354,5,141
4354,5,212
4354,5,113
4355,1,53
4355,1,123
4355,1,63
4355,2,146
4355,2,76
4355,2,63
4355,3,63
4355,3,89
4355,4,106
4355,4,164
4356,1,215
4356,2,154
4356,2,117
4356,3,168
4356,4,69
4356,5,123
4357,1,110
4357,1,81
4357,2,128
4357,2,112
4357,3,3
4357,3,153
4357,3,81
4357,4,81
4357,5,76
4358,1,80
4358,2,44
4358,3,80
4358,4,40
4358,4,192
4359,1,129
4359,2,76
4359,3,102
4359,4,151
4360,1,3
4360,2,106
4360,2,6
4360,3,6
4360,3,146
4361,1,189
4361,2,175
4361,2,83
4361,3,49
4362,1,11
4362,2,173
4362,2,69
4362,2,32
4362,3,32
4363,1,102
4363,2,102
4363,3,105
4364,1,93
4364,2,215
4364,3,93
4364,3,118
4364,4,93
4365,1,64
4365,1,162
4365,2,101
4365,2,187
4365,3,165
4365,3,67
4366,1,20
4366,2,85
4366,3,81
4367,1,163
4367,1,128
4367,1,78
4367,1,73
4367,1,12
4367,2,73
4367,2,34
4367,3,213
4367,3,41
4367,3,80
4368,1,76
4368,1,50
4368,1,141
4368,2,80
4368,2,79
4368,3,96
4368,4,96
4368,4,79
4368,4,80
4369,1,88
4369,1,17
4369,1,85
4369,2,51
4369,2,48
4369,3,78
4369,4,15
4369,4,95
4369,4,133
4369,5,162
4370,1,33
4370,2,198
4370,3,15
4370,3,198
4371,1,51
4371,2,3
4371,3,3
4372,1,32
4372,1,155
4372,2,155
4372,3,32
4373,1,47
4373,2,109
4373,2,20
4373,2,67
4373,2,110
4373,3,78
4374,1,93
4374,2,108
4374,2,162
4374,2,93
4374,2,80
4374,3,20
4374,3,108
4375,1,86
4375,2,168
4375,3,12
4375,4,1
4376,1,2
4376,1,76
4376,2,20
4376,3,95
4376,4,132
4376,5,132
4376,6,132
4376,6,99
4377,1,20
4377,2,78
4377,2,79
4377,3,20
4377,4,2
4378,1,179
4378,2,113
4378,2,67
4378,3,78
4378,3,121
4379,1,67
4379,1,28
4379,2,28
4379,2,67
4379,3,155
4379,4,28
4380,1,12
4380,1,17
4380,1,194
4380,2,22
4380,3,33
4381,1,147
4381,1,53
4381,2,88
4381,3,108
4381,4,46
4382,1,67
4382,2,118
4382,3,155
4382,4,166
4383,1,58
4383,1,44
4383,1,137
4383,1,100
4383,1,145
4383,2,44
4383,3,140
4383,3,38
4383,3,44
4383,3,138
4383,4,44
4383,4,138
4384,1,189
4384,2,10
4384,3,2
4385,1,64
4385,1,19
4385,1,84
4385,2,73
4385,2,153
4385,3,69
4385,3,90
4385,4,84
4386,1,80
4386,1,160
4386,2,103
4386,3,38
4386,4,30
4387,1,34
4387,2,43
4387,3,44
4387,3,81
4387,4,44
4387,4,198
4387,5,34
4388,1,59
4388,2,17
4388,2,174
4388,3,125
4388,4,179
4389,1,110
4389,2,142
4389,3,69
4389,4,79
4390,1,34
4390,2,89
4390,3,100
4391,1,58
4391,2,88
4391,2,87
4391,3,28
4391,4,79
4391,5,58
4392,1,162
4392,1,120
4392,2,64
4392,2,97
4392,3,120
4392,3,12
4392,4,67
4392,4,73
4393,1,107
4393,1,98
4393,2,128
4393,3,95
4393,4,123
4393,5,98
4393,5,133
4393,5,103
4394,1,13
4394,2,75
4394,3,71
4394,3,136
4395,1,118
4395,2,67
4395,3,13
4396,1,128
4396,1,39
4396,1,150
4396,2,115
4396,2,126
4396,3,128
4396,3,115
4397,1,40
4397,1,71
4397,1,158
4397,2,158
4397,3,133
4397,3,186
4398,1,150
4398,1,160
4398,2,141
4398,2,160
4398,3,83
4398,3,115
4399,1,130
4399,2,11
4399,3,11
4400,1,51
4400,2,166
4400,3,68
4400,3,23
4400,4,165
4400,5,89
4400,5,130
4400,5,67
4400,5,101
4400,5,144
4400,5,100
4400,5,52
4400,5,69
4400,6,128
4400,6,210
4401,1,4
4401,1,118
4401,1,67
4401,2,84
4401,3,50
4402,1,21
4402,1,121
4402,2,76
4402,2,217
4402,3,121
4402,3,83
4403,1,125
4403,2,144
4403,3,30
4403,4,42
4404,1,50
4404,1,95
4404,1,150
4404,2,57
4404,2,161
4404,3,168
4404,3,211
4404,3,186
4404,4,39
4405,1,22
4405,2,129
4405,2,189
4405,3,189
4405,3,83
4405,4,76
4405,4,189
4405,5,175
4405,5,150
4405,5,76
4405,6,203
4405,7,184
4406,1,101
4406,2,118
4406,2,113
4406,3,97
4406,3,113
4406,4,44
4406,5,123
4407,1,188
4407,2,64
4407,2,97
4407,3,188
4408,1,160
4408,1,52
4408,2,159
4408,3,191
4409,1,104
4409,1,77
4409,2,213
4409,3,33
4409,3,49
4409,3,12
4410,1,37
4410,1,25
4410,1,28
4410,2,25
4410,2,28
4410,2,37
4410,3,25
4410,4,28
4410,4,37
4410,4,25
4410,5,22
4411,1,14
4411,2,118
4411,3,34
4411,4,197
4411,5,150
4411,6,197
4411,7,108
4411,7,113
4412,1,69
4412,1,84
4412,2,34
4412,3,105
4412,4,34
4413,1,120
4413,2,173
4413,3,20
4413,3,60
4414,1,38
4414,1,39
4414,2,13
4414,3,76
4414,3,64
4415,1,69
4415,2,125
4415,2,25
4415,3,69
4416,1,76
4416,2,39
4416,3,157
4416,4,95
4416,5,179
4416,5,78
4416,6,69
4416,6,39
4416,7,207
4416,7,155
4416,8,194
4416,8,155
4417,1,87
4417,2,21
4417,2,179
4417,2,208
4417,3,93
4418,1,195
4418,2,146
4418,3,164
4419,1,16
4419,2,16
4419,3,16
4420,1,120
4420,2,38
4420,3,99
4421,1,96
4421,2,124
4421,3,2
4421,3,133
4421,4,9
4421,4,121
4422,1,31
4422,1,20
4422,2,77
4422,3,31
4422,4,20
4422,5,93
4423,1,40
4423,1,15
4423,2,163
4423,2,40
4423,3,163
4423,3,2
4424,1,166
4424,2,207
4424,2,188
4424,3,207
4424,3,165
4424,4,166
4424,5,68
4425,1,27
4425,2,112
4425,3,30
4426,1,4
4426,2,148
4426,3,166
4427,1,61
4427,1,5
4427,2,126
4427,3,206
4427,4,117
4427,4,184
4428,1,156
4428,2,188
4428,2,47
4428,2,156
4428,3,27
4429,1,160
4429,2,87
4429,2,76
4429,3,77
4430,1,20
4430,2,182
4430,2,24
4430,3,119
4430,4,69
4431,1,131
4431,1,217
4431,2,148
4431,3,217
4431,3,57
4432,1,113
4432,2,131
4432,2,113
4432,3,113
4433,1,98
4433,2,67
4433,3,161
4433,3,155
4433,4,69
4433,4,39
4433,5,203
4433,6,177
4434,1,207
4434,2,83
4434,3,83
4434,3,98
4435,1,113
4435,1,50
4435,2,50
4435,3,76
4435,3,50
4436,1,123
4436,1,102
4436,2,113
4436,3,113
4436,3,97
4436,4,102
4437,1,17
4437,2,40
4437,2,182
4437,2,194
4437,2,66
4437,3,69
4437,4,214
4437,5,201
4438,1,67
4438,2,38
4438,3,28
4438,3,120
4439,1,123
4439,2,101
4439,3,77
4439,3,69
4440,1,69
4440,2,57
4440,3,25
4440,4,76
4441,1,141
4441,2,67
4441,2,97
4441,2,40
4441,3,40
4441,3,54
4441,3,141
4442,1,160
4442,2,83
4442,3,83
4442,3,63
4443,1,101
4443,2,137
4443,3,73
4444,1,51
4444,2,113
4444,3,121
4444,3,2
4445,1,69
4445,2,51
4445,3,77
4445,4,129
4446,1,125
4446,2,101
4446,3,86
4447,1,83
4447,1,120
4447,2,120
4447,2,83
4447,3,14
4447,3,120
4448,1,33
4448,2,77
4448,3,33
4449,1,55
4449,2,212
4449,2,100
4449,3,27
4449,3,55
4450,1,13
4450,2,13
4450,3,16
4451,1,27
4451,1,162
4451,2,162
4451,3,162
4452,1,50
4452,2,123
4452,3,95
4452,4,37
4452,4,50
4452,4,37
4452,4,175
4453,1,207
4453,2,176
4453,3,123
4454,1,67
4454,1,144
4454,1,2
4454,2,83
4454,3,58
4454,3,83
4454,3,61
4454,4,70
4454,4,128
4454,5,192
4454,5,32
4454,6,83
4454,6,80
4454,7,2
4454,7,119
4455,1,162
4455,2,42
4455,3,181
4456,1,33
4456,1,85
4456,2,106
4456,3,2
4457,1,37
4457,2,197
4457,2,25
4457,2,53
4457,2,4
4457,3,78
4458,1,209
4458,1,174
4458,1,201
4458,2,201
4458,3,1
4459,1,148
4459,2,199
4459,3,180
4460,1,144
4460,2,70
4460,3,10
4461,1,97
4461,2,39
4461,3,176
4461,3,39
4461,4,39
4461,4,13
4462,1,152
4462,2,57
4462,3,123
4462,4,95
4462,4,107
4463,1,48
4463,1,160
4463,2,48
4463,2,160
4463,3,160
4464,1,87
4464,2,57
4464,3,146
4464,4,131
4465,1,14
4465,1,43
4465,2,91
4465,2,131
4465,3,14
4465,4,14
4465,5,14
4466,1,164
4466,1,84
4466,2,83
4466,3,58
4466,3,61
4467,1,118
4467,2,118
4467,3,118
4467,4,118
4467,5,118
4467,6,78
4467,6,118
4467,7,118
4467,8,118
4467,8,30
4468,1,76
4468,1,173
4468,2,113
4468,3,198
4469,1,10
4469,1,1
4469,2,78
4469,3,10
4469,4,177
4469,4,133
4470,1,67
4470,1,83
4470,1,105
4470,2,161
4470,2,159
4470,3,57
4471,1,107
4471,2,168
4471,3,99
4472,1,211
4472,2,4
4472,2,71
4472,2,206
4472,2,165
4472,3,158
4473,1,99
4473,2,36
4473,3,123
4474,1,77
4474,2,93
4474,2,50
4474,3,90
4474,4,147
4474,4,77
4474,5,130
4474,6,62
4474,7,130
4475,1,113
4475,2,189
4475,2,51
4475,3,150
4476,1,83
4476,2,27
4476,3,98
4477,1,28
4477,1,15
4477,2,28
4477,2,89
4477,3,28
4477,3,89
4478,1,59
4478,2,59
4478,3,59
4479,1,150
4479,2,70
4479,2,25
4479,2,160
4479,2,55
4479,3,114
4479,3,116
4480,1,146
4480,1,95
4480,1,65
4480,2,65
4480,3,76
4480,3,63
4481,1,150
4481,1,133
4481,2,30
4481,2,79
4481,3,79
4481,3,80
4481,4,27
4482,1,40
4482,1,121
4482,2,53
4482,2,25
4482,3,121
4482,4,27
4483,1,85
4483,2,95
4483,2,155
4483,3,67
4484,1,83
4484,2,128
4484,3,113
4484,3,95
4485,1,183
4485,2,146
4485,2,25
4485,2,95
4485,3,95
4486,1,81
4486,1,127
4486,1,132
4486,2,172
4486,2,127
4486,3,172
4487,1,205
4487,1,119
4487,1,113
4487,2,119
4487,2,205
4487,2,95
4487,3,196
4487,3,74
4487,3,113
4488,1,109
4488,2,14
4488,2,149
4488,3,149
4488,4,109
4489,1,4
4489,2,80
4489,3,57
4490,1,44
4490,2,16
4490,2,53
4490,3,182
4490,3,113
4491,1,82
4491,2,177
4491,3,155
4491,3,76
4491,4,121
4492,1,106
4492,2,176
4492,3,176
4493,1,70
4493,2,70
4493,3,70
4493,4,145
4493,4,196
4494,1,67
4494,1,56
4494,2,56
4494,2,152
4494,3,76
4495,1,57
4495,1,123
4495,2,89
4495,2,144
4495,3,98
4495,4,67
4496,1,160
4496,1,72
4496,1,155
4496,2,155
4496,2,121
4496,2,76
4496,3,181
4496,3,217
4496,4,133
4496,4,121
4496,4,83
4496,5,133
4497,1,189
4497,1,3
4497,2,150
4497,2,2
4497,2,4
4497,2,123
4497,2,189
4497,2,73
4497,3,4
4497,3,189
4498,1,1
4498,1,34
4498,1,168
4498,2,168
4498,2,83
4498,3,1
4499,1,141
4499,2,80
4499,3,150
4499,4,150
4499,5,189
4499,5,129
4500,1,51
4500,1,50
4500,2,211
4500,3,80
4500,4,20
4500,4,143
4500,4,31
4501,1,25
4501,1,43
4501,2,212
4501,3,173
4502,1,120
4502,1,10
4502,2,20
4502,2,162
4502,3,10
4502,3,120
4503,1,32
4503,2,1
4503,3,123
4504,1,189
4504,1,95
4504,2,190
4504,2,189
4504,3,44
4504,3,189
4504,3,86
4505,1,134
4505,2,164
4505,3,102
4505,4,83
4506,1,117
4506,1,116
4506,2,73
4506,2,117
4506,3,123
4506,3,3
4506,4,51
4506,4,40
4507,1,155
4507,1,110
4507,2,156
4507,2,4
4507,3,106
4507,3,50
4508,1,90
4508,2,214
4508,3,164
4509,1,42
4509,1,96
4509,2,64
4509,2,58
4509,3,4
4510,1,89
4510,2,126
4510,3,126
4510,3,120
4511,1,81
4511,2,98
4511,3,2
4511,3,44
4511,3,67
4511,4,34
4512,1,12
4512,1,64
4512,2,12
4512,3,110
4512,3,45
4513,1,21
4513,2,93
4513,3,131
4514,1,39
4514,2,165
4514,3,70
4514,4,130
4515,1,34
4515,1,58
4515,1,192
4515,2,58
4515,2,34
4515,3,60
4516,1,28
4516,2,52
4516,3,125
4516,3,13
4516,4,52
4517,1,76
4517,1,150
4517,2,131
4517,3,150
4517,3,76
4518,1,137
4518,2,58
4518,3,120
4519,1,61
4519,1,140
4519,2,69
4519,3,141
4519,3,160
4519,3,69
4520,1,69
4520,2,113
4520,3,128
4521,1,133
4521,2,133
4521,3,113
4521,3,120
4522,1,5
4522,2,67
4522,3,72
4522,3,5
4523,1,36
4523,2,36
4523,3,36
4523,3,51
4523,4,9
4524,1,14
4524,2,14
4524,3,14
4525,1,123
4525,2,4
4525,2,105
4525,2,76
4525,3,76
4525,3,150
4525,3,95
4525,3,69
4525,4,4
4525,5,105
4525,5,98
4525,5,97
4525,5,168
4526,1,4
4526,1,108
4526,2,25
4526,2,3
4526,3,50
4527,1,151
4527,2,198
4527,3,210
4527,4,154
4528,1,38
4528,2,41
4528,3,137
4528,3,187
4528,4,38
4528,5,65
4528,6,98
4528,6,41
4528,6,38
4528,6,83
4529,1,124
4529,1,31
4529,2,66
4529,2,70
4529,3,31
4529,4,7
4530,1,9
4530,2,99
4530,3,9
4531,1,113
4531,2,28
4531,2,120
4531,2,24
4531,3,120
4532,1,97
4532,2,58
4532,2,67
4532,2,14
4532,3,34
4532,3,58
4532,4,81
4532,5,34
4533,1,184
4533,1,114
4533,2,28
4533,3,135
4534,1,73
4534,1,155
4534,2,155
4534,3,78
4534,3,113
4534,4,73
4534,5,155
4534,5,39
4534,5,154
4534,5,21
4534,6,28
4534,6,155
4535,1,153
4535,2,127
4535,2,157
4535,3,53
4535,4,78
4536,1,71
4536,1,207
4536,1,185
4536,2,53
4536,2,207
4536,3,63
4537,1,83
4537,2,105
4537,3,105
4538,1,162
4538,2,57
4538,3,168
4539,1,87
4539,1,163
4539,1,89
4539,1,96
4539,2,7
4539,2,143
4539,2,103
4539,2,31
4539,2,174
4539,2,66
4539,2,213
4539,3,1
4539,3,33
4539,3,96
4539,3,41
4539,3,174
4540,1,69
4540,2,71
4540,3,71
4540,3,190
4540,4,110
4540,4,131
4541,1,95
4541,2,70
4541,3,209
4541,4,99
4541,5,103
4541,5,28
4542,1,166
4542,2,65
4542,3,87
4542,3,68
4542,3,145
4543,1,161
4543,1,104
4543,2,118
4543,3,113
4543,4,197
4543,4,40
4543,4,133
4543,5,3
4543,6,103
4544,1,183
4544,2,146
4544,3,146
4544,4,146
4544,4,4
4544,5,212
4544,6,4
4544,6,19
4545,1,98
4545,2,98
4545,3,80
4545,4,95
4545,4,80
4545,4,108
4546,1,59
4546,1,98
4546,2,86
4546,2,176
4546,3,35
4546,4,76
4547,1,21
4547,2,101
4547,3,128
4548,1,162
4548,2,39
4548,3,42
4548,4,90
4548,4,39
4548,5,39
4549,1,87
4549,2,87
4549,2,97
4549,3,73
4549,4,64
4549,5,69
4549,6,97
4550,1,115
4550,1,106
4550,2,70
4550,3,83
4550,3,141
4550,4,69
4550,4,141
4550,4,106
4551,1,31
4551,2,38
4551,3,88
4551,4,96
4551,4,199
4552,1,123
4552,1,151
4552,1,67
4552,2,67
4552,3,67
4553,1,95
4553,2,9
4553,3,86
4553,4,44
4553,5,154
4553,5,107
4553,5,114
4554,1,44
4554,1,162
4554,1,104
4554,2,104
4554,3,208
4554,3,104
4554,3,67
4555,1,129
4555,2,120
4555,2,106
4555,3,130
4555,3,190
4555,3,11
4556,1,157
4556,1,127
4556,2,64
4556,3,123
4556,3,64
4557,1,93
4557,1,133
4557,1,107
4557,2,29
4557,2,200
4557,3,77
4557,3,38
4557,4,29
4558,1,70
4558,2,67
4558,3,161
4558,3,67
4559,1,63
4559,1,165
4559,1,208
4559,1,164
4559,2,100
4559,2,164
4559,2,63
4559,3,100
4559,3,63
4559,4,63
4559,4,100
4560,1,34
4560,2,44
4560,3,48
4560,3,51
4560,4,1
4560,5,98
4561,1,83
4561,1,192
4561,2,205
4561,2,61
4561,3,160
4561,3,119
4562,1,127
4562,1,133
4562,2,212
4562,2,106
4562,2,142
4562,3,212
4562,3,83
4563,1,22
4563,1,172
4563,2,156
4563,3,213
4564,1,118
4564,2,118
4564,2,60
4564,3,118
4565,1,95
4565,1,105
4565,2,118
4565,3,142
4565,3,95
4565,3,142
4566,1,4
4566,2,99
4566,2,23
4566,3,63
4566,4,76
4567,1,69
4567,2,2
4567,3,181
4567,3,95
4568,1,160
4568,2,144
4568,3,79
4568,3,160
4569,1,2
4569,2,125
4569,3,16
4569,3,194
4570,1,113
4570,1,169
4570,2,38
4570,3,113
4570,3,169
4571,1,172
4571,2,28
4571,2,54
4571,2,58
4571,3,106
4572,1,102
4572,2,84
4572,3,54
4572,4,116
4572,5,76
4572,5,79
4573,1,160
4573,2,55
4573,2,25
4573,2,160
4573,3,25
4573,3,160
4573,4,57
4573,5,160
4573,5,6
4574,1,40
4574,2,57
4574,2,40
4574,3,40
4574,4,57
4574,5,148
4574,5,40
4574,6,40
4575,1,83
4575,2,151
4575,2,50
4575,3,151
4576,1,163
4576,2,95
4576,3,25
4576,3,75
4576,4,95
4576,4,75
4576,5,18
4576,5,138
4577,1,161
4577,2,1
4577,3,160
4578,1,121
4578,2,155
4578,3,37
4578,3,95
4578,3,52
4578,4,119
4579,1,75
4579,2,26
4579,2,4
4579,2,75
4579,3,156
4580,1,121
4580,1,84
4580,2,22
4580,3,82
4581,1,3
4581,2,82
4581,3,154
4581,4,27
4581,4,174
4581,4,95
4582,1,54
4582,1,136
4582,2,145
4582,2,68
4582,3,136
4582,3,145
4582,4,87
4583,1,67
4583,2,131
4583,3,67
4583,3,127
4584,1,106
4584,2,78
4584,3,11
4585,1,164
4585,2,89
4585,2,63
4585,3,144
4586,1,103
4586,1,157
4586,2,157
4586,3,103
4586,3,28
4586,3,107
4587,1,121
4587,1,21
4587,2,121
4587,3,21
4587,4,121
4587,4,148
4587,5,208
4587,5,217
4587,6,121
4588,1,44
4588,2,11
4588,3,44
4588,4,34
4589,1,168
4589,1,35
4589,2,51
4589,2,3
4589,3,51
4589,3,177
4590,1,5
4590,1,74
4590,2,39
4590,3,90
4590,4,58
4591,1,128
4591,1,106
4591,1,186
4591,2,28
4591,2,186
4591,3,186
4591,3,28
4591,4,106
4591,4,186
4591,5,186
4591,5,106
4592,1,26
4592,2,26
4592,3,26
4593,1,2
4593,1,168
4593,2,83
4593,2,120
4593,3,69
4593,4,106
4593,4,120
4593,5,33
4594,1,120
4594,2,120
4594,3,77
4594,4,27
4595,1,112
4595,1,44
4595,2,15
4595,3,76
4595,4,44
4595,5,112
4595,5,151
4595,6,44
4596,1,96
4596,1,194
4596,2,171
4596,3,125
4597,1,132
4597,1,56
4597,2,80
4597,3,160
4597,3,36
4598,1,44
4598,2,170
4598,3,200
4599,1,25
4599,2,25
4599,3,25
4599,3,95
4600,1,39
4600,2,113
4600,3,21
4600,4,70
4601,1,155
4601,2,160
4601,3,57
4602,1,67
4602,1,61
4602,1,89
4602,2,164
4602,2,98
4602,3,89
4602,4,37
4602,4,89
4603,1,80
4603,1,4
4603,1,38
4603,2,39
4603,2,81
4603,3,175
4603,4,110
4604,1,25
4604,1,36
4604,2,25
4604,2,36
4604,3,121
4604,3,25
4604,4,121
4604,5,25
4604,5,36
4604,6,36
4605,1,51
4605,1,2
4605,2,98
4605,3,51
4605,3,76
4606,1,111
4606,1,75
4606,1,76
4606,1,95
4606,2,75
4606,3,130
4606,3,111
4607,1,124
4607,2,14
4607,3,173
4607,4,124
4608,1,200
4608,2,64
4608,3,118
4608,3,64
4608,4,64
4609,1,3
4609,1,163
4609,1,150
4609,2,3
4609,2,107
4609,3,37
4610,1,171
4610,2,144
4610,3,167
4610,3,144
4610,3,145
4610,4,87
4610,5,145
4611,1,18
4611,1,66
4611,2,98
4611,2,21
4611,3,99
4611,3,67
4612,1,150
4612,1,20
4612,2,104
4612,3,125
4612,4,104
4613,1,162
4613,1,32
4613,2,113
4613,2,195
4613,2,130
4613,2,8
4613,3,54
4613,4,130
4613,5,134
4614,1,30
4614,2,195
4614,3,42
4615,1,67
4615,1,164
4615,2,34
4615,3,52
4615,3,192
4615,4,164
4615,4,110
4616,1,4
4616,2,189
4616,3,185
4616,4,10
4616,4,185
4617,1,56
4617,2,56
4617,2,134
4617,3,56
4618,1,168
4618,1,47
4618,1,117
4618,2,117
4618,3,76
4618,4,214
4618,4,168
4618,4,170
4618,4,38
4619,1,83
4619,1,113
4619,2,93
4619,3,1
4619,3,168
4619,4,168
4619,4,72
4620,1,104
4620,2,3
4620,3,104
4621,1,40
4621,2,113
4621,2,62
4621,3,110
4622,1,83
4622,2,152
4622,3,84
4622,3,36
4622,4,177
4622,4,36
4623,1,160
4623,2,160
4623,3,160
4624,1,10
4624,2,68
4624,3,202
4624,4,184
4624,4,115
4624,4,117
4624,5,90
4624,5,10
4624,6,2
4625,1,2
4625,2,40
4625,2,107
4625,3,2
4625,4,36
4625,4,40
4625,4,186
4626,1,69
4626,2,88
4626,3,113
4626,3,182
4626,3,196
4626,3,126
4627,1,105
4627,1,83
4627,2,154
4627,2,116
4627,3,154
4628,1,39
4628,2,83
4628,2,150
4628,3,39
4628,3,86
4629,1,80
4629,1,35
4629,2,95
4629,2,50
4629,3,114
4629,3,35
4629,4,114
4629,4,154
4630,1,114
4630,2,135
4630,3,135
4630,3,76
4630,4,76
4630,4,48
4630,5,135
4630,5,151
4630,5,34
4630,5,184
4630,5,105
4631,1,55
4631,1,28
4631,2,55
4631,3,55
4631,4,30
4632,1,121
4632,1,172
4632,2,21
4632,3,21
4632,4,34
4632,5,27
4633,1,75
4633,1,4
4633,1,53
4633,2,52
4633,3,61
4633,3,146
4633,3,73
4633,3,83
4633,3,69
4634,1,8
4634,2,155
4634,2,67
4634,3,58
4635,1,16
4635,2,16
4635,2,67
4635,3,16
4635,3,101
4635,3,67
4636,1,209
4636,2,209
4636,2,201
4636,3,19
4636,4,27
4637,1,65
4637,1,133
4637,2,42
4637,2,133
4637,3,42
4637,3,133
4638,1,150
4638,2,78
4638,3,150
4639,1,83
4639,2,18
4639,3,18
4639,4,18
4640,1,148
4640,2,101
4640,2,164
4640,2,155
4640,3,192
4640,4,137
4640,4,148
4640,5,119
4640,5,32
4640,6,192
4641,1,150
4641,1,85
4641,2,209
4641,3,4
4641,4,69
4641,5,64
4641,5,85
4642,1,54
4642,1,76
4642,2,54
4642,3,150
4642,4,76
4642,4,50
4643,1,170
4643,2,14
4643,3,198
4643,3,173
4644,1,69
4644,1,215
4644,2,95
4644,2,44
4644,2,98
4644,3,118
4645,1,165
4645,2,40
4645,3,30
4645,3,44
4645,4,62
4645,5,4
4645,6,30
4646,1,100
4646,1,23
4646,2,23
4646,2,83
4646,3,23
4646,3,68
4646,4,132
4646,5,164
4646,5,160
4647,1,85
4647,2,64
4647,3,17
4647,3,209
4647,4,214
4647,5,140
4647,5,17
4648,1,176
4648,2,109
4648,2,110
4648,2,45
4648,3,27
4648,3,79
4649,1,155
4649,2,123
4649,3,25
4650,1,29
4650,1,26
4650,2,29
4650,2,6
4650,3,29
4650,4,29
4651,1,140
4651,2,121
4651,3,160
4651,3,150
4651,4,128
4651,4,39
4651,4,160
4651,4,184
4652,1,16
4652,2,33
4652,2,164
4652,3,124
4652,3,16
4652,3,63
4652,3,15
4652,4,33
4653,1,101
4653,1,150
4653,2,165
4653,3,190
4653,3,78
4654,1,166
4654,2,104
4654,3,42
4654,4,104
4654,4,125
4654,5,27
4654,6,27
4654,7,104
4655,1,97
4655,2,151
4655,2,144
4655,2,87
4655,3,60
4656,1,121
4656,2,133
4656,3,121
4656,4,197
4656,5,78
4656,6,133
4656,6,95
4656,7,121
4657,1,142
4657,2,94
4657,3,179
4658,1,2
4658,2,2
4658,3,23
4658,4,68
4658,5,2
4659,1,96
4659,2,89
4659,2,65
4659,3,151
4660,1,105
4660,1,42
4660,2,41
4660,2,4
4660,3,105
4660,4,105
4660,4,4
4660,5,105
4660,6,117
4660,6,4
4661,1,121
4661,1,83
4661,2,21
4661,3,121
4661,4,121
4661,4,83
4661,4,21
4661,5,83
4661,5,121
4662,1,51
4662,2,175
4662,3,4
4662,3,163
4662,4,61
4662,4,19
4662,4,4
4662,4,35
4662,5,175
4663,1,183
4663,2,73
4663,2,61
4663,2,58
4663,2,183
4663,3,58
4663,3,61
4663,4,183
4664,1,125
4664,1,21
4664,2,183
4664,3,110
4665,1,141
4665,1,127
4665,2,21
4665,3,150
4666,1,121
4666,2,98
4666,3,121
4666,4,121
4666,5,190
4667,1,124
4667,2,7
4667,2,124
4667,3,124
4668,1,39
4668,1,69
4668,2,128
4668,3,63
4668,3,88
4668,3,67
4669,1,163
4669,1,10
4669,2,42
4669,2,163
4669,3,10
4670,1,134
4670,2,134
4670,3,134
4671,1,16
4671,2,125
4671,3,16
4671,4,82
4671,5,129
4671,6,82
4671,7,82
4671,8,33
4671,9,82
4672,1,150
4672,1,2
4672,2,37
4672,3,129
4672,3,189
4673,1,137
4673,2,188
4673,3,2
4673,4,73
4674,1,42
4674,2,42
4674,3,42
4675,1,145
4675,2,85
4675,3,54
4675,4,76
4675,5,129
4676,1,28
4676,2,155
4676,3,155
4677,1,45
4677,1,43
4677,2,73
4677,2,169
4677,3,67
4678,1,150
4678,2,89
4678,3,117
4678,4,44
4679,1,23
4679,2,120
4679,3,120
4680,1,20
4680,2,68
4680,3,7
4680,3,20
4680,4,118
4681,1,4
4681,2,57
4681,3,57
4681,4,2
4681,4,81
4681,4,9
4681,4,67
4681,4,37
4681,4,4
4681,5,98
4682,1,171
4682,1,112
4682,2,81
4682,3,81
4682,3,160
4683,1,123
4683,2,128
4683,3,100
4683,3,142
4683,4,39
4684,1,64
4684,2,152
4684,3,162
4685,1,44
4685,2,134
4685,3,110
4686,1,40
4686,2,40
4686,3,40
4686,4,40
4687,1,157
4687,2,107
4687,2,4
4687,3,123
4687,3,4
4687,3,107
4688,1,75
4688,1,83
4688,2,96
4688,3,75
4689,1,209
4689,2,209
4689,3,209
4690,1,4
4690,2,86
4690,3,4
4690,3,47
4690,4,47
4690,4,77
4690,4,132
4690,5,3
4690,6,4
4691,1,6
4691,2,123
4691,3,97
4692,1,44
4692,2,76
4692,3,123
4692,4,123
4693,1,143
4693,2,132
4693,3,4
4694,1,164
4694,2,146
4694,3,98
4695,1,162
4695,2,132
4695,3,162
4696,1,150
4696,2,113
4696,3,83
4696,3,51
4696,3,48
4696,3,33
4696,3,90
4697,1,97
4697,1,76
4697,2,197
4697,2,38
4697,2,57
4697,3,187
4697,4,32
4697,5,167
4698,1,4
4698,2,75
4698,2,136
4698,3,158
4699,1,209
4699,2,44
4699,3,85
4699,4,85
4700,1,108
4700,2,2
4700,3,93
4701,1,32
4701,2,201
4701,3,201
4702,1,115
4702,1,116
4702,1,61
4702,1,156
4702,2,39
4702,3,111
4703,1,150
4703,1,58
4703,1,20
4703,2,150
4703,2,1
4703,2,190
4703,3,34
4703,4,194
4704,1,162
4704,2,139
4704,3,104
4705,1,141
4705,2,141
4705,3,141
4706,1,76
4706,1,120
4706,2,98
4706,3,4
4707,1,40
4707,1,67
4707,2,40
4707,2,67
4707,3,40
4707,3,67
4708,1,160
4708,1,67
4708,2,67
4708,3,160
4709,1,81
4709,2,61
4709,2,58
4709,3,78
4709,3,40
4709,3,186
4710,1,83
4710,1,25
4710,2,69
4710,3,61
4710,3,58
4710,4,98
4710,4,28
4710,4,9
4710,4,121
4711,1,92
4711,1,198
4711,2,86
4711,3,200
4712,1,35
4712,2,61
4712,3,191
4713,1,43
4713,2,123
4713,3,83
4714,1,16
4714,2,10
4714,3,6
4714,3,2
4715,1,95
4715,1,23
4715,1,86
4715,2,96
4715,3,130
4715,3,174
4715,3,126
4715,3,140
4715,4,140
4715,4,151
4715,4,34
4715,5,197
4716,1,85
4716,2,2
4716,3,2
4717,1,20
4717,2,30
4717,3,32
4717,4,47
4717,4,27
4717,4,149
4717,4,162
4718,1,69
4718,1,44
4718,2,131
4718,2,113
4718,2,196
4718,3,44
4718,4,4
4718,5,131
4718,5,113
4718,5,196
4718,6,34
4718,7,69
4718,7,57
4718,7,44
4719,1,113
4719,1,122
4719,2,190
4719,3,113
4720,1,192
4720,1,113
4720,2,100
4720,2,67
4720,3,180
4720,4,95
4720,4,119
4720,5,113
4720,5,192
4721,1,77
4721,1,21
4721,2,93
4721,3,37
4721,4,125
4721,4,118
4722,1,130
4722,2,161
4722,2,75
4722,3,130
4723,1,61
4723,1,139
4723,1,76
4723,1,73
4723,2,104
4723,2,61
4723,3,61
4723,4,61
4724,1,61
4724,2,83
4724,3,156
4724,4,85
4724,4,61
4725,1,209
4725,2,12
4725,3,42
4725,3,12
4725,3,209
4725,4,209
4725,5,95
4725,6,12
4725,6,110
4726,1,90
4726,2,176
4726,3,70
4727,1,67
4727,2,65
4727,3,69
4728,1,83
4728,1,67
4728,2,67
4728,3,83
4728,3,67
4729,1,80
4729,1,161
4729,2,80
4729,3,80
4729,4,80
4729,5,80
4730,1,38
4730,2,146
4730,2,57
4730,2,12
4730,2,68
4730,3,56
4731,1,199
4731,2,4
4731,3,199
4731,3,76
4731,4,97
4731,4,4
4731,5,76
4731,6,199
4731,7,211
4731,8,97
4731,9,97
4731,10,199
4731,10,16
4731,11,151
4731,11,199
4731,12,2
4732,1,76
4732,1,121
4732,2,81
4732,2,45
4732,3,106
4732,3,121
4732,4,58
4732,4,73
4732,4,112
4733,1,98
4733,2,34
4733,2,98
4733,2,150
4733,3,211
4733,3,44
4733,3,98
4733,4,78
4734,1,141
4734,2,108
4734,2,123
4734,2,83
4734,3,40
4734,3,123
4734,4,129
4734,4,81
4735,1,171
4735,1,195
4735,1,185
4735,2,83
4735,2,93
4735,2,185
4735,3,77
4735,4,173
4735,5,47
4735,6,38
4735,6,77
4736,1,146
4736,2,97
4736,3,18
4736,4,9
4737,1,37
4737,2,80
4737,3,20
4737,3,79
4738,1,39
4738,2,54
4738,2,11
4738,3,187
4739,1,121
4739,2,98
4739,3,43
4740,1,34
4740,2,44
4740,3,44
4741,1,125
4741,2,125
4741,2,21
4741,3,91
4741,3,25
4742,1,64
4742,2,12
4742,3,96
4743,1,185
4743,1,182
4743,2,182
4743,3,195
4743,3,182
4744,1,106
4744,1,193
4744,2,102
4744,2,17
4744,3,28
4745,1,26
4745,2,14
4745,3,134
4746,1,95
4746,2,176
4746,3,121
4746,4,137
4746,4,133
4746,5,121
4746,5,208
4746,6,121
4746,6,66
4746,7,133
4746,7,137
4746,8,97
4746,9,31
4747,1,181
4747,1,2
4747,2,69
4747,3,181
4747,3,2
4747,4,55
4748,1,175
4748,1,76
4748,1,175
4748,2,57
4748,3,98
4749,1,147
4749,1,127
4749,2,146
4749,2,140
4749,2,10
4749,3,61
4750,1,83
4750,1,15
4750,1,133
4750,2,133
4750,2,83
4750,2,57
4750,3,133
4751,1,113
4751,2,70
4751,3,147
4751,3,83
4751,4,54
4751,4,52
4752,1,15
4752,2,16
4752,3,150
4753,1,201
4753,2,213
4753,3,27
4753,4,37
4753,4,27
4754,1,112
4754,2,136
4754,2,25
4754,3,79
4754,3,80
4754,3,83
4755,1,118
4755,2,159
4755,3,121
4755,3,161
4755,4,52
4756,1,72
4756,1,67
4756,2,78
4756,3,121
4756,3,34
4756,3,72
4756,4,34
4756,5,190
4756,6,118
4757,1,176
4757,2,206
4757,3,124
4757,4,124
4757,5,124
4758,1,164
4758,1,24
4758,2,24
4758,3,128
4759,1,43
4759,2,43
4759,2,155
4759,3,100
4759,3,101
4759,4,137
4759,4,100
4759,4,155
4759,5,155
4759,6,137
4759,7,100
4759,8,208
4759,8,204
4759,8,181
4760,1,93
4760,2,94
4760,3,93
4761,1,139
4761,2,202
4761,3,66
4762,1,123
4762,2,38
4762,3,101
4762,3,62
4762,3,146
4763,1,98
4763,2,112
4763,3,106
4764,1,26
4764,2,178
4764,3,79
4764,3,14
4765,1,144
4765,1,215
4765,1,129
4765,2,61
4765,2,164
4765,2,83
4765,2,89
4765,3,80
4765,4,76
4765,4,61
4766,1,123
4766,1,52
4766,1,91
4766,2,100
4766,3,82
4767,1,146
4767,2,146
4767,2,53
4767,3,75
4767,3,110
4767,4,110
4767,4,75
4767,5,75
4767,5,110
4768,1,123
4768,2,4
4768,3,168
4769,1,73
4769,2,21
4769,3,130
4770,1,174
4770,2,108
4770,2,209
4770,3,79
4771,1,64
4771,1,104
4771,1,14
4771,2,38
4771,2,207
4771,2,146
4771,3,146
4772,1,148
4772,2,38
4772,2,148
4772,3,69
4772,4,99
4773,1,23
4773,2,34
4773,3,34
4773,4,34
4773,5,124
4774,1,175
4774,1,51
4774,2,1
4774,2,115
4774,2,140
4774,2,214
4774,2,117
4774,3,117
4774,3,184
4775,1,75
4775,2,160
4775,3,131
4776,1,118
4776,2,67
4776,2,155
4776,3,21
4776,3,155
4776,3,95
4777,1,190
4777,2,78
4777,3,131
4777,4,69
4777,5,83
4777,5,141
4778,1,121
4778,1,28
4778,2,107
4778,2,133
4778,2,84
4778,3,133
4778,4,83
4778,5,121
4778,5,28
4779,1,61
4779,2,153
4779,2,120
4779,3,39
4779,4,67
4779,4,153
4779,5,67
4779,6,15
4779,6,44
4779,7,95
4779,8,67
4779,9,2
4780,1,38
4780,1,197
4780,2,12
4780,3,79
4780,4,12
4780,4,110
4780,4,109
4781,1,83
4781,2,37
4781,3,37
4781,4,160
4782,1,181
4782,2,181
4782,3,207
4782,3,155
4782,4,79
4782,4,171
4783,1,78
4783,2,78
4783,3,157
4783,3,32
4783,4,32
4783,4,157
4783,4,78
4783,5,78
4783,6,43
4784,1,58
4784,2,58
4784,3,58
4784,3,35
4785,1,67
4785,1,153
4785,2,124
4785,2,67
4785,2,153
4785,2,215
4785,3,94
4785,3,215
4785,3,153
4785,3,67
4786,1,139
4786,2,156
4786,3,113
4787,1,13
4787,2,103
4787,2,112
4787,3,80
4788,1,69
4788,2,168
4788,2,40
4788,3,168
4789,1,44
4789,2,107
4789,3,123
4789,3,44
4789,4,76
4789,4,90
4789,5,15
4789,6,107
4789,6,37
4789,6,138
4789,6,131
4789,6,106
4790,1,184
4790,1,32
4790,2,62
4790,3,48
4790,3,150
4790,3,51
4791,1,10
4791,1,76
4791,1,185
4791,2,195
4791,2,194
4791,3,53
4791,3,207
4791,4,119
4791,5,135
4791,5,53
4791,6,93
4791,6,158
4791,6,100
4791,7,83
4791,8,93
4792,1,172
4792,1,112
4792,2,80
4792,3,41
4792,4,80
4792,4,76
4792,5,79
4792,5,80
4792,6,41
4792,6,80
4792,6,31
4793,1,150
4793,2,194
4793,3,69
4794,1,18
4794,1,66
4794,2,61
4794,3,129
4795,1,126
4795,1,67
4795,2,68
4795,3,44
4796,1,192
4796,1,32
4796,1,185
4796,1,2
4796,2,97
4796,2,146
4796,3,101
4797,1,125
4797,1,55
4797,2,28
4797,3,67
4798,1,210
4798,1,70
4798,2,69
4798,3,70
4799,1,160
4799,2,176
4799,3,77
4800,1,21
4800,2,21
4800,3,12
4800,4,34
4800,5,76
4800,6,76
4800,7,21
4800,8,100
4800,8,108
4800,9,178
4800,9,100
4801,1,51
4801,2,135
4801,3,135
4802,1,44
4802,1,11
4802,2,42
4802,2,85
4802,3,176
4802,4,77
4803,1,95
4803,1,133
4803,1,70
4803,1,38
4803,2,95
4803,2,186
4803,2,39
4803,3,186
4803,3,77
4803,3,95
4803,3,85
4803,4,186
4804,1,177
4804,2,66
4804,3,84
4805,1,25
4805,2,211
4805,3,25
4806,1,83
4806,2,48
4806,3,159
4807,1,121
4807,1,68
4807,2,67
4807,2,101
4807,3,100
4807,3,121
4808,1,76
4808,1,98
4808,2,15
4808,3,135
4808,3,70
4808,3,69
4808,4,98
4808,4,69
4808,5,168
4808,6,35
4808,6,34
4809,1,44
4809,2,44
4809,2,90
4809,3,75
4809,4,78
4809,4,121
4810,1,15
4810,2,99
4810,2,154
4810,3,58
4810,4,198
4810,5,118
4811,1,103
4811,2,168
4811,3,10
4811,3,197
4812,1,1
4812,1,192
4812,2,10
4812,3,113
4813,1,81
4813,2,76
4813,3,132
4813,4,157
4814,1,51
4814,2,51
4814,3,76
4815,1,112
4815,2,121
4815,3,24
4815,4,37
4815,4,152
4815,5,22
4816,1,166
4816,2,120
4816,2,95
4816,3,166
4817,1,114
4817,1,97
4817,2,74
4817,2,97
4817,3,152
4818,1,99
4818,1,168
4818,2,67
4818,3,129
4819,1,69
4819,1,83
4819,1,80
4819,2,70
4819,3,69
4820,1,76
4820,1,133
4820,2,67
4820,2,113
4820,3,113
4820,3,133
4821,1,114
4821,2,184
4821,2,92
4821,3,94
4822,1,73
4822,2,163
4822,3,31
4822,4,31
4822,5,78
4823,1,33
4823,2,51
4823,3,152
4823,3,128
4823,4,83
4823,4,107
4823,5,3
4824,1,100
4824,2,36
4824,3,100
4824,4,36
4825,1,37
4825,1,150
4825,1,129
4825,2,156
4825,2,150
4825,2,127
4825,2,37
4825,3,203
4826,1,53
4826,1,14
4826,2,32
4826,2,53
4826,3,14
4827,1,63
4827,2,194
4827,2,96
4827,3,63
4828,1,181
4828,2,155
4828,2,101
4828,3,181
4828,3,32
4829,1,150
4829,1,83
4829,2,150
4829,3,83
4829,3,150
4830,1,125
4830,1,118
4830,2,67
4830,2,37
4830,3,161
4831,1,109
4831,2,65
4831,3,40
4831,4,37
4832,1,95
4832,1,76
4832,1,186
4832,2,83
4832,2,103
4832,2,16
4832,3,133
4833,1,10
4833,2,10
4833,3,10
4833,4,28
4833,5,10
4833,6,10
4834,1,52
4834,2,80
4834,3,174
4835,1,193
4835,2,104
4835,3,126
4835,4,106
4836,1,17
4836,2,182
4836,3,214
4836,3,69
4836,4,156
4836,4,140
4837,1,139
4837,2,191
4837,2,129
4837,3,139
4838,1,1
4838,2,174
4838,2,47
4838,3,61
4838,3,73
4839,1,39
4839,1,98
4839,2,44
4839,3,15
4839,4,95
4839,5,44
4839,6,154
4840,1,216
4840,2,216
4840,3,216
4841,1,72
4841,2,72
4841,2,199
4841,3,72
4841,4,72
4841,5,72
4841,6,72
4842,1,100
4842,1,166
4842,2,80
4842,3,63
4842,3,55
4843,1,93
4843,2,87
4843,2,55
4843,3,80
4844,1,4
4844,1,51
4844,2,67
4844,2,113
4844,3,190
4845,1,52
4845,2,52
4845,3,206
4845,3,52
4846,1,2
4846,2,129
4846,3,125
4846,3,90
4847,1,153
4847,2,153
4847,3,153
4848,1,123
4848,2,69
4848,3,80
4848,3,57
4849,1,60
4849,2,80
4849,3,80
4849,3,83
4850,1,215
4850,2,164
4850,2,75
4850,3,79
4850,3,89
4850,3,108
4850,3,146
4850,3,215
4850,4,164
4850,5,42
4851,1,97
4851,2,57
4851,3,125
4852,1,11
4852,1,156
4852,2,206
4852,3,11
4852,4,69
4853,1,46
4853,2,123
4853,3,83
4853,4,86
4854,1,162
4854,1,178
4854,2,194
4854,3,162
4854,3,163
4854,4,162
4854,5,149
4855,1,152
4855,2,44
4855,3,152
4855,4,152
4856,1,34
4856,2,116
4856,2,117
4856,3,151
4857,1,95
4857,1,120
4857,1,67
4857,1,97
4857,2,181
4857,3,123
4857,3,83
4857,4,126
4857,4,205
4858,1,166
4858,2,13
4858,3,13
4858,4,13
4859,1,128
4859,2,39
4859,2,164
4859,2,204
4859,3,76
4859,3,48
4859,4,184
4859,5,117
4859,5,68
4859,5,184
4859,5,98
4860,1,159
4860,1,176
4860,2,197
4860,3,67
4860,4,159
4861,1,91
4861,2,192
4861,3,94
4861,4,125
4861,5,93
4861,6,91
4861,6,21
4861,7,93
4861,7,208
4862,1,123
4862,2,128
4862,2,76
4862,2,81
4862,3,40
4862,4,64
4862,5,106
4862,5,48
4862,5,80
4862,5,186
4863,1,45
4863,2,2
4863,2,18
4863,3,2
4864,1,30
4864,2,87
4864,2,63
4864,2,95
4864,3,63
4864,3,6
4864,4,152
4865,1,180
4865,1,93
4865,2,76
4865,2,25
4865,3,93
4865,3,25
4865,3,69
4866,1,42
4866,2,108
4866,3,28
4867,1,57
4867,1,15
4867,2,197
4867,3,72
4867,3,98
4867,3,15
4868,1,37
4868,2,21
4868,3,21
4868,4,146
4868,5,133
4868,5,76
4869,1,89
4869,2,42
4869,3,89
4870,1,119
4870,2,119
4870,2,160
4870,3,182
4871,1,17
4871,2,17
4871,3,17
4871,3,7
4871,3,138
4871,4,17
4871,5,17
4871,5,7
4872,1,67
4872,2,28
4872,2,67
4872,3,67
4873,1,205
4873,2,54
4873,2,171
4873,3,171
4873,4,73
4873,4,74
4873,4,196
4873,4,16
4873,4,182
4874,1,125
4874,2,30
4874,2,125
4874,3,30
4874,4,125
4874,4,30
4874,5,125
4874,6,30
4874,6,125
4874,7,30
4875,1,58
4875,1,61
4875,2,39
4875,3,20
4875,3,52
4875,3,33
4875,3,89
4876,1,2
4876,2,161
4876,2,150
4876,3,69
4876,4,15
4876,4,141
4876,5,161
4876,5,192
4877,1,47
4877,2,64
4877,3,188
4877,4,64
4877,5,47
4877,6,22
4878,1,146
4878,2,87
4878,2,102
4878,3,79
4878,4,102
4879,1,27
4879,1,9
4879,1,129
4879,2,125
4879,2,128
4879,2,78
4879,3,128
4880,1,10
4880,2,76
4880,2,142
4880,3,83
4880,3,178
4881,1,4
4881,2,80
4881,2,79
4881,2,4
4881,3,4
4881,3,80
4881,4,148
4882,1,64
4882,2,64
4882,2,104
4882,2,88
4882,2,2
4882,3,104
4882,3,96
4882,4,64
4883,1,148
4883,2,148
4883,3,11
4883,3,148
4883,4,148
4883,4,136
4883,5,148
4883,6,136
4883,7,43
4883,7,148
4884,1,88
4884,1,90
4884,2,52
4884,2,67
4884,3,94
4885,1,53
4885,2,78
4885,3,54
4885,4,95
4885,4,53
4885,5,165
4885,6,53
4885,7,62
4886,1,14
4886,2,216
4886,3,216
4886,3,146
4886,4,202
4887,1,153
4887,2,10
4887,3,80
4888,1,139
4888,1,40
4888,2,137
4888,3,139
4888,3,41
4889,1,57
4889,2,25
4889,3,76
4890,1,153
4890,1,117
4890,2,114
4890,2,33
4890,3,141
4890,4,155
4890,4,13
4890,5,125
4890,5,16
4890,5,105
4890,5,115
4890,6,117
4890,7,105
4890,7,33
4891,1,164
4891,2,110
4891,3,110
4892,1,54
4892,1,160
4892,2,54
4892,2,160
4892,3,147
4892,3,160
4892,4,54
4893,1,123
4893,2,44
4893,3,182
4893,4,83
4894,1,57
4894,2,154
4894,3,180
4894,4,39
4895,1,114
4895,1,113
4895,1,117
4895,2,123
4895,2,15
4895,3,39
4896,1,151
4896,2,67
4896,3,67
4896,3,151
4897,1,28
4897,1,25
4897,2,25
4897,2,113
4897,3,25
4897,3,28
4897,4,25
4897,4,113
4898,1,25
4898,2,25
4898,3,113
4899,1,123
4899,2,95
4899,2,141
4899,3,151
4899,3,115
4900,1,35
4900,2,39
4900,3,80
4901,1,81
4901,2,21
4901,3,21
4901,4,21
4901,4,4
4901,5,93
4901,6,21
4902,1,164
4902,1,14
4902,2,14
4902,3,14
4902,3,164
4903,1,95
4903,1,39
4903,2,141
4903,2,150
4903,3,95
4903,3,69
4904,1,130
4904,2,154
4904,3,35
4904,3,214
4905,1,177
4905,1,150
4905,2,132
4905,3,150
4906,1,67
4906,2,67
4906,2,95
4906,3,57
4906,4,67
4906,5,69
4906,6,57
4906,7,57
4907,1,84
4907,1,83
4907,1,133
4907,1,79
4907,2,133
4907,3,76
4907,3,36
4908,1,82
4908,2,118
4908,3,190
4909,1,15
4909,2,69
4909,3,73
4909,3,183
4909,4,2
4909,4,117
4909,4,115
4910,1,17
4910,1,88
4910,2,156
4910,3,133
4910,4,30
4910,4,133
4910,5,77
4910,6,85
4911,1,4
4911,1,98
4911,2,44
4911,3,4
4912,1,76
4912,1,169
4912,2,48
4912,2,84
4912,3,127
4913,1,51
4913,1,175
4913,2,93
4913,2,175
4913,2,117
4913,3,95
4913,3,76
4914,1,47
4914,2,126
4914,3,13
4915,1,128
4915,1,87
4915,2,208
4915,3,67
4915,4,67
4915,5,128
4916,1,95
4916,1,115
4916,2,115
4916,3,115
4916,3,95
4916,4,115
4917,1,97
4917,2,51
4917,3,51
4917,4,99
4917,5,29
4918,1,75
4918,1,208
4918,1,183
4918,2,187
4918,3,158
4918,3,75
4918,4,190
4918,5,75
4918,5,187
4919,1,158
4919,1,71
4919,1,120
4919,2,95
4919,2,133
4919,3,34
4919,4,186
4919,4,76
4919,5,99
4919,6,161
4919,6,71
4920,1,110
4920,2,179
4920,2,83
4920,2,69
4920,2,147
4920,3,209
4920,3,160
4921,1,64
4921,1,129
4921,1,176
4921,2,40
4921,2,58
4921,2,61
4921,3,64
4921,3,30
4921,4,172
4922,1,33
4922,2,180
4922,3,166
4922,3,206
4922,3,192
4922,3,100
4922,4,206
4922,5,108
4922,5,80
4923,1,123
4923,2,67
4923,2,44
4923,3,21
4923,3,44
4924,1,98
4924,2,154
4924,3,83
4924,4,154
4924,5,98
4924,6,98
4924,7,95
4924,7,117
4924,7,184
4924,7,202
4924,8,98
4924,9,4
4924,10,98
4924,11,105
4924,11,114
4924,12,72
4924,13,123
4925,1,150
4925,1,50
4925,2,62
4925,3,50
4925,3,51
4926,1,40
4926,2,42
4926,2,150
4926,3,155
4926,4,121
4926,4,40
4927,1,106
4927,1,28
4927,2,39
4927,3,29
4928,1,113
4928,2,76
4928,3,121
4929,1,160
4929,1,121
4929,2,157
4929,2,160
4929,3,160
4930,1,178
4930,1,110
4930,2,206
4930,3,41
4930,3,27
4931,1,94
4931,2,197
4931,3,168
4931,4,21
4932,1,27
4932,2,1
4932,3,78
4933,1,192
4933,2,39
4933,2,14
4933,2,205
4933,3,101
4933,3,205
4933,3,141
4933,4,205
4933,5,34
4933,5,205
4933,6,171
4933,6,79
4933,6,32
4933,7,205
4933,7,81
4933,8,81
4934,1,192
4934,1,89
4934,2,74
4934,3,183
4935,1,130
4935,1,21
4935,1,157
4935,2,21
4935,2,188
4935,2,77
4935,2,193
4935,3,82
4935,3,24
4936,1,206
4936,2,192
4936,3,4
4936,4,143
4936,5,119
4936,6,110
4937,1,129
4937,2,12
4937,3,127
4937,4,104
4937,5,127
4937,5,12
4937,6,44
4937,7,112
4938,1,44
4938,2,31
4938,3,138
4939,1,101
4939,1,75
4939,2,96
4939,3,96
4939,3,9
4939,4,9
4939,5,167
4940,1,83
4940,1,81
4940,2,76
4940,2,210
4940,3,80
4940,3,83
4941,1,150
4941,1,83
4941,2,83
4941,2,155
4941,3,83
4941,4,115
4942,1,25
4942,1,176
4942,2,6
4942,2,25
4942,3,176
4942,3,168
4942,3,77
4943,1,116
4943,2,95
4943,3,69
4943,4,128
4944,1,29
4944,2,176
4944,3,29
4945,1,207
4945,1,121
4945,2,155
4945,3,125
4945,3,21
4945,4,121
4945,4,204
4945,5,14
4945,5,121
4945,5,47
4946,1,143
4946,1,4
4946,2,4
4946,2,143
4946,3,4
4946,3,63
4946,4,27
4946,4,143
4946,5,143
4946,6,110
4947,1,141
4947,1,127
4947,2,128
4947,3,83
4948,1,89
4948,2,89
4948,2,209
4948,3,101
4948,4,67
4948,5,87
4949,1,26
4949,2,26
4949,3,38
4949,4,26
4949,5,26
4950,1,58
4950,1,160
4950,1,75
4950,1,25
4950,2,1
4950,2,45
4950,3,69
4951,1,212
4951,2,158
4951,2,28
4951,3,146
4951,4,16
4951,4,31
4951,4,31
4952,1,48
4952,1,88
4952,2,48
4952,2,40
4952,3,97
4953,1,73
4953,2,198
4953,2,192
4953,3,9
4953,4,205
4953,4,15
4954,1,57
4954,2,113
4954,2,50
4954,2,57
4954,3,50
4954,3,2
4954,4,87
4954,4,69
4954,5,123
4954,6,87
4954,6,123
4954,7,113
4954,7,150
4954,8,105
4954,8,113
4954,8,69
4954,9,116
4954,9,2
4954,9,57
4955,1,69
4955,2,40
4955,3,35
4955,3,40
4955,3,98
4956,1,57
4956,1,160
4956,2,24
4956,3,21
4957,1,176
4957,2,2
4957,2,176
4957,3,132
4958,1,9
4958,2,150
4958,2,175
4958,2,83
4958,3,51
4958,3,99
4958,3,175
4959,1,80
4959,2,80
4959,2,79
4959,3,4
4959,3,108
4959,4,108
4959,5,178
4960,1,44
4960,1,140
4960,1,168
4960,2,140
4960,2,44
4960,3,146
4960,3,44
4960,3,140
4960,3,100
4961,1,182
4961,2,207
4961,3,108
4962,1,162
4962,2,85
4962,3,85
4963,1,121
4963,2,174
4963,2,83
4963,2,213
4963,3,140
4963,4,110
4964,1,51
4964,1,72
4964,2,34
4964,3,51
4965,1,13
4965,2,100
4965,3,13
4965,4,55
4965,4,13
4965,4,100
4965,5,148
4965,5,13
4965,5,171
4965,5,166
4966,1,55
4966,2,4
4966,3,4
4966,3,104
4967,1,51
4967,2,37
4967,3,51
4968,1,36
4968,2,118
4968,2,93
4968,3,133
4968,4,36
4968,5,203
4968,6,98
4968,6,203
4969,1,136
4969,1,51
4969,2,136
4969,3,150
4969,3,92
4970,1,207
4970,2,144
4970,2,146
4970,3,123
4971,1,83
4971,2,83
4971,3,106
4971,4,106
4972,1,113
4972,2,113
4972,3,113
4973,1,129
4973,1,121
4973,2,168
4973,3,215
4973,3,26
4973,4,121
4973,4,161
4973,4,159
4974,1,113
4974,2,113
4974,2,105
4974,2,61
4974,2,95
4974,3,57
4974,4,113
4975,1,27
4975,2,14
4975,3,107
4976,1,21
4976,2,93
4976,3,216
4976,4,121
4976,5,133
4977,1,69
4977,2,148
4977,2,93
4977,2,85
4977,2,206
4977,2,75
4977,3,101
4978,1,67
4978,2,100
4978,2,120
4978,3,79
4979,1,113
4979,2,25
4979,3,10
4979,4,113
4980,1,121
4980,2,84
4980,3,39
4980,3,10
4981,1,17
4981,2,209
4981,3,209
4981,4,40
4981,4,10
4982,1,87
4982,1,55
4982,2,87
4982,2,25
4982,2,4
4982,3,4
4982,3,87
4983,1,27
4983,2,38
4983,3,4
4983,3,41
4983,4,68
4983,4,112
4983,5,78
4983,6,190
4984,1,120
4984,1,32
4984,2,166
4984,3,51
4984,3,110
4984,4,85
4985,1,51
4985,1,175
4985,1,83
4985,2,175
4985,3,44
4985,4,51
4985,5,51
4985,5,2
4985,5,106
4985,5,175
4985,5,135
4986,1,120
4986,2,97
4986,3,97
4986,4,37
4986,4,67
4987,1,75
4987,2,158
4987,3,215
4987,4,75
4987,4,43
4987,4,60
4988,1,144
4988,2,194
4988,3,170
4988,3,138
4989,1,70
4989,2,104
4989,3,147
4989,4,177
4989,5,65
4990,1,14
4990,2,36
4990,3,14
4991,1,127
4991,2,152
4991,3,186
4991,3,127
4991,4,186
4992,1,113
4992,1,12
4992,1,37
4992,2,37
4992,2,20
4992,3,152
4993,1,95
4993,1,189
4993,2,189
4993,3,189
4993,3,113
4994,1,209
4994,1,164
4994,2,6
4994,2,164
4994,3,61
4995,1,14
4995,1,214
4995,1,46
4995,2,180
4995,3,160
4995,3,8
4996,1,154
4996,2,165
4996,3,173
4997,1,67
4997,1,30
4997,2,30
4997,3,30
4997,3,67
4998,1,25
4998,2,160
4998,3,118
4998,4,206
4998,4,105
4999,1,38
4999,2,150
4999,3,96
4999,3,64
5000,1,10
5000,2,197
5000,2,67
5000,3,10
5000,3,67
5001,1,90
5001,2,166
5001,3,90
5002,1,44
5002,2,5
5002,3,190
5003,1,44
5003,2,30
5003,3,201
5004,1,87
5004,2,191
5004,3,87
5005,1,80
5005,2,216
5005,3,83
5005,4,123
5006,1,192
5006,2,192
5006,3,192
5007,1,136
5007,2,31
5007,3,21
5008,1,63
5008,1,98
5008,2,160
5008,2,51
5008,3,51
5008,4,28
5008,4,48
5008,4,51
5008,5,160
5008,5,51
5008,6,160
5009,1,160
5009,2,145
5009,2,164
5009,2,84
5009,2,113
5009,2,63
5009,2,144
5009,3,39
5009,3,90
5010,1,110
5010,2,214
5010,3,110
5011,1,25
5011,2,197
5011,2,25
5011,3,187
5011,3,21
5011,3,25
5011,4,137
5011,4,25
5012,1,118
5012,2,65
5012,3,116
5012,3,184
5012,4,130
5012,4,90
5012,5,69
5013,1,197
5013,2,172
5013,3,20
5014,1,177
5014,2,37
5014,3,163
5014,3,106
5014,4,120
5015,1,144
5015,1,52
5015,1,165
5015,1,89
5015,1,100
5015,2,4
5015,2,61
5015,3,61
5016,1,4
5016,1,155
5016,2,155
5016,3,155
5016,3,4
5017,1,133
5017,2,177
5017,3,133
5018,1,159
5018,2,145
5018,2,6
5018,2,87
5018,2,163
5018,3,145
5018,3,144
5018,3,103
5018,4,69
5018,5,67
5019,1,130
5019,2,117
5019,2,201
5019,3,203
5019,4,106
5019,4,133
5020,1,211
5020,2,5
5020,3,76
5021,1,100
5021,2,44
5021,2,76
5021,2,22
5021,2,2
5021,3,119
5022,1,80
5022,2,186
5022,2,4
5022,3,36
5023,1,51
5023,1,32
5023,2,69
5023,3,62
5023,4,62
5023,5,14
5023,5,51
5023,5,156
5023,6,31
5024,1,78
5024,1,76
5024,2,172
5024,2,44
5024,3,79
5024,4,15
5024,5,76
5025,1,58
5025,1,156
5025,2,81
5025,3,193
5025,3,76
5025,3,214
5026,1,155
5026,1,101
5026,2,155
5026,2,101
5026,2,166
5026,3,166
5026,4,166
5026,4,101
5026,4,155
5027,1,125
5027,2,78
5027,3,62
5027,3,136
5028,1,94
5028,2,16
5028,3,50
5028,3,51
5029,1,87
5029,2,133
5029,3,133
5030,1,88
5030,2,1
5030,2,58
5030,3,209
5030,3,88
5030,4,44
5030,5,44
5031,1,48
5031,2,4
5031,3,52
5031,4,44
5032,1,124
5032,2,95
5032,2,175
5032,3,134
5033,1,194
5033,2,21
5033,3,197
5034,1,57
5034,2,26
5034,3,9
5035,1,69
5035,1,39
5035,2,114
5035,2,207
5035,3,123
5035,4,48
5035,4,113
5036,1,4
5036,1,83
5036,2,46
5036,3,4
5036,3,133
5037,1,36
5037,1,95
5037,2,36
5037,3,20
5037,3,17
5038,1,202
5038,1,69
5038,2,202
5038,3,202
5038,4,63
5038,5,202
5038,6,69
5039,1,104
5039,1,151
5039,2,130
5039,2,38
5039,2,180
5039,3,151
5040,1,179
5040,2,146
5040,3,146
5040,3,179
5040,3,197
5040,3,72
5041,1,137
5041,2,31
5041,2,89
5041,3,181
5041,3,206
5041,3,31
5042,1,94
5042,2,182
5042,3,158
5042,3,23
5042,3,123
5043,1,146
5043,1,164
5043,2,156
5043,2,168
5043,3,95
5044,1,10
5044,2,52
5044,2,10
5044,2,76
5044,3,172
5044,3,108
5045,1,91
5045,1,91
5045,2,67
5045,2,155
5045,2,54
5045,3,14
5045,3,32
5045,3,32
5045,4,107
5045,5,108
5045,5,79
5045,5,80
5046,1,179
5046,2,187
5046,2,150
5046,2,13
5046,3,130
5046,3,38
5046,4,98
5046,5,176
5047,1,99
5047,2,99
5047,2,151
5047,2,48
5047,3,203
5048,1,53
5048,1,95
5048,2,38
5048,3,68
5048,3,52
5048,3,147
5048,4,52
5048,4,79
5049,1,66
5049,1,136
5049,2,90
5049,3,174
5050,1,20
5050,1,55
5050,2,113
5050,3,70
5051,1,131
5051,1,16
5051,2,131
5051,2,16
5051,3,131
5051,4,113
5051,5,53
5051,6,48
5051,6,113
5052,1,39
5052,2,160
5052,3,57
5052,4,133
5052,4,95
5052,5,57
5053,1,113
5053,2,67
5053,3,113
5053,3,67
5054,1,84
5054,2,69
5054,2,39
5054,3,54
5054,4,57
5054,4,39
5055,1,58
5055,1,83
5055,2,10
5055,3,176
5056,1,155
5056,2,181
5056,3,155
5056,4,155
5057,1,203
5057,2,93
5057,3,135
5058,1,195
5058,1,76
5058,2,86
5058,2,130
5058,3,25
5059,1,152
5059,2,24
5059,2,141
5059,3,44
5060,1,95
5060,2,51
5060,2,98
5060,3,107
5060,3,101
5060,4,98
5060,5,158
5060,5,2
5060,6,117
5060,6,38
5061,1,212
5061,2,141
5061,3,36
5061,4,127
5062,1,50
5062,1,47
5062,2,50
5062,2,106
5062,3,116
5063,1,186
5063,2,52
5063,2,40
5063,3,40
5063,3,155
5063,4,186
5063,4,40
5064,1,210
5064,2,117
5064,2,105
5064,2,113
5064,3,168
5064,4,117
5064,4,116
5065,1,38
5065,2,121
5065,2,16
5065,3,89
5065,4,16
5065,4,157
5066,1,83
5066,2,34
5066,3,190
5067,1,118
5067,2,87
5067,3,191
5068,1,194
5068,2,6
5068,2,95
5068,2,164
5068,3,188
5068,3,114
5068,3,117
5069,1,58
5069,1,61
5069,2,61
5069,2,58
5069,3,61
5069,4,143
5070,1,106
5070,2,49
5070,2,55
5070,3,47
5070,4,25
5071,1,124
5071,2,99
5071,3,83
5071,4,64
5072,1,58
5072,2,150
5072,2,84
5072,3,128
5072,3,23
5072,4,58
5073,1,95
5073,2,95
5073,3,132
5074,1,24
5074,2,24
5074,3,91
5075,1,4
5075,2,15
5075,3,2
5075,4,168
5076,1,98
5076,2,99
5076,3,116
5076,4,154
5076,4,105
5077,1,80
5077,2,115
5077,2,113
5077,3,16
5078,1,55
5078,1,160
5078,2,160
5078,2,196
5078,3,83
5079,1,212
5079,2,176
5079,3,77
5079,3,10
5079,4,85
5080,1,39
5080,1,10
5080,1,162
5080,2,83
5080,2,104
5080,3,39
5081,1,17
5081,1,209
5081,1,10
5081,2,187
5081,2,76
5081,2,73
5081,2,137
5081,3,166
5081,3,187
5081,3,34
5081,3,137
5082,1,3
5082,2,25
5082,3,10
5083,1,113
5083,1,19
5083,2,123
5083,3,137
5083,3,187
5083,4,108
5083,5,85
5083,6,33
5084,1,78
5084,2,4
5084,3,9
5084,4,9
5085,1,63
5085,2,144
5085,3,63
5085,4,30
5085,4,93
5085,5,67
5085,6,63
5085,6,76
5085,7,63
5086,1,209
5086,2,53
5086,3,140
5086,3,42
5087,1,121
5087,2,121
5087,3,121
5088,1,51
5088,2,175
5088,2,156
5088,2,35
5088,3,61
5088,3,35
5089,1,31
5089,1,201
5089,1,76
5089,2,149
5089,2,92
5089,3,191
5089,4,139
5089,4,12
5090,1,70
5090,1,85
5090,2,15
5090,2,83
5090,3,173
5090,4,184
5090,4,117
5090,4,47
5091,1,123
5091,2,154
5091,3,74
5091,3,24
5092,1,95
5092,2,112
5092,2,2
5092,3,10
5092,3,2
5092,3,73
5092,3,146
5092,4,112
5093,1,76
5093,1,73
5093,2,119
5093,2,76
5093,3,192
5094,1,12
5094,2,1
5094,2,12
5094,3,110
5095,1,1
5095,2,194
5095,2,17
5095,3,15
5095,4,110
5096,1,125
5096,2,125
5096,2,69
5096,3,87
5097,1,199
5097,2,199
5097,2,101
5097,3,199
5098,1,173
5098,2,124
5098,3,78
5099,1,186
5099,1,113
5099,1,36
5099,2,197
5099,3,186
5099,3,28
5099,3,160
5100,1,165
5100,2,128
5100,3,95
5100,3,192
5101,1,90
5101,1,67
5101,2,16
5101,2,95
5101,3,76
5102,1,86
5102,2,31
5102,3,86
5102,4,4
5102,4,82
5102,4,138
5102,5,31
5103,1,26
5103,1,91
5103,2,77
5103,3,146
5103,3,136
5103,3,87
5103,4,146
5103,4,52
5104,1,95
5104,1,85
5104,1,150
5104,2,4
5104,3,126
5104,4,51
5104,5,193
5104,5,76
5105,1,44
5105,2,3
5105,3,37
5105,4,79
5105,4,3
5105,5,160
5106,1,110
5106,2,21
5106,3,150
5106,3,77
5107,1,12
5107,2,145
5107,3,108
5107,4,110
5108,1,64
5108,2,161
5108,2,64
5108,3,190
5108,4,125
5109,1,212
5109,2,79
5109,3,160
5109,3,119
5110,1,44
5110,2,113
5110,3,120
5111,1,197
5111,2,209
5111,3,197
5111,3,176
5111,3,61
5111,4,177
5112,1,153
5112,1,69
5112,2,65
5112,2,58
5112,2,61
5112,3,44
5112,3,105
5112,4,22
5113,1,72
5113,1,121
5113,2,72
5113,2,121
5113,3,72
5113,3,133
5114,1,155
5114,2,155
5114,3,94
5115,1,125
5115,2,3
5115,2,67
5115,3,67
5116,1,168
5116,2,168
5116,3,168
5116,4,168
5116,5,168
5116,6,168
5116,7,103
5117,1,101
5117,1,82
5117,2,82
5117,2,101
5117,3,166
5117,3,82
5118,1,177
5118,2,96
5118,2,162
5118,3,162
5119,1,50
5119,1,113
5119,2,50
5119,2,113
5119,2,140
5119,2,61
5119,3,76
5120,1,67
5120,2,86
5120,2,83
5120,2,125
5120,3,29
5120,3,67
5121,1,123
5121,2,67
5121,3,67
5121,4,15
5122,1,21
5122,2,3
5122,2,121
5122,3,121
5123,1,26
5123,2,81
5123,3,67
5124,1,52
5124,2,52
5124,3,76
5125,1,16
5125,2,2
5125,3,16
5126,1,155
5126,2,123
5126,3,6
5126,4,158
5126,4,16
5126,5,158
5126,5,16
5126,6,16
5127,1,31
5127,1,72
5127,2,7
5127,2,41
5127,3,41
5128,1,83
5128,2,120
5128,3,67
5128,3,126
5129,1,34
5129,1,46
5129,1,43
5129,2,123
5129,3,154
5130,1,128
5130,2,188
5130,3,148
5130,4,142
5130,4,88
5131,1,107
5131,2,142
5131,3,76
5131,3,142
5131,4,47
5131,4,129
5131,4,142
5132,1,188
5132,2,188
5132,3,27
5133,1,33
5133,2,30
5133,2,109
5133,2,33
5133,3,109
5134,1,150
5134,2,141
5134,2,161
5134,3,125
5135,1,177
5135,1,67
5135,2,124
5135,3,44
5135,4,77
5136,1,93
5136,2,149
5136,3,149
5136,4,149
5136,5,149
5136,6,149
5136,6,127
5137,1,73
5137,2,123
5137,3,57
5137,4,123
5137,5,109
5138,1,75
5138,2,162
5138,3,20
5138,4,167
5138,4,145
5138,4,47
5138,5,75
5138,5,20
5139,1,162
5139,1,139
5139,2,16
5139,2,67
5139,3,213
5139,3,7
5140,1,199
5140,2,61
5140,3,35
5140,3,15
5140,3,31
5141,1,110
5141,2,73
5141,2,4
5141,3,110
5142,1,83
5142,2,83
5142,2,37
5142,2,191
5142,3,27
5143,1,71
5143,1,204
5143,2,97
5143,3,71
5143,4,204
5143,4,44
5143,5,154
5143,5,71
5143,5,67
5144,1,4
5144,1,57
5144,1,125
5144,2,57
5144,2,4
5144,3,81
5144,3,123
5144,3,4
5144,4,125
5144,5,112
5145,1,58
5145,1,89
5145,1,30
5145,1,208
5145,2,79
5145,3,30
5146,1,54
5146,1,4
5146,2,88
5146,2,211
5146,3,4
5146,3,53
5146,4,54
5146,4,96
5146,4,106
5146,5,88
5146,6,88
5146,6,54
5147,1,36
5147,1,2
5147,2,128
5147,3,128
5148,1,121
5148,1,96
5148,2,39
5148,3,96
5149,1,14
5149,2,88
5149,3,131
5149,4,62
5149,5,52
5149,6,72
5150,1,110
5150,2,64
5150,3,179
5150,3,64
5151,1,47
5151,2,95
5151,3,73
5151,4,123
5151,5,35
5151,5,66
5151,5,95
5152,1,94
5152,2,36
5152,3,36
5152,3,28
5152,3,103
5152,3,37
5152,4,77
5153,1,63
5153,2,63
5153,3,89
5153,4,112
5153,4,153
5153,5,63
5154,1,197
5154,2,212
5154,3,187
5154,3,90
5154,3,178
5154,3,113
5154,3,137
5154,4,212
5155,1,121
5155,2,69
5155,3,186
5155,4,76
5155,5,121
5155,6,36
5155,7,151
5155,7,36
5155,8,36
5155,8,186
5155,8,95
5155,9,69
5155,10,90
5156,1,113
5156,1,51
5156,2,90
5156,3,134
5157,1,4
5157,1,99
5157,2,16
5157,2,82
5157,2,149
5157,2,2
5157,3,190
5157,3,73
5157,4,138
5157,5,27
5158,1,216
5158,2,80
5158,3,121
5159,1,44
5159,2,190
5159,3,107
5160,1,101
5160,1,25
5160,2,25
5160,2,136
5160,3,183
5160,4,183
5160,4,113
5161,1,51
5161,1,168
5161,2,57
5161,3,10
5161,4,175
5161,4,10
5161,5,168
5161,5,117
5162,1,27
5162,1,192
5162,2,113
5162,3,34
5162,3,205
5162,3,73
5162,3,192
5162,3,8
5162,3,74
5163,1,76
5163,2,123
5163,2,12
5163,3,106
5164,1,100
5164,2,168
5164,3,16
5165,1,19
5165,2,69
5165,3,25
5166,1,133
5166,1,161
5166,2,133
5166,2,161
5166,3,161
5167,1,85
5167,1,43
5167,2,167
5167,3,2
5167,3,47
5168,1,42
5168,2,164
5168,3,14
5169,1,95
5169,2,193
5169,2,82
5169,3,193
5170,1,83
5170,2,67
5170,3,61
5171,1,152
5171,2,123
5171,3,133
5171,4,141
5171,4,175
5171,4,48
5172,1,53
5172,1,55
5172,2,69
5172,3,69
5173,1,44
5173,2,98
5173,3,79
5173,3,83
5173,4,123
5173,5,34
5173,5,80
5174,1,168
5174,2,168
5174,3,132
5175,1,80
5175,2,186
5175,2,127
5175,2,58
5175,3,80
5175,3,127
5176,1,67
5176,1,136
5176,2,190
5176,3,67
5177,1,61
5177,2,173
5177,3,113
5177,3,212
5177,3,39
5178,1,174
5178,1,162
5178,2,101
5178,2,54
5178,3,125
5178,3,38
5178,4,68
5178,5,152
5179,1,125
5179,2,125
5179,3,134
5179,4,83
5179,5,125
5179,6,125
5180,1,118
5180,2,98
5180,2,74
5180,3,212
5180,4,118
5181,1,177
5181,1,55
5181,1,58
5181,2,27
5181,2,147
5181,2,58
5181,3,73
5182,1,112
5182,1,15
5182,2,160
5182,2,50
5182,3,84
5182,4,39
5182,5,4
5182,6,2
5182,6,145
5182,7,50
5182,7,160
5182,8,10
5182,9,37
5182,10,28
5182,10,145
5182,11,39
5182,12,98
5182,12,126
5183,1,98
5183,2,151
5183,3,98
5183,4,73
5184,1,91
5184,2,32
5184,3,89
5185,1,152
5185,1,150
5185,1,161
5185,2,89
5185,2,76
5185,3,151
5185,4,152
5185,5,27
5185,6,10
5186,1,128
5186,1,83
5186,2,10
5186,3,160
5187,1,184
5187,1,115
5187,2,117
5187,2,128
5187,2,116
5187,3,114
5187,3,115
5187,4,105
5187,4,90
5187,4,116
5188,1,196
5188,1,4
5188,2,4
5188,3,177
5188,3,90
5189,1,88
5189,2,120
5189,3,96
5189,3,120
5190,1,27
5190,2,13
5190,2,140
5190,3,31
5191,1,81
5191,2,112
5191,2,110
5191,2,209
5191,2,85
5191,3,84
5191,4,112
5191,5,112
5191,6,76
5192,1,10
5192,1,93
5192,2,63
5192,3,54
5192,3,63
5192,4,51
5192,4,130
5193,1,128
5193,1,205
5193,2,205
5193,2,113
5193,3,205
5193,3,113
5194,1,89
5194,2,45
5194,3,85
5194,3,89
5194,3,87
5194,3,45
5194,4,87
5194,5,194
5194,5,110
5194,6,87
5194,7,89
5194,7,125
5195,1,122
5195,2,107
5195,2,84
5195,3,157
5195,4,161
5195,4,122
5195,5,122
5195,6,107
5196,1,94
5196,2,94
5196,3,124
5197,1,86
5197,2,3
5197,2,31
5197,3,31
5198,1,123
5198,1,120
5198,1,34
5198,2,120
5198,3,67
5198,4,168
5198,5,165
5198,5,187
5198,5,67
5198,5,34
5198,6,120
5198,7,120
5198,7,97
5198,8,123
5198,8,120
5199,1,24
5199,1,48
5199,2,48
5199,2,76
5199,3,93
5199,3,128
5199,3,150
5199,4,48
5199,4,28
5200,1,40
5200,2,120
5200,2,164
5200,3,207
5201,1,34
5201,2,23
5201,3,27
5201,4,16
5202,1,23
5202,2,83
5202,2,23
5202,2,167
5202,2,111
5202,3,93
5203,1,154
5203,1,95
5203,2,11
5203,2,125
5203,3,99
5203,4,190
5203,5,123
5204,1,64
5204,2,19
5204,3,145
5204,3,137
5204,3,87
5204,3,76
5204,4,201
5204,5,43
5204,5,64
5204,5,154
5205,1,115
5205,1,105
5205,1,83
5205,2,114
5205,2,105
5205,3,114
5205,3,115
5205,4,58
5205,4,43
5206,1,125
5206,1,67
5206,2,67
5206,2,70
5206,2,151
5206,2,52
5206,3,67
5206,3,44
5207,1,196
5207,1,72
5207,2,39
5207,3,69
5207,4,72
5207,4,39
5207,5,69
5208,1,29
5208,1,68
5208,2,80
5208,3,84
5209,1,6
5209,2,145
5209,3,66
5210,1,91
5210,2,93
5210,3,38
5211,1,50
5211,2,25
5211,3,50
5212,1,10
5212,2,107
5212,2,76
5212,3,168
5213,1,86
5213,2,170
5213,3,188
5213,4,95
5213,5,170
5214,1,61
5214,2,45
5214,2,90
5214,2,61
5214,3,66
5214,3,162
5214,3,188
5214,3,46
5214,3,140
5215,1,113
5215,1,212
5215,2,121
5215,2,113
5215,3,113
5216,1,38
5216,2,150
5216,2,51
5216,3,38
5216,4,105
5216,4,117
5216,5,105
5216,6,93
5216,7,38
5216,8,38
5216,8,105
5217,1,51
5217,2,128
5217,3,128
5218,1,125
5218,1,97
5218,2,103
5218,3,125
5218,3,176
5219,1,16
5219,2,2
5219,3,41
5220,1,37
5220,2,155
5220,3,106
5221,1,21
5221,2,101
5221,3,101
5221,4,21
5221,4,101
5222,1,17
5222,2,38
5222,3,38
5223,1,106
5223,2,150
5223,2,48
5223,3,97
5224,1,189
5224,2,61
5224,3,61
5224,4,177
5224,5,61
5225,1,178
5225,2,95
5225,2,83
5225,3,110
5225,3,121
5226,1,67
5226,2,67
5226,2,3
5226,2,103
5226,3,67
5227,1,18
5227,2,37
5227,3,94
5228,1,50
5228,1,150
5228,1,95
5228,2,128
5228,2,39
5228,2,50
5228,2,141
5228,3,39
5228,3,90
5229,1,192
5229,1,113
5229,2,113
5229,3,113
5230,1,181
5230,1,85
5230,2,155
5230,3,155
5231,1,113
5231,1,74
5231,2,44
5231,3,102
5231,4,48
5231,4,175
5232,1,150
5232,1,4
5232,1,51
5232,1,123
5232,2,113
5232,2,114
5232,2,184
5232,3,113
5233,1,131
5233,2,116
5233,2,40
5233,2,105
5233,3,98
5234,1,113
5234,1,184
5234,2,57
5234,3,113
5234,3,105
5235,1,56
5235,2,27
5235,3,36
5236,1,213
5236,1,44
5236,2,201
5236,3,137
5236,4,201
5236,4,171
5236,5,44
5236,6,22
5237,1,25
5237,2,97
5237,2,77
5237,3,83
5238,1,95
5238,1,51
5238,2,175
5238,3,154
5238,3,51
5238,4,175
5239,1,47
5239,2,194
5239,3,42
5240,1,199
5240,2,45
5240,3,4
5240,4,45
5240,5,210
5240,5,4
5241,1,86
5241,1,179
5241,2,179
5241,3,148
5241,4,86
5241,4,55
5242,1,105
5242,1,95
5242,2,114
5242,3,81
5242,3,95
5242,3,155
5243,1,116
5243,2,16
5243,2,116
5243,3,116
5244,1,87
5244,2,87
5244,3,69
5245,1,150
5245,1,17
5245,2,80
5245,3,17
5245,3,150
5245,3,58
5245,3,127
5246,1,129
5246,1,97
5246,1,37
5246,2,129
5246,3,97
5246,4,129
5246,5,129
5246,6,129
5246,7,97
5247,1,202
5247,2,76
5247,3,57
5247,4,202
5248,1,31
5248,2,47
5248,3,77
5249,1,4
5249,2,16
5249,2,185
5249,2,195
5249,2,4
5249,3,195
5249,3,185
5250,1,209
5250,2,193
5250,3,27
5250,4,173
5250,5,124
5251,1,163
5251,2,24
5251,2,51
5251,3,184
5251,3,24
5251,4,211
5252,1,87
5252,1,54
5252,2,54
5252,2,87
5252,3,44
5253,1,31
5253,1,201
5253,2,202
5253,3,31
5253,3,174
5254,1,55
5254,2,55
5254,3,89
5254,4,40
5254,5,55
5254,6,89
5255,1,162
5255,1,47
5255,2,131
5255,3,110
5256,1,57
5256,1,16
5256,1,164
5256,2,164
5256,2,16
5256,3,30
5256,4,84
5256,4,23
5256,5,164
5256,5,57
5256,5,73
5256,6,23
5257,1,103
5257,1,37
5257,1,113
5257,2,69
5257,2,103
5257,2,113
5257,2,44
5257,2,122
5257,2,197
5257,3,103
5257,3,58
5257,3,44
5258,1,129
5258,2,113
5258,3,78
5258,4,10
5258,5,174
5259,1,141
5259,2,141
5259,3,123
5259,4,141
5259,4,160
5260,1,16
5260,2,152
5260,3,152
5260,4,57
5260,4,4
5261,1,16
5261,1,121
5261,2,121
5261,2,83
5261,3,86
5262,1,76
5262,2,39
5262,3,39
5263,1,95
5263,2,70
5263,2,60
5263,3,112
5263,3,53
5263,4,137
5263,5,108
5263,6,60
5264,1,4
5264,2,83
5264,3,82
5264,3,170
5265,1,73
5265,1,181
5265,1,161
5265,2,22
5265,2,140
5265,2,121
5265,3,36
5265,3,106
5266,1,44
5266,1,52
5266,2,16
5266,2,67
5266,3,67
5266,3,76
5266,4,67
5266,4,33
5267,1,173
5267,2,149
5267,3,92
5267,3,92
5268,1,128
5268,2,146
5268,2,63
5268,3,58
5269,1,20
5269,2,19
5269,2,104
5269,3,40
5269,3,19
5269,4,40
5269,4,19
5269,5,27
5269,5,19
5269,5,104
5270,1,69
5270,2,73
5270,2,35
5270,2,59
5270,2,40
5270,3,69
5271,1,70
5271,1,69
5271,2,115
5271,2,117
5271,2,69
5271,3,166
5271,3,69
5272,1,50
5272,2,114
5272,3,115
5272,3,116
5272,4,116
5272,5,78
5272,5,114
5272,6,116
5272,6,4
5272,6,65
5273,1,151
5273,2,201
5273,2,30
5273,2,31
5273,2,215
5273,2,151
5273,2,78
5273,3,20
5273,4,151
5274,1,109
5274,2,100
5274,2,124
5274,3,109
5274,4,109
5275,1,28
5275,2,83
5275,3,76
5276,1,168
5276,2,26
5276,3,168
5277,1,188
5277,2,76
5277,2,104
5277,3,162
5277,3,12
5277,4,151
5277,4,12
5278,1,33
5278,2,40
5278,2,16
5278,2,141
5278,3,141
5278,3,49
5279,1,87
5279,1,110
5279,2,67
5279,3,34
5279,3,99
5279,4,67
5279,5,87
5280,1,100
5280,2,100
5280,3,100
5281,1,211
5281,2,144
5281,3,44
5281,4,63
5281,4,10
5281,5,44
5281,6,133
5281,7,121
5282,1,194
5282,2,167
5282,3,205
5282,3,192
5282,4,192
5282,4,76
5282,4,34
5282,5,93
5282,6,17
5283,1,189
5283,1,50
5283,2,50
5283,3,189
5284,1,92
5284,1,12
5284,1,38
5284,2,38
5284,3,38
5285,1,107
5285,1,40
5285,2,160
5285,2,40
5285,2,2
5285,3,125
5285,3,21
5286,1,71
5286,1,165
5286,2,128
5286,3,128
5287,1,159
5287,2,82
5287,2,133
5287,3,133
5287,4,133
5287,5,159
5288,1,69
5288,1,49
5288,2,20
5288,3,125
5289,1,203
5289,2,190
5289,2,21
5289,3,78
5290,1,120
5290,2,100
5290,2,120
5290,3,100
5290,4,100
5290,5,93
5290,5,100
5290,6,100
5290,7,11
5290,7,93
5290,7,100
5291,1,150
5291,1,28
5291,2,12
5291,3,194
5292,1,34
5292,2,182
5292,3,40
5292,3,182
5293,1,12
5293,2,213
5293,3,67
5294,1,21
5294,2,45
5294,2,206
5294,2,21
5294,3,59
5294,4,40
5294,4,109
5295,1,5
5295,2,12
5295,2,88
5295,2,27
5295,2,182
5295,3,188
5295,3,80
5296,1,125
5296,2,164
5296,2,146
5296,3,78
5296,4,146
5297,1,37
5297,2,34
5297,3,168
5298,1,87
5298,2,87
5298,3,87
5299,1,6
5299,2,145
5299,3,41
5299,4,121
5300,1,12
5300,1,47
5300,2,110
5300,3,110
5300,3,12
5300,4,12
5300,4,47
5301,1,123
5301,2,180
5301,3,123
5301,4,102
5301,5,57
5301,6,55
5301,6,101
5301,6,25
5302,1,102
5302,2,114
5302,2,95
5302,3,154
5303,1,12
5303,2,16
5303,3,58
5303,3,12
5303,4,12
5304,1,150
5304,1,4
5304,1,50
5304,2,50
5304,3,173
5305,1,27
5305,2,140
5305,3,213
5306,1,39
5306,2,125
5306,2,54
5306,3,9
5307,1,194
5307,1,89
5307,2,144
5307,2,83
5307,3,160
5307,4,155
5307,5,144
5307,5,160
5307,6,127
5308,1,72
5308,1,58
5308,1,67
5308,2,92
5308,3,180
5308,3,92
5308,3,31
5309,1,4
5309,2,192
5309,2,46
5309,3,4
5310,1,33
5310,1,214
5310,2,91
5310,2,12
5310,2,21
5310,3,170
5310,3,214
5310,3,33
5311,1,25
5311,1,145
5311,2,145
5311,3,145
5311,3,55
5312,1,12
5312,2,150
5312,3,51
5312,3,61
5313,1,12
5313,2,12
5313,3,2
5313,4,64
5314,1,10
5314,2,188
5314,2,10
5314,3,70
5315,1,205
5315,1,58
5315,1,4
5315,2,4
5315,2,44
5315,2,205
5315,3,128
5315,3,205
5316,1,53
5316,1,113
5316,2,16
5316,2,168
5316,3,70
5317,1,168
5317,2,168
5317,3,39
5318,1,210
5318,2,90
5318,2,128
5318,3,69
5319,1,38
5319,2,117
5319,2,33
5319,2,113
5319,3,184
5319,4,146
5319,4,113
5320,1,113
5320,2,83
5320,3,113
5321,1,68
5321,2,67
5321,3,67
5322,1,86
5322,2,87
5322,3,132
5322,4,97
5322,5,79
5322,5,2
5322,6,123
5322,7,79
5322,8,97
5322,8,86
5322,9,132
5322,10,97
5322,10,172
5322,10,154
5323,1,217
5323,2,217
5323,3,217
5323,4,121
5323,4,68
5324,1,182
5324,1,74
5324,1,191
5324,1,95
5324,2,74
5324,3,191
5325,1,84
5325,2,98
5325,2,76
5325,2,67
5325,2,89
5325,2,22
5325,3,113
5325,3,133
5326,1,33
5326,2,110
5326,2,28
5326,2,104
5326,3,188
5326,4,45
5326,4,27
5327,1,38
5327,2,91
5327,3,199
5328,1,181
5328,1,28
5328,2,38
5328,3,162
5328,3,133
5329,1,39
5329,2,74
5329,2,97
5329,2,119
5329,2,95
5329,2,205
5329,2,182
5329,3,210
5330,1,21
5330,2,202
5330,3,145
5331,1,127
5331,1,130
5331,2,75
5331,2,129
5331,2,63
5331,3,75
5331,3,63
5331,3,113
5331,4,129
5332,1,77
5332,2,129
5332,2,193
5332,3,44
5333,1,110
5333,2,34
5333,3,44
5333,4,44
5333,5,110
5333,6,110
5334,1,44
5334,2,39
5334,3,129
5335,1,121
5335,2,160
5335,3,4
5336,1,148
5336,2,122
5336,2,101
5336,3,107
5337,1,73
5337,2,73
5337,2,76
5337,3,99
5337,4,96
5338,1,64
5338,2,129
5338,3,21
5338,3,125
5338,4,159
5338,5,106
5339,1,21
5339,1,125
5339,2,129
5339,3,121
5340,1,177
5340,2,90
5340,2,128
5340,3,4
5340,3,193
5341,1,157
5341,1,113
5341,2,157
5341,2,16
5341,3,169
5341,3,76
5342,1,129
5342,1,127
5342,2,163
5342,3,163
5342,3,129
5342,3,127
5342,4,163
5342,5,163
5342,6,58
5342,6,61
5342,6,20
5342,6,163
5343,1,12
5343,1,95
5343,2,76
5343,2,98
5343,3,57
5343,3,69
5343,3,95
5344,1,16
5344,2,63
5344,3,39
5345,1,113
5345,2,55
5345,2,101
5345,2,70
5345,2,75
5345,2,69
5345,3,89
5345,3,146
5345,4,70
5345,4,128
5345,4,8
5345,4,74
5345,5,10
5345,6,172
5346,1,69
5346,1,77
5346,2,70
5346,3,167
5346,4,70
5347,1,178
5347,2,66
5347,3,113
5347,4,61
5347,4,19
5347,5,123
5347,6,31
5347,7,2
5347,8,34
5348,1,118
5348,2,121
5348,2,28
5348,3,121
5349,1,132
5349,2,76
5349,2,121
5349,3,98
5349,4,123
5350,1,120
5350,2,103
5350,3,28
5350,3,120
5350,4,16
5350,5,84
5350,5,120
5351,1,81
5351,1,177
5351,2,73
5351,2,80
5351,2,79
5351,3,87
5351,3,168
5351,4,81
5351,4,16
5351,5,103
5351,5,81
5352,1,171
5352,1,139
5352,2,56
5352,2,21
5352,3,136
5352,3,12
5352,4,20
5352,5,14
5353,1,67
5353,2,146
5353,2,55
5353,2,75
5353,2,100
5353,3,148
5353,4,148
5353,5,148
5353,6,4
5353,6,146
5353,6,67
5353,7,63
5353,7,75
5353,7,100
5353,8,116
5353,8,39
5353,9,72
5353,9,146
5354,1,63
5354,1,105
5354,1,68
5354,2,183
5354,2,100
5354,3,100
5354,3,25
5354,3,136
5354,3,117
5355,1,129
5355,2,36
5355,3,36
5355,3,156
5356,1,67
5356,2,67
5356,3,150
5356,4,125
5357,1,53
5357,1,163
5357,1,161
5357,2,160
5357,2,145
5357,2,25
5357,3,160
5357,3,163
5357,3,53
5357,4,53
5357,4,160
5358,1,48
5358,2,48
5358,3,48
5359,1,74
5359,2,40
5359,2,74
5359,3,75
5359,3,73
5359,3,64
5359,4,75
5359,5,7
5360,1,195
5360,2,103
5360,3,10
5361,1,39
5361,2,124
5361,3,119
5362,1,31
5362,1,200
5362,2,200
5362,3,31
5362,4,31
5362,5,200
5362,5,31
5362,6,139
5362,6,200
5363,1,181
5363,1,208
5363,2,133
5363,2,208
5363,3,120
5363,3,100
5363,4,133
5363,5,181
5363,5,208
5364,1,156
5364,2,72
5364,3,102
5365,1,15
5365,2,85
5365,2,60
5365,3,58
5365,4,58
5365,4,85
5365,5,10
5365,6,58
5365,7,58
5365,8,58
5365,9,58
5365,10,85
5365,10,58
5365,10,27
5366,1,50
5366,2,116
5366,3,50
5367,1,172
5367,1,112
5367,2,1
5367,3,120
5368,1,150
5368,2,113
5368,2,150
5368,3,83
5368,4,112
5368,5,106
5369,1,4
5369,2,69
5369,2,15
5369,3,78
5369,3,150
5370,1,150
5370,1,113
5370,2,113
5370,2,150
5370,3,105
5371,1,8
5371,1,161
5371,1,196
5371,2,83
5371,2,116
5371,3,161
5371,3,52
5371,3,155
5371,4,70
5372,1,20
5372,1,112
5372,2,77
5372,3,25
5372,3,77
5372,3,58
5372,3,124
5372,4,151
5372,5,27
5372,5,25
5372,5,140
5372,6,140
5372,6,18
5372,6,124
5372,6,76
5372,7,151
5372,7,213
5372,7,170
5373,1,15
5373,1,16
5373,1,156
5373,2,179
5373,3,96
5374,1,189
5374,1,88
5374,2,189
5374,2,33
5374,2,76
5374,3,189
5375,1,124
5375,2,149
5375,3,169
5375,4,70
5376,1,101
5376,1,119
5376,2,113
5376,2,205
5376,3,81
5376,3,95
5376,4,72
5376,4,112
5376,5,95
5376,5,81
5376,6,81
5376,6,101
5376,7,81
5376,8,81
5376,8,101
5377,1,67
5377,2,113
5377,3,69
5378,1,83
5378,2,151
5378,3,76
5378,3,35
5378,4,35
5379,1,74
5379,2,53
5379,3,65
5380,1,216
5380,2,72
5380,3,130
5380,4,176
5380,4,160
5381,1,59
5381,2,59
5381,3,38
5382,1,25
5382,2,25
5382,3,11
5382,4,37
5383,1,166
5383,2,148
5383,3,91
5384,1,193
5384,1,95
5384,2,4
5384,2,163
5384,3,104
5385,1,4
5385,2,110
5385,3,22
5386,1,101
5386,2,38
5386,3,140
5386,3,43
5386,3,100
5386,3,212
5387,1,50
5387,1,13
5387,2,125
5387,3,50
5388,1,113
5388,2,49
5388,3,22
5389,1,113
5389,1,93
5389,1,128
5389,1,147
5389,2,147
5389,2,128
5389,2,93
5389,3,34
5389,4,195
5389,5,113
5390,1,83
5390,2,212
5390,2,160
5390,3,121
5390,4,83
5390,5,28
5390,5,121
5391,1,155
5391,2,155
5391,3,4
5391,3,155
5391,4,159
5391,5,190
5391,6,120
5392,1,141
5392,2,156
5392,2,58
5392,2,113
5392,3,90
5393,1,130
5393,2,130
5393,3,121
5393,3,130
5393,3,132
5393,3,76
5393,4,121
5393,4,130
5393,4,76
5393,4,2
5393,4,132
5393,4,99
5393,4,16
5394,1,202
5394,2,56
5394,3,145
5394,4,80
5394,5,56
5395,1,52
5395,2,144
5395,2,67
5395,2,83
5395,3,102
5395,4,67
5395,4,24
5396,1,103
5396,2,192
5396,3,103
5397,1,74
5397,2,74
5397,3,74
5397,4,150
5398,1,189
5398,2,150
5398,3,35
5399,1,141
5399,2,141
5399,3,113
5399,3,141
5399,4,141
5400,1,60
5400,2,111
5400,3,140
5400,3,1
5401,1,75
5401,1,69
5401,1,102
5401,2,102
5401,3,102
5402,1,164
5402,2,180
5402,3,4
5403,1,140
5403,2,45
5403,3,60
5403,4,123
5404,1,3
5404,1,125
5404,2,156
5404,2,7
5404,2,87
5404,3,11
5405,1,53
5405,1,72
5405,2,158
5405,3,158
5405,3,75
5405,3,83
5406,1,25
5406,2,25
5406,3,25
5406,4,25
5406,4,24
5407,1,69
5407,1,4
5407,1,97
5407,1,25
5407,2,25
5407,2,4
5407,3,4
5408,1,113
5408,1,119
5408,2,193
5408,3,67
5408,4,113
5408,5,90
5408,5,70
5408,6,205
5408,7,188
5409,1,152
5409,2,152
5409,3,152
5410,1,87
5410,1,145
5410,2,163
5410,2,87
5410,3,76
5411,1,53
5411,2,113
5411,2,158
5411,3,71
5411,4,4
5412,1,69
5412,1,160
5412,1,156
5412,1,122
5412,1,61
5412,2,168
5412,2,122
5412,3,61
5412,3,156
5413,1,98
5413,2,53
5413,3,57
5414,1,48
5414,1,128
5414,2,50
5414,2,93
5414,3,114
5415,1,99
5415,1,171
5415,2,167
5415,3,121
5416,1,47
5416,1,49
5416,2,47
5416,2,20
5416,3,67
5417,1,166
5417,2,166
5417,3,62
5417,4,62
5418,1,193
5418,2,57
5418,3,193
5418,3,84
5418,4,57
5418,4,193
5418,4,95
5419,1,197
5419,1,90
5419,2,170
5419,3,173
5419,3,170
5419,4,170
5420,1,4
5420,1,58
5420,1,61
5420,2,61
5420,3,61
5420,3,58
5420,4,58
5421,1,159
5421,2,106
5421,2,216
5421,3,7
5421,3,213
5421,3,209
5422,1,93
5422,2,141
5422,2,175
5422,3,4
5423,1,144
5423,2,144
5423,3,97
5424,1,50
5424,2,29
5424,3,29
5425,1,50
5425,2,39
5425,2,51
5425,2,128
5425,2,175
5425,2,76
5425,3,50
5425,4,117
5425,4,116
5426,1,93
5426,2,3
5426,3,3
5426,3,114
5427,1,39
5427,1,69
5427,2,146
5427,3,54
5428,1,98
5428,2,38
5428,3,63
5428,3,4
5428,4,97
5428,5,38
5429,1,208
5429,1,100
5429,1,82
5429,2,59
5429,3,21
5430,1,150
5430,1,153
5430,1,50
5430,2,150
5430,2,50
5430,3,50
5430,3,150
5431,1,30
5431,1,197
5431,2,197
5431,2,58
5431,2,97
5431,3,140
5431,3,197
5431,3,88
5431,3,98
5431,4,140
5432,1,189
5432,1,123
5432,1,4
5432,2,190
5432,3,190
5432,3,189
5432,4,4
5432,4,189
5432,4,93
5432,5,86
5433,1,70
5433,2,81
5433,3,168
5433,3,83
5433,3,65
5433,4,210
5433,5,65
5434,1,95
5434,2,39
5434,3,39
5435,1,23
5435,1,89
5435,1,83
5435,1,164
5435,1,71
5435,2,83
5435,3,83
5435,4,83
5436,1,160
5436,2,171
5436,3,185
5437,1,121
5437,1,61
5437,1,4
5437,2,4
5437,2,119
5437,2,61
5437,2,2
5437,3,121
5438,1,104
5438,1,127
5438,2,37
5438,3,127
5438,4,118
5438,4,104
5438,4,127
5439,1,11
5439,1,77
5439,2,11
5439,2,57
5439,2,204
5439,2,107
5439,3,93
5439,4,21
5439,5,93
5439,6,197
5440,1,123
5440,1,132
5440,2,95
5440,3,48
5440,3,113
5440,4,164
5441,1,36
5441,2,36
5441,3,95
5441,4,83
5441,5,36
5441,6,37
5441,7,36
5442,1,4
5442,2,113
5442,2,178
5442,3,44
5442,4,178
5442,4,127
5443,1,46
5443,2,81
5443,3,46
5443,3,58
5443,4,80
5443,5,80
5444,1,132
5444,1,125
5444,2,125
5444,3,132
5444,3,125
5444,4,125
5444,5,132
5444,6,125
5444,6,154
5444,6,132
5445,1,32
5445,1,27
5445,2,132
5445,3,30
5445,4,132
5445,5,132
5446,1,93
5446,1,107
5446,1,44
5446,1,9
5446,1,83
5446,2,21
5446,3,21
5446,4,21
5447,1,47
5447,1,39
5447,1,33
5447,1,110
5447,1,150
5447,1,141
5447,2,39
5447,3,170
5448,1,69
5448,2,67
5448,3,156
5448,3,87
5448,4,39
5449,1,82
5449,2,29
5449,3,82
5449,4,82
5450,1,78
5450,1,96
5450,2,98
5450,3,175
5451,1,65
5451,2,63
5451,3,65
5452,1,78
5452,2,20
5452,3,138
5452,4,125
5453,1,172
5453,1,81
5453,1,20
5453,2,78
5453,3,67
5453,3,20
5453,3,87
5453,4,130
5454,1,15
5454,1,105
5454,2,96
5454,3,105
5455,1,55
5455,2,55
5455,3,37
5455,4,25
5455,5,106
5455,5,55
5456,1,171
5456,2,32
5456,3,171
5456,3,67
5456,4,67
5456,5,14
5456,6,171
5456,7,32
5456,7,67
5457,1,10
5457,2,89
5457,3,89
5457,3,167
5458,1,215
5458,2,58
5458,2,61
5458,3,69
5458,3,70
5458,4,217
5458,4,4
5459,1,81
5459,2,132
5459,2,197
5459,2,14
5459,3,197
5459,3,14
5460,1,19
5460,1,12
5460,1,27
5460,2,12
5460,3,27
5460,3,12
5461,1,73
5461,2,148
5461,2,118
5461,3,170
5462,1,70
5462,2,38
5462,3,96
5463,1,216
5463,2,216
5463,2,136
5463,3,114
5464,1,101
5464,1,155
5464,2,125
5464,3,67
5464,3,101
5464,3,125
5465,1,67
5465,2,61
5465,3,120
5466,1,133
5466,1,101
5466,2,101
5466,2,67
5466,2,146
5466,3,124
5466,4,101
5467,1,150
5467,1,83
5467,2,150
5467,2,113
5467,3,31
5468,1,152
5468,2,57
5468,3,57
5469,1,121
5469,2,67
5469,2,78
5469,3,53
5470,1,192
5470,2,37
5470,3,76
5471,1,85
5471,1,58
5471,2,160
5471,2,181
5471,3,85
5472,1,206
5472,2,78
5472,3,206
5473,1,83
5473,2,73
5473,3,83
5473,3,133
5474,1,4
5474,2,186
5474,2,4
5474,3,186
5474,3,44
5475,1,61
5475,2,61
5475,3,40
5475,4,61
5476,1,78
5476,2,89
5476,3,127
5477,1,116
5477,1,69
5477,2,123
5477,3,83
5478,1,21
5478,1,87
5478,2,87
5478,2,113
5478,3,94
5479,1,92
5479,2,181
5479,3,167
5480,1,98
5480,1,113
5480,2,98
5480,3,123
5480,4,166
5480,5,83
5480,5,91
5480,5,123
5481,1,170
5481,1,120
5481,1,69
5481,1,58
5481,2,73
5481,2,170
5481,3,67
5481,3,73
5481,3,75
5482,1,173
5482,1,32
5482,2,89
5482,2,164
5482,3,93
5483,1,36
5483,1,211
5483,1,113
5483,2,56
5483,3,67
5483,4,192
5483,4,154
5484,1,131
5484,2,80
5484,2,79
5484,2,188
5484,3,78
5484,4,103
5485,1,73
5485,2,25
5485,2,55
5485,3,25
5486,1,39
5486,2,51
5486,3,95
5486,3,114
5487,1,59
5487,1,40
5487,2,40
5487,2,199
5487,3,2
5488,1,154
5488,1,67
5488,2,78
5488,3,159
5488,3,120
5488,3,129
5489,1,182
5489,1,211
5489,2,130
5489,2,69
5489,3,74
5489,4,203
5490,1,35
5490,2,157
5490,3,113
5490,3,107
5490,4,157
5491,1,81
5491,2,215
5491,2,191
5491,3,76
5491,3,147
5491,4,81
5491,4,84
5491,5,172
5491,5,76
5492,1,28
5492,1,67
5492,2,67
5492,3,28
5492,3,67
5493,1,106
5493,2,54
5493,3,83
5494,1,19
5494,2,57
5494,3,148
5495,1,113
5495,2,89
5495,3,113
5495,4,93
5495,4,30
5495,5,34
5496,1,117
5496,1,116
5496,2,10
5496,2,116
5496,3,101
5496,4,171
5497,1,22
5497,2,128
5497,3,22
5497,3,109
5497,3,27
5498,1,48
5498,1,10
5498,2,130
5498,3,10
5498,4,114
5498,5,151
5499,1,204
5499,1,71
5499,2,53
5499,2,95
5499,3,204
5499,3,115
5499,3,71
5500,1,81
5500,1,161
5500,2,129
5500,2,161
5500,3,80
5500,4,161
5500,4,152
5501,1,98
5501,2,57
5501,3,125
5501,3,21
5502,1,128
5502,2,69
5502,3,140
5503,1,60
5503,1,179
5503,2,105
5503,2,4
5503,3,105
5504,1,69
5504,2,142
5504,3,131
5504,4,121
5504,5,69
5504,5,122
5505,1,100
5505,1,169
5505,2,100
5505,2,157
5505,3,100
5505,3,157
5506,1,209
5506,2,133
5506,3,10
5506,3,107
5506,4,191
5507,1,206
5507,1,137
5507,2,100
5507,2,207
5507,3,206
5508,1,65
5508,2,65
5508,2,208
5508,3,65
5509,1,3
5509,2,3
5509,3,125
5509,4,177
5509,5,177
5510,1,53
5510,2,53
5510,3,134
5511,1,78
5511,1,67
5511,2,67
5511,2,20
5511,2,190
5511,3,110
5511,3,67
5512,1,189
5512,2,121
5512,3,67
5513,1,172
5513,2,112
5513,3,102
5513,3,113
5514,1,21
5514,1,136
5514,1,121
5514,2,148
5514,3,121
5514,3,136
5514,4,121
5515,1,24
5515,1,28
5515,2,178
5515,2,113
5515,2,72
5515,3,178
5515,3,72
5515,3,113
5515,4,113
5515,4,178
5515,4,72
5516,1,50
5516,2,13
5516,3,101
5516,3,147
5517,1,88
5517,1,120
5517,2,154
5517,3,80
5517,3,111
5518,1,26
5518,2,39
5518,2,26
5518,3,39
5518,3,26
5519,1,143
5519,2,177
5519,3,153
5519,4,94
5520,1,101
5520,1,157
5520,2,21
5520,2,101
5520,2,157
5520,3,101
5520,3,157
5521,1,155
5521,2,106
5521,3,177
5522,1,168
5522,2,4
5522,3,4
5523,1,103
5523,2,186
5523,2,83
5523,3,121
5524,1,50
5524,2,50
5524,3,152
5524,3,50
5524,3,160
5525,1,26
5525,2,118
5525,3,45
5525,4,63
5525,4,2
5525,5,44
5525,6,155
5525,6,44
5525,7,45
5525,7,113
5525,7,44
5525,8,4
5525,8,178
5526,1,90
5526,1,69
5526,1,170
5526,2,97
5526,3,76
5526,3,170
5527,1,63
5527,2,161
5527,2,163
5527,2,55
5527,3,161
5528,1,91
5528,2,67
5528,3,44
5528,4,89
5528,5,99
5528,6,117
5528,6,21
5528,7,78
5528,8,42
5529,1,28
5529,2,124
5529,3,124
5529,4,34
5529,5,2
5529,5,123
5530,1,58
5530,1,156
5530,2,23
5530,2,72
5530,3,58
5530,3,155
5530,4,160
5530,4,89
5530,5,58
5531,1,21
5531,2,87
5531,2,164
5531,2,20
5531,3,21
5532,1,153
5532,1,123
5532,1,107
5532,2,151
5532,3,50
5533,1,192
5533,1,74
5533,1,113
5533,2,38
5533,3,69
5533,4,141
5533,4,160
5533,4,51
5533,5,141
5533,5,51
5533,5,113
5534,1,98
5534,2,155
5534,2,77
5534,2,106
5534,3,67
5534,3,113
5535,1,121
5535,2,163
5535,2,58
5535,3,69
5536,1,118
5536,2,123
5536,3,3
5537,1,127
5537,1,139
5537,2,21
5537,3,67
5538,1,21
5538,1,93
5538,2,98
5538,3,93
5539,1,40
5539,2,40
5539,2,67
5539,3,40
5540,1,3
5540,2,52
5540,2,53
5540,3,3
5541,1,141
5541,2,3
5541,2,81
5541,3,89
5541,4,202
5541,4,4
5541,5,202
5541,6,6
5542,1,145
5542,2,17
5542,3,63
5542,4,85
5542,5,66
5543,1,163
5543,2,94
5543,3,106
5543,3,163
5544,1,188
5544,2,27
5544,3,153
5545,1,186
5545,1,4
5545,2,186
5545,2,4
5545,3,186
5546,1,4
5546,1,25
5546,2,27
5546,3,8
5546,4,8
5546,4,4
5546,4,27
5547,1,115
5547,2,115
5547,2,47
5547,3,115
5547,4,115
5547,4,113
5547,5,105
5547,5,85
5547,6,113
5547,6,105
5547,7,47
5547,8,113
5547,8,105
5547,9,116
5547,10,113
5547,11,105
5547,11,113
5548,1,36
5548,2,176
5548,3,176
5548,4,176
5549,1,16
5549,2,104
5549,3,165
5549,3,208
5550,1,150
5550,1,129
5550,2,150
5550,2,161
5550,3,50
5550,3,34
5550,4,161
5550,4,129
5551,1,78
5551,1,107
5551,1,4
5551,2,152
5551,2,37
5551,3,190
5551,3,4
5552,1,67
5552,2,83
5552,3,123
5552,4,67
5552,4,21
5552,4,149
5553,1,93
5553,1,21
5553,2,158
5553,3,25
5553,3,52
5554,1,150
5554,1,69
5554,2,150
5554,2,61
5554,2,83
5554,3,106
5554,3,141
5554,3,140
5555,1,4
5555,2,4
5555,3,140
5556,1,121
5556,2,35
5556,3,76
5556,3,121
5556,4,3
5556,4,121
5556,4,177
5556,5,121
5557,1,168
5557,2,98
5557,3,34
5557,4,168
5558,1,69
5558,2,214
5558,2,145
5558,2,75
5558,2,40
5558,3,201
5558,3,4
5558,3,40
5558,3,69
5558,3,7
5559,1,4
5559,2,4
5559,3,4
5559,4,157
5559,5,4
5559,5,107
5559,6,107
5559,6,4
5560,1,112
5560,1,33
5560,2,80
5560,3,67
5561,1,152
5561,2,130
5561,3,152
5562,1,98
5562,2,192
5562,3,164
5562,3,97
5562,4,8
5562,4,3
5563,1,67
5563,1,32
5563,2,125
5563,2,67
5563,2,21
5563,3,32
5563,3,62
5563,4,67
5564,1,118
5564,1,113
5564,1,107
5564,2,28
5564,3,118
5564,4,118
5565,1,8
5565,2,76
5565,3,62
5566,1,139
5566,2,133
5566,3,133
5566,4,171
5566,5,49
5567,1,70
5567,2,127
5567,3,126
5567,3,59
5568,1,38
5568,1,70
5568,1,101
5568,2,16
5568,3,68
5569,1,40
5569,2,76
5569,2,121
5569,3,186
5570,1,107
5570,2,132
5570,3,83
5570,3,126
5571,1,9
5571,2,113
5571,3,9
5572,1,171
5572,1,62
5572,1,14
5572,2,14
5572,3,166
5572,3,101
5572,3,25
5572,3,187
5573,1,216
5573,2,216
5573,3,20
5573,3,216
5573,4,216
5573,4,16
5574,1,53
5574,1,127
5574,2,69
5574,3,53
5574,4,70
5574,5,69
5574,5,125
5575,1,4
5575,1,16
5575,2,65
5575,3,150
5575,3,50
5575,4,87
5575,5,27
5575,5,46
5575,6,16
5576,1,209
5576,2,195
5576,3,126
5576,4,133
5576,5,153
5577,1,51
5577,1,4
5577,1,69
5577,2,28
5577,3,69
5578,1,160
5578,1,104
5578,1,139
5578,2,144
5578,2,164
5578,3,160
5579,1,106
5579,1,81
5579,2,81
5579,3,159
5579,3,81
5579,3,27
5579,4,27
5579,4,81
5580,1,76
5580,2,76
5580,3,184
5580,3,156
5580,3,73
5580,3,97
5580,4,76
5581,1,166
5581,2,99
5581,3,36
5581,3,72
5581,4,99
5582,1,121
5582,2,98
5582,3,28
5582,3,121
5583,1,3
5583,2,5
5583,3,128
5584,1,58
5584,1,61
5584,2,44
5584,2,99
5584,3,44
5584,4,15
5584,5,72
5584,5,67
5584,6,58
5585,1,97
5585,2,69
5585,3,34
5586,1,33
5586,1,152
5586,2,162
5586,2,75
5586,3,53
5586,3,96
5586,3,75
5586,4,88
5586,5,152
5587,1,120
5587,1,98
5587,1,83
5587,2,120
5587,3,168
5588,1,206
5588,1,120
5588,2,21
5588,3,166
5588,4,21
5588,5,71
5588,5,38
5589,1,182
5589,2,4
5589,2,45
5589,2,35
5589,3,8
5589,3,76
5590,1,185
5590,2,8
5590,3,2
5591,1,29
5591,2,11
5591,2,215
5591,3,100
5591,4,27
5592,1,36
5592,2,36
5592,3,36
5593,1,98
5593,2,34
5593,3,98
5593,4,34
5593,5,116
5594,1,201
5594,2,63
5594,2,67
5594,2,191
5594,2,106
5594,3,159
5594,3,3
5594,3,139
5594,4,66
5594,4,67
5594,4,191
5595,1,202
5595,2,202
5595,2,191
5595,3,202
5595,4,202
5595,4,118
5595,5,191
5595,5,202
5595,6,202
5595,6,118
5595,7,202
5595,7,191
5596,1,93
5596,2,12
5596,2,213
5596,3,143
5596,4,86
5596,5,109
5596,6,45
5596,7,93
5597,1,117
5597,2,133
5597,3,89
5597,3,146
5597,4,164
5597,4,89
5597,5,40
5598,1,182
5598,2,90
5598,3,8
5599,1,182
5599,2,118
5599,2,140
5599,3,140
5600,1,16
5600,1,141
5600,2,141
5600,2,113
5600,3,141
5600,3,113
5600,4,16
5600,5,16
5600,5,141
5600,5,69
5601,1,34
5601,2,160
5601,3,188
5601,3,25
5602,1,188
5602,2,152
5602,3,152
5602,4,46
5602,5,142
5602,5,2
5603,1,113
5603,2,39
5603,2,119
5603,2,92
5603,3,79
5603,3,179
5603,3,112
5604,1,65
5604,2,49
5604,2,80
5604,3,38
5604,4,56
5605,1,4
5605,2,4
5605,3,3
5606,1,70
5606,2,127
5606,2,6
5606,3,127
5606,4,127
5606,4,6
5606,4,16
5606,5,16
5606,6,127
5606,6,6
5607,1,82
5607,2,129
5607,3,82
5607,4,19
5607,5,82
5607,6,82
5607,7,40
5607,7,64
5607,8,35
5607,8,64
5608,1,146
5608,1,136
5608,2,146
5608,2,136
5608,3,136
5608,3,146
5608,4,164
5608,5,208
5609,1,6
5609,1,76
5609,2,119
5609,3,79
5609,4,6
5609,4,177
5610,1,57
5610,2,150
5610,3,57
5611,1,184
5611,1,173
5611,2,95
5611,3,73
5611,3,48
5611,4,137
5611,4,55
5611,4,208
5611,5,81
5611,6,71
5611,7,61
5612,1,48
5612,1,20
5612,1,51
5612,1,175
5612,2,84
5612,3,125
5613,1,94
5613,2,53
5613,3,95
5614,1,90
5614,2,217
5614,3,69
5615,1,58
5615,2,36
5615,3,58
5615,3,36
5615,3,129
5615,4,58
5616,1,32
5616,2,32
5616,2,191
5616,3,125
5617,1,69
5617,2,7
5617,2,18
5617,3,41
5617,3,128
5618,1,76
5618,2,16
5618,3,95
5619,1,141
5619,1,150
5619,2,95
5619,3,106
5620,1,121
5620,1,103
5620,2,113
5620,2,212
5620,3,212
5620,3,121
5620,4,127
5621,1,124
5621,2,64
5621,3,19
5621,4,124
5622,1,150
5622,1,162
5622,2,2
5622,2,133
5622,3,38
5622,4,28
5622,5,46
5623,1,121
5623,2,125
5623,2,22
5623,3,162
5624,1,8
5624,1,74
5624,2,108
5624,3,131
5624,3,95
5625,1,29
5625,2,200
5625,3,7
5625,4,30
5626,1,2
5626,2,141
5626,3,118
5626,4,81
5626,5,118
5626,6,123
5627,1,98
5627,2,107
5627,2,69
5627,3,95
5627,3,69
5627,3,48
5628,1,29
5628,1,18
5628,2,21
5628,3,29
5629,1,67
5629,2,67
5629,3,92
5630,1,162
5630,2,113
5630,3,162
5630,3,12
5630,4,12
5631,1,38
5631,2,206
5631,2,100
5631,2,164
5631,3,148
5632,1,81
5632,2,33
5632,3,64
5632,4,172
5632,5,103
5632,6,129
5633,1,76
5633,2,86
5633,3,140
5633,3,61
5634,1,216
5634,2,7
5634,3,179
5634,3,92
5635,1,197
5635,2,139
5635,3,213
5636,1,9
5636,2,203
5636,2,37
5636,3,4
5637,1,162
5637,1,193
5637,2,193
5637,3,21
5638,1,118
5638,2,12
5638,2,64
5638,3,12
5638,3,16
5638,4,12
5639,1,76
5639,1,203
5639,2,16
5639,2,191
5639,3,15
5640,1,95
5640,1,209
5640,2,95
5640,3,95
5641,1,46
5641,1,20
5641,1,58
5641,2,106
5641,2,150
5641,3,150
5641,3,83
5641,3,58
5641,3,2
5641,4,106
5641,4,150
5641,5,106
5641,5,150
5642,1,155
5642,2,150
5642,2,2
5642,2,141
5642,3,44
5642,4,168
5642,4,16
5642,5,57
5643,1,81
5643,1,127
5643,1,172
5643,2,81
5643,3,81
5643,3,83
5644,1,25
5644,2,83
5644,2,25
5644,3,58
5644,3,78
5644,3,35
5645,1,74
5645,1,205
5645,2,182
5645,3,39
5645,3,119
5645,3,154
5645,4,154
5645,4,192
5645,5,192
5645,6,123
5645,6,128
5645,7,154
5645,7,5
5646,1,118
5646,1,125
5646,2,159
5646,2,127
5646,3,159
5646,3,127
5646,4,125
5647,1,117
5647,1,213
5647,1,125
5647,2,173
5647,2,125
5647,3,29
5647,3,201
5647,3,125
5647,4,96
5647,4,47
5647,4,29
5647,5,125
5647,5,117
5647,5,213
5648,1,145
5648,2,133
5648,3,58
5648,4,85
5648,5,133
5649,1,83
5649,1,192
5649,2,95
5649,3,58
5649,4,128
5649,5,2
5649,5,89
5649,6,205
5649,6,192
5650,1,148
5650,2,148
5650,3,148
5650,4,131
5650,5,166
5650,5,148
5651,1,128
5651,2,113
5651,2,107
5651,3,39
5652,1,25
5652,2,4
5652,2,53
5652,3,159
5653,1,80
5653,1,80
5653,2,30
5653,3,69
5653,3,131
5654,1,83
5654,2,76
5654,3,76
5655,1,121
5655,2,31
5655,3,31
5656,1,32
5656,1,164
5656,2,98
5656,2,151
5656,2,144
5656,2,164
5656,3,144
5656,3,55
5656,4,58
5656,4,156
5656,5,123
5656,6,89
5656,6,113
5656,7,145
5656,7,154
5656,7,89
5656,8,98
5656,9,133
5656,10,174
5656,10,128
5656,10,18
5656,10,154
5656,11,98
5657,1,30
5657,2,97
5657,3,1
5657,4,213
5657,4,162
5657,4,22
5658,1,95
5658,1,67
5658,2,67
5658,3,2
5658,4,67
5659,1,79
5659,2,52
5659,2,98
5659,3,95
5659,3,108
5659,3,75
5659,4,98
5659,5,141
5659,5,50
5660,1,128
5660,2,69
5660,3,128
5661,1,83
5661,1,158
5661,2,83
5661,2,158
5661,3,147
5662,1,123
5662,1,113
5662,1,93
5662,2,62
5662,3,77
5662,4,77
5663,1,37
5663,2,152
5663,3,28
5663,3,181
5664,1,121
5664,2,40
5664,2,121
5664,3,105
5665,1,16
5665,1,182
5665,1,4
5665,1,196
5665,2,164
5665,3,184
5665,4,76
5665,4,66
5666,1,152
5666,1,54
5666,1,127
5666,1,25
5666,2,25
5666,2,113
5666,3,113
5666,3,6
5666,3,54
5667,1,111
5667,1,72
5667,1,130
5667,1,55
5667,2,111
5667,3,210
5668,1,164
5668,1,206
5668,2,164
5668,2,4
5668,3,204
5669,1,113
5669,1,152
5669,2,150
5669,2,152
5669,2,83
5669,3,113
5669,3,152
5669,3,150
5669,4,150
5669,4,113
5669,5,152
5669,5,150
5669,5,24
5669,6,152
5669,6,105
5670,1,64
5670,2,195
5670,2,64
5670,2,9
5670,3,150
5670,3,48
5670,4,199
5670,5,195
5671,1,58
5671,1,42
5671,2,58
5671,3,58
5672,1,75
5672,1,113
5672,2,122
5672,3,113
5672,3,144
5672,3,146
5672,4,164
5672,4,95
5672,4,146
5673,1,103
5673,2,1
5673,3,121
5673,4,1
5673,4,121
5673,5,121
5673,5,1
5674,1,104
5674,1,143
5674,1,12
5674,1,113
5674,1,153
5674,2,52
5674,2,113
5674,2,89
5674,3,38
5674,4,153
5674,5,52
5674,5,87
5674,5,67
5675,1,158
5675,2,76
5675,2,74
5675,3,69
5676,1,16
5676,1,185
5676,1,119
5676,2,99
5676,3,69
5676,3,93
5677,1,85
5677,1,209
5677,1,96
5677,1,67
5677,2,209
5677,3,149
5677,3,67
5677,4,96
5678,1,21
5678,1,125
5678,1,22
5678,2,66
5678,3,109
5678,4,140
5678,4,109
5678,5,32
5679,1,73
5679,1,121
5679,2,67
5679,3,67
5679,3,151
5679,3,73
5680,1,13
5680,2,39
5680,3,105
5680,3,13
5680,3,160
5681,1,126
5681,1,4
5681,2,187
5681,3,190
5681,4,69
5681,5,44
5682,1,194
5682,2,58
5682,2,194
5682,3,20
5682,4,140
5682,4,1
5682,5,194
5683,1,123
5683,2,69
5683,2,98
5683,3,168
5684,1,63
5684,1,6
5684,2,55
5684,3,39
5685,1,111
5685,2,97
5685,3,4
5685,4,197
5686,1,42
5686,1,149
5686,2,127
5686,2,159
5686,3,139
5686,3,159
5686,4,159
5686,4,154
5686,5,21
5687,1,83
5687,2,2
5687,3,153
5687,3,150
5688,1,150
5688,2,150
5688,3,114
5689,1,147
5689,2,75
5689,3,145
5689,3,183
5689,4,145
5689,4,38
5689,4,58
5689,5,215
5689,6,183
5689,6,156
5690,1,69
5690,2,69
5690,3,69
5690,3,83
5691,1,83
5691,2,84
5691,3,20
5691,4,63
5692,1,46
5692,2,86
5692,3,14
5692,3,54
5692,3,87
5693,1,39
5693,1,150
5693,1,83
5693,2,134
5693,3,37
5693,4,134
5694,1,179
5694,2,180
5694,3,160
5694,3,199
5695,1,123
5695,2,133
5695,2,121
5695,3,193
5696,1,79
5696,2,89
5696,2,164
5696,3,89
5696,4,127
5696,5,80
5696,5,79
5697,1,96
5697,1,155
5697,2,155
5697,3,96
5698,1,126
5698,2,78
5698,3,126
5699,1,67
5699,2,67
5699,2,28
5699,3,67
5700,1,114
5700,2,25
5700,3,4
5701,1,135
5701,2,135
5701,3,135
5702,1,136
5702,2,136
5702,3,20
5702,3,25
5702,4,166
5703,1,106
5703,2,1
5703,3,131
5703,3,77
5704,1,125
5704,1,106
5704,1,37
5704,1,21
5704,1,121
5704,2,121
5704,2,37
5704,3,121
5705,1,152
5705,2,67
5705,3,159
5706,1,123
5706,2,187
5706,3,16
5706,4,44
5706,4,105
5706,4,115
5706,4,184
5706,4,114
5706,4,34
5706,4,116
5706,5,2
5706,6,2
5706,7,95
5706,8,95
5707,1,72
5707,2,126
5707,3,123
5707,4,93
5708,1,81
5708,2,162
5708,2,110
5708,3,56
5708,3,11
5708,4,81
5708,5,136
5708,6,20
5709,1,113
5709,1,52
5709,2,107
5709,3,78
5709,4,107
5709,5,107
5710,1,147
5710,2,176
5710,3,123
5711,1,83
5711,1,115
5711,2,3
5711,3,116
5712,1,65
5712,2,76
5712,3,3
5712,4,37
5713,1,15
5713,2,116
5713,2,114
5713,3,128
5714,1,38
5714,2,47
5714,3,173
5715,1,118
5715,2,4
5715,3,118
5716,1,57
5716,1,160
5716,2,57
5716,3,37
5716,4,181
5716,4,160
5716,5,160
5716,5,57
5716,6,160
5716,6,181
5716,7,160
5716,7,181
5717,1,164
5717,2,164
5717,3,31
5717,3,51
5717,3,66
5717,3,143
5718,1,37
5718,1,127
5718,1,112
5718,2,10
5718,3,103
5719,1,44
5719,2,184
5719,3,171
5720,1,25
5720,1,73
5720,1,35
5720,2,118
5720,3,47
5720,3,27
5720,4,212
5721,1,170
5721,1,58
5721,2,141
5721,3,95
5721,3,93
5721,3,141
5721,3,128
5721,4,20
5721,4,131
5721,4,58
5721,4,39
5722,1,97
5722,2,129
5722,2,205
5722,3,196
5723,1,160
5723,2,72
5723,3,160
5724,1,64
5724,1,110
5724,1,124
5724,2,89
5724,2,87
5724,3,12
5724,4,3
5725,1,190
5725,1,155
5725,2,94
5725,3,67
5725,4,52
5725,4,129
5725,4,21
5725,4,67
5726,1,128
5726,1,34
5726,2,104
5726,3,72
5727,1,75
5727,2,63
5727,2,55
5727,3,25
5727,4,212
5728,1,79
5728,1,108
5728,1,80
5728,2,171
5728,2,214
5728,3,145
5728,3,63
5728,4,167
5728,4,185
5728,5,164
5728,5,145
5729,1,106
5729,1,174
5729,1,170
5729,2,106
5729,2,202
5729,3,137
5729,4,202
5729,4,11
5730,1,119
5730,1,162
5730,2,93
5730,3,36
5730,4,67
5730,4,162
5731,1,39
5731,2,39
5731,3,10
5732,1,202
5732,1,133
5732,1,107
5732,1,137
5732,2,107
5732,2,44
5732,3,107
5733,1,4
5733,2,149
5733,3,35
5734,1,69
5734,2,53
5734,2,63
5734,3,69
5734,4,76
5735,1,55
5735,2,85
5735,2,55
5735,2,83
5735,3,83
5736,1,83
5736,1,51
5736,2,3
5736,3,37
5736,3,51
5737,1,145
5737,2,145
5737,2,95
5737,3,163
5737,4,6
5737,4,163
5738,1,155
5738,2,155
5738,3,160
5738,3,155
5738,4,155
5739,1,133
5739,1,37
5739,2,78
5739,3,77
5739,4,203
5739,5,106
5739,5,28
5740,1,24
5740,2,77
5740,3,37
5740,3,83
5741,1,87
5741,2,146
5741,2,55
5741,3,47
5742,1,4
5742,2,113
5742,3,57
5742,4,57
5742,5,113
5742,5,123
5742,6,113
5742,6,189
5743,1,14
5743,1,178
5743,2,178
5743,3,57
5743,3,133
5744,1,21
5744,2,193
5744,2,208
5744,2,68
5744,3,44
5744,3,137
5744,4,197
5745,1,75
5745,2,75
5745,2,40
5745,3,158
5745,3,40
5746,1,37
5746,2,161
5746,2,123
5746,2,25
5746,3,123
5747,1,123
5747,2,10
5747,3,54
5748,1,168
5748,2,94
5748,2,197
5748,3,69
5748,3,77
5749,1,80
5749,2,8
5749,2,58
5749,2,61
5749,2,156
5749,3,87
5749,3,209
5749,3,64
5749,3,85
5749,3,138
5749,4,79
5749,4,112
5749,4,122
5750,1,37
5750,1,3
5750,1,176
5750,2,109
5750,2,51
5750,2,3
5750,2,176
5750,3,3
5750,3,51
5751,1,176
5751,2,176
5751,3,176
5751,4,176
5752,1,58
5752,2,84
5752,3,149
5753,1,95
5753,1,189
5753,2,21
5753,3,98
5753,4,150
5754,1,168
5754,2,4
5754,3,3
5755,1,30
5755,2,107
5755,3,30
5756,1,173
5756,2,78
5756,2,148
5756,3,213
5756,3,66
5756,3,41
5756,4,14
5756,4,120
5756,5,67
5756,5,124
5756,5,14
5757,1,216
5757,2,101
5757,3,95
5757,3,216
5758,1,76
5758,2,168
5758,3,73
5758,3,61
5758,3,151
5758,4,97
5759,1,120
5759,1,103
5759,2,17
5759,2,33
5759,2,106
5759,2,67
5759,3,83
5759,3,67
5760,1,48
5760,2,80
5760,3,113
5760,3,55
5761,1,128
5761,2,98
5761,3,151
5761,3,5
5761,4,128
5762,1,124
5762,2,120
5762,3,120
5762,4,124
5763,1,168
5763,2,67
5763,3,13
5763,4,124
5764,1,73
5764,2,123
5764,3,2
5764,3,117
5765,1,93
5765,1,124
5765,2,53
5765,2,93
5765,3,113
5765,4,4
5765,4,93
5766,1,19
5766,2,166
5766,2,61
5766,2,59
5766,3,66
5767,1,121
5767,1,83
5767,1,190
5767,2,152
5767,2,16
5767,3,33
5767,4,190
5767,4,152
5767,4,103
5767,5,83
5768,1,55
5768,2,105
5768,2,117
5768,3,79
5769,1,144
5769,1,171
5769,2,144
5769,3,144
5769,4,171
5769,4,32
5769,4,144
5769,5,214
5770,1,34
5770,2,141
5770,2,106
5770,3,39
5770,4,152
5771,1,177
5771,2,177
5771,2,66
5771,3,69
5772,1,86
5772,2,4
5772,2,67
5772,3,120
5772,4,10
5773,1,51
5773,2,30
5773,2,163
5773,2,76
5773,3,51
5773,3,76
5773,3,150
5773,4,117
5773,4,115
5773,5,106
5774,1,194
5774,2,85
5774,2,42
5774,3,17
5774,3,194
5774,4,16
5774,4,76
5774,4,168
5775,1,121
5775,1,95
5775,2,150
5775,2,106
5775,3,39
5775,3,10
5775,4,113
5776,1,16
5776,1,217
5776,2,34
5776,3,168
5776,4,95
5776,4,98
5776,5,34
5777,1,133
5777,2,217
5777,3,107
5778,1,211
5778,2,72
5778,2,192
5778,3,65
5778,4,98
5779,1,199
5779,2,72
5779,3,89
5780,1,67
5780,2,204
5780,3,204
5780,4,99
5780,5,109
5781,1,39
5781,1,128
5781,2,55
5781,3,156
5781,3,61
5782,1,163
5782,2,163
5782,3,83
5782,3,81
5782,4,112
5782,4,163
5783,1,64
5783,2,73
5783,3,64
5784,1,25
5784,1,145
5784,1,16
5784,2,145
5784,2,25
5784,3,17
5785,1,83
5785,1,36
5785,2,160
5785,2,36
5785,3,10
5785,3,160
5785,3,83
5785,3,36
5786,1,119
5786,1,161
5786,2,129
5786,3,37
5786,4,77
5786,4,69
5787,1,39
5787,2,163
5787,2,63
5787,3,34
5787,4,126
5788,1,154
5788,1,64
5788,1,12
5788,2,45
5788,2,61
5788,3,51
5788,3,12
5788,4,83
5789,1,168
5789,2,113
5789,3,145
5789,3,68
5789,4,78
5789,4,73
5790,1,164
5790,2,40
5790,3,159
5791,1,45
5791,2,206
5791,3,140
5791,4,140
5791,5,183
5791,5,4
5792,1,117
5792,1,123
5792,2,117
5792,2,166
5792,2,77
5792,3,179
5792,4,98
5793,1,28
5793,2,37
5793,3,102
5793,4,37
5794,1,101
5794,1,36
5794,2,166
5794,2,11
5794,2,190
5794,3,69
5794,4,190
5795,1,118
5795,1,56
5795,2,37
5795,3,56
5795,4,203
5796,1,2
5796,1,127
5796,2,141
5796,2,127
5796,3,141
5796,4,141
5796,5,73
5796,5,80
5796,6,2
5797,1,28
5797,1,121
5797,2,101
5797,2,89
5797,3,89
5797,3,28
5797,4,28
5797,4,89
5798,1,44
5798,2,68
5798,3,206
5799,1,7
5799,2,202
5799,3,34
5800,1,58
5800,1,119
5800,2,206
5800,3,61
5800,4,174
5800,4,138
5800,5,209
5800,5,19
5801,1,101
5801,1,25
5801,2,137
5801,3,166
5801,4,55
5801,4,100
5801,5,25
5802,1,93
5802,2,80
5802,2,79
5802,2,80
5802,2,76
5802,3,206
5802,4,100
5802,5,77
5803,1,159
5803,1,24
5803,2,24
5803,2,159
5803,3,24
5803,3,159
5804,1,98
5804,1,104
5804,2,214
5804,3,20
5805,1,100
5805,2,214
5805,2,61
5805,3,63
5805,3,83
5805,4,38
5805,5,61
5805,5,214
5805,5,66
5805,6,89
5805,6,83
5805,7,38
5806,1,103
5806,2,95
5806,3,177
5807,1,121
5807,1,73
5807,2,121
5807,3,149
5807,3,76
5808,1,152
5808,2,37
5808,3,37
5808,4,37
5809,1,93
5809,1,62
5809,1,13
5809,1,145
5809,2,96
5809,3,90
5810,1,186
5810,1,154
5810,2,149
5810,3,144
5810,3,4
5811,1,78
5811,1,168
5811,2,119
5811,2,83
5811,3,123
5812,1,89
5812,1,156
5812,2,64
5812,3,62
5812,3,43
5813,1,46
5813,2,82
5813,3,202
5813,3,47
5813,4,46
5814,1,76
5814,1,105
5814,2,95
5814,3,118
5814,3,182
5814,3,70
5815,1,2
5815,2,2
5815,3,128
5815,3,70
5816,1,15
5816,1,44
5816,2,118
5816,2,15
5816,3,82
5816,3,95
5816,3,47
5817,1,3
5817,2,95
5817,3,58
5818,1,2
5818,2,159
5818,3,113
5819,1,81
5819,1,42
5819,2,67
5819,3,191
5819,3,215
5819,4,67
5819,5,197
5819,5,191
5820,1,107
5820,2,107
5820,2,2
5820,3,107
5821,1,139
5821,2,113
5821,3,54
5821,3,164
5821,4,113
5821,4,61
5821,4,40
5822,1,131
5822,1,70
5822,2,192
5822,3,90
5823,1,99
5823,2,128
5823,2,39
5823,3,54
5823,3,136
5824,1,162
5824,2,52
5824,2,76
5824,3,52
5824,4,27
5825,1,29
5825,2,185
5825,3,29
5826,1,29
5826,2,83
5826,2,98
5826,3,98
5827,1,133
5827,1,100
5827,2,21
5827,2,91
5827,3,100
5827,3,217
5828,1,69
5828,1,113
5828,2,48
5828,2,50
5828,2,92
5828,3,111
5829,1,159
5829,1,160
5829,2,160
5829,3,113
5829,3,53
5829,4,6
5829,4,113
5829,5,25
5829,6,25
5829,7,113
5829,7,52
5830,1,192
5830,1,191
5830,2,192
5830,2,29
5830,3,105
5830,4,191
5831,1,3
5831,2,140
5831,3,170
5831,4,118
5831,5,45
5831,5,170
5832,1,150
5832,1,123
5832,1,127
5832,2,150
5832,2,28
5832,3,50
5833,1,100
5833,1,80
5833,2,165
5833,3,165
5833,4,93
5834,1,121
5834,2,121
5834,3,136
5834,4,121
5835,1,16
5835,2,16
5835,3,71
5836,1,17
5836,2,190
5836,3,183
5837,1,38
5837,2,69
5837,3,83
5838,1,103
5838,2,177
5838,3,103
5838,4,151
5838,4,141
5839,1,176
5839,2,106
5839,3,176
5839,3,77
5840,1,77
5840,2,132
5840,3,95
5841,1,124
5841,2,83
5841,3,90
5841,3,69
5842,1,97
5842,1,36
5842,2,128
5842,2,36
5842,3,34
5842,4,34
5842,4,128
5842,5,151
5842,5,36
5842,6,36
5842,6,76
5843,1,73
5843,2,124
5843,2,170
5843,3,31
5844,1,59
5844,2,4
5844,3,59
5844,4,170
5844,4,73
5844,5,174
5844,5,213
5845,1,8
5845,1,113
5845,2,46
5845,2,45
5845,3,8
5846,1,2
5846,2,95
5846,3,2
5846,3,16
5846,4,95
5846,5,174
5846,6,119
5847,1,4
5847,1,174
5847,1,55
5847,2,64
5847,2,151
5847,3,164
5847,3,68
5847,3,75
5847,4,23
5847,4,62
5848,1,101
5848,2,45
5848,3,204
5848,3,87
5848,4,49
5849,1,147
5849,2,147
5849,3,147
5849,4,147
5849,5,179
5850,1,42
5850,1,1
5850,2,12
5850,2,83
5850,3,10
5850,4,20
5850,4,7
5851,1,94
5851,1,150
5851,1,113
5851,1,91
5851,2,21
5851,2,197
5851,3,106
5851,4,95
5851,4,93
5851,4,21
5851,4,150
5852,1,162
5852,2,162
5852,2,212
5852,2,22
5852,2,128
5852,3,162
5853,1,85
5853,2,85
5853,3,177
5853,4,177
5854,1,64
5854,1,29
5854,1,16
5854,2,16
5854,3,29
5854,4,29
5854,4,82
5854,4,122
5854,5,12
5854,5,29
5855,1,171
5855,2,136
5855,3,119
5855,3,171
5855,4,100
5855,5,171
5856,1,209
5856,2,13
5856,3,31
5856,3,201
5856,3,206
5857,1,166
5857,2,83
5857,2,67
5857,2,166
5857,3,4
5857,4,73
5857,4,80
5857,5,155
5857,5,181
5858,1,58
5858,1,102
5858,2,50
5858,3,140
5858,3,117
5859,1,196
5859,2,30
5859,3,4
5859,3,5
5859,3,196
5859,3,30
5860,1,130
5860,2,130
5860,2,101
5860,3,13
5861,1,177
5861,2,10
5861,3,69
5861,4,155
5861,4,27
5862,1,146
5862,1,75
5862,2,129
5862,3,22
5863,1,171
5863,2,4
5863,3,192
5864,1,86
5864,2,83
5864,3,132
5864,3,189
5865,1,17
5865,2,88
5865,2,17
5865,2,87
5865,3,67
5865,3,197
5865,3,2
5865,4,203
5866,1,34
5866,2,69
5866,3,76
5866,3,10
5867,1,95
5867,2,95
5867,2,205
5867,3,205
5867,3,95
5868,1,61
5868,1,89
5868,2,55
5868,2,69
5868,3,163
5868,3,6
5868,3,177
5868,4,61
5868,4,67
5868,5,155
5868,6,12
5869,1,32
5869,2,9
5869,3,38
5869,3,32
5869,4,9
5870,1,116
5870,1,42
5870,1,117
5870,2,1
5870,3,170
5871,1,130
5871,2,87
5871,2,4
5871,3,145
5871,3,87
5872,1,29
5872,2,4
5872,3,64
5872,3,19
5872,3,76
5873,1,4
5873,2,140
5873,2,33
5873,3,67
5873,3,4
5873,4,76
5873,4,120
5873,4,58
5874,1,150
5874,2,125
5874,2,69
5874,3,203
5874,4,31
5875,1,9
5875,2,9
5875,3,143
5876,1,136
5876,2,136
5876,3,136
5876,4,210
5877,1,83
5877,1,210
5877,2,195
5877,2,83
5877,3,69
5877,3,153
5877,3,39
5878,1,206
5878,1,19
5878,2,206
5878,3,12
5879,1,113
5879,2,40
5879,3,40
5879,3,115
5879,3,117
5880,1,10
5880,2,37
5880,3,134
5880,3,10
5881,1,16
5881,2,16
5881,3,33
5881,4,103
5881,4,84
5882,1,177
5882,1,188
5882,2,83
5882,3,177
5882,4,61
5882,4,188
5883,1,152
5883,2,83
5883,3,58
5883,4,75
5883,4,83
5883,5,57
5883,6,83
5883,6,131
5884,1,206
5884,2,206
5884,2,156
5884,3,27
5884,3,58
5884,4,25
5884,5,25
5884,5,173
5884,6,25
5884,6,173
5884,7,58
5884,8,173
5884,8,25
5885,1,67
5885,1,202
5885,2,206
5885,3,67
5885,4,202
5885,5,21
5886,1,112
5886,2,133
5886,3,112
5886,3,58
5887,1,176
5887,2,123
5887,3,134
5888,1,190
5888,1,1
5888,2,83
5888,3,124
5889,1,113
5889,2,215
5889,3,67
5889,4,198
5889,5,197
5889,6,198
5890,1,4
5890,2,93
5890,2,134
5890,3,39
5890,3,134
5891,1,151
5891,2,176
5891,3,151
5891,4,16
5891,5,151
5892,1,32
5892,2,166
5892,3,50
5892,3,137
5892,3,206
5893,1,75
5893,2,145
5893,2,67
5893,3,51
5894,1,76
5894,1,35
5894,1,73
5894,2,185
5894,2,76
5894,3,73
5895,1,76
5895,1,175
5895,1,128
5895,2,128
5895,3,106
5895,3,175
5895,4,128
5895,4,51
5895,4,106
5896,1,4
5896,2,4
5896,3,106
5897,1,83
5897,1,54
5897,2,80
5897,3,76
5898,1,165
5898,2,121
5898,3,121
5899,1,76
5899,2,25
5899,3,34
5899,3,45
5900,1,42
5900,1,12
5900,2,73
5900,3,168
5901,1,195
5901,2,34
5901,3,97
5901,4,76
5901,5,34
5902,1,187
5902,2,56
5902,3,56
5902,4,56
5903,1,75
5903,2,203
5903,3,75
5903,3,20
5903,4,20
5904,1,28
5904,1,195
5904,2,40
5904,3,56
5905,1,4
5905,2,167
5905,3,202
5905,4,173
5906,1,34
5906,2,150
5906,3,105
5906,4,150
5907,1,67
5907,1,152
5907,2,155
5907,2,152
5907,3,123
5907,3,192
5907,3,113
5907,3,131
5907,3,56
5908,1,57
5908,2,160
5908,3,57
5908,4,131
5909,1,110
5909,2,95
5909,2,6
5909,2,163
5909,3,95
5909,3,163
5909,3,33
5910,1,200
5910,2,54
5910,2,144
5910,2,29
5910,2,145
5910,3,200
5910,4,29
5910,4,28
5910,4,128
5911,1,217
5911,2,36
5911,3,204
5911,4,133
5911,5,155
5912,1,133
5912,1,86
5912,1,96
5912,2,96
5912,3,133
5913,1,194
5913,2,31
5913,2,34
5913,3,211
5913,3,66
5913,3,61
5914,1,59
5914,2,47
5914,2,29
5914,2,59
5914,3,29
5914,3,59
5914,3,47
5914,4,29
5914,4,47
5914,4,59
5914,5,162
5914,5,59
5914,5,20
5914,6,47
5914,6,29
5915,1,128
5915,1,188
5915,2,89
5915,2,63
5915,2,67
5915,2,164
5915,3,34
5916,1,76
5916,2,122
5916,2,36
5916,3,122
5916,4,76
5917,1,123
5917,2,150
5917,2,76
5917,2,2
5917,3,166
5917,4,150
5917,4,51
5918,1,83
5918,1,80
5918,1,16
5918,2,61
5918,3,61
5918,3,156
5918,4,83
5919,1,4
5919,2,4
5919,3,31
5920,1,20
5920,1,133
5920,2,121
5920,2,110
5920,3,14
5920,3,133
5920,4,94
5921,1,217
5921,2,217
5921,3,68
5921,3,144
5922,1,81
5922,1,123
5922,2,83
5922,3,86
5923,1,100
5923,1,144
5923,2,148
5923,3,137
5924,1,216
5924,1,61
5924,1,69
5924,1,160
5924,2,91
5924,2,160
5924,3,136
5924,4,160
5924,5,160
5925,1,83
5925,1,115
5925,2,200
5925,3,134
5926,1,131
5926,2,93
5926,3,108
5927,1,166
5927,2,32
5927,3,101
5927,4,148
5927,5,136
5927,6,166
5928,1,51
5928,2,87
5928,2,70
5928,2,160
5928,2,171
5928,2,90
5928,3,116
5929,1,175
5929,1,51
5929,1,95
5929,1,48
5929,2,203
5929,3,85
5929,3,209
5930,1,150
5930,1,110
5930,2,175
5930,2,109
5930,2,189
5930,2,113
5930,2,51
5930,3,117
5930,3,105
5930,4,109
5930,4,150
5930,4,189
5931,1,95
5931,1,23
5931,2,123
5931,3,63
5932,1,99
5932,1,13
5932,2,56
5932,3,43
5933,1,144
5933,1,153
5933,2,144
5933,2,153
5933,3,23
5933,4,153
5933,4,125
5933,4,144
5934,1,154
5934,2,77
5934,2,200
5934,2,34
5934,3,119
5935,1,67
5935,2,67
5935,3,58
5935,4,67
5935,4,28
5936,1,45
5936,1,61
5936,2,160
5936,3,4
5936,3,51
5937,1,96
5937,2,30
5937,3,30
5937,3,70
5938,1,145
5938,1,136
5938,2,113
5938,3,188
5939,1,168
5939,2,117
5939,3,28
5939,3,94
5940,1,8
5940,1,4
5940,2,156
5940,2,4
5940,3,156
5940,3,182
5940,3,4
5940,4,182
5940,4,4
5940,5,156
5941,1,54
5941,2,35
5941,3,36
5942,1,155
5942,1,206
5942,2,155
5942,3,155
5942,4,155
5943,1,121
5943,2,153
5943,3,85
5943,3,121
5943,4,188
5944,1,56
5944,1,160
5944,2,78
5944,3,65
5945,1,155
5945,2,96
5945,3,186
5946,1,48
5946,1,51
5946,2,164
5946,2,147
5946,3,2
5947,1,136
5947,1,36
5947,2,121
5947,3,121
5947,4,121
5948,1,76
5948,1,79
5948,2,80
5948,3,153
5948,3,186
5948,3,76
5949,1,128
5949,2,63
5949,3,127
5949,3,64
5950,1,150
5950,2,106
5950,3,141
5950,4,10
5950,5,113
5950,5,112
5951,1,3
5951,2,120
5951,2,151
5951,3,78
5951,4,154
5951,4,61
5951,4,4
5951,4,203
5952,1,3
5952,1,37
5952,2,10
5952,2,70
5952,3,10
5953,1,21
5953,1,93
5953,2,21
5953,3,100
5953,4,21
5954,1,98
5954,2,86
5954,3,2
5954,3,58
5955,1,55
5955,2,28
5955,3,55
5955,4,28
5955,4,55
5956,1,103
5956,1,153
5956,2,87
5956,2,163
5956,2,63
5956,2,54
5956,3,76
5956,3,54
5956,3,163
5956,3,98
5956,3,89
5956,4,10
5957,1,4
5957,2,144
5957,2,53
5957,2,57
5957,3,4
5957,3,25
5958,1,38
5958,2,113
5958,2,67
5958,3,38
5958,4,38
5958,5,162
5958,5,67
5958,6,38
5958,7,67
5958,7,38
5958,7,113
5958,8,67
5959,1,200
5959,1,53
5959,2,145
5959,3,213
5959,4,18
5960,1,50
5960,1,24
5960,2,124
5960,3,152
5960,3,106
5960,4,54
5960,5,58
5960,6,140
5961,1,69
5961,2,70
5961,3,188
5961,3,162
5961,3,46
5961,3,47
5962,1,168
5962,2,123
5962,2,168
5962,3,113
5962,3,168
5962,3,11
5962,3,93
5963,1,98
5963,2,123
5963,3,16
5964,1,69
5964,2,69
5964,2,158
5964,3,69
5964,4,84
5964,4,48
5964,4,106
5964,5,22
5964,6,120
5965,1,157
5965,2,145
5965,2,100
5965,3,146
5965,4,168
5966,1,86
5966,2,157
5966,3,157
5966,4,107
5967,1,132
5967,2,131
5967,3,183
5967,3,73
5967,3,54
5967,4,44
5968,1,135
5968,2,201
5968,2,213
5968,3,135
5968,4,135
5969,1,212
5969,2,212
5969,3,157
5969,4,21
5970,1,14
5970,1,109
5970,1,71
5970,2,109
5970,2,65
5970,3,109
5971,1,133
5971,1,210
5971,2,217
5971,3,217
5971,3,210
5971,4,154
5972,1,150
5972,2,155
5972,2,95
5972,3,79
5972,3,80
5973,1,3
5973,1,150
5973,2,82
5973,2,84
5973,3,209
5973,4,3
5974,1,48
5974,2,48
5974,2,95
5974,3,95
5974,3,48
5974,3,99
5974,4,99
5974,5,48
5975,1,30
5975,2,197
5975,3,30
5975,4,87
5975,4,4
5976,1,28
5976,1,81
5976,2,81
5976,3,90
5977,1,138
5977,2,95
5977,3,138
5978,1,13
5978,2,36
5978,2,76
5978,3,48
5978,3,51
5979,1,110
5979,1,27
5979,2,176
5979,3,27
5979,4,27
5980,1,133
5980,1,2
5980,2,123
5980,2,107
5980,2,69
5980,3,44
5981,1,129
5981,2,17
5981,3,125
5981,3,94
5981,4,106
5981,5,20
5982,1,155
5982,1,100
5982,2,216
5982,3,67
5982,3,100
5982,4,83
5982,5,4
5982,5,217
5982,6,76
5982,7,100
5982,7,67
5982,8,123
5982,8,216
5983,1,106
5983,2,192
5983,3,149
5983,3,40
5984,1,138
5984,2,143
5984,3,71
5984,3,4
5984,4,71
5985,1,150
5985,2,2
5985,2,150
5985,2,168
5985,3,150
5985,4,13
5986,1,11
5986,2,152
5986,3,122
5987,1,59
5987,1,42
5987,2,42
5987,3,42
5987,3,174
5988,1,20
5988,1,112
5988,2,50
5988,3,90
5988,3,39
5989,1,5
5989,2,128
5989,3,39
5989,3,128
5989,3,90
5990,1,211
5990,2,121
5990,3,121
5990,3,76
5991,1,2
5991,1,73
5991,2,126
5991,3,151
5991,3,117
5991,3,184
5992,1,69
5992,2,39
5992,3,128
5993,1,147
5993,1,173
5993,2,183
5993,2,209
5993,3,147
5993,4,173
5993,4,198
5994,1,164
5994,1,40
5994,2,55
5994,2,47
5994,2,164
5994,2,161
5994,3,195
5994,4,195
5994,4,76
5995,1,101
5995,1,52
5995,2,125
5995,2,135
5995,3,125
5995,3,134
5996,1,8
5996,2,24
5996,3,80
5996,3,83
5996,4,97
5997,1,55
5997,2,14
5997,2,75
5997,2,55
5997,3,109
5997,3,47
5998,1,35
5998,2,83
5998,2,212
5998,3,164
5999,1,25
5999,1,76
5999,2,44
5999,2,25
5999,3,25
5999,4,95
5999,4,25
5999,4,6
6000,1,5
6000,1,192
6000,1,205
6000,2,78
6000,3,78
6001,1,87
6001,2,83
6001,2,87
6001,3,83
6001,3,87
6001,4,2
6001,4,87
6001,5,87
6001,5,83
6001,6,87
6002,1,116
6002,2,123
6002,2,117
6002,2,116
6002,3,16
6002,3,15
6002,4,123
6002,5,123
6002,5,184
6002,5,116
6002,6,72
6002,7,116
6003,1,79
6003,2,211
6003,3,89
6003,3,15
6004,1,195
6004,1,29
6004,2,29
6004,2,195
6004,3,69
6004,4,195
6005,1,77
6005,2,93
6005,2,94
6005,3,93
6006,1,142
6006,2,4
6006,2,86
6006,2,142
6006,3,142
6006,3,4
6006,4,93
6006,4,86
6006,5,142
6007,1,127
6007,2,141
6007,2,161
6007,2,127
6007,3,127
6008,1,67
6008,1,53
6008,1,14
6008,1,158
6008,2,181
6008,2,23
6008,2,95
6008,3,192
6009,1,52
6009,2,20
6009,3,112
6009,4,20
6010,1,25
6010,1,4
6010,2,160
6010,3,4
6010,3,69
6011,1,41
6011,2,157
6011,3,174
6012,1,89
6012,2,20
6012,2,89
6012,3,110
6013,1,175
6013,2,10
6013,3,98
6013,4,175
6014,1,58
6014,2,58
6014,3,58
6015,1,80
6015,2,27
6015,3,190
6015,3,81
6015,4,129
6015,4,7
6015,5,28
6015,5,77
6016,1,121
6016,1,162
6016,2,120
6016,2,194
6016,2,9
6016,3,121
6016,4,121
6016,4,194
6016,5,1
6016,5,96
6016,5,121
6017,1,161
6017,2,15
6017,3,44
6017,4,83
6018,1,160
6018,2,12
6018,3,12
6019,1,44
6019,1,59
6019,2,83
6019,2,67
6019,3,58
6019,3,44
6019,4,67
6020,1,95
6020,1,199
6020,1,104
6020,1,19
6020,2,56
6020,2,95
6020,3,84
6020,4,56
6020,5,19
6020,5,95
6020,5,104
6021,1,9
6021,2,125
6021,3,101
6022,1,48
6022,2,146
6022,3,141
6023,1,22
6023,2,21
6023,3,32
6023,3,171
6024,1,180
6024,2,180
6024,3,180
6024,4,180
6024,5,180
6024,6,180
6024,7,180
6025,1,10
6025,2,93
6025,3,93
6026,1,8
6026,1,5
6026,2,168
6026,3,2
6026,3,5
6026,4,168
6027,1,161
6027,2,83
6027,2,133
6027,3,98
6028,1,144
6028,2,168
6028,3,14
6028,4,162
6029,1,179
6029,1,48
6029,1,107
6029,1,206
6029,2,67
6029,3,60
6030,1,206
6030,2,79
6030,2,42
6030,3,141
6030,4,112
6030,5,108
6031,1,76
6031,1,67
6031,1,75
6031,2,99
6031,2,151
6031,3,205
6031,3,196
6031,3,182
6032,1,217
6032,2,207
6032,2,133
6032,3,217
6032,4,79
6032,4,206
6032,4,217
6032,5,125
6033,1,11
6033,1,133
6033,2,186
6033,3,154
6033,3,36
6034,1,205
6034,1,151
6034,1,197
6034,2,107
6034,2,76
6034,3,197
6034,4,79
6034,4,151
6034,4,79
6034,5,158
6035,1,146
6035,1,208
6035,2,118
6035,3,118
6036,1,85
6036,2,66
6036,2,18
6036,3,83
6036,3,145
6036,4,7
6036,4,18
6036,4,76
6036,4,78
6037,1,99
6037,1,155
6037,2,89
6037,3,23
6038,1,50
6038,1,79
6038,2,83
6038,3,133
6038,4,112
6038,4,79
6038,4,33
6038,4,27
6039,1,43
6039,1,34
6039,2,21
6039,3,165
6039,3,43
6040,1,164
6040,1,13
6040,1,89
6040,1,32
6040,1,168
6040,2,18
6040,2,174
6040,3,109
6040,3,20
6040,3,33
6040,3,47
6040,4,64
6040,4,12
6040,4,16
6040,4,83
6041,1,65
6041,2,44
6041,2,34
6041,3,44
6041,4,151
6042,1,132
6042,2,129
6042,3,132
6042,4,133
6042,5,133
6043,1,206
6043,2,14
6043,3,38
6044,1,95
6044,2,98
6044,3,68
6044,3,89
6045,1,121
6045,2,121
6045,2,73
6045,3,131
6046,1,197
6046,1,72
6046,1,51
6046,2,32
6046,2,192
6046,3,99
6047,1,136
6047,2,76
6047,3,4
6047,3,195
6048,1,40
6048,2,16
6048,2,40
6048,2,27
6048,2,83
6048,3,16
6048,4,146
6048,4,40
6048,5,47
6048,5,40
6048,6,16
6048,6,15
6048,7,46
6048,7,198
6048,7,110
6049,1,39
6049,2,178
6049,3,39
6049,4,39
6049,5,78
6050,1,70
6050,2,22
6050,2,33
6050,2,83
6050,2,27
6050,2,144
6050,3,164
6050,3,145
6050,4,175
6050,4,2
6050,4,50
6051,1,190
6051,2,180
6051,2,46
6051,3,62
6052,1,97
6052,1,57
6052,2,57
6052,3,110
6052,3,93
6053,1,33
6053,2,130
6053,2,210
6053,3,121
6053,3,106
6054,1,216
6054,2,171
6054,2,9
6054,2,156
6054,2,157
6054,3,216
6054,4,216
6055,1,29
6055,1,185
6055,2,200
6055,2,185
6055,3,185
6055,4,29
6055,4,197
6055,5,134
6055,5,182
6055,5,197
6056,1,113
6056,1,36
6056,2,78
6056,3,36
6056,3,152
6056,4,95
6056,4,36
6057,1,192
6057,1,182
6057,2,119
6057,2,196
6057,3,99
6057,3,154
6058,1,95
6058,1,133
6058,2,168
6058,2,133
6058,3,35
6058,4,95
6058,4,107
6059,1,98
6059,2,150
6059,3,98
6059,4,69
6059,4,70
6059,5,57
6059,5,77
6059,6,213
6060,1,67
6060,2,40
6060,3,186
6060,3,84
6061,1,3
6061,1,55
6061,2,24
6061,2,107
6061,3,27
6061,3,157
6061,4,157
6061,4,101
6061,5,157
6061,6,157
6061,6,177
6061,7,11
6062,1,67
6062,2,67
6062,3,67
6062,3,83
6063,1,113
6063,1,21
6063,1,141
6063,1,69
6063,2,141
6063,2,84
6063,3,21
6064,1,106
6064,1,164
6064,2,103
6064,2,58
6064,3,166
6064,4,166
6065,1,121
6065,2,162
6065,3,188
6065,3,121
6065,4,212
6065,5,121
6065,5,176
6065,6,46
6065,6,162
6066,1,91
6066,2,38
6066,3,25
6066,3,113
6067,1,99
6067,2,115
6067,2,95
6067,3,115
6068,1,178
6068,2,77
6068,3,156
6069,1,37
6069,2,164
6069,2,63
6069,2,6
6069,3,64
6070,1,169
6070,1,12
6070,1,95
6070,2,95
6070,2,122
6070,3,61
6070,3,12
6071,1,29
6071,2,143
6071,2,33
6071,3,162
6071,3,73
6071,4,43
6071,4,31
6071,4,143
6071,5,143
6072,1,135
6072,1,57
6072,2,113
6072,2,57
6072,3,82
6073,1,20
6073,2,4
6073,2,80
6073,3,121
6073,4,163
6074,1,133
6074,1,113
6074,2,190
6074,3,45
6074,3,61
6075,1,102
6075,2,102
6075,3,102
6075,4,131
6076,1,40
6076,1,9
6076,2,133
6076,3,133
6077,1,97
6077,1,38
6077,2,38
6077,3,52
6077,4,38
6077,5,155
6077,5,4
6077,6,38
6077,7,38
6078,1,90
6078,2,85
6078,2,76
6078,3,2
6078,4,141
6078,5,194
6078,6,150
6079,1,14
6079,2,26
6079,3,43
6079,4,55
6080,1,35
6080,2,118
6080,2,77
6080,3,85
6081,1,179
6081,1,192
6081,1,198
6081,1,4
6081,2,198
6081,2,49
6081,2,147
6081,3,4
6081,3,49
6081,4,56
6082,1,152
6082,1,160
6082,1,25
6082,2,141
6082,3,141
6083,1,83
6083,1,89
6083,2,164
6083,2,14
6083,2,55
6083,2,96
6083,3,98
6083,4,83
6083,4,32
6083,4,43
6083,5,89
6083,5,83
6083,5,123
6084,1,190
6084,2,129
6084,2,67
6084,3,129
6085,1,133
6085,2,133
6085,3,133
6085,3,95
6086,1,211
6086,2,209
6086,3,209
6086,4,87
6086,4,54
6087,1,111
6087,2,111
6087,3,4
6087,3,58
6088,1,76
6088,2,63
6088,2,76
6088,3,2
6088,4,76
6088,4,142
6089,1,121
6089,1,211
6089,2,121
6089,2,1
6089,3,121
6090,1,117
6090,1,83
6090,2,101
6090,2,115
6090,3,38
6091,1,128
6091,2,67
6091,3,67
6092,1,105
6092,1,160
6092,2,160
6092,3,160
6093,1,90
6093,2,116
6093,2,110
6093,2,117
6093,2,47
6093,2,162
6093,3,116
6093,4,140
6093,4,117
6093,5,110
6093,5,77
6093,5,162
6093,5,46
6093,6,117
6093,7,105
6093,8,33
6093,8,49
6093,8,27
6093,8,105
6093,8,140
6094,1,35
6094,1,205
6094,2,76
6094,2,168
6094,2,64
6094,3,205
6094,4,168
6094,4,145
6094,5,35
6094,6,119
6095,1,156
6095,2,60
6095,3,156
6096,1,90
6096,1,141
6096,1,102
6096,2,102
6096,2,141
6096,2,98
6096,3,141
6096,4,79
6097,1,63
6097,1,113
6097,2,113
6097,3,127
6097,3,63
6097,4,127
6098,1,164
6098,1,52
6098,2,77
6098,2,124
6098,3,28
6099,1,34
6099,1,146
6099,2,13
6099,2,146
6099,2,208
6099,2,68
6099,3,164
6099,3,146
6100,1,204
6100,2,148
6100,3,139
6100,3,96
6100,3,208
6101,1,213
6101,1,84
6101,1,170
6101,2,28
6101,3,174
6101,4,132
6102,1,39
6102,1,154
6102,2,17
6102,3,39
6102,4,156
6103,1,160
6103,2,110
6103,2,140
6103,2,110
6103,2,214
6103,3,47
6103,3,110
6104,1,141
6104,1,8
6104,1,210
6104,1,95
6104,2,102
6104,2,128
6104,2,55
6104,3,160
6104,3,54
6104,3,58
6105,1,121
6105,2,121
6105,3,187
6106,1,150
6106,2,141
6106,2,76
6106,3,141
6107,1,186
6107,1,160
6107,2,160
6107,2,186
6107,3,186
6107,3,160
6108,1,121
6108,2,113
6108,2,192
6108,3,211
6108,4,81
6108,5,196
6109,1,148
6109,2,168
6109,3,26
6109,4,168
6109,4,200
6110,1,95
6110,2,133
6110,2,107
6110,3,95
6110,4,133
6110,5,4
6110,6,133
6110,7,16
6111,1,96
6111,2,98
6111,3,189
6112,1,21
6112,2,125
6112,3,76
6112,3,44
6113,1,128
6113,1,81
6113,1,112
6113,2,76
6113,3,26
6114,1,132
6114,1,168
6114,1,159
6114,2,81
6114,3,73
6114,4,95
6114,4,159
6114,4,19
6115,1,136
6115,1,25
6115,2,67
6115,3,52
6116,1,181
6116,2,142
6116,3,118
6117,1,21
6117,2,147
6117,3,123
6118,1,76
6118,2,197
6118,3,155
6118,3,136
6118,4,125
6118,4,57
6118,5,122
6119,1,95
6119,1,150
6119,2,58
6119,3,21
6119,3,95
6119,3,150
6119,3,61
6120,1,160
6120,2,112
6120,3,69
6121,1,51
6121,1,150
6121,1,189
6121,2,10
6121,3,20
6121,3,110
6121,3,22
6122,1,32
6122,2,155
6122,3,155
6122,4,162
6122,5,155
6123,1,46
6123,1,162
6123,1,27
6123,1,188
6123,1,87
6123,2,88
6123,3,96
6123,3,87
6123,4,87
6124,1,152
6124,2,98
6124,3,123
6125,1,61
6125,2,125
6125,3,98
6125,4,95
6125,4,174
6126,1,88
6126,2,194
6126,3,64
6126,3,88
6126,4,88
6127,1,89
6127,1,171
6127,2,34
6127,3,144
6127,3,89
6127,3,151
6127,4,89
6127,5,126
6127,6,89
6128,1,176
6128,2,144
6128,2,63
6128,3,176
6129,1,119
6129,2,192
6129,2,5
6129,3,150
6130,1,159
6130,2,159
6130,3,159
6131,1,37
6131,2,192
6131,3,113
6131,3,37
6132,1,75
6132,2,46
6132,3,124
6133,1,113
6133,1,79
6133,1,4
6133,2,79
6133,3,79
6134,1,161
6134,2,93
6134,3,21
6135,1,179
6135,2,2
6135,2,205
6135,3,65
6135,4,38
6135,5,181
6135,5,167
6135,6,181
6135,6,4
6136,1,46
6136,2,82
6136,3,120
6136,4,47
6136,5,32
6136,5,120
6137,1,93
6137,2,79
6137,3,111
6137,4,21
6137,4,93
6137,4,183
6138,1,123
6138,2,9
6138,3,90
6138,4,9
6139,1,66
6139,1,110
6139,2,66
6139,2,110
6139,3,66
6139,3,109
6139,4,31
6140,1,31
6140,2,31
6140,3,99
6140,4,42
6141,1,196
6141,2,67
6141,3,87
6141,4,105
6141,4,69
6141,4,10
6141,4,95
6142,1,9
6142,2,122
6142,3,129
6142,3,121
6143,1,139
6143,2,41
6143,2,113
6143,3,41
6143,4,98
6144,1,44
6144,2,34
6144,3,44
6144,3,114
6145,1,61
6145,2,202
6145,3,83
6145,3,66
6146,1,16
6146,2,33
6146,3,159
6147,1,98
6147,2,57
6147,3,121
6148,1,131
6148,1,39
6148,2,63
6148,2,51
6148,3,94
6148,3,93
6148,3,63
6148,3,98
6148,4,67
6148,5,215
6148,5,118
6148,6,203
6148,7,44
6149,1,121
6149,2,98
6149,3,157
6149,4,69
6150,1,44
6150,2,31
6150,2,60
6150,2,28
6150,3,44
6151,1,44
6151,2,153
6151,2,61
6151,3,63
6151,4,56
6152,1,165
6152,2,146
6152,2,13
6152,3,146
6152,3,160
6152,3,13
6152,4,13
6152,5,13
6152,6,13
6152,6,214
6152,6,146
6152,6,101
6152,6,140
6153,1,147
6153,1,208
6153,2,166
6153,3,166
6154,1,142
6154,2,110
6154,3,178
6154,3,110
6154,4,144
6154,4,4
6154,5,4
6154,6,87
6154,7,87
6154,8,4
6155,1,25
6155,1,21
6155,1,77
6155,1,136
6155,2,56
6155,3,137
6156,1,107
6156,2,171
6156,3,44
6157,1,61
6157,1,30
6157,1,83
6157,2,193
6157,3,201
6157,4,193
6158,1,69
6158,1,39
6158,2,52
6158,2,113
6158,2,128
6158,2,39
6158,3,39
6158,3,83
6158,4,39
6158,5,83
6158,6,83
6158,6,97
6158,6,128
6158,7,15
6159,1,64
6159,2,27
6159,3,27
6160,1,88
6160,1,184
6160,2,20
6160,2,51
6160,3,198
6160,3,184
6161,1,86
6161,1,15
6161,2,189
6161,2,160
6161,3,155
6161,3,76
6161,4,189
6161,5,15
6161,6,103
6161,6,189
6161,6,83
6162,1,39
6162,2,111
6162,3,1
6162,4,95
6162,4,50
6163,1,48
6163,2,69
6163,2,57
6163,3,131
6164,1,109
6164,2,14
6164,3,57
6165,1,136
6165,2,136
6165,3,100
6166,1,36
6166,2,28
6166,2,36
6166,3,36
6166,4,28
6166,4,36
6166,5,36
6167,1,57
6167,2,160
6167,2,36
6167,3,83
6167,4,36
6168,1,55
6168,2,106
6168,3,79
6169,1,21
6169,2,198
6169,2,32
6169,3,21
6170,1,43
6170,2,18
6170,3,113
6170,3,4
6171,1,131
6171,2,123
6171,3,153
6171,3,155
6172,1,98
6172,2,76
6172,3,4
6172,4,10
6173,1,150
6173,2,150
6173,3,150
6173,3,151
6173,4,141
6173,5,150
6174,1,100
6174,1,169
6174,2,4
6174,2,169
6174,3,206
6174,3,169
6175,1,77
6175,1,128
6175,2,160
6175,3,130
6175,3,94
6175,4,164
6175,4,69
6175,5,131
6175,5,130
6175,6,95
6175,7,21
6175,8,146
6175,9,3
6175,9,121
6175,9,127
6175,9,192
6175,10,130
6175,10,94
6175,11,57
6175,11,160
6176,1,16
6176,2,168
6176,3,98
6177,1,113
6177,1,8
6177,1,66
6177,2,66
6177,3,62
6178,1,58
6178,1,132
6178,1,156
6178,1,121
6178,2,58
6178,2,4
6178,2,160
6178,2,35
6178,2,133
6178,2,44
6178,3,76
6178,3,35
6178,4,160
6178,4,58
6178,4,103
6178,5,58
6178,5,133
6178,5,190
6179,1,57
6179,2,144
6179,2,89
6179,3,98
6179,3,146
6179,3,54
6179,4,97
6179,5,146
6180,1,93
6180,1,166
6180,1,21
6180,1,101
6180,2,100
6180,3,53
6181,1,81
6181,1,188
6181,1,48
6181,2,108
6181,3,162
6181,3,109
6182,1,136
6182,2,216
6182,3,57
6183,1,90
6183,2,2
6183,2,114
6183,2,105
6183,3,2
6183,3,117
6183,3,114
6184,1,192
6184,2,59
6184,3,160
6184,4,119
6184,5,39
6184,5,192
6185,1,30
6185,2,30
6185,3,101
6186,1,44
6186,2,215
6186,3,27
6187,1,145
6187,2,145
6187,3,4
6187,4,145
6188,1,161
6188,1,172
6188,2,16
6188,3,83
6188,3,112
6189,1,80
6189,2,80
6189,3,24
6190,1,58
6190,1,4
6190,1,120
6190,2,126
6190,3,120
6191,1,168
6191,2,113
6191,2,168
6191,3,2
6191,3,113
6192,1,48
6192,1,51
6192,2,148
6192,3,136
6192,3,87
6193,1,98
6193,2,63
6193,2,98
6193,3,98
6193,4,98
6194,1,158
6194,1,101
6194,2,74
6194,3,101
6194,3,111
6194,3,50
6194,3,39
6195,1,73
6195,1,57
6195,2,25
6195,2,163
6195,3,27
6195,3,55
6195,4,4
6195,4,55
6196,1,59
6196,1,27
6196,2,47
6196,2,64
6196,3,188
6197,1,69
6197,2,67
6197,2,73
6197,3,97
6198,1,108
6198,1,132
6198,2,57
6198,2,132
6198,2,129
6198,3,15
6198,4,129
6198,4,141
6199,1,158
6199,2,216
6199,3,67
6199,4,113
6199,5,71
6199,5,113
6199,6,113
6199,7,71
6200,1,104
6200,2,85
6200,3,53
6200,3,113
6200,4,53
6201,1,188
6201,2,20
6201,2,19
6201,3,85
6202,1,133
6202,2,94
6202,3,94
6202,4,161
6202,4,80
6203,1,160
6203,1,164
6203,2,164
6203,3,160
6203,3,57
6203,4,212
6204,1,39
6204,2,148
6204,3,187
6205,1,121
6205,2,168
6205,3,44
6205,3,121
6206,1,88
6206,1,80
6206,2,112
6206,3,87
6206,3,112
6207,1,74
6207,1,4
6207,1,185
6207,2,4
6207,3,56
6208,1,216
6208,2,4
6208,2,216
6208,3,216
6208,3,4
6209,1,69
6209,2,69
6209,3,69
6209,4,69
6209,5,69
6209,6,5
6209,6,98
6209,6,175
6209,7,5
6209,7,113
6209,8,69
6209,9,69
6209,9,5
6209,9,34
6209,10,5
6209,11,69
6209,12,10
6209,13,128
6210,1,92
6210,2,101
6210,2,133
6210,3,92
6210,3,173
6210,4,217
6211,1,120
6211,1,95
6211,2,37
6211,3,181
6211,4,131
6211,5,154
6211,5,120
6211,6,131
6212,1,148
6212,2,166
6212,3,179
6212,4,25
6212,4,154
6212,4,55
6213,1,207
6213,2,125
6213,3,62
6213,3,108
6213,4,26
6213,4,77
6213,5,38
6213,5,126
6214,1,144
6214,1,17
6214,2,135
6214,3,14
6214,4,14
6215,1,113
6215,2,155
6215,2,101
6215,3,113
6215,3,67
6216,1,31
6216,2,49
6216,2,85
6216,3,121
6217,1,69
6217,2,108
6217,3,179
6218,1,57
6218,1,76
6218,1,150
6218,2,144
6218,2,67
6218,2,150
6218,3,67
6218,3,191
6218,3,177
6219,1,35
6219,1,83
6219,2,31
6219,3,39
6219,4,47
6219,4,46
6219,4,170
6220,1,67
6220,2,168
6220,2,83
6220,3,44
6220,3,178
6221,1,86
6221,1,93
6221,2,110
6221,3,108
6221,4,20
6222,1,151
6222,1,51
6222,1,69
6222,2,150
6222,2,76
6222,3,76
6223,1,84
6223,2,163
6223,2,6
6223,3,4
6223,3,50
6224,1,83
6224,1,121
6224,2,107
6224,2,95
6224,3,48
6225,1,80
6225,1,68
6225,2,141
6225,2,101
6225,2,133
6225,3,100
6225,3,45
6226,1,3
6226,2,3
6226,2,7
6226,3,3
6226,4,3
6226,5,3
6226,6,3
6226,7,7
6227,1,131
6227,2,21
6227,3,94
6227,4,21
6227,5,82
6228,1,160
6228,2,4
6228,3,160
6229,1,202
6229,2,81
6229,2,171
6229,3,113
6229,3,89
6229,4,34
6229,5,164
6229,5,188
6230,1,128
6230,2,66
6230,3,170
6231,1,76
6231,1,205
6231,1,144
6231,1,182
6231,1,155
6231,2,192
6231,3,74
6231,3,192
6231,3,76
6231,3,8
6232,1,40
6232,2,39
6232,3,10
6232,3,30
6233,1,71
6233,2,64
6233,3,57
6233,3,65
6234,1,17
6234,2,117
6234,2,113
6234,3,113
6235,1,10
6235,1,64
6235,2,10
6235,3,15
6235,3,151
6236,1,84
6236,1,121
6236,2,123
6236,3,28
6237,1,121
6237,2,33
6237,3,121
6238,1,109
6238,2,33
6238,3,27
6238,3,28
6238,4,3
6239,1,53
6239,1,160
6239,2,160
6239,3,52
6239,3,160
6240,1,76
6240,1,95
6240,1,31
6240,1,17
6240,2,31
6240,3,33
6241,1,86
6241,2,129
6241,2,37
6241,3,106
6241,3,121
6242,1,217
6242,2,123
6242,2,154
6242,3,217
6242,4,217
6243,1,83
6243,2,143
6243,3,143
6244,1,65
6244,1,168
6244,2,76
6244,2,8
6244,3,34
6244,4,16
6244,4,34
6244,5,76
6245,1,32
6245,1,51
6245,2,65
6245,3,51
6245,3,83
6246,1,113
6246,2,28
6246,3,113
6246,3,27
6247,1,10
6247,1,167
6247,2,63
6247,3,31
6248,1,123
6248,1,181
6248,1,15
6248,2,123
6248,3,160
6248,3,155
6249,1,62
6249,2,62
6249,3,216
6249,4,149
6250,1,150
6250,2,121
6250,3,150
6250,3,133
6250,3,106
6250,4,129
6251,1,95
6251,1,19
6251,2,19
6251,3,19
6251,4,25
6251,5,95
6252,1,10
6252,2,89
6252,3,144
6252,3,2
6252,3,10
6253,1,150
6253,1,85
6253,1,88
6253,1,194
6253,2,70
6253,3,105
6254,1,7
6254,1,167
6254,2,194
6254,3,138
6255,1,15
6255,2,15
6255,3,45
6255,4,19
6256,1,44
6256,2,48
6256,2,16
6256,2,39
6256,3,48
6256,4,48
6256,4,4
6257,1,93
6257,1,3
6257,1,67
6257,2,3
6257,2,155
6257,2,67
6257,3,203
6257,4,3
6258,1,89
6258,1,161
6258,2,160
6258,3,2
6258,3,71
6259,1,78
6259,2,14
6259,3,78
6259,4,67
6259,4,14
6260,1,2
6260,2,76
6260,2,35
6260,3,97
6261,1,97
6261,2,67
6261,2,93
6261,3,128
6261,3,3
6262,1,26
6262,2,26
6262,2,59
6262,2,20
6262,3,59
6262,4,217
6262,4,206
6262,5,187
6262,5,23
6262,6,26
6263,1,125
6263,1,44
6263,2,53
6263,2,58
6263,3,123
6263,4,69
6263,4,110
6263,4,138
6264,1,56
6264,2,56
6264,3,21
6264,3,56
6264,4,56
6264,5,56
6264,6,56
6264,7,56
6265,1,198
6265,1,55
6265,2,68
6265,3,195
6265,3,126
6266,1,62
6266,2,82
6266,2,69
6266,3,31
6266,3,32
6266,3,32
6266,3,54
6266,3,69
6267,1,133
6267,1,37
6267,2,133
6267,2,85
6267,3,17
6267,3,85
6268,1,154
6268,2,116
6268,3,154
6268,4,116
6268,4,154
6269,1,52
6269,2,76
6269,3,99
6269,3,2
6269,3,52
6269,4,75
6269,5,164
6269,6,4
6269,6,75
6269,7,146
6269,8,164
6270,1,121
6270,2,179
6270,3,179
6271,1,95
6271,2,87
6271,3,44
6271,4,103
6271,4,28
6271,5,44
6272,1,9
6272,2,56
6272,2,13
6272,3,143
6272,3,138
6273,1,166
6273,2,101
6273,3,79
6273,3,101
6273,3,50
6274,1,118
6274,2,93
6274,3,55
6274,3,60
6274,3,83
6274,3,87
6274,4,160
6274,4,183
6274,5,146
6274,5,55
6275,1,193
6275,2,32
6275,3,193
6275,3,14
6275,4,193
6275,5,14
6276,1,30
6276,2,2
6276,2,30
6276,3,30
6276,3,64
6276,4,199
6277,1,40
6277,2,31
6277,3,40
6277,3,31
6278,1,166
6278,2,148
6278,3,148
6279,1,106
6279,2,78
6279,3,78
6279,4,190
6279,5,34
6279,6,27
6279,6,44
6280,1,201
6280,1,150
6280,2,14
6280,3,188
6280,3,20
6281,1,199
6281,2,12
6281,3,12
6281,3,200
6281,4,12
6282,1,121
6282,1,103
6282,2,157
6282,3,121
6282,3,103
6282,4,16
6282,4,121
6282,5,121
6282,5,16
6283,1,190
6283,2,110
6283,3,28
6284,1,22
6284,1,104
6284,2,22
6284,3,146
6284,3,53
6285,1,98
6285,2,142
6285,3,45
6285,3,187
6285,4,118
6285,5,38
6285,6,155
6285,6,151
6285,7,150
6285,8,141
6285,8,2
6286,1,27
6286,2,38
6286,3,72
6286,3,169
6287,1,204
6287,2,118
6287,3,165
6287,4,165
6287,5,94
6288,1,204
6288,2,204
6288,3,38
6289,1,16
6289,1,160
6289,1,140
6289,2,160
6289,2,16
6289,3,197
6289,3,10
6289,4,140
6289,4,160
6289,4,18
6289,5,197
6289,5,106
6290,1,33
6290,2,39
6290,3,155
6290,3,95
6290,4,39
6291,1,187
6291,2,165
6291,3,69
6292,1,159
6292,2,113
6292,2,157
6292,2,34
6292,3,98
6293,1,33
6293,2,69
6293,2,197
6293,3,16
6294,1,192
6294,2,118
6294,2,78
6294,3,192
6294,3,123
6294,4,67
6294,4,68
6294,4,100
6294,4,137
6294,4,166
6294,5,67
6294,6,41
6294,6,2
6295,1,112
6295,2,112
6295,2,83
6295,3,40
6295,3,112
6296,1,64
6296,2,42
6296,3,47
6296,4,42
6297,1,69
6297,2,98
6297,2,104
6297,3,121
6297,4,188
6298,1,109
6298,1,105
6298,2,105
6298,2,69
6298,2,97
6298,3,28
6298,3,37
6298,3,105
6299,1,211
6299,2,39
6299,3,61
6300,1,201
6300,2,201
6300,2,153
6300,3,201
6301,1,112
6301,1,172
6301,2,95
6301,3,79
6301,4,79
6301,4,108
6301,5,108
6301,5,154
6302,1,6
6302,1,12
6302,1,83
6302,2,87
6302,3,83
6303,1,37
6303,2,129
6303,2,67
6303,3,67
6303,3,129
6304,1,74
6304,2,81
6304,2,74
6304,3,79
6304,3,128
6304,3,80
6305,1,4
6305,2,145
6305,2,164
6305,3,5
6305,3,151
6306,1,110
6306,2,57
6306,3,29
6306,4,4
6307,1,123
6307,1,69
6307,1,126
6307,2,215
6307,3,167
6308,1,209
6308,2,127
6308,3,51
6309,1,173
6309,2,168
6309,3,168
6310,1,88
6310,2,84
6310,3,1
6311,1,191
6311,2,71
6311,3,191
6312,1,81
6312,1,106
6312,2,51
6312,2,28
6312,3,81
6312,3,28
6312,4,55
6312,4,28
6312,5,28
6312,5,55
6313,1,77
6313,1,19
6313,2,162
6313,3,162
6313,4,47
6313,4,62
6314,1,183
6314,2,183
6314,3,164
6314,4,30
6314,5,183
6314,6,25
6315,1,21
6315,2,68
6315,3,95
6315,3,181
6315,4,166
6316,1,98
6316,2,83
6316,2,121
6316,3,121
6316,3,83
6317,1,210
6317,2,210
6317,3,210
6317,4,210
6317,5,95
6318,1,22
6318,2,152
6318,3,44
6318,4,161
6318,4,141
6319,1,112
6319,1,172
6319,2,44
6319,3,12
6319,3,104
6320,1,34
6320,2,89
6320,2,95
6320,3,145
6320,3,30
6321,1,130
6321,2,193
6321,3,20
6321,3,12
6322,1,107
6322,2,33
6322,2,22
6322,3,128
6323,1,62
6323,2,153
6323,2,204
6323,2,89
6323,2,166
6323,2,164
6323,3,94
6323,3,67
6323,4,82
6323,4,193
6323,5,123
6323,5,155
6323,6,125
6323,6,44
6324,1,129
6324,2,9
6324,3,44
6325,1,145
6325,1,113
6325,2,113
6325,2,145
6325,3,113
6325,3,31
6325,4,113
6325,4,193
6325,5,145
6325,5,10
6325,5,113
6326,1,198
6326,2,136
6326,2,191
6326,2,67
6326,3,67
6326,4,72
6326,4,67
6327,1,42
6327,1,85
6327,2,10
6327,3,5
6327,4,128
6328,1,19
6328,2,19
6328,3,19
6328,3,76
6328,4,84
6328,5,19
6329,1,97
6329,2,39
6329,3,39
6329,4,118
6329,5,39
6329,6,25
6329,7,25
6330,1,111
6330,2,94
6330,3,20
6330,3,22
6330,3,188
6331,1,87
6331,2,87
6331,3,112
6332,1,83
6332,2,76
6332,3,214
6333,1,32
6333,2,55
6333,3,38
6333,3,93
6334,1,65
6334,2,42
6334,3,137
6334,3,10
6334,3,82
6335,1,121
6335,1,106
6335,2,133
6335,2,37
6335,3,34
6335,3,37
6336,1,28
6336,1,36
6336,2,127
6336,3,190
6336,4,153
6336,4,129
6337,1,174
6337,2,207
6337,2,144
6337,3,95
6338,1,105
6338,2,105
6338,3,114
6338,4,2
6339,1,76
6339,2,80
6339,2,49
6339,3,83
6340,1,89
6340,2,207
6340,2,89
6340,3,89
6341,1,113
6341,2,97
6341,3,44
6342,1,198
6342,2,33
6342,3,33
6343,1,177
6343,2,190
6343,3,168
6343,4,61
6344,1,4
6344,1,83
6344,1,163
6344,2,163
6344,2,4
6344,3,211
6344,4,83
6344,5,53
6344,5,214
6345,1,64
6345,2,64
6345,3,9
6345,3,76
6346,1,96
6346,1,18
6346,2,13
6346,2,74
6346,2,113
6346,3,87
6346,3,113
6347,1,69
6347,1,50
6347,2,175
6347,3,154
6347,3,50
6347,3,84
6347,3,128
6347,3,175
6348,1,15
6348,1,83
6348,2,10
6348,2,15
6348,3,56
6349,1,67
6349,1,148
6349,2,67
6349,2,21
6349,3,125
6349,4,46
6350,1,148
6350,1,148
6350,2,165
6350,3,93
6351,1,40
6351,1,67
6351,2,40
6351,2,67
6351,3,83
6351,4,40
6351,4,83
6352,1,87
6352,2,87
6352,3,103
6352,3,164
6352,3,161
6352,4,106
6352,4,63
6353,1,121
6353,2,25
6353,2,54
6353,3,133
6353,3,4
6354,1,136
6354,1,192
6354,2,69
6354,3,160
6354,3,119
6355,1,56
6355,2,72
6355,2,144
6355,3,113
6355,3,164
6356,1,161
6356,1,190
6356,2,212
6356,3,168
6357,1,108
6357,1,20
6357,2,146
6357,3,160
6357,3,112
6358,1,65
6358,2,16
6358,2,89
6358,3,103
6358,3,69
6358,4,141
6358,5,123
6359,1,199
6359,2,57
6359,3,69
6359,4,113
6359,4,199
6359,5,107
6360,1,162
6360,1,163
6360,2,58
6360,3,46
6360,4,58
6360,5,160
6361,1,33
6361,2,30
6361,3,33
6361,3,30
6361,3,110
6361,4,110
6362,1,54
6362,1,17
6362,2,113
6362,3,121
6362,3,61
6363,1,31
6363,2,31
6363,2,1
6363,3,31
6364,1,95
6364,1,31
6364,2,16
6364,3,124
6364,3,93
6364,4,16
6364,5,16
6365,1,209
6365,2,52
6365,2,209
6365,3,194
6365,3,93
6365,3,209
6365,4,209
6366,1,83
6366,1,189
6366,1,51
6366,2,160
6366,2,175
6366,2,9
6366,3,160
6366,3,150
6366,3,175
6367,1,120
6367,2,120
6367,3,120
6368,1,95
6368,1,119
6368,1,37
6368,2,44
6368,3,192
6369,1,150
6369,2,150
6369,3,76
6369,3,150
6369,4,150
6369,5,151
6370,1,53
6370,1,76
6370,2,53
6370,3,154
6371,1,123
6371,2,123
6371,3,98
6371,4,120
6371,4,83
6372,1,23
6372,1,130
6372,2,146
6372,2,164
6372,3,71
6372,3,151
6372,3,23
6372,4,23
6373,1,110
6373,1,66
6373,2,93
6373,3,19
6374,1,83
6374,1,54
6374,2,26
6374,3,76
6374,3,54
6375,1,125
6375,2,93
6375,2,23
6375,3,93
6376,1,110
6376,2,93
6376,3,42
6377,1,198
6377,2,143
6377,2,138
6377,3,143
6377,3,138
6377,4,93
6378,1,207
6378,2,101
6378,3,165
6378,4,68
6378,4,101
6378,5,165
6379,1,133
6379,2,106
6379,3,83
6380,1,150
6380,2,150
6380,3,150
6381,1,82
6381,2,140
6381,3,140
6381,4,140
6382,1,124
6382,1,69
6382,2,133
6382,2,43
6382,3,124
6383,1,128
6383,1,69
6383,2,53
6383,3,95
6384,1,103
6384,2,133
6384,3,133
6384,4,40
6384,5,40
6384,5,133
6384,6,121
6384,7,133
6384,8,133
6384,8,40
6385,1,98
6385,1,73
6385,1,157
6385,2,107
6385,2,2
6385,3,132
6385,3,73
6385,4,73
6385,4,157
6386,1,182
6386,1,83
6386,2,2
6386,3,83
6387,1,93
6387,1,36
6387,2,78
6387,2,77
6387,3,93
6387,4,93
6387,4,36
6387,4,132
6387,4,20
6388,1,116
6388,1,73
6388,2,140
6388,3,61
6388,3,116
6388,3,115
6388,3,156
6388,3,83
6388,4,61
6388,4,156
6388,4,115
6388,4,73
6389,1,56
6389,2,117
6389,3,150
6389,4,117
6390,1,157
6390,1,21
6390,1,160
6390,2,157
6390,2,131
6390,3,113
6391,1,133
6391,1,84
6391,2,164
6391,2,83
6391,3,12
6391,3,28
6392,1,153
6392,1,15
6392,1,130
6392,2,175
6392,3,37
6392,4,77
6392,5,76
6392,6,98
6392,6,116
6392,6,114
6392,7,128
6392,7,69
6393,1,120
6393,1,162
6393,2,44
6393,3,67
6393,3,113
6393,3,125
6394,1,85
6394,2,187
6394,3,44
6395,1,107
6395,1,73
6395,2,4
6395,3,212
6395,3,84
6395,4,73
6395,4,79
6395,5,79
6395,6,98
6396,1,180
6396,2,29
6396,3,180
6397,1,70
6397,2,70
6397,3,69
6397,3,70
6398,1,161
6398,2,197
6398,2,161
6398,3,197
6399,1,36
6399,2,99
6399,2,34
6399,3,186
6400,1,189
6400,1,76
6400,2,29
6400,3,76
6401,1,123
6401,1,83
6401,2,98
6401,3,123
6401,3,113
6401,3,17
6401,3,79
6402,1,119
6402,2,63
6402,2,67
6402,3,110
6402,4,190
6403,1,143
6403,2,143
6403,3,143
6403,4,130
6404,1,113
6404,1,120
6404,2,160
6404,2,123
6404,3,113
6405,1,160
6405,1,141
6405,2,80
6405,2,83
6405,3,106
6405,3,80
6406,1,21
6406,2,25
6406,2,106
6406,3,125
6406,4,25
6406,5,21
6406,6,106
6406,7,152
6406,8,21
6406,9,106
6406,9,25
6407,1,56
6407,2,113
6407,3,56
6407,4,83
6407,4,56
6407,5,120
6408,1,40
6408,1,149
6408,2,10
6408,3,40
6408,3,6
6409,1,148
6409,2,216
6409,3,148
6409,4,13
6410,1,110
6410,2,174
6410,2,100
6410,3,174
6410,3,100
6410,4,174
6410,4,43
6411,1,144
6411,2,113
6411,3,144
6411,3,113
6412,1,31
6412,2,109
6412,2,12
6412,2,29
6412,3,109
6412,3,12
6412,4,12
6412,5,109
6412,5,12
6412,5,29
6413,1,58
6413,1,25
6413,2,58
6413,3,53
6413,3,103
6413,4,91
6414,1,57
6414,2,70
6414,2,69
6414,3,51
6414,3,83
6415,1,21
6415,2,165
6415,3,23
6416,1,125
6416,2,82
6416,2,83
6416,3,95
6416,3,193
6416,4,131
6417,1,100
6417,2,207
6417,2,100
6417,3,208
6418,1,113
6418,2,56
6418,3,56
6418,4,112
6418,4,106
6418,5,28
6418,6,56
6419,1,38
6419,2,75
6419,2,38
6419,3,38
6420,1,76
6420,2,28
6420,3,113
6420,4,106
6420,5,83
6420,6,83
6421,1,89
6421,1,106
6421,1,138
6421,2,87
6421,3,159
6421,3,24
6422,1,130
6422,2,38
6422,2,87
6422,3,62
6423,1,51
6423,2,119
6423,3,89
6423,4,195
6424,1,120
6424,2,181
6424,2,124
6424,2,77
6424,2,204
6424,3,110
6424,4,93
6424,5,20
6424,5,104
6424,5,184
6425,1,113
6425,1,84
6425,2,103
6425,3,84
6425,3,190
6426,1,120
6426,2,176
6426,3,103
6426,4,120
6426,4,33
6426,5,190
6427,1,25
6427,2,103
6427,3,78
6428,1,149
6428,2,36
6428,3,36
6429,1,115
6429,1,113
6429,2,113
6429,2,69
6429,3,67
6430,1,97
6430,2,33
6430,3,156
6430,3,62
6431,1,172
6431,1,28
6431,2,172
6431,2,81
6431,3,1
6431,3,80
6431,3,79
6432,1,126
6432,2,178
6432,3,83
6433,1,118
6433,2,14
6433,2,133
6433,3,173
6433,4,93
6434,1,76
6434,2,37
6434,2,98
6434,3,144
6434,4,191
6434,4,99
6435,1,177
6435,2,83
6435,2,73
6435,3,83
6435,3,3
6436,1,117
6436,1,83
6436,2,113
6436,2,117
6436,3,131
6436,3,117
6436,4,113
6436,4,117
6436,5,117
6436,6,167
6436,6,117
6436,7,117
6437,1,160
6437,2,67
6437,3,202
6438,1,106
6438,1,37
6438,2,36
6438,2,83
6438,3,83
6438,3,37
6438,3,6
6439,1,122
6439,1,190
6439,2,155
6439,2,83
6439,3,122
6440,1,93
6440,2,14
6440,3,32
6441,1,125
6441,2,22
6441,3,20
6442,1,83
6442,2,210
6442,3,89
6442,3,160
6442,4,187
6443,1,67
6443,2,72
6443,3,180
6444,1,69
6444,2,50
6444,2,2
6444,2,51
6444,3,116
6444,3,184
6444,3,76
6445,1,199
6445,1,200
6445,2,209
6445,2,139
6445,2,12
6445,2,96
6445,2,85
6445,3,63
6445,3,55
6445,3,124
6446,1,190
6446,2,190
6446,2,178
6446,3,123
6446,3,127
6446,3,93
6446,3,82
6446,4,127
6446,4,123
6446,5,190
6446,6,162
6446,6,123
6446,7,123
6446,8,21
6446,8,127
6446,9,190
6446,10,162
6447,1,95
6447,2,9
6447,3,151
6448,1,73
6448,2,160
6448,3,144
6448,3,83
6449,1,57
6449,2,173
6449,2,67
6449,2,147
6449,3,67
6449,3,160
6449,4,67
6450,1,130
6450,2,130
6450,3,38
6451,1,150
6451,2,125
6451,3,77
6451,4,77
6451,5,23
6452,1,23
6452,1,71
6452,1,158
6452,2,173
6452,2,40
6452,3,123
6452,3,25
6452,3,53
6452,3,77
6452,3,13
6452,3,146
6452,4,179
6453,1,7
6453,1,207
6453,2,7
6453,3,4
6454,1,57
6454,2,78
6454,3,161
6454,3,152
6454,3,4
6454,4,161
6455,1,113
6455,1,87
6455,2,83
6455,2,87
6455,3,113
6455,3,87
6456,1,57
6456,2,113
6456,3,73
6457,1,95
6457,2,10
6457,3,10
6458,1,194
6458,2,212
6458,2,113
6458,3,100
6459,1,213
6459,1,42
6459,1,174
6459,1,66
6459,2,201
6459,2,31
6459,3,201
6459,3,213
6459,3,151
6460,1,2
6460,1,51
6460,1,150
6460,2,38
6460,3,51
6460,3,51
6461,1,63
6461,1,4
6461,2,63
6461,2,4
6461,3,75
6462,1,176
6462,2,55
6462,3,14
6463,1,121
6463,2,216
6463,2,73
6463,2,212
6463,3,211
6464,1,4
6464,2,80
6464,2,113
6464,3,113
6465,1,121
6465,1,110
6465,2,78
6465,3,121
6465,4,121
6466,1,182
6466,1,69
6466,1,39
6466,1,205
6466,1,119
6466,1,113
6466,2,39
6466,3,39
6466,3,166
6466,3,10
6466,3,69
6466,4,39
6466,5,131
6466,6,72
6467,1,67
6467,2,127
6467,3,145
6468,1,160
6468,1,150
6468,2,69
6468,3,161
6469,1,96
6469,2,162
6469,3,47
6470,1,160
6470,2,57
6470,3,78
6471,1,13
6471,2,208
6471,3,13
6472,1,57
6472,2,57
6472,3,57
6473,1,199
6473,2,55
6473,2,13
6473,3,174
6473,4,55
6473,5,119
6474,1,151
6474,1,31
6474,1,201
6474,2,31
6474,2,34
6474,3,47
6475,1,146
6475,1,160
6475,2,123
6475,3,166
6476,1,55
6476,2,117
6476,2,72
6476,3,92
6476,3,117
6477,1,21
6477,2,164
6477,3,21
6478,1,70
6478,2,39
6478,2,189
6478,2,10
6478,2,2
6478,2,48
6478,3,112
6479,1,197
6479,2,170
6479,3,215
6480,1,113
6480,2,27
6480,3,61
6481,1,28
6481,2,95
6481,3,120
6481,3,154
6482,1,75
6482,2,75
6482,2,113
6482,3,44
6483,1,161
6483,2,25
6483,3,128
6484,1,118
6484,1,202
6484,2,146
6484,2,61
6484,3,55
6484,3,61
6485,1,67
6485,2,146
6485,3,125
6486,1,179
6486,2,136
6486,3,136
6487,1,170
6487,2,73
6487,2,170
6487,3,170
6487,3,16
6487,4,170
6487,4,195
6487,5,170
6487,6,195
6488,1,150
6488,2,69
6488,2,70
6488,3,48
6489,1,76
6489,2,44
6489,3,76
6490,1,65
6490,2,181
6490,3,173
6491,1,84
6491,1,145
6491,2,78
6491,3,145
6491,3,110
6491,3,53
6492,1,34
6492,1,55
6492,1,160
6492,2,69
6492,3,34
6492,4,34
6493,1,67
6493,1,176
6493,2,67
6493,3,176
6494,1,182
6494,2,119
6494,3,57
6494,3,119
6495,1,45
6495,2,27
6495,2,214
6495,2,29
6495,3,140
6496,1,83
6496,1,139
6496,2,89
6496,3,76
6497,1,118
6497,1,126
6497,2,110
6497,3,64
6498,1,188
6498,2,212
6498,3,85
6498,3,183
6498,4,120
6498,5,179
6498,6,178
6498,7,153
6498,7,178
6498,7,83
6498,7,122
6499,1,1
6499,1,194
6499,1,151
6499,1,42
6499,2,194
6499,3,133
6499,3,112
6499,3,172
6499,3,108
6500,1,9
6500,1,98
6500,2,58
6500,2,61
6500,2,156
6500,3,78
6500,3,69
6500,4,95
6500,5,78
6500,6,95
6501,1,86
6501,2,40
6501,2,121
6501,2,35
6501,3,190
6501,4,121
6501,4,40
6501,5,121
6501,6,56
6502,1,84
6502,2,39
6502,3,67
6503,1,64
6503,1,12
6503,2,207
6503,2,1
6503,2,148
6503,3,144
6504,1,36
6504,2,55
6504,2,36
6504,2,161
6504,2,147
6504,3,129
6505,1,67
6505,2,84
6505,2,67
6505,3,194
6506,1,113
6506,1,51
6506,2,150
6506,2,83
6506,3,48
6506,4,113
6506,4,51
6506,5,113
6506,5,104
6506,6,89
6506,6,28
6507,1,160
6507,2,113
6507,2,212
6507,3,106
6507,4,129
6507,4,48
6507,5,213
6507,6,160
6508,1,70
6508,2,58
6508,2,61
6508,3,58
6509,1,150
6509,2,120
6509,3,141
6510,1,95
6510,1,78
6510,1,87
6510,1,163
6510,2,6
6510,3,163
6510,3,113
6511,1,137
6511,2,41
6511,2,14
6511,3,117
6511,3,140
6512,1,168
6512,1,198
6512,2,21
6512,3,69
6513,1,161
6513,2,129
6513,2,121
6513,3,190
6513,4,21
6513,5,107
6513,6,107
6513,7,186
6513,8,121
6513,9,97
6513,9,2
6513,10,76
6514,1,17
6514,2,17
6514,3,199
6514,4,199
6514,4,209
6514,5,27
6514,6,199
6515,1,4
6515,1,122
6515,2,121
6515,3,4
6515,4,157
6515,4,197
6516,1,101
6516,2,67
6516,2,101
6516,3,12
6516,3,112
6516,3,101
6516,3,100
6516,3,50
6516,4,179
6516,4,180
6516,5,180
6517,1,33
6517,1,11
6517,2,11
6517,3,11
6517,4,11
6517,5,11
6517,6,11
6517,7,194
6517,7,11
6517,8,11
6518,1,67
6518,2,67
6518,3,67
6518,4,95
6519,1,89
6519,2,194
6519,3,88
6519,3,63
6519,4,164
6519,5,43
6519,5,169
6520,1,176
6520,2,15
6520,3,31
6521,1,25
6521,1,95
6521,1,38
6521,2,183
6521,2,160
6521,3,38
6522,1,162
6522,1,121
6522,2,121
6522,2,162
6522,3,162
6522,3,121
6522,4,216
6522,4,162
6523,1,49
6523,2,120
6523,2,49
6523,3,49
6524,1,38
6524,2,155
6524,3,148
6524,3,166
6524,4,166
6524,5,23
6524,5,32
6524,5,48
6524,6,101
6524,6,23
6525,1,104
6525,1,198
6525,1,14
6525,2,100
6525,2,126
6525,3,188
6525,3,214
6526,1,95
6526,2,6
6526,3,6
6527,1,148
6527,2,202
6527,3,148
6528,1,21
6528,2,67
6528,3,161
6529,1,202
6529,2,202
6529,2,69
6529,3,119
6529,4,52
6529,4,83
6530,1,208
6530,1,81
6530,2,165
6530,3,190
6531,1,48
6531,2,150
6531,2,113
6531,3,156
6531,3,48
6531,3,47
6531,4,48
6531,5,48
6531,5,113
6531,6,150
6531,6,113
6532,1,69
6532,2,156
6532,3,54
6533,1,128
6533,2,76
6533,2,128
6533,3,76
6533,3,149
6533,3,128
6533,4,128
6533,5,76
6533,5,143
6533,6,18
6534,1,32
6534,2,93
6534,2,69
6534,3,150
6534,3,51
6535,1,44
6535,2,53
6535,2,76
6535,2,164
6535,3,22
6535,3,44
6536,1,83
6536,2,99
6536,3,65
6537,1,83
6537,1,16
6537,2,16
6537,3,89
6537,4,120
6537,4,76
6537,4,16
6537,5,11
6538,1,132
6538,2,84
6538,3,36
6538,3,151
6538,4,16
6539,1,63
6539,1,76
6539,2,81
6539,2,112
6539,2,172
6539,2,67
6539,3,128
6539,3,69
6539,4,63
6539,4,136
6540,1,28
6540,2,28
6540,3,28
6541,1,67
6541,2,21
6541,3,64
6541,4,67
6542,1,20
6542,1,159
6542,2,108
6542,3,57
6543,1,172
6543,2,172
6543,2,83
6543,3,190
6543,3,172
6543,4,172
6543,5,123
6544,1,67
6544,1,177
6544,1,96
6544,2,78
6544,3,73
6544,3,132
6544,3,155
6544,4,95
6545,1,87
6545,2,123
6545,3,61
6545,3,75
6545,3,73
6545,3,83
6545,4,87
6545,5,34
6545,6,37
6546,1,51
6546,1,48
6546,1,50
6546,1,123
6546,2,51
6546,3,175
6546,3,50
6546,4,20
6546,5,117
6546,5,95
6547,1,73
6547,1,67
6547,2,67
6547,3,67
6547,4,67
6548,1,118
6548,2,34
6548,3,50
6548,3,16
6548,3,141
6549,1,166
6549,2,187
6549,2,148
6549,3,44
6549,4,4
6550,1,46
6550,1,19
6550,1,20
6550,2,19
6550,3,19
6550,4,108
6550,5,18
6550,5,193
6551,1,101
6551,2,89
6551,2,145
6551,2,63
6551,3,120
6551,3,171
6551,3,32
6552,1,148
6552,2,160
6552,3,90
6552,3,148
6553,1,103
6553,1,149
6553,2,122
6553,2,28
6553,3,157
6554,1,27
6554,2,19
6554,3,38
6554,4,53
6554,4,101
6554,5,155
6554,5,13
6554,6,38
6555,1,150
6555,1,207
6555,1,176
6555,2,93
6555,3,79
6555,3,121
6555,3,26
6556,1,24
6556,1,164
6556,2,146
6556,2,153
6556,3,54
6556,4,146
6556,4,24
6557,1,209
6557,2,209
6557,3,97
6557,3,209
6557,4,128
6558,1,63
6558,2,72
6558,2,63
6558,3,160
6558,3,63
6558,4,63
6558,4,160
6558,5,5
6558,6,160
6558,6,63
6558,7,160
6558,7,23
6558,8,83
6558,8,23
6559,1,175
6559,2,80
6559,2,131
6559,3,80
6560,1,77
6560,2,213
6560,3,201
6560,3,168
6560,3,76
6561,1,69
6561,2,194
6561,3,4
6561,3,87
6561,4,194
6562,1,28
6562,2,63
6562,3,76
6562,3,150
6562,3,50
6562,3,78
6562,4,190
6562,5,127
6562,6,124
6563,1,197
6563,2,121
6563,3,121
6563,4,6
6563,5,121
6564,1,141
6564,1,95
6564,2,16
6564,3,21
6564,3,150
6564,4,141
6564,4,76
6564,5,141
6565,1,25
6565,2,25
6565,2,72
6565,3,38
6566,1,145
6566,1,76
6566,2,53
6566,2,95
6566,3,113
6566,3,53
6566,3,103
6566,3,155
6567,1,127
6567,1,64
6567,2,142
6567,3,142
6567,4,142
6567,4,162
6568,1,38
6568,2,100
6568,2,87
6568,2,53
6568,3,155
6568,3,67
6568,4,76
6568,4,217
6568,5,83
6568,5,217
6569,1,119
6569,2,4
6569,3,80
6569,4,119
6570,1,50
6570,2,4
6570,3,95
6570,3,50
6570,4,123
6571,1,11
6571,2,179
6571,3,11
6571,3,151
6572,1,36
6572,2,98
6572,3,48
6572,4,98
6572,5,98
6573,1,125
6573,1,78
6573,2,78
6573,3,190
6573,4,190
6573,5,101
6573,6,101
6574,1,10
6574,2,52
6574,3,52
6574,3,76
6574,3,89
6574,4,130
6574,5,198
6575,1,152
6575,2,69
6575,2,189
6575,2,113
6575,3,40
6575,3,125
6575,3,114
6575,4,2
6575,4,105
6575,4,15
6575,4,152
6576,1,169
6576,2,157
6576,2,2
6576,2,9
6576,2,78
6576,3,169
6577,1,193
6577,1,84
6577,2,61
6577,2,140
6577,3,211
6578,1,69
6578,2,158
6578,2,120
6578,2,151
6578,3,2
6578,4,120
6578,4,99
6578,5,4
6578,5,120
6578,5,158
6578,5,23
6578,6,90
6578,7,113
6578,7,120
6578,7,71
6578,7,210
6579,1,128
6579,1,70
6579,2,70
6579,2,90
6579,3,25
6579,3,63
6579,3,4
6580,1,152
6580,2,152
6580,3,34
6581,1,79
6581,1,95
6581,1,196
6581,1,8
6581,2,61
6581,2,45
6581,2,170
6581,3,79
6581,3,149
6581,3,153
6582,1,150
6582,2,193
6582,3,193
6582,4,155
6583,1,153
6583,1,133
6583,1,52
6583,2,52
6583,3,6
6583,3,52
6583,4,133
6583,4,153
6583,4,6
6583,4,52
6584,1,77
6584,2,99
6584,3,197
6584,3,21
6585,1,83
6585,1,63
6585,2,83
6585,3,93
6586,1,148
6586,2,137
6586,3,207
6587,1,76
6587,1,179
6587,1,171
6587,2,171
6587,3,14
6587,4,167
6588,1,31
6588,2,83
6588,2,66
6588,3,66
6588,3,83
6588,4,83
6589,1,130
6589,2,15
6589,3,141
6589,3,154
6589,4,153
6589,4,141
6589,5,198
6589,5,141
6590,1,141
6590,2,56
6590,2,69
6590,3,101
6590,3,155
6590,3,54
6590,4,146
6590,4,113
6591,1,120
6591,1,205
6591,2,205
6591,3,76
6591,3,196
6591,3,120
6591,4,103
6592,1,210
6592,2,70
6592,3,70
6592,4,70
6592,5,70
6593,1,106
6593,1,61
6593,2,102
6593,2,156
6593,3,156
6593,4,105
6593,4,156
6593,4,102
6593,5,105
6594,1,123
6594,2,4
6594,2,128
6594,2,156
6594,2,53
6594,3,128
6595,1,113
6595,1,66
6595,1,57
6595,2,57
6595,3,108
6595,3,160
6595,4,39
6595,5,103
6595,5,72
6595,6,137
6595,6,109
6596,1,50
6596,1,178
6596,2,79
6596,3,133
6597,1,12
6597,1,110
6597,1,45
6597,2,110
6597,3,12
6597,3,45
6597,3,47
6598,1,216
6598,2,166
6598,3,204
6598,3,121
6599,1,124
6599,2,84
6599,2,133
6599,3,21
6599,4,2
6599,4,217
6599,4,36
6599,5,21
6599,6,84
6600,1,67
6600,2,136
6600,2,166
6600,2,67
6600,3,67
6600,4,67
6601,1,4
6601,2,53
6601,2,4
6601,2,25
6601,3,25
6602,1,104
6602,2,107
6602,2,101
6602,3,137
6602,4,204
6602,4,52
6602,5,194
6603,1,210
6603,2,27
6603,3,66
6603,3,109
6604,1,129
6604,2,36
6604,3,36
6604,3,123
6605,1,216
6605,2,64
6605,3,101
6605,4,62
6606,1,27
6606,2,188
6606,3,22
6606,4,64
6606,4,162
6606,4,12
6607,1,116
6607,2,150
6607,2,83
6607,2,72
6607,3,50
6607,4,160
6607,4,116
6607,4,115
6607,4,113
6607,5,115
6607,5,72
6608,1,157
6608,1,136
6608,1,216
6608,2,83
6608,3,83
6609,1,43
6609,1,89
6609,2,167
6609,2,23
6609,3,46
6610,1,93
6610,2,91
6610,3,131
6611,1,189
6611,1,51
6611,2,39
6611,3,115
6612,1,27
6612,2,171
6612,2,14
6612,2,78
6612,3,162
6612,3,193
6612,3,202
6613,1,214
6613,2,214
6613,3,170
6614,1,38
6614,2,165
6614,3,166
6614,3,206
6614,4,21
6614,4,100
6614,5,38
6615,1,16
6615,2,50
6615,2,40
6615,2,16
6615,3,16
6615,3,50
6615,3,2
6615,4,103
6616,1,67
6616,2,67
6616,3,38
6616,3,3
6616,3,121
6617,1,105
6617,1,48
6617,1,166
6617,2,34
6617,3,111
6618,1,150
6618,2,21
6618,3,150
6619,1,5
6619,1,127
6619,2,16
6619,3,64
6619,3,154
6619,4,58
6620,1,187
6620,2,117
6620,3,82
6621,1,31
6621,1,43
6621,2,43
6621,2,214
6621,3,43
6621,3,174
6621,4,174
6621,4,43
6621,5,43
6621,5,174
6621,6,174
6621,6,43
6621,7,174
6622,1,83
6622,1,175
6622,2,106
6622,3,51
6622,3,160
6622,4,3
6622,4,51
6623,1,67
6623,1,95
6623,1,52
6623,2,120
6623,2,76
6623,3,67
6623,3,83
6624,1,125
6624,2,124
6624,3,98
6624,4,130
6625,1,123
6625,2,155
6625,3,180
6625,3,91
6625,4,78
6626,1,25
6626,2,53
6626,3,152
6626,4,53
6626,4,161
6627,1,208
6627,1,166
6627,2,165
6627,3,166
6628,1,209
6628,2,58
6628,3,128
6628,3,61
6629,1,99
6629,2,66
6629,3,99
6629,4,99
6629,5,99
6630,1,58
6630,1,145
6630,1,148
6630,2,1
6630,3,113
6630,3,87
6630,4,80
6630,4,113
6630,5,216
6631,1,29
6631,2,120
6631,3,123
6632,1,73
6632,2,182
6632,2,60
6632,3,73
6632,4,60
6632,4,73
6632,4,86
6632,5,61
6633,1,146
6633,1,32
6633,2,21
6633,3,5
6634,1,160
6634,1,181
6634,2,81
6634,2,72
6634,3,81
6634,3,136
6635,1,11
6635,2,14
6635,3,11
6635,4,14
6635,5,179
6635,6,14
6635,7,14
6635,8,179
6636,1,63
6636,1,27
6636,2,15
6636,3,203
6637,1,32
6637,2,92
6637,3,32
6638,1,27
6638,2,83
6638,2,63
6638,2,27
6638,3,83
6638,3,54
6638,4,27
6638,4,170
6638,5,27
6639,1,73
6639,2,2
6639,2,73
6639,2,95
6639,2,4
6639,3,73
6639,4,34
6640,1,193
6640,2,125
6640,2,84
6640,2,21
6640,3,193
6641,1,202
6641,2,202
6641,3,202
6641,4,202
6641,5,202
6641,6,202
6642,1,190
6642,2,73
6642,3,62
6642,3,73
6643,1,205
6643,1,5
6643,1,113
6643,2,28
6643,3,119
6643,3,106
6644,1,4
6644,2,56
6644,3,139
6644,4,56
6645,1,121
6645,2,121
6645,2,160
6645,3,150
6645,4,28
6646,1,88
6646,2,10
6646,3,83
6647,1,110
6647,2,126
6647,3,2
6647,3,3
6647,3,126
6648,1,178
6648,1,95
6648,1,11
6648,2,187
6648,3,36
6648,3,72
6649,1,10
6649,2,75
6649,2,25
6649,3,44
6650,1,166
6650,2,98
6650,3,123
6650,4,123
6651,1,34
6651,2,2
6651,3,177
6651,3,97
6652,1,164
6652,1,25
6652,2,29
6652,3,9
6653,1,119
6653,1,83
6653,2,37
6653,3,135
6654,1,102
6654,1,71
6654,1,2
6654,2,198
6654,3,102
6654,4,53
6654,4,102
6654,5,216
6654,6,102
6654,6,208
6654,6,53
6654,7,102
6655,1,52
6655,2,52
6655,3,52
6655,4,153
6655,5,52
6656,1,85
6656,2,118
6656,2,37
6656,3,61
6656,3,140
6656,4,186
6656,5,107
6657,1,79
6657,2,80
6657,2,79
6657,3,79
6657,4,79
6657,5,79
6657,6,79
6658,1,4
6658,2,4
6658,2,67
6658,3,48
6658,3,51
6658,3,4
6659,1,22
6659,2,113
6659,3,99
6660,1,90
6660,1,39
6660,1,113
6660,1,79
6660,2,44
6660,3,2
6660,3,121
6660,3,149
6661,1,41
6661,1,31
6661,1,174
6661,2,22
6661,2,162
6661,3,65
6661,4,162
6662,1,21
6662,2,161
6662,2,53
6662,3,161
6662,4,108
6663,1,85
6663,2,78
6663,3,112
6663,4,96
6663,4,81
6664,1,9
6664,1,69
6664,2,97
6664,2,48
6664,3,48
6664,3,141
6664,4,115
6664,4,114
6665,1,101
6665,1,93
6665,1,133
6665,2,11
6665,3,93
6665,4,133
6665,4,101
6666,1,160
6666,1,67
6666,2,159
6666,2,160
6666,3,159
6666,4,159
6666,4,83
6667,1,54
6667,2,54
6667,3,102
6667,3,100
6668,1,125
6668,1,11
6668,2,76
6668,2,133
6668,3,151
6668,3,133
6668,4,69
6668,4,150
6668,4,151
6669,1,16
6669,2,120
6669,2,84
6669,3,61
6669,3,181
6669,4,78
6669,4,168
6669,5,168
6669,6,82
6669,7,168
6669,7,16
6669,7,181
6669,7,82
6670,1,74
6670,2,4
6670,3,74
6670,4,119
6670,5,74
6671,1,69
6671,2,106
6671,3,106
6671,3,54
6672,1,106
6672,1,177
6672,2,19
6672,3,127
6673,1,72
6673,2,117
6673,2,50
6673,2,96
6673,3,72
6673,4,167
6674,1,44
6674,2,38
6674,2,155
6674,3,206
6674,4,145
6674,4,55
6674,5,44
6675,1,157
6675,2,76
6675,2,169
6675,3,128
6675,4,92
6675,4,128
6675,4,157
6675,4,47
6676,1,139
6676,2,160
6676,3,126
6677,1,175
6677,2,75
6677,3,197
6678,1,78
6678,1,174
6678,2,100
6678,3,166
6679,1,93
6679,2,93
6679,3,93
6680,1,24
6680,2,24
6680,2,18
6680,3,113
6680,4,69
6680,5,29
6680,5,18
6680,6,18
6680,6,29
6681,1,123
6681,2,123
6681,2,95
6681,3,6
6681,3,95
6682,1,131
6682,2,177
6682,2,67
6682,3,28
6682,3,67
6683,1,5
6683,2,34
6683,2,151
6683,3,21
6684,1,113
6684,2,113
6684,2,147
6684,3,166
6684,4,123
6684,4,172
6684,5,41
6684,5,113
6685,1,175
6685,2,141
6685,3,63
6685,3,160
6685,4,24
6685,4,141
6686,1,215
6686,2,131
6686,3,21
6687,1,104
6687,2,32
6687,3,198
6687,3,173
6688,1,50
6688,1,51
6688,1,168
6688,1,60
6688,1,160
6688,2,131
6688,2,39
6688,3,50
6688,4,168
6688,4,153
6688,4,175
6688,4,51
6689,1,159
6689,2,159
6689,3,37
6690,1,105
6690,2,151
6690,3,105
6690,4,2
6690,4,76
6690,4,105
6690,4,73
6690,5,83
6690,5,105
6691,1,52
6691,1,155
6691,1,202
6691,2,202
6691,3,52
6691,3,155
6692,1,166
6692,2,166
6692,3,4
6693,1,158
6693,2,71
6693,3,158
6694,1,202
6694,2,202
6694,3,118
6695,1,52
6695,2,2
6695,2,89
6695,3,97
6695,3,16
6695,3,168
6695,4,192
6695,4,83
6695,5,103
6696,1,44
6696,2,83
6696,2,67
6696,3,98
6697,1,57
6697,2,98
6697,2,82
6697,3,44
6697,4,44
6697,5,82
6697,5,113
6698,1,16
6698,1,120
6698,2,4
6698,3,4
6698,3,120
6698,4,61
6698,4,120
6699,1,41
6699,1,30
6699,2,213
6699,2,138
6699,3,174
6700,1,97
6700,1,95
6700,2,95
6700,3,95
6700,4,95
6700,5,95
6701,1,150
6701,1,40
6701,1,4
6701,2,69
6701,3,19
6702,1,10
6702,2,47
6702,3,5
6702,4,110
6702,5,63
6702,5,110
6702,6,110
6702,7,110
6703,1,12
6703,2,88
6703,3,14
6704,1,98
6704,2,145
6704,2,30
6704,2,46
6704,3,93
6705,1,53
6705,1,106
6705,2,185
6705,2,209
6705,3,168
6706,1,31
6706,1,113
6706,2,88
6706,3,31
6706,4,174
6706,5,96
6707,1,94
6707,1,27
6707,2,27
6707,3,27
6708,1,90
6708,2,52
6708,3,52
6708,4,52
6709,1,83
6709,2,76
6709,2,69
6709,3,83
6710,1,143
6710,1,174
6710,2,143
6710,2,206
6710,3,143
6710,4,143
6710,4,174
6710,4,206
6711,1,25
6711,2,21
6711,3,162
6711,3,79
6712,1,150
6712,2,88
6712,3,160
6712,3,150
6713,1,125
6713,1,38
6713,2,6
6713,2,38
6713,3,83
6713,3,38
6713,3,25
6713,4,20
6713,4,63
6713,4,38
6713,5,38
6713,6,38
6714,1,160
6714,2,10
6714,3,125
6715,1,92
6715,2,164
6715,2,89
6715,3,67
6715,4,69
6715,5,90
6715,5,70
6716,1,190
6716,2,87
6716,2,136
6716,3,100
6716,4,44
6717,1,4
6717,1,47
6717,2,4
6717,3,123
6718,1,197
6718,1,124
6718,1,94
6718,2,76
6718,2,175
6718,2,73
6718,2,48
6718,2,51
6718,3,93
6718,3,94
6718,4,48
6718,4,175
6718,5,95
6718,5,105
6718,5,184
6719,1,53
6719,2,53
6719,3,29
6720,1,55
6720,2,95
6720,2,55
6720,3,55
6720,4,123
6720,5,61
6721,1,192
6721,2,113
6721,3,192
6721,3,113
6722,1,144
6722,2,76
6722,3,144
6722,4,98
6722,5,164
6723,1,1
6723,1,115
6723,2,166
6723,3,196
6723,4,73
6724,1,116
6724,1,184
6724,2,184
6724,2,116
6724,3,39
6724,4,116
6724,4,76
6724,4,105
6724,4,69
6724,5,70
6724,5,40
6724,5,39
6724,6,211
6725,1,98
6725,2,209
6725,2,53
6725,2,1
6725,2,58
6725,3,99
6725,4,53
6725,4,176
6725,4,153
6726,1,81
6726,2,54
6726,2,164
6726,3,80
6727,1,76
6727,2,151
6727,3,151
6728,1,180
6728,2,59
6728,3,113
6728,4,17
6728,4,199
6728,5,143
6729,1,10
6729,2,127
6729,2,164
6729,2,87
6729,2,54
6729,3,10
6730,1,203
6730,2,67
6730,3,94
6731,1,123
6731,2,123
6731,3,123
6731,4,131
6731,4,155
6731,4,83
6731,5,188
6731,6,123
6731,7,83
6731,8,76
6732,1,121
6732,2,72
6732,3,72
6732,3,121
6733,1,152
6733,2,155
6733,3,152
6733,4,186
6733,4,2
6734,1,48
6734,1,51
6734,2,115
6734,2,83
6734,3,106
6735,1,33
6735,1,109
6735,2,33
6735,2,123
6735,2,4
6735,3,33
6736,1,41
6736,1,39
6736,1,113
6736,2,208
6736,2,41
6736,2,165
6736,3,61
6737,1,121
6737,2,216
6737,2,136
6737,3,21
6737,3,100
6737,3,216
6737,4,21
6737,4,136
6737,4,121
6737,5,121
6738,1,129
6738,2,176
6738,2,129
6738,3,29
6739,1,124
6739,1,78
6739,2,106
6739,3,125
6739,3,211
6739,4,37
6739,5,28
6740,1,129
6740,2,129
6740,2,10
6740,2,85
6740,3,10
6740,3,129
6740,4,129
6740,5,10
6741,1,189
6741,2,189
6741,2,140
6741,3,94
6742,1,130
6742,2,52
6742,3,203
6743,1,76
6743,2,76
6743,3,110
6744,1,80
6744,2,127
6744,3,10
6744,3,70
6744,4,152
6744,4,127
6744,4,78
6744,5,152
6744,6,10
6744,6,127
6744,6,70
6745,1,40
6745,2,123
6745,3,141
6745,3,40
6745,4,180
6746,1,119
6746,2,16
6746,3,119
6747,1,55
6747,1,72
6747,1,53
6747,2,119
6747,2,123
6747,3,99
6747,4,147
6747,4,145
6747,5,58
6747,5,192
6748,1,163
6748,1,161
6748,2,98
6748,3,161
6748,3,53
6748,4,69
6749,1,10
6749,1,55
6749,1,113
6749,2,97
6749,3,55
6749,3,113
6749,4,10
6750,1,7
6750,2,28
6750,2,7
6750,3,7
6751,1,150
6751,1,160
6751,2,150
6751,2,51
6751,3,34
6751,4,97
6751,4,95
6751,5,99
6752,1,160
6752,2,100
6752,3,30
6752,4,14
6753,1,50
6753,2,29
6753,3,150
6753,3,51
6753,4,133
6753,5,9
6753,6,197
6753,6,69
6753,7,22
6754,1,205
6754,2,77
6754,3,87
6754,4,112
6754,4,101
6754,4,155
6755,1,145
6755,1,57
6755,2,180
6755,3,180
6756,1,61
6756,1,73
6756,1,53
6756,1,76
6756,2,73
6756,3,25
6757,1,141
6757,1,28
6757,2,141
6757,2,113
6757,2,150
6757,2,83
6757,2,2
6757,3,15
6757,3,102
6757,4,113
6757,5,105
6757,5,80
6757,5,98
6757,6,49
6757,6,95
6758,1,164
6758,1,83
6758,2,89
6758,2,83
6758,3,80
6758,3,83
6759,1,89
6759,1,113
6759,2,192
6759,3,101
6759,3,67
6759,4,67
6759,5,133
6759,6,113
6760,1,30
6760,2,30
6760,3,97
6760,4,30
6760,5,30
6760,6,30
6761,1,155
6761,1,160
6761,2,136
6761,2,155
6761,3,155
6761,4,155
6761,4,160
6762,1,116
6762,2,50
6762,3,44
6762,4,116
6763,1,48
6763,2,141
6763,3,73
6763,4,29
6764,1,114
6764,2,160
6764,2,48
6764,3,114
6764,3,160
6765,1,40
6765,2,30
6765,3,4
6766,1,89
6766,2,16
6766,3,5
6767,1,122
6767,2,216
6767,3,163
6767,3,2
6767,4,177
6768,1,145
6768,2,34
6768,3,27
6769,1,77
6769,2,77
6769,2,55
6769,2,69
6769,3,25
6769,3,4
6769,3,70
6769,4,57
6769,5,4
6769,5,25
6769,6,4
6769,6,131
6769,6,25
6770,1,15
6770,2,2
6770,3,212
6770,3,151
6771,1,175
6771,2,129
6771,3,203
6772,1,73
6772,2,16
6772,3,83
6772,3,115
6773,1,110
6773,2,3
6773,3,20
6773,3,25
6773,4,152
6773,5,20
6773,5,64
6774,1,70
6774,1,38
6774,2,140
6774,3,131
6775,1,150
6775,1,83
6775,1,81
6775,2,150
6775,2,76
6775,2,11
6775,3,119
6775,3,83
6776,1,51
6776,2,184
6776,3,160
6777,1,83
6777,2,160
6777,3,76
6777,3,133
6777,4,98
6778,1,121
6778,2,127
6778,2,121
6778,3,113
6778,3,121
6779,1,151
6779,1,116
6779,2,116
6779,3,116
6779,4,140
6779,4,61
6779,5,197
6780,1,13
6780,2,144
6780,3,149
6781,1,128
6781,1,119
6781,1,95
6781,1,70
6781,1,57
6781,2,120
6781,2,101
6781,3,95
6781,3,146
6782,1,187
6782,1,206
6782,2,187
6782,3,145
6783,1,198
6783,2,72
6783,3,57
6784,1,62
6784,2,78
6784,3,171
6785,1,111
6785,2,39
6785,3,116
6785,3,115
6785,3,83
6786,1,3
6786,2,37
6786,2,160
6786,2,54
6786,3,152
6787,1,21
6787,2,121
6787,2,76
6787,3,121
6787,4,21
6787,5,121
6788,1,160
6788,2,21
6788,3,2
6788,4,160
6788,5,196
6788,5,128
6789,1,159
6789,1,113
6789,2,113
6789,2,12
6789,3,64
6789,3,132
6789,4,162
6790,1,16
6790,2,150
6790,2,154
6790,3,93
6790,4,140
6790,5,78
6790,6,78
6791,1,121
6791,2,61
6791,3,4
6791,4,95
6791,5,132
6791,6,110
6792,1,43
6792,2,8
6792,3,107
6793,1,166
6793,2,76
6793,2,34
6793,3,22
6793,3,33
6793,3,27
6793,3,20
6794,1,191
6794,1,152
6794,2,113
6794,2,53
6794,2,152
6794,3,131
6795,1,94
6795,2,63
6795,3,167
6796,1,101
6796,2,123
6796,3,100
6797,1,31
6797,1,20
6797,2,132
6797,3,31
6798,1,44
6798,2,151
6798,3,194
6798,4,76
6798,5,93
6798,5,194
6799,1,117
6799,1,208
6799,1,116
6799,2,101
6799,2,207
6799,3,34
6800,1,13
6800,2,121
6800,2,76
6800,3,101
6801,1,6
6801,2,6
6801,3,213
6801,4,18
6802,1,137
6802,2,21
6802,3,33
6802,3,109
6802,3,47
6802,4,27
6802,4,47
6802,4,33
6802,5,27
6802,5,47
6803,1,128
6803,2,54
6803,3,188
6803,3,170
6803,3,76
6803,3,128
6804,1,99
6804,2,110
6804,3,143
6805,1,123
6805,2,152
6805,2,83
6805,2,181
6805,3,99
6805,4,192
6805,4,2
6806,1,42
6806,2,118
6806,3,20
6806,4,97
6807,1,42
6807,2,74
6807,2,4
6807,3,74
6807,3,40
6808,1,134
6808,2,134
6808,3,129
6808,3,133
6808,4,134
6808,5,134
6808,6,134
6808,7,129
6809,1,175
6809,1,83
6809,2,51
6809,3,51
6810,1,209
6810,2,140
6810,2,51
6810,3,76
6811,1,87
6811,2,42
6811,2,66
6811,3,11
6812,1,202
6812,2,67
6812,3,10
6812,4,141
6812,4,176
6813,1,56
6813,1,147
6813,1,171
6813,2,132
6813,2,147
6813,3,147
6813,4,147
6814,1,4
6814,1,54
6814,2,54
6814,3,84
6814,4,54
6814,5,54
6815,1,217
6815,2,38
6815,3,67
6815,4,67
6816,1,20
6816,1,46
6816,1,110
6816,1,135
6816,2,5
6816,3,117
6816,4,33
6817,1,39
6817,2,70
6817,3,132
6817,3,32
6818,1,21
6818,1,202
6818,2,47
6818,3,188
6818,4,46
6818,4,20
6818,4,110
6818,4,188
6819,1,33
6819,1,83
6819,2,88
6819,2,27
6819,3,30
6819,4,199
6819,5,199
6819,5,64
6820,1,13
6820,2,13
6820,3,13
6820,4,13
6820,5,13
6821,1,13
6821,2,38
6821,3,94
6821,4,38
6821,5,38
6822,1,16
6822,2,73
6822,2,55
6822,3,214
6822,3,53
6822,3,73
6823,1,69
6823,2,91
6823,3,10
6823,4,10
6823,4,69
6823,4,50
6823,4,51
6824,1,95
6824,2,76
6824,3,76
6824,3,98
6824,4,69
6824,5,95
6824,6,95
6824,7,2
6825,1,101
6825,1,155
6825,2,101
6825,2,206
6825,3,56
6825,4,155
6826,1,161
6826,1,142
6826,2,28
6826,2,186
6826,3,133
6826,4,133
6827,1,160
6827,1,155
6827,2,149
6827,2,40
6827,3,155
6827,3,160
6828,1,77
6828,1,38
6828,2,77
6828,2,38
6828,3,38
6829,1,11
6829,2,47
6829,3,66
6829,4,47
6830,1,189
6830,1,83
6830,1,51
6830,2,67
6830,3,83
6830,3,212
6831,1,57
6831,2,74
6831,3,75
6831,3,113
6831,3,90
6831,4,57
6831,5,28
6831,6,175
6831,6,2
6832,1,65
6832,2,32
6832,3,49
6832,3,217
6833,1,58
6833,2,110
6833,3,145
6833,3,167
6833,4,19
6833,4,171
6833,4,64
6833,4,198
6834,1,101
6834,2,165
6834,3,36
6834,4,166
6835,1,89
6835,2,67
6835,2,33
6835,2,109
6835,3,110
6836,1,94
6836,2,95
6836,3,89
6837,1,58
6837,1,117
6837,2,58
6837,3,162
6837,3,33
6837,3,47
6838,1,53
6838,2,52
6838,3,2
6838,3,185
6839,1,128
6839,2,166
6839,3,148
6840,1,85
6840,2,17
6840,3,2
6840,3,52
6841,1,155
6841,2,120
6841,3,181
6841,3,106
6842,1,141
6842,1,20
6842,1,81
6842,2,141
6842,2,14
6842,3,193
6842,3,173
6842,4,42
6843,1,48
6843,2,69
6843,2,83
6843,3,123
6844,1,155
6844,1,103
6844,1,4
6844,1,67
6844,2,168
6844,2,16
6844,3,185
6845,1,164
6845,1,14
6845,2,125
6845,3,21
6845,3,164
6846,1,48
6846,1,51
6846,2,25
6846,3,10
6846,4,197
6846,4,84
6847,1,175
6847,2,175
6847,2,106
6847,3,106
6848,1,23
6848,2,76
6848,3,164
6849,1,52
6849,2,67
6849,3,160
6849,4,52
6849,4,40
6850,1,61
6850,1,45
6850,2,45
6850,3,30
6851,1,83
6851,2,14
6851,3,14
6852,1,81
6852,2,24
6852,2,104
6852,3,104
6853,1,83
6853,1,78
6853,2,83
6853,2,78
6853,3,190
6853,4,78
6854,1,45
6854,1,33
6854,2,33
6854,3,79
6854,3,33
6854,3,45
6854,4,45
6854,4,33
6855,1,160
6855,2,161
6855,3,152
6855,3,121
6855,4,121
6855,4,49
6856,1,164
6856,2,1
6856,2,164
6856,2,76
6856,3,154
6857,1,184
6857,1,117
6857,1,1
6857,2,5
6857,2,74
6857,3,41
6857,4,184
6858,1,51
6858,1,62
6858,2,166
6858,2,128
6858,3,117
6859,1,183
6859,2,179
6859,3,136
6859,3,55
6859,3,93
6859,3,111
6860,1,14
6860,2,190
6860,3,14
6861,1,49
6861,1,12
6861,1,22
6861,2,162
6861,3,46
6861,4,64
6861,5,162
6861,5,135
6862,1,69
6862,1,39
6862,2,2
6862,2,115
6862,3,128
6863,1,89
6863,2,83
6863,2,156
6863,2,6
6863,3,35
6863,4,90
6864,1,162
6864,1,22
6864,2,70
6864,2,10
6864,3,108
6864,3,188
6865,1,87
6865,2,87
6865,2,24
6865,3,24
6865,3,87
6865,4,87
6865,4,24
6865,5,87
6865,6,24
6865,6,87
6865,7,24
6865,7,87
6865,8,87
6865,8,24
6865,9,87
6865,10,87
6865,10,24
6866,1,22
6866,2,78
6866,3,22
6867,1,34
6867,2,107
6867,2,113
6867,3,78
6868,1,157
6868,2,21
6868,3,107
6868,3,157
6869,1,45
6869,1,164
6869,2,21
6869,3,21
6869,3,9
6870,1,45
6870,2,75
6870,3,24
6870,3,75
6870,4,118
6871,1,95
6871,2,95
6871,3,97
6871,3,154
6871,4,38
6872,1,82
6872,1,113
6872,2,21
6872,3,113
6872,4,28
6872,4,82
6872,5,21
6873,1,57
6873,2,113
6873,2,122
6873,3,122
6873,4,122
6874,1,126
6874,1,45
6874,2,145
6874,2,76
6874,3,98
6874,3,76
6874,4,27
6875,1,137
6875,2,16
6875,3,98
6875,3,50
6875,3,104
6876,1,124
6876,2,124
6876,3,83
6876,3,4
6876,3,189
6876,4,141
6876,4,150
6876,4,143
6876,4,18
6877,1,43
6877,1,113
6877,2,171
6877,2,34
6877,3,195
6877,3,43
6877,4,123
6877,4,16
6877,4,10
6877,5,29
6877,6,113
6878,1,50
6878,2,39
6878,3,39
6878,3,114
6879,1,107
6879,1,98
6879,1,88
6879,2,93
6879,3,42
6879,4,133
6879,4,111
6879,4,77
6880,1,13
6880,2,110
6880,2,10
6880,2,139
6880,3,133
6881,1,163
6881,1,25
6881,2,79
6881,3,161
6882,1,187
6882,2,73
6882,2,95
6882,3,148
6883,1,181
6883,2,155
6883,2,101
6883,2,56
6883,3,181
6883,4,120
6884,1,6
6884,2,6
6884,3,193
6884,3,76
6885,1,128
6885,2,57
6885,2,183
6885,3,56
6885,4,128
6885,4,171
6885,4,183
6886,1,188
6886,2,194
6886,3,47
6887,1,30
6887,2,34
6887,3,55
6887,3,76
6888,1,67
6888,1,161
6888,1,98
6888,2,99
6888,3,123
6889,1,25
6889,2,24
6889,3,2
6889,3,195
6890,1,90
6890,2,122
6890,2,162
6890,3,69
6890,4,162
6890,4,142
6891,1,94
6891,2,164
6891,3,164
6891,4,154
6891,4,164
6892,1,141
6892,1,160
6892,2,21
6892,3,67
6892,3,160
6892,4,83
6892,4,155
6893,1,68
6893,2,164
6893,3,198
6894,1,76
6894,2,39
6894,2,53
6894,3,123
6895,1,124
6895,2,41
6895,3,142
6896,1,53
6896,2,55
6896,3,36
6897,1,60
6897,1,78
6897,2,147
6897,2,101
6897,3,118
6898,1,191
6898,2,13
6898,3,150
6899,1,205
6899,1,126
6899,2,4
6899,3,62
6899,4,123
6899,4,4
6900,1,124
6900,2,2
6900,3,2
6901,1,90
6901,1,212
6901,1,136
6901,2,87
6901,2,113
6901,3,140
6901,4,83
6902,1,160
6902,2,78
6902,2,25
6902,3,160
6902,4,25
6903,1,166
6903,2,48
6903,2,101
6903,2,51
6903,3,166
6904,1,188
6904,1,73
6904,1,140
6904,2,4
6904,3,123
6904,4,140
6904,5,162
6905,1,83
6905,2,83
6905,3,83
6905,4,76
6905,5,76
6906,1,210
6906,2,47
6906,3,145
6906,3,6
6906,3,197
6907,1,152
6907,1,78
6907,2,57
6907,3,177
6907,3,19
6907,3,123
6907,3,4
6907,4,57
6907,5,37
6907,6,69
6908,1,158
6908,2,55
6908,3,52
6908,3,191
6908,4,23
6909,1,52
6909,2,99
6909,2,181
6909,2,155
6909,3,155
6909,3,76
6909,4,44
6910,1,194
6910,1,1
6910,2,209
6910,2,58
6910,3,194
6910,4,194
6911,1,155
6911,1,72
6911,2,123
6911,3,72
6912,1,74
6912,1,198
6912,2,75
6912,2,32
6912,3,69
6913,1,48
6913,1,128
6913,1,83
6913,2,48
6913,3,48
6913,3,83
6914,1,192
6914,2,4
6914,3,179
6914,4,164
6914,4,147
6915,1,193
6915,1,4
6915,2,13
6915,2,193
6915,2,4
6915,3,151
6916,1,151
6916,2,213
6916,3,191
6917,1,209
6917,2,89
6917,3,209
6917,4,103
6918,1,41
6918,1,101
6918,2,201
6918,3,93
6918,4,100
6918,5,206
6918,6,207
6919,1,146
6919,1,52
6919,1,28
6919,2,211
6919,3,37
6920,1,99
6920,2,168
6920,3,67
6920,4,9
6921,1,76
6921,1,104
6921,1,19
6921,2,11
6921,3,2
6921,3,126
6922,1,155
6922,2,197
6922,2,69
6922,2,155
6922,3,82
6922,4,162
6922,4,155
6923,1,208
6923,1,23
6923,2,194
6923,3,23
6923,3,57
6923,4,23
6923,4,208
6923,5,23
6923,6,93
6924,1,110
6924,1,53
6924,2,89
6924,2,25
6924,3,152
6925,1,105
6925,1,116
6925,1,117
6925,2,117
6925,3,34
6925,3,51
6925,3,50
6926,1,28
6926,1,159
6926,2,91
6926,3,28
6926,4,67
6926,4,28
6926,5,11
6926,6,67
6927,1,172
6927,2,106
6927,3,67
6927,4,106
6927,4,121
6927,5,106
6928,1,198
6928,2,76
6928,3,77
6928,4,198
6928,4,151
6928,4,8
6929,1,137
6929,1,101
6929,1,51
6929,1,187
6929,2,150
6929,3,49
6929,3,51
6929,4,46
6929,4,110
6929,4,188
6930,1,113
6930,1,23
6930,2,44
6930,3,98
6931,1,123
6931,1,122
6931,2,122
6931,3,42
6932,1,83
6932,1,25
6932,2,8
6932,3,25
6932,3,6
6932,4,73
6932,4,83
6933,1,41
6933,1,138
6933,2,211
6933,2,7
6933,2,138
6933,3,41
6933,3,7
6933,4,7
6933,4,169
6933,4,138
6934,1,85
6934,2,31
6934,3,66
6934,3,44
6935,1,62
6935,1,130
6935,2,130
6935,2,90
6935,3,62
6935,4,130
6936,1,74
6936,1,195
6936,2,107
6936,3,154
6936,3,107
6937,1,162
6937,1,51
6937,2,162
6937,3,100
6938,1,4
6938,2,104
6938,2,4
6938,3,53
6938,4,11
6938,5,15
6938,6,123
6939,1,15
6939,1,73
6939,2,10
6939,3,10
6939,3,81
6939,4,133
6939,5,49
6939,5,133
6939,5,10
6939,6,83
6940,1,166
6940,2,20
6940,3,188
6941,1,4
6941,1,123
6941,1,25
6941,1,113
6941,2,113
6941,2,25
6941,2,4
6941,2,15
6941,3,183
6941,3,113
6941,3,4
6941,3,25
6941,4,4
6941,4,113
6941,4,25
6941,5,4
6941,5,25
6941,5,113
6941,6,113
6941,6,4
6941,6,25
6941,6,123
6941,7,25
6941,7,4
6941,7,113
6941,8,25
6941,8,137
6941,8,113
6942,1,168
6942,2,168
6942,3,104
6942,4,104
6943,1,100
6943,2,179
6943,3,183
6943,3,87
6943,4,124
6943,4,93
6943,5,100
6943,6,160
6944,1,21
6944,1,57
6944,1,2
6944,2,123
6944,3,98
6945,1,146
6945,2,67
6945,2,113
6945,3,98
6946,1,83
6946,2,67
6946,2,52
6946,3,38
6947,1,109
6947,1,20
6947,1,22
6947,2,109
6947,3,69
6947,3,98
6948,1,48
6948,1,76
6948,2,44
6948,3,76
6948,3,48
6949,1,168
6949,2,160
6949,2,83
6949,3,83
6950,1,15
6950,1,154
6950,1,147
6950,2,108
6950,2,80
6950,3,150
6950,3,175
6951,1,121
6951,1,162
6951,1,34
6951,2,36
6951,3,121
6951,3,36
6951,3,191
6951,3,162
6952,1,58
6952,1,12
6952,1,27
6952,1,188
6952,1,39
6952,2,139
6952,3,101
6953,1,102
6953,2,4
6953,2,52
6953,3,53
6953,3,4
6953,4,193
6953,5,98
6953,5,4
6953,6,193
6953,7,193
6954,1,206
6954,2,166
6954,2,121
6954,3,166
6954,4,166
6955,1,67
6955,2,4
6955,2,67
6955,3,98
6955,4,3
6956,1,67
6956,1,95
6956,1,113
6956,2,89
6956,3,133
6957,1,144
6957,1,67
6957,2,83
6957,2,164
6957,3,76
6957,3,67
6957,4,191
6957,5,67
6957,5,191
6957,6,26
6957,7,2
6957,7,26
6957,7,191
6957,7,146
6957,8,20
6957,9,118
6958,1,133
6958,1,95
6958,2,123
6958,3,73
6958,4,113
6959,1,146
6959,1,83
6959,1,61
6959,1,52
6959,2,146
6959,2,75
6959,2,83
6959,3,131
6960,1,11
6960,1,40
6960,2,168
6960,3,64
6960,3,61
6960,3,58
6961,1,28
6961,1,139
6961,2,26
6961,2,147
6961,3,38
6961,4,24
6962,1,33
6962,2,199
6962,2,17
6962,3,127
6962,3,199
6962,4,129
6963,1,145
6963,1,2
6963,2,4
6963,2,25
6963,2,63
6963,3,72
6963,3,115
6963,3,34
6963,4,123
6964,1,27
6964,2,78
6964,3,109
6964,3,190
6965,1,79
6965,1,108
6965,2,143
6965,2,95
6965,3,4
6965,3,146
6966,1,217
6966,2,137
6966,3,93
6966,4,16
6966,5,165
6967,1,67
6967,1,127
6967,1,87
6967,1,63
6967,1,89
6967,2,123
6967,3,135
6967,4,190
6967,5,67
6967,5,164
6967,5,89
6967,5,87
6967,6,127
6967,7,135
6967,8,78
6968,1,20
6968,2,38
6968,3,40
6969,1,60
6969,2,136
6969,2,60
6969,3,83
6970,1,137
6970,2,38
6970,3,94
6971,1,173
6971,1,136
6971,1,122
6971,2,69
6971,3,142
6972,1,20
6972,1,47
6972,1,27
6972,1,162
6972,2,1
6972,3,90
6972,4,22
6972,4,47
6972,4,46
6972,4,20
6973,1,4
6973,2,154
6973,2,7
6973,2,184
6973,2,50
6973,3,29
6973,3,79
6973,3,81
6974,1,87
6974,1,144
6974,1,2
6974,2,4
6974,2,214
6974,2,72
6974,3,87
6974,3,156
6975,1,47
6975,1,110
6975,2,35
6975,3,47
6975,4,130
6975,5,21
6975,5,29
6976,1,57
6976,2,80
6976,3,69
6977,1,83
6977,2,43
6977,3,69
6977,4,34
6978,1,194
6978,2,156
6978,2,83
6978,3,151
6978,3,194
6978,4,83
6978,5,103
6978,5,81
6978,5,177
6979,1,141
6979,1,113
6979,2,141
6979,3,50
6980,1,4
6980,2,49
6980,3,76
6980,4,76
6980,5,143
6980,5,151
6980,6,20
6981,1,89
6981,2,113
6981,3,58
6981,4,89
6982,1,95
6982,2,16
6982,3,16
6983,1,39
6983,2,131
6983,3,69
6984,1,47
6984,1,25
6984,2,47
6984,3,113
6984,4,93
6984,4,21
6985,1,196
6985,1,110
6985,2,110
6985,2,67
6985,3,192
6985,4,3
6985,5,110
6985,5,205
6986,1,100
6986,1,136
6986,2,118
6986,3,42
6986,3,140
6987,1,86
6987,2,7
6987,2,201
6987,3,83
6987,3,15
6988,1,98
6988,1,181
6988,2,181
6988,3,103
6988,3,81
6988,4,67
6989,1,195
6989,2,185
6989,3,185
6990,1,118
6990,2,138
6990,2,4
6990,3,93
6991,1,113
6991,2,79
6991,2,113
6991,3,108
6991,3,113
6991,4,79
6992,1,110
6992,2,27
6992,3,4
6993,1,10
6993,1,70
6993,2,2
6993,3,42
6993,4,200
6993,4,185
6993,4,189
6994,1,119
6994,2,125
6994,3,125
6995,1,136
6995,1,164
6995,2,136
6995,3,136
6995,3,67
6995,3,164
6996,1,76
6996,2,113
6996,2,196
6996,3,113
6996,4,170
6996,4,103
6997,1,103
6997,2,97
6997,3,121
6998,1,105
6998,1,101
6998,2,123
6998,3,117
6998,3,180
6998,4,148
6998,5,123
6999,1,125
6999,2,77
6999,3,12
6999,3,64
7000,1,95
7000,2,95
7000,3,203
7001,1,5
7001,1,160
7001,2,7
7001,3,138
7002,1,154
7002,1,5
7002,2,209
7002,2,85
7002,3,97
7003,1,81
7003,1,140
7003,1,128
7003,2,81
7003,3,42
7003,3,80
7004,1,49
7004,1,94
7004,2,199
7004,3,199
7005,1,21
7005,1,34
7005,2,21
7005,3,75
7005,4,97
7005,5,203
7005,5,6
7005,6,95
7005,6,21
7005,6,53
7006,1,168
7006,2,168
7006,3,18
7006,3,7
7006,3,138
7006,3,213
7007,1,40
7007,1,169
7007,2,30
7007,3,4
7008,1,69
7008,2,101
7008,3,95
7008,3,182
7009,1,69
7009,1,39
7009,2,2
7009,3,69
7009,3,39
7009,3,123
7010,1,36
7010,1,45
7010,1,3
7010,2,61
7010,2,156
7010,2,98
7010,3,78
7010,3,164
7011,1,95
7011,2,177
7011,3,76
7012,1,41
7012,1,40
7012,2,18
7012,2,40
7012,3,61
7012,4,40
7013,1,168
7013,1,88
7013,2,17
7013,3,17
7013,3,168
7013,4,88
7013,5,44
7013,6,109
7013,6,33
7014,1,67
7014,1,72
7014,1,113
7014,2,101
7014,2,120
7014,3,113
7014,3,67
7014,3,72
7014,3,68
7014,3,61
7014,4,67
7014,5,72
7014,6,67
7014,6,72
7014,7,113
7014,8,72
7014,8,113
7014,9,72
7014,9,113
7014,10,72
7014,11,72
7014,11,173
7014,11,113
7015,1,130
7015,2,10
7015,3,120
7015,3,40
7015,3,50
7015,4,76
7015,5,10
7016,1,4
7016,2,56
7016,2,61
7016,2,123
7016,3,188
7017,1,139
7017,1,92
7017,2,92
7017,3,92
7017,4,104
7017,4,92
7017,5,92
7017,6,92
7017,7,92
7017,7,104
7018,1,11
7018,2,100
7018,2,155
7018,2,207
7018,2,54
7018,3,118
7018,4,155
7018,4,83
7018,5,58
7018,5,61
7018,6,83
7018,6,155
7018,7,155
7019,1,69
7019,2,119
7019,2,95
7019,3,69
7020,1,168
7020,1,15
7020,1,35
7020,2,1
7020,2,140
7020,3,201
7021,1,103
7021,1,87
7021,1,156
7021,1,83
7021,1,54
7021,2,156
7021,2,145
7021,2,103
7021,2,6
7021,3,190
7022,1,136
7022,2,172
7022,2,72
7022,3,58
7022,4,78
7023,1,57
7023,2,52
7023,2,106
7023,3,75
7023,3,28
7023,4,151
7023,4,120
7023,4,158
7024,1,51
7024,1,42
7024,1,175
7024,2,51
7024,2,48
7024,2,175
7024,3,126
7025,1,58
7025,2,58
7025,3,21
7025,3,58
7025,4,58
7025,5,58
7026,1,20
7026,1,117
7026,1,114
7026,2,20
7026,2,51
7026,3,117
7026,4,84
7026,4,117
7027,1,4
7027,2,133
7027,2,83
7027,3,90
7027,4,58
7027,5,34
7027,6,3
7027,6,112
7028,1,121
7028,1,137
7028,1,166
7028,1,187
7028,2,80
7028,3,110
7029,1,190
7029,2,4
7029,3,57
7029,3,126
7030,1,176
7030,1,3
7030,2,25
7030,3,78
7031,1,101
7031,1,115
7031,1,117
7031,1,39
7031,2,83
7031,2,184
7031,2,116
7031,3,128
7031,3,117
7032,1,169
7032,2,4
7032,2,45
7032,3,133
7033,1,162
7033,2,22
7033,3,166
7033,4,119
7034,1,115
7034,1,14
7034,2,115
7034,3,115
7034,4,115
7034,5,115
7035,1,100
7035,1,101
7035,2,101
7035,3,109
7036,1,38
7036,2,154
7036,3,104
7037,1,216
7037,2,176
7037,3,160
7038,1,40
7038,2,150
7038,3,115
7038,3,114
7039,1,123
7039,2,75
7039,3,75
7040,1,61
7040,2,61
7040,3,88
7041,1,37
7041,1,84
7041,1,67
7041,2,67
7041,2,84
7041,2,37
7041,3,203
7041,4,203
7041,4,67
7042,1,106
7042,2,28
7042,3,39
7042,3,21
7043,1,95
7043,2,53
7043,2,131
7043,3,108
7044,1,168
7044,2,61
7044,2,193
7044,3,73
7045,1,76
7045,2,10
7045,3,2
7046,1,69
7046,2,99
7046,3,69
7047,1,81
7047,2,108
7047,3,162
7048,1,72
7048,2,215
7048,3,136
7048,3,164
7049,1,145
7049,2,155
7049,3,155
7050,1,28
7050,1,52
7050,2,121
7050,2,52
7050,3,52
7050,3,152
7051,1,197
7051,2,81
7051,2,198
7051,3,160
7052,1,101
7052,2,101
7052,3,166
7053,1,67
7053,2,15
7053,3,207
7053,3,67
7053,4,137
7054,1,63
7054,1,100
7054,2,179
7054,3,63
7054,4,130
7055,1,46
7055,2,48
7055,2,188
7055,3,188
7055,3,48
7056,1,20
7056,2,46
7056,3,167
7057,1,128
7057,2,97
7057,3,83
7057,3,50
7057,4,128
7057,4,97
7057,5,39
7057,6,128
7058,1,206
7058,2,167
7058,2,67
7058,3,111
7058,3,79
7058,3,91
7059,1,216
7059,1,36
7059,2,36
7059,2,216
7059,3,36
7059,3,216
7060,1,67
7060,1,72
7060,2,160
7060,2,155
7060,3,67
7060,3,83
7060,4,108
7061,1,157
7061,2,142
7061,2,72
7061,3,142
7061,4,28
7061,4,142
7062,1,45
7062,2,10
7062,2,208
7062,3,117
7062,4,126
7063,1,10
7063,2,113
7063,2,25
7063,3,99
7064,1,83
7064,2,124
7064,2,39
7064,3,128
7064,3,39
7065,1,43
7065,2,90
7065,3,171
7065,4,214
7065,4,173
7066,1,153
7066,2,69
7066,3,153
7066,4,131
7066,5,153
7067,1,57
7067,2,205
7067,3,25
7068,1,62
7068,1,90
7068,2,23
7068,2,20
7068,3,95
7068,4,123
7069,1,120
7069,2,28
7069,3,160
7070,1,88
7070,2,213
7070,3,4
7070,4,185
7071,1,146
7071,1,83
7071,2,6
7071,2,24
7071,3,191
7071,3,93
7072,1,157
7072,2,108
7072,2,36
7072,2,103
7072,3,108
7072,3,28
7072,3,121
7073,1,55
7073,1,89
7073,1,76
7073,2,100
7073,2,121
7073,3,89
7073,4,164
7074,1,131
7074,2,89
7074,2,54
7074,3,103
7074,4,27
7075,1,61
7075,2,25
7075,3,151
7076,1,176
7076,2,33
7076,3,53
7076,4,53
7076,5,42
7077,1,69
7077,2,159
7077,3,12
7077,3,69
7077,3,83
7078,1,69
7078,1,99
7078,1,64
7078,1,125
7078,1,167
7078,2,92
7078,2,64
7078,3,64
7078,3,32
7078,4,32
7078,4,64
7078,5,64
7078,5,32
7078,6,167
7078,6,64
7078,6,69
7078,6,98
7079,1,141
7079,1,113
7079,2,150
7079,3,131
7079,3,141
7080,1,128
7080,2,196
7080,2,128
7080,2,113
7080,3,10
7081,1,199
7081,2,215
7081,3,163
7081,3,154
7082,1,127
7082,1,63
7082,2,16
7082,3,128
7082,4,161
7082,5,28
7082,6,161
7083,1,133
7083,1,208
7083,2,181
7083,3,181
7083,3,208
7084,1,73
7084,1,82
7084,1,95
7084,2,82
7084,3,82
7085,1,97
7085,1,105
7085,2,123
7085,2,97
7085,3,105
7085,3,128
7085,4,4
7085,4,105
7085,4,128
7085,4,97
7085,5,105
7085,5,97
7086,1,48
7086,2,123
7086,2,83
7086,2,87
7086,3,156
7086,4,128
7086,5,123
7086,6,48
7087,1,62
7087,2,87
7087,3,67
7087,3,47
7088,1,179
7088,2,104
7088,2,38
7088,3,104
7088,3,12
7088,3,83
7088,4,88
7088,4,104
7089,1,133
7089,1,113
7089,2,56
7089,3,113
7090,1,106
7090,2,20
7090,3,59
7091,1,44
7091,2,69
7091,3,190
7091,4,69
7092,1,126
7092,2,126
7092,2,148
7092,3,44
7093,1,42
7093,1,121
7093,2,42
7093,2,142
7093,3,179
7094,1,53
7094,1,146
7094,1,67
7094,1,88
7094,1,71
7094,2,11
7094,2,93
7094,3,75
7094,3,164
7095,1,74
7095,2,113
7095,2,116
7095,3,108
7096,1,67
7096,2,67
7096,3,67
7096,4,132
7096,5,76
7096,5,67
7097,1,200
7097,2,41
7097,3,26
7097,4,29
7097,4,41
7098,1,146
7098,1,24
7098,2,21
7098,3,37
7099,1,199
7099,2,113
7099,3,12
7100,1,31
7100,1,153
7100,2,4
7100,3,73
7100,4,57
7100,4,49
7101,1,25
7101,1,183
7101,2,42
7101,2,134
7101,3,103
7102,1,44
7102,2,114
7102,2,72
7102,3,44
7102,4,44
7102,5,99
7103,1,44
7103,2,211
7103,3,44
7103,3,113
7103,3,57
7104,1,207
7104,1,165
7104,2,187
7104,2,61
7104,2,207
7104,3,61
7105,1,179
7105,2,77
7105,3,67
7105,4,100
7105,5,100
7105,6,136
7106,1,158
7106,1,71
7106,1,83
7106,1,94
7106,2,94
7106,2,215
7106,3,93
7107,1,120
7107,1,207
7107,2,120
7107,2,207
7107,3,120
7107,3,207
7108,1,34
7108,2,157
7108,2,3
7108,3,97
7108,3,21
7109,1,47
7109,1,69
7109,2,17
7109,2,85
7109,2,132
7109,3,168
7110,1,202
7110,2,208
7110,2,183
7110,3,38
7111,1,190
7111,2,82
7111,2,58
7111,3,67
7111,3,140
7111,4,58
7111,4,155
7111,5,140
7112,1,146
7112,1,67
7112,1,95
7112,1,118
7112,2,83
7112,2,53
7112,2,103
7112,2,87
7112,3,21
7112,4,120
7113,1,47
7113,1,10
7113,2,26
7113,3,113
7113,3,36
7114,1,111
7114,2,136
7114,3,46
7114,4,18
7115,1,161
7115,1,139
7115,2,25
7115,2,145
7115,2,2
7115,3,145
7115,3,160
7115,3,146
7115,4,53
7115,5,123
7115,5,104
7115,5,129
7116,1,169
7116,2,169
7116,3,101
7116,4,82
7117,1,150
7117,2,197
7117,3,175
7117,3,51
7117,3,161
7118,1,82
7118,1,40
7118,2,123
7118,3,82
7118,3,40
7119,1,89
7119,2,32
7119,3,144
7119,3,173
7119,3,162
7119,4,32
7119,4,89
7119,5,89
7119,5,124
7119,6,144
7119,6,32
7120,1,67
7120,1,76
7120,1,53
7120,2,144
7120,2,67
7120,3,39
7121,1,82
7121,1,76
7121,1,121
7121,2,168
7121,2,212
7121,2,82
7121,3,82
7122,1,144
7122,2,2
7122,3,34
7122,3,57
7122,4,67
7123,1,58
7123,2,157
7123,2,76
7123,3,44
7124,1,38
7124,1,202
7124,2,113
7124,2,121
7124,3,113
7125,1,204
7125,2,38
7125,3,107
7125,3,101
7125,3,142
7125,4,166
7126,1,98
7126,2,67
7126,3,215
7126,4,95
7126,5,98
7127,1,120
7127,2,120
7127,3,95
7127,3,21
7127,4,120
7128,1,93
7128,2,64
7128,3,67
7128,4,133
7128,4,83
7129,1,109
7129,2,113
7129,3,12
7129,4,22
7130,1,69
7130,2,69
7130,3,69
7130,4,80
7130,5,69
7131,1,12
7131,1,20
7131,2,12
7131,3,30
7131,4,118
7132,1,152
7132,2,3
7132,3,3
7132,4,110
7133,1,150
7133,1,141
7133,1,4
7133,1,2
7133,2,76
7133,3,150
7133,3,141
7133,4,141
7134,1,37
7134,1,28
7134,1,86
7134,2,28
7134,2,37
7134,3,106
7135,1,31
7135,2,110
7135,3,25
7135,3,96
7136,1,193
7136,2,193
7136,3,193
7137,1,124
7137,2,67
7137,3,106
7137,4,124
7138,1,200
7138,2,200
7138,2,103
7138,3,94
7139,1,96
7139,1,17
7139,1,88
7139,1,209
7139,2,17
7139,2,174
7139,2,209
7139,3,41
7140,1,39
7140,1,138
7140,1,69
7140,1,213
7140,2,138
7140,2,213
7140,3,3
7140,3,31
7141,1,90
7141,1,93
7141,1,76
7141,2,52
7141,2,164
7141,2,4
7141,3,76
7141,3,122
7141,3,142
7141,3,8
7141,3,151
7142,1,98
7142,2,10
7142,2,25
7142,2,113
7142,3,25
7142,3,83
7142,4,98
7143,1,69
7143,2,16
7143,3,141
7143,3,50
7143,3,84
7144,1,11
7144,2,112
7144,3,95
7144,3,112
7145,1,38
7145,2,63
7145,3,95
7145,4,30
7146,1,73
7146,2,73
7146,2,4
7146,2,150
7146,2,83
7146,2,61
7146,3,189
7146,3,141
7146,3,34
7146,4,105
7146,5,61
7147,1,124
7147,2,24
7147,3,88
7147,4,88
7148,1,38
7148,2,68
7148,3,164
7148,3,207
7148,3,156
7148,3,111
7148,3,68
7148,3,58
7148,3,197
7148,3,102
7148,3,144
7148,4,166
7148,5,58
7149,1,148
7149,2,148
7149,3,121
7149,3,10
7149,3,15
7149,3,57
7150,1,61
7150,2,157
7150,3,76
7150,4,157
7150,4,77
7151,1,39
7151,1,195
7151,1,69
7151,1,2
7151,1,76
7151,1,185
7151,1,168
7151,2,168
7151,2,10
7151,3,95
7151,4,39
7151,4,38
7151,5,168
7151,5,195
7151,5,185
7151,5,76
7151,6,61
7151,6,168
7152,1,175
7152,2,97
7152,3,28
7153,1,161
7153,2,160
7153,3,78
7154,1,45
7154,2,162
7154,3,131
7155,1,180
7155,2,81
7155,3,83
7155,3,112
7155,3,81
7156,1,113
7156,2,210
7156,2,201
7156,3,113
7157,1,2
7157,2,140
7157,3,31
7158,1,11
7158,1,63
7158,1,53
7158,2,154
7158,2,99
7158,2,40
7158,3,36
7159,1,150
7159,1,93
7159,1,16
7159,1,58
7159,2,83
7159,2,123
7159,3,147
7159,3,83
7159,4,147
7159,4,83
7159,5,58
7159,5,61
7159,6,131
7159,6,77
7159,7,67
7159,7,83
7160,1,128
7160,2,16
7160,3,204
7160,3,68
7161,1,61
7161,1,214
7161,2,140
7161,2,98
7161,2,95
7161,3,99
7162,1,207
7162,1,55
7162,2,113
7162,2,182
7162,3,79
7162,3,4
7162,4,4
7162,4,157
7162,5,34
7162,6,79
7163,1,6
7163,2,6
7163,2,83
7163,2,63
7163,3,39
7164,1,215
7164,2,128
7164,3,197
7165,1,69
7165,2,141
7165,2,80
7165,2,113
7165,3,162
7165,3,80
7165,3,141
7165,3,44
7165,4,149
7165,4,36
7165,4,95
7166,1,117
7166,2,2
7166,2,117
7166,3,117
7167,1,83
7167,2,87
7167,2,146
7167,3,83
7167,3,18
7168,1,40
7168,2,52
7168,3,123
7169,1,29
7169,1,124
7169,2,124
7169,2,125
7169,3,121
7169,3,125
7169,3,40
7169,3,55
7169,4,124
7169,4,121
7169,4,55
7169,5,125
7169,5,124
7169,5,55
7169,6,55
7169,6,121
7169,7,121
7169,7,124
7169,7,55
7170,1,111
7170,1,197
7170,1,76
7170,2,111
7170,3,2
7170,3,107
7171,1,160
7171,2,160
7171,2,199
7171,3,160
7171,3,193
7171,4,199
7171,4,72
7172,1,4
7172,2,124
7172,3,133
7172,4,80
7172,5,3
7173,1,81
7173,1,73
7173,1,4
7173,1,69
7173,2,159
7173,3,44
7174,1,164
7174,2,31
7174,3,3
7174,3,164
7174,3,163
7174,4,66
7174,4,164
7175,1,85
7175,2,194
7175,3,44
7176,1,80
7176,2,80
7176,3,81
7177,1,124
7177,2,75
7177,2,29
7177,2,158
7177,3,124
7177,4,124
7177,4,71
7177,4,29
7178,1,69
7178,2,76
7178,3,205
7178,3,76
7179,1,4
7179,2,76
7179,3,95
7180,1,159
7180,2,57
7180,2,83
7180,3,159
7181,1,155
7181,2,127
7181,3,160
7181,3,212
7181,4,128
7182,1,5
7182,1,2
7182,2,66
7182,2,170
7182,3,109
7182,3,151
7183,1,164
7183,1,129
7183,2,127
7183,3,133
7183,3,107
7183,4,106
7183,5,215
7183,5,94
7184,1,98
7184,1,113
7184,1,119
7184,2,89
7184,2,83
7184,3,55
7184,3,83
7185,1,93
7185,1,217
7185,1,95
7185,2,132
7185,3,199
7185,4,81
7186,1,107
7186,1,160
7186,2,164
7186,2,157
7186,3,30
7186,4,216
7186,4,83
7186,4,107
7187,1,134
7187,2,138
7187,3,151
7187,3,134
7187,4,134
7187,5,134
7187,6,154
7188,1,54
7188,1,87
7188,2,6
7188,2,87
7188,3,2
7188,3,151
7188,3,133
7189,1,67
7189,2,4
7189,3,67
7190,1,58
7190,1,16
7190,2,214
7190,3,177
7191,1,187
7191,1,81
7191,2,33
7191,2,112
7191,3,112
7191,4,81
7191,4,198
7192,1,128
7192,1,24
7192,2,24
7192,2,147
7192,3,34
7192,3,155
7192,4,83
7192,5,44
7193,1,125
7193,2,84
7193,2,133
7193,3,133
7194,1,144
7194,1,164
7194,2,144
7194,2,96
7194,3,176
7194,4,49
7195,1,69
7195,1,12
7195,1,61
7195,1,45
7195,2,64
7195,2,61
7195,2,123
7195,3,140
7195,4,61
7195,4,45
7195,4,90
7196,1,4
7196,1,25
7196,2,164
7196,3,75
7196,3,4
7197,1,122
7197,2,4
7197,3,149
7197,4,149
7197,5,149
7198,1,10
7198,2,181
7198,3,10
7198,3,81
7198,3,4
7199,1,141
7199,1,150
7199,1,76
7199,2,95
7199,2,199
7199,3,2
7199,3,205
7199,4,153
7200,1,202
7200,2,136
7200,2,25
7200,3,202
7201,1,15
7201,1,34
7201,2,44
7201,3,103
7202,1,31
7202,1,121
7202,2,133
7202,3,31
7202,3,121
7202,4,197
7202,5,40
7202,5,30
7202,5,133
7203,1,78
7203,2,33
7203,2,162
7203,3,82
7203,3,162
7203,4,82
7203,4,110
7203,4,49
7204,1,73
7204,2,86
7204,3,27
7205,1,73
7205,2,125
7205,2,39
7205,3,10
7206,1,188
7206,2,32
7206,3,206
7206,3,204
7206,3,208
7206,4,89
7207,1,74
7207,1,198
7207,2,74
7207,3,168
7207,3,74
7207,4,8
7208,1,123
7208,2,87
7208,3,216
7208,3,87
7209,1,110
7209,1,193
7209,2,47
7209,3,193
7210,1,203
7210,2,28
7210,2,150
7210,3,203
7210,3,150
7210,4,150
7211,1,27
7211,2,163
7211,2,110
7211,3,46
7211,4,47
7211,4,163
7212,1,158
7212,1,83
7212,2,76
7212,2,158
7212,3,158
7213,1,69
7213,1,67
7213,2,67
7213,3,67
7213,4,155
7214,1,110
7214,2,50
7214,3,40
7214,3,119
7214,3,126
7214,4,40
7215,1,134
7215,2,37
7215,3,55
7215,4,55
7215,5,55
7215,5,54
7216,1,149
7216,1,28
7216,2,95
7216,2,122
7216,3,34
7216,3,149
7216,3,95
7216,4,83
7216,4,186
7216,4,133
7216,5,122
7217,1,190
7217,2,62
7217,3,200
7217,4,78
7217,5,199
7218,1,37
7218,2,48
7218,2,141
7218,3,37
7219,1,38
7219,2,207
7219,2,141
7219,3,38
7219,4,79
7220,1,105
7220,2,164
7220,3,117
7220,3,105
7220,4,105
7221,1,36
7221,2,36
7221,3,36
7221,4,36
7221,4,10
7221,5,36
7221,6,27
7221,7,36
7221,8,49
7221,8,36
7222,1,88
7222,2,55
7222,3,55
7222,4,85
7222,5,85
7222,6,96
7222,7,47
7222,7,27
7222,7,96
7222,8,96
7223,1,84
7223,1,133
7223,2,4
7223,2,133
7223,3,4
7223,3,67
7223,4,133
7223,5,110
7224,1,77
7224,2,2
7224,3,162
7225,1,148
7225,2,138
7225,3,202
7226,1,12
7226,1,127
7226,2,33
7226,3,12
7226,3,30
7226,4,12
7227,1,130
7227,1,26
7227,2,130
7227,3,98
7228,1,83
7228,2,130
7228,2,83
7228,2,112
7228,3,108
7228,4,83
7228,5,162
7228,5,67
7229,1,3
7229,2,98
7229,2,4
7229,3,107
7230,1,98
7230,2,83
7230,3,159
7230,4,97
7231,1,29
7231,2,104
7231,2,12
7231,3,153
7232,1,57
7232,2,25
7232,2,113
7232,3,123
7232,4,25
7232,5,78
7233,1,83
7233,2,128
7233,3,160
7234,1,66
7234,2,151
7234,3,34
7234,3,15
7235,1,90
7235,1,152
7235,2,34
7235,3,152
7235,4,152
7236,1,157
7236,2,4
7236,3,9
7236,3,64
7236,4,86
7237,1,199
7237,2,28
7237,2,199
7237,3,199
7237,4,28
7237,4,199
7237,5,199
7237,6,199
7237,7,199
7237,7,28
7238,1,100
7238,1,76
7238,2,73
7238,2,12
7238,3,31
7238,4,190
7239,1,172
7239,1,72
7239,1,57
7239,2,57
7239,2,172
7239,3,172
7239,3,57
7240,1,16
7240,1,98
7240,2,123
7240,3,164
7240,3,52
7240,4,151
7240,4,164
7240,5,57
7240,6,116
7240,6,113
7241,1,114
7241,2,98
7241,3,114
7241,4,53
7241,5,114
7241,5,3
7242,1,16
7242,2,16
7242,3,16
7243,1,200
7243,2,29
7243,3,29
7243,3,159
7243,4,159
7243,4,200
7244,1,20
7244,1,22
7244,1,33
7244,2,119
7244,3,14
7244,4,77
7244,4,14
7245,1,94
7245,2,60
7245,3,171
7246,1,30
7246,2,202
7246,3,206
7246,3,30
7246,4,30
7246,5,202
7246,5,30
7246,6,202
7247,1,71
7247,1,113
7247,2,53
7247,3,108
7248,1,15
7248,1,75
7248,1,30
7248,1,6
7248,1,16
7248,1,63
7248,2,55
7248,2,163
7248,3,17
7249,1,98
7249,1,76
7249,2,76
7249,3,95
7250,1,198
7250,2,198
7250,3,101
7251,1,117
7251,2,76
7251,3,65
7252,1,123
7252,2,38
7252,2,181
7252,2,83
7252,2,215
7252,3,93
7252,3,38
7253,1,58
7253,1,61
7253,2,58
7253,3,73
7253,4,73
7254,1,121
7254,2,217
7254,3,4
7254,4,216
7254,5,121
7255,1,130
7255,2,130
7255,3,25
7255,3,52
7255,3,4
7255,4,130
7256,1,131
7256,2,160
7256,3,134
7257,1,160
7257,2,156
7257,3,58
7257,4,79
7257,5,160
7257,5,36
7257,6,160
7258,1,185
7258,2,40
7258,3,185
7258,4,168
7258,5,185
7258,6,151
7258,6,195
7259,1,60
7259,2,168
7259,2,185
7259,3,185
7259,3,168
7260,1,15
7260,2,47
7260,3,103
7260,4,24
7260,5,15
7261,1,100
7261,2,148
7261,3,68
7261,3,166
7261,3,100
7261,3,150
7261,3,141
7262,1,76
7262,1,201
7262,2,150
7262,3,4
7263,1,199
7263,2,201
7263,2,31
7263,2,34
7263,3,109
7263,3,162
7264,1,59
7264,2,26
7264,3,68
7264,3,59
7265,1,76
7265,1,185
7265,2,75
7265,3,150
7265,3,118
7265,3,77
7265,3,175
7265,4,69
7265,5,95
7265,5,25
7265,5,53
7265,5,203
7266,1,15
7266,2,133
7266,3,119
7266,3,95
7267,1,131
7267,1,202
7267,2,98
7267,3,202
7267,4,175
7267,5,61
7267,5,175
7267,6,175
7267,6,95
7268,1,67
7268,2,126
7268,3,112
7269,1,91
7269,2,9
7269,2,55
7269,2,146
7269,3,67
7270,1,5
7270,2,91
7270,2,58
7270,3,66
7270,3,5
7271,1,62
7271,1,52
7271,2,168
7271,3,111
7271,4,197
7271,4,12
7272,1,112
7272,1,2
7272,2,51
7272,2,79
7272,3,2
7272,4,15
7273,1,185
7273,2,169
7273,3,52
7273,3,206
7274,1,217
7274,1,167
7274,2,142
7274,3,164
7275,1,61
7275,2,83
7275,3,89
7275,3,83
7276,1,189
7276,2,15
7276,2,16
7276,3,103
7277,1,65
7277,2,69
7277,3,130
7277,4,210
7278,1,4
7278,2,4
7278,3,39
7278,4,4
7279,1,181
7279,1,76
7279,2,120
7279,2,83
7279,2,69
7279,3,67
7279,4,67
7279,4,83
7279,5,120
7279,5,76
7280,1,40
7280,1,147
7280,2,147
7280,2,160
7280,3,147
7281,1,21
7281,1,77
7281,2,142
7281,2,96
7281,3,142
7281,4,77
7282,1,119
7282,2,119
7282,3,126
7282,3,192
7283,1,127
7283,1,155
7283,2,67
7283,3,82
7283,3,127
7283,4,82
7283,5,82
7284,1,118
7284,2,98
7284,3,207
7284,4,197
7284,4,118
7285,1,77
7285,1,38
7285,2,77
7285,3,77
7285,3,93
7285,3,160
7286,1,40
7286,2,155
7286,2,144
7286,2,40
7286,3,97
7286,4,196
7287,1,169
7287,2,149
7287,3,1
7287,3,73
7287,3,19
7288,1,133
7288,1,113
7288,2,133
7288,3,133
7288,3,14
7289,1,197
7289,1,127
7289,2,129
7289,2,155
7289,3,129
7289,3,155
7290,1,114
7290,1,160
7290,2,114
7290,3,114
7290,3,83
7290,3,39
7290,3,131
7290,4,114
7290,5,114
7290,5,83
7290,5,131
7290,6,83
7290,6,114
7291,1,3
7291,2,12
7291,2,3
7291,3,155
7291,3,30
7291,4,30
7291,4,100
7291,5,110
7292,1,95
7292,1,63
7292,2,75
7292,2,11
7292,2,83
7292,3,63
7293,1,67
7293,1,95
7293,2,103
7293,2,95
7293,2,44
7293,3,119
7294,1,188
7294,2,144
7294,2,49
7294,3,110
7294,3,144
7295,1,48
7295,2,189
7295,3,160
7295,4,48
7295,5,131
7295,6,126
7296,1,100
7296,1,5
7296,2,148
7296,3,101
7296,3,5
7296,4,216
7296,4,101
7296,4,90
7297,1,160
7297,1,19
7297,2,167
7297,3,7
7297,3,140
7297,3,18
7297,4,167
7297,5,160
7297,5,108
7297,6,122
7297,6,167
7298,1,94
7298,1,189
7298,2,22
7298,3,37
7298,3,21
7299,1,51
7299,1,48
7299,2,155
7299,2,57
7299,3,94
7300,1,135
7300,2,135
7300,3,83
7300,4,135
7300,4,150
7300,5,115
7300,5,114
7300,5,113
7300,5,135
7301,1,176
7301,1,39
7301,2,125
7301,2,59
7301,2,176
7301,3,64
7301,3,139
7301,3,86
7301,4,27
7302,1,152
7302,1,150
7302,2,67
7302,2,154
7302,3,76
7302,4,120
7302,4,28
7302,5,38
7303,1,38
7303,2,143
7303,2,28
7303,3,2
7303,3,143
7304,1,83
7304,1,23
7304,1,61
7304,1,156
7304,2,122
7304,2,68
7304,3,44
7304,3,166
7304,3,187
7305,1,74
7305,1,83
7305,2,156
7305,3,156
7305,3,61
7306,1,95
7306,1,97
7306,1,67
7306,2,67
7306,3,34
7306,4,119
7306,4,28
7306,5,97
7307,1,42
7307,2,193
7307,3,206
7307,4,56
7308,1,8
7308,2,173
7308,2,182
7308,2,126
7308,2,206
7308,3,206
7309,1,142
7309,2,207
7309,2,149
7309,3,207
7309,3,48
7310,1,4
7310,1,146
7310,1,87
7310,2,176
7310,2,137
7310,2,4
7310,3,4
7311,1,153
7311,2,2
7311,2,31
7311,3,91
7311,4,73
7311,4,15
7312,1,87
7312,2,168
7312,2,147
7312,3,76
7312,3,147
7312,3,55
7313,1,130
7313,2,214
7313,3,90
7313,3,39
7314,1,113
7314,2,35
7314,3,113
7314,4,44
7314,5,113
7315,1,59
7315,1,88
7315,2,161
7315,3,21
7316,1,40
7316,1,175
7316,2,48
7316,2,76
7316,2,51
7316,3,175
7317,1,162
7317,2,88
7317,3,110
7318,1,4
7318,1,55
7318,2,6
7318,3,97
7318,4,69
7319,1,101
7319,1,89
7319,2,113
7319,2,89
7319,3,72
7319,3,89
7320,1,58
7320,2,117
7320,3,29
7320,4,140
7321,1,48
7321,1,35
7321,2,21
7321,3,141
7322,1,91
7322,2,12
7322,2,213
7322,2,154
7322,3,37
7323,1,32
7323,1,67
7323,2,32
7323,3,121
7323,3,32
7323,4,78
7323,5,32
7323,6,32
7323,6,78
7323,7,121
7324,1,155
7324,1,160
7324,2,131
7324,3,155
7324,3,160
7325,1,2
7325,1,164
7325,2,164
7325,2,87
7325,2,4
7325,2,54
7325,2,144
7325,2,40
7325,3,16
7325,3,15
7325,3,35
7326,1,110
7326,1,174
7326,2,21
7326,3,216
7327,1,174
7327,1,209
7327,2,79
7327,2,26
7327,2,108
7327,3,95
7328,1,92
7328,2,92
7328,2,63
7328,3,23
7328,3,167
7329,1,44
7329,2,161
7329,3,3
7329,4,4
7329,4,150
7329,5,44
7330,1,93
7330,2,128
7330,3,128
7330,3,77
7330,4,30
7330,4,93
7331,1,76
7331,1,185
7331,1,195
7331,2,101
7331,2,100
7331,3,185
7331,3,195
7332,1,67
7332,1,202
7332,2,145
7332,2,67
7332,3,4
7332,3,67
7332,4,67
7333,1,28
7333,1,121
7333,2,56
7333,3,56
7333,3,21
7334,1,27
7334,2,109
7334,3,209
7334,4,32
7335,1,216
7335,1,83
7335,2,216
7335,3,160
7335,3,216
7335,4,216
7336,1,88
7336,1,168
7336,2,77
7336,3,88
7337,1,34
7337,2,121
7337,2,83
7337,3,84
7337,3,150
7338,1,58
7338,1,2
7338,1,121
7338,2,133
7338,2,73
7338,3,58
7339,1,69
7339,2,53
7339,3,71
7339,3,83
7340,1,175
7340,1,118
7340,1,76
7340,2,4
7340,3,213
7341,1,88
7341,1,202
7341,2,202
7341,3,202
7341,4,202
7341,5,202
7342,1,93
7342,1,67
7342,2,37
7342,3,168
7343,1,17
7343,1,1
7343,2,17
7343,3,17
7344,1,44
7344,1,2
7344,2,111
7344,3,2
7345,1,10
7345,2,142
7345,2,106
7345,3,78
7346,1,73
7346,2,30
7346,3,132
7347,1,42
7347,2,96
7347,2,68
7347,2,216
7347,3,96
7348,1,42
7348,2,177
7348,3,74
7349,1,29
7349,1,164
7349,1,78
7349,2,200
7349,2,29
7349,3,164
7349,4,29
7349,4,200
7349,5,29
7349,5,164
7350,1,16
7350,2,32
7350,3,198
7351,1,128
7351,2,36
7351,2,95
7351,3,83
7351,3,36
7352,1,160
7352,1,83
7352,2,11
7352,3,54
7353,1,76
7353,1,108
7353,1,85
7353,1,98
7353,2,85
7353,2,57
7353,2,160
7353,3,122
7354,1,90
7354,1,34
7354,2,210
7354,3,78
7355,1,183
7355,1,14
7355,2,183
7355,2,83
7355,3,83
7356,1,160
7356,1,158
7356,2,75
7356,2,160
7356,3,160
7356,3,158
7356,4,83
7356,4,158
7357,1,61
7357,2,213
7357,2,154
7357,3,99
7358,1,27
7358,1,150
7358,2,175
7358,3,177
7359,1,57
7359,2,153
7359,2,61
7359,2,156
7359,3,168
7359,4,156
7360,1,25
7360,1,32
7360,2,133
7360,3,162
7361,1,171
7361,1,217
7361,2,21
7361,3,44
7362,1,91
7362,2,156
7362,2,194
7362,3,72
7363,1,105
7363,1,4
7363,2,76
7363,3,105
7363,3,17
7363,4,105
7364,1,189
7364,2,189
7364,2,151
7364,3,189
7365,1,15
7365,2,133
7365,2,127
7365,3,123
7366,1,16
7366,1,76
7366,1,147
7366,2,76
7366,3,171
7366,4,16
7367,1,155
7367,1,83
7367,2,2
7367,2,155
7367,3,83
7367,3,155
7368,1,213
7368,1,4
7368,2,194
7368,2,38
7368,3,97
7369,1,88
7369,2,192
7369,2,81
7369,2,88
7369,3,81
7369,3,88
7369,3,205
7370,1,122
7370,2,75
7370,3,76
7370,4,133
7370,5,131
7371,1,101
7371,2,158
7371,3,183
7371,4,22
7372,1,50
7372,1,15
7372,1,35
7372,2,69
7372,3,50
7373,1,115
7373,2,160
7373,2,141
7373,3,83
7373,3,141
7373,4,141
7373,5,160
7373,5,115
7374,1,120
7374,2,120
7374,3,120
7375,1,146
7375,2,4
7375,3,192
7375,4,4
7376,1,67
7376,1,14
7376,1,62
7376,2,120
7376,3,120
7377,1,33
7377,2,17
7377,3,76
7378,1,33
7378,1,19
7378,2,183
7378,3,72
7378,3,119
7379,1,66
7379,2,214
7379,3,210
7380,1,146
7380,2,111
7380,3,104
7381,1,122
7381,2,77
7381,3,138
7382,1,95
7382,1,64
7382,2,128
7382,3,128
7382,4,128
7382,5,79
7382,5,80
7383,1,67
7383,2,140
7383,3,191
7383,4,20
7384,1,123
7384,1,72
7384,2,140
7384,3,37
7385,1,211
7385,2,211
7385,3,65
7385,4,78
7386,1,40
7386,1,144
7386,1,54
7386,1,124
7386,2,144
7386,2,54
7386,3,139
7387,1,124
7387,2,79
7387,3,124
7387,3,112
7387,4,124
7388,1,80
7388,1,170
7388,2,45
7388,3,79
7388,4,161
7389,1,141
7389,2,137
7389,2,206
7389,3,31
7389,3,18
7390,1,87
7390,1,207
7390,2,53
7390,2,207
7390,3,110
7390,3,67
7391,1,58
7391,1,87
7391,2,87
7391,3,87
7392,1,194
7392,2,194
7392,3,194
7392,3,67
7392,4,194
7392,5,194
7393,1,73
7393,2,83
7393,3,44
7394,1,34
7394,2,99
7394,2,112
7394,2,21
7394,3,44
7394,3,97
7395,1,12
7395,2,138
7395,3,42
7395,3,138
7395,4,138
7396,1,130
7396,1,38
7396,1,78
7396,2,148
7396,3,147
7397,1,127
7397,2,15
7397,3,127
7397,3,153
7397,3,15
7397,4,127
7397,5,127
7397,5,6
7397,6,127
7397,7,15
7397,7,127
7397,8,127
7397,9,158
7397,9,127
7398,1,39
7398,2,10
7398,2,39
7398,3,39
7398,3,116
7398,4,8
7398,4,192
7399,1,102
7399,2,58
7399,2,140
7399,2,69
7399,3,102
7399,4,69
7400,1,91
7400,1,62
7400,1,100
7400,1,21
7400,1,67
7400,2,68
7400,3,167
7400,3,166
7400,4,190
7400,5,190
7401,1,98
7401,1,4
7401,2,95
7401,2,53
7401,3,39
7401,4,98
7402,1,26
7402,2,155
7402,3,29
7402,3,26
7402,4,209
7402,4,64
7402,5,67
7402,6,26
7403,1,202
7403,2,38
7403,3,202
7403,4,13
7403,4,202
7404,1,67
7404,2,55
7404,2,58
7404,3,155
7404,4,83
7404,4,212
7405,1,141
7405,2,113
7405,3,189
7405,3,97
7406,1,39
7406,1,131
7406,2,55
7406,2,160
7406,3,128
7406,4,50
7406,5,55
7406,5,160
7406,6,116
7406,7,160
7406,7,55
7407,1,190
7407,1,67
7407,2,209
7407,2,67
7407,3,67
7408,1,81
7408,2,195
7408,3,4
7408,4,164
7409,1,83
7409,2,79
7409,3,86
7410,1,156
7410,2,35
7410,3,28
7411,1,76
7411,1,48
7411,2,48
7411,2,44
7411,3,48
7411,3,2
7412,1,92
7412,2,122
7412,2,92
7412,3,92
7412,3,62
7412,3,191
7412,4,122
7413,1,64
7413,1,139
7413,2,139
7413,2,12
7413,3,174
7413,3,31
7414,1,113
7414,2,69
7414,3,78
7415,1,197
7415,2,168
7415,3,52
7415,4,129
7415,4,168
7416,1,4
7416,2,67
7416,2,146
7416,3,146
7416,4,118
7417,1,204
7417,2,107
7417,3,125
7417,4,178
7418,1,61
7418,1,156
7418,2,187
7418,3,62
7418,4,77
7418,4,38
7418,5,16
7418,6,38
7418,6,93
7418,7,146
7418,7,54
7418,7,204
7419,1,67
7419,2,67
7419,3,67
7420,1,67
7420,1,113
7420,2,83
7420,2,120
7420,3,32
7420,4,33
7421,1,118
7421,2,93
7421,3,51
7422,1,120
7422,2,120
7422,2,83
7422,3,120
7422,3,83
7423,1,44
7423,2,52
7423,3,52
7423,4,78
7423,4,52
7424,1,4
7424,2,4
7424,3,4
7425,1,64
7425,2,201
7425,3,64
7426,1,126
7426,2,126
7426,3,126
7427,1,62
7427,2,147
7427,2,101
7427,2,10
7427,3,59
7427,3,101
7427,4,13
7428,1,158
7428,2,118
7428,3,57
7429,1,155
7429,2,86
7429,3,2
7429,3,23
7429,3,54
7429,4,83
7429,4,155
7430,1,183
7430,1,95
7430,2,98
7430,3,183
7430,3,25
7430,3,76
7430,3,15
7430,4,123
7430,4,57
7430,5,99
7430,6,76
7430,7,57
7430,7,98
7430,8,98
7431,1,80
7431,2,164
7431,2,144
7431,2,113
7431,3,89
7431,3,164
7431,4,183
7431,4,55
7431,5,80
7431,6,81
7432,1,188
7432,2,96
7432,2,2
7432,2,209
7432,2,64
7432,3,93
7432,3,38
7432,4,190
7433,1,98
7433,2,166
7433,3,148
7433,4,57
7433,5,98
7433,6,98
7433,7,123
7433,8,57
7433,9,98
7433,10,98
7433,10,114
7433,11,123
7434,1,93
7434,2,4
7434,3,69
7434,4,4
7435,1,56
7435,2,56
7435,2,128
7435,3,99
7435,3,98
7435,4,128
7436,1,128
7436,1,93
7436,2,96
7436,2,144
7436,3,128
7436,3,39
7436,4,197
7436,5,139
7436,5,93
7436,6,128
7436,7,44
7437,1,175
7437,2,80
7437,3,39
7437,3,96
7437,3,17
7437,3,90
7437,3,53
7437,4,113
7437,5,108
7438,1,83
7438,1,63
7438,2,168
7438,3,25
7438,4,168
7438,5,197
7439,1,29
7439,2,29
7439,3,116
7439,3,113
7439,4,29
7439,4,217
7439,5,200
7440,1,212
7440,1,113
7440,2,212
7440,3,212
7440,3,72
7440,4,142
7440,5,72
7440,5,142
7441,1,21
7441,1,183
7441,1,100
7441,2,21
7441,3,53
7441,4,100
7441,5,21
7441,5,183
7441,5,136
7441,6,136
7441,7,21
7441,8,100
7441,8,75
7441,9,183
7442,1,107
7442,2,77
7442,2,132
7442,3,83
7442,3,186
7443,1,37
7443,2,37
7443,3,160
7444,1,155
7444,2,126
7444,3,44
7445,1,148
7445,2,38
7445,2,148
7445,3,91
7445,4,38
7445,4,148
7445,4,67
7445,4,101
7445,5,148
7445,6,91
7445,6,148
7446,1,155
7446,2,101
7446,2,93
7446,2,38
7446,2,181
7446,3,155
7447,1,83
7447,2,216
7447,3,4
7448,1,73
7448,2,44
7448,3,168
7449,1,58
7449,2,48
7449,2,4
7449,2,51
7449,3,58
7449,3,61
7450,1,113
7450,1,150
7450,2,113
7450,2,150
7450,3,113
7450,3,150
7451,1,50
7451,1,48
7451,1,175
7451,2,63
7451,3,4
7451,4,37
7451,4,175
7452,1,127
7452,2,131
7452,3,212
7452,4,127
7452,4,138
7452,5,143
7453,1,90
7453,1,77
7453,2,98
7453,2,164
7453,3,98
7453,4,98
7453,4,144
7454,1,141
7454,1,150
7454,2,69
7454,3,168
7455,1,32
7455,2,155
7455,2,67
7455,3,134
7456,1,80
7456,1,95
7456,2,113
7456,2,146
7456,3,95
7456,4,2
7456,4,164
7456,5,154
7457,1,78
7457,1,133
7457,2,99
7457,3,78
7457,4,203
7458,1,86
7458,2,57
7458,3,86
7458,4,57
7458,5,160
7458,5,57
7458,6,25
7458,6,57
7458,7,86
7459,1,88
7459,2,194
7459,3,85
7460,1,20
7460,1,7
7460,2,110
7460,2,7
7460,3,22
7460,4,57
7461,1,103
7461,2,3
7461,3,95
7462,1,166
7462,2,21
7462,3,98
7463,1,58
7463,2,23
7463,2,1
7463,3,23
7464,1,86
7464,2,73
7464,2,58
7464,2,67
7464,3,187
7464,3,67
7464,4,73
7464,5,67
7465,1,162
7465,2,110
7465,3,199
7465,3,162
7465,4,12
7466,1,208
7466,1,120
7466,2,197
7466,3,132
7467,1,194
7467,2,188
7467,3,47
7467,3,27
7468,1,48
7468,2,4
7468,3,114
7469,1,36
7469,1,16
7469,2,16
7469,3,103
7469,3,36
7470,1,2
7470,1,25
7470,2,155
7470,2,67
7470,3,95
7471,1,39
7471,1,128
7471,2,89
7471,3,57
7472,1,192
7472,1,2
7472,2,90
7472,3,153
7473,1,37
7473,2,57
7473,2,141
7473,3,172
7473,4,164
7473,4,160
7473,5,37
7473,5,20
7473,6,78
7473,7,141
7473,7,2
7474,1,37
7474,2,87
7474,2,28
7474,2,37
7474,3,37
7474,4,37
7475,1,171
7475,1,217
7475,1,173
7475,2,47
7475,2,41
7475,2,31
7475,2,217
7475,2,208
7475,2,171
7475,3,171
7475,3,133
7475,3,173
7476,1,35
7476,2,35
7476,3,113
7476,3,146
7476,4,98
7477,1,44
7477,1,83
7477,2,175
7477,3,197
7478,1,176
7478,2,133
7478,2,207
7478,3,62
7478,3,121
7478,3,176
7479,1,2
7479,2,67
7479,3,128
7480,1,76
7480,2,83
7480,2,130
7480,2,4
7480,3,85
7481,1,30
7481,2,30
7481,3,30
7481,4,30
7482,1,58
7482,2,69
7482,3,81
7482,4,58
7482,4,98
7482,4,105
7483,1,193
7483,1,115
7483,2,193
7483,2,14
7483,3,14
7484,1,37
7484,1,21
7484,2,122
7484,2,2
7484,3,21
7485,1,184
7485,1,113
7485,2,117
7485,2,184
7485,2,113
7485,3,113
7485,3,184
7485,3,117
7485,4,117
7485,4,184
7485,4,113
7485,5,83
7485,5,117
7486,1,122
7486,2,17
7486,3,107
7486,3,68
7487,1,38
7487,2,51
7487,2,204
7487,2,147
7487,2,107
7487,2,133
7487,2,178
7487,3,125
7488,1,72
7488,1,55
7488,2,53
7488,3,75
7488,4,75
7488,4,160
7488,5,53
7488,5,160
7489,1,40
7489,1,104
7489,2,91
7489,3,171
7490,1,128
7490,2,166
7490,3,45
7490,3,160
7491,1,6
7491,1,3
7491,2,164
7491,2,144
7491,3,23
7491,3,3
7492,1,175
7492,2,113
7492,2,175
7492,3,175
7493,1,113
7493,2,83
7493,2,48
7493,3,50
7493,3,113
7494,1,205
7494,2,85
7494,2,209
7494,3,205
7495,1,129
7495,2,67
7495,2,81
7495,3,190
7496,1,199
7496,2,179
7496,3,56
7497,1,7
7497,2,7
7497,3,57
7497,4,4
7497,4,7
7497,5,206
7497,5,7
7497,6,7
7498,1,95
7498,1,146
7498,1,123
7498,2,164
7498,2,42
7498,3,71
7498,4,131
7498,5,36
7498,5,16
7498,5,57
7499,1,56
7499,2,148
7499,3,92
7500,1,12
7500,2,89
7500,3,89
7500,3,58
7501,1,106
7501,1,149
7501,2,149
7501,3,121
7501,3,104
7501,3,12
7502,1,64
7502,1,202
7502,1,20
7502,2,176
7502,3,162
7503,1,69
7503,2,152
7503,3,31
7504,1,199
7504,2,199
7504,2,160
7504,3,202
7505,1,20
7505,2,100
7505,2,155
7505,3,78
7506,1,106
7506,2,98
7506,3,98
7507,1,163
7507,1,76
7507,1,146
7507,2,86
7507,3,30
7507,4,86
7508,1,68
7508,2,38
7508,2,4
7508,3,4
7509,1,70
7509,2,39
7509,2,90
7509,3,206
7509,4,4
7510,1,188
7510,1,12
7510,2,192
7510,2,162
7510,2,33
7510,2,182
7510,3,46
7511,1,50
7511,2,44
7511,2,168
7511,3,150
7511,3,95
7511,4,128
7512,1,53
7512,1,71
7512,1,113
7512,2,57
7512,3,71
7513,1,161
7513,2,80
7513,2,28
7513,3,78
7513,4,28
7513,4,134
7514,1,81
7514,2,83
7514,2,190
7514,2,75
7514,3,113
7514,3,75
7514,4,113
7514,4,123
7514,4,75
7515,1,123
7515,2,194
7515,3,194
7516,1,114
7516,1,113
7516,2,48
7516,3,48
7516,3,113
7517,1,13
7517,2,187
7517,3,57
7517,4,121
7517,5,184
7517,5,13
7518,1,19
7518,1,85
7518,2,10
7518,3,203
7518,3,77
7518,4,104
7518,4,77
7519,1,151
7519,1,133
7519,2,133
7519,2,151
7519,3,133
7519,4,154
7519,4,133
7519,5,133
7520,1,127
7520,1,186
7520,2,132
7520,3,133
7520,4,84
7521,1,163
7521,1,28
7521,2,163
7521,2,28
7521,2,63
7521,3,163
7522,1,151
7522,1,139
7522,1,128
7522,2,147
7522,3,81
7523,1,127
7523,1,98
7523,2,130
7523,2,176
7523,3,120
7523,3,98
7523,3,193
7523,4,176
7523,4,118
7523,5,127
7523,6,98
7523,7,176
7524,1,155
7524,2,108
7524,3,155
7525,1,217
7525,2,133
7525,2,217
7525,3,188
7525,3,217
7525,4,217
7525,4,194
7525,5,43
7526,1,93
7526,2,66
7526,3,66
7526,3,101
7527,1,160
7527,2,2
7527,3,76
7527,4,84
7528,1,82
7528,2,82
7528,2,21
7528,2,76
7528,3,82
7528,4,82
7529,1,123
7529,1,36
7529,2,80
7529,2,4
7529,3,80
7529,4,98
7530,1,173
7530,2,47
7530,3,22
7531,1,2
7531,1,141
7531,1,52
7531,2,52
7531,3,83
7531,4,97
7532,1,160
7532,2,133
7532,2,73
7532,3,141
7532,3,160
7533,1,125
7533,2,10
7533,3,125
7534,1,64
7534,1,20
7534,2,19
7534,2,20
7534,3,64
7535,1,91
7535,2,207
7535,2,214
7535,3,31
7535,3,2
7535,3,31
7535,3,66
7536,1,61
7536,1,58
7536,2,95
7536,3,25
7537,1,214
7537,1,44
7537,2,4
7537,3,97
7537,4,210
7537,5,42
7537,6,194
7538,1,44
7538,2,121
7538,2,4
7538,3,55
7538,3,126
7538,4,43
7538,4,55
7538,5,195
7538,6,195
7538,7,44
7538,7,38
7539,1,40
7539,2,21
7539,3,69
7539,3,197
7539,4,150
7539,4,69
7539,4,40
7539,4,130
7539,5,76
7539,5,141
7539,6,83
7539,6,141
7539,6,130
7539,7,197
7539,7,21
7540,1,113
7540,1,164
7540,2,83
7540,2,63
7540,3,124
7540,4,113
7540,4,164
7541,1,131
7541,2,202
7541,3,38
7542,1,98
7542,2,98
7542,3,118
7543,1,176
7543,1,133
7543,2,133
7543,2,95
7543,2,123
7543,3,133
7544,1,181
7544,1,167
7544,2,100
7544,2,155
7544,3,132
7544,3,43
7544,3,155
7545,1,169
7545,1,113
7545,2,113
7545,2,67
7545,3,155
7545,3,56
7545,4,36
7545,4,113
7546,1,77
7546,2,58
7546,2,63
7546,3,185
7547,1,165
7547,2,120
7547,3,154
7548,1,2
7548,2,56
7548,2,118
7548,3,165
7549,1,113
7549,2,156
7549,2,61
7549,3,176
7550,1,118
7550,2,81
7550,3,197
7550,3,118
7551,1,163
7551,1,177
7551,2,123
7551,3,106
7551,3,163
7551,4,145
7552,1,102
7552,2,110
7552,3,81
7553,1,118
7553,2,139
7553,2,55
7553,3,25
7553,3,55
7554,1,107
7554,2,6
7554,2,83
7554,2,25
7554,3,142
7554,4,83
7555,1,4
7555,2,4
7555,2,82
7555,3,99
7555,4,66
7556,1,63
7556,1,6
7556,2,63
7556,3,191
7557,1,34
7557,2,121
7557,3,133
7557,4,140
7557,4,78
7557,5,143
7558,1,121
7558,2,121
7558,3,121
7558,3,4
7558,4,124
7558,5,121
7559,1,17
7559,2,76
7559,2,75
7559,3,174
7560,1,145
7560,1,183
7560,2,89
7560,2,55
7560,2,69
7560,2,53
7560,2,87
7560,2,63
7560,2,39
7560,2,183
7560,2,145
7560,3,123
7560,4,151
7561,1,98
7561,1,48
7561,1,141
7561,2,25
7561,2,63
7561,3,4
7561,4,2
7562,1,160
7562,1,67
7562,2,89
7562,2,58
7562,3,130
7563,1,177
7563,1,189
7563,2,189
7563,3,46
7563,4,27
7563,5,106
7563,5,189
7563,6,123
7563,7,2
7564,1,164
7564,2,20
7564,3,176
7565,1,148
7565,2,11
7565,3,11
7565,3,67
7565,4,15
7565,5,11
7566,1,39
7566,2,131
7566,3,110
7566,4,211
7566,5,122
7566,5,151
7567,1,58
7567,2,83
7567,2,80
7567,3,69
7568,1,90
7568,2,50
7568,3,131
7568,4,113
7569,1,146
7569,2,3
7569,3,19
7569,3,106
7570,1,72
7570,1,116
7570,1,69
7570,2,37
7570,3,182
7570,3,2
7570,4,28
7570,4,116
7571,1,169
7571,1,86
7571,1,91
7571,2,169
7571,2,113
7571,3,144
7571,3,101
7571,3,87
7571,3,86
7571,4,217
7571,4,86
7571,5,77
7572,1,121
7572,1,151
7572,2,123
7572,3,36
7572,4,21
7573,1,4
7573,1,63
7573,2,67
7573,2,110
7573,3,4
7574,1,143
7574,2,143
7574,3,143
7575,1,125
7575,1,21
7575,1,94
7575,2,2
7575,3,37
7575,4,149
7576,1,76
7576,1,114
7576,2,48
7576,2,98
7576,3,98
7576,4,98
7577,1,25
7577,2,101
7577,2,25
7577,3,25
7578,1,63
7578,1,177
7578,2,177
7578,2,203
7578,3,21
7578,3,63
7578,3,77
7579,1,4
7579,1,8
7579,2,8
7579,2,74
7579,3,113
7579,3,83
7579,3,8
7580,1,160
7580,1,158
7580,2,160
7580,3,24
7581,1,24
7581,2,93
7581,3,128
7581,4,155
7582,1,171
7582,2,192
7582,2,205
7582,2,171
7582,3,205
7583,1,69
7583,2,83
7583,3,69
7583,4,83
7584,1,70
7584,2,196
7584,2,38
7584,2,95
7584,3,13
7585,1,21
7585,2,34
7585,3,106
7586,1,173
7586,1,148
7586,1,180
7586,2,25
7586,2,92
7586,3,63
7586,3,14
7586,4,25
7586,5,180
7586,6,113
7586,6,53
7586,6,180
7586,6,179
7586,7,63
7586,7,167
7587,1,14
7587,2,14
7587,2,167
7587,2,192
7587,3,14
7587,4,14
7587,4,192
7587,5,32
7587,5,196
7587,5,119
7588,1,55
7588,2,99
7588,2,34
7588,3,92
7589,1,164
7589,2,151
7589,2,170
7589,3,147
7590,1,160
7590,1,209
7590,2,61
7590,3,24
7590,3,51
7590,4,47
7591,1,85
7591,2,69
7591,3,182
7591,4,172
7591,4,28
7591,4,37
7591,5,126
7592,1,25
7592,1,55
7592,2,80
7592,3,41
7593,1,150
7593,2,150
7593,3,150
7593,4,150
7594,1,11
7594,2,106
7594,3,124
7594,4,11
7594,5,129
7594,5,164
7594,6,11
7595,1,2
7595,1,120
7595,2,52
7595,3,4
7595,3,120
7595,3,113
7595,3,152
7596,1,186
7596,1,2
7596,2,69
7596,3,140
7596,3,108
7596,3,154
7596,4,48
7596,4,16
7596,4,44
7597,1,85
7597,1,73
7597,2,85
7597,2,209
7597,3,3
7597,3,76
7597,4,31
7598,1,61
7598,1,128
7598,2,98
7598,3,61
7598,3,83
7599,1,16
7599,1,50
7599,2,113
7599,2,79
7599,2,123
7599,2,153
7599,3,104
7599,3,90
7599,4,93
7599,5,49
7599,6,154
7600,1,181
7600,2,113
7600,2,197
7600,3,140
7601,1,160
7601,2,160
7601,2,159
7601,3,6
7601,3,160
7601,4,160
7601,5,41
7601,5,160
7601,6,159
7601,6,160
7602,1,209
7602,2,83
7602,2,163
7602,2,164
7602,3,80
7602,3,106
7603,1,199
7603,1,126
7603,2,167
7603,2,43
7603,3,162
7603,3,109
7604,1,10
7604,2,150
7604,2,10
7604,3,10
7604,3,177
7604,3,150
7604,4,150
7604,4,129
7605,1,166
7605,1,100
7605,2,81
7605,3,166
7606,1,175
7606,2,51
7606,3,46
7607,1,129
7607,1,53
7607,2,195
7607,3,195
7608,1,76
7608,1,54
7608,1,80
7608,2,144
7608,2,155
7608,2,83
7608,3,113
7608,3,80
7608,3,121
7608,4,106
7608,4,54
7608,4,160
7608,4,163
7609,1,98
7609,2,53
7609,3,76
7610,1,16
7610,2,174
7610,3,192
7611,1,151
7611,1,99
7611,2,81
7611,3,81
7612,1,110
7612,1,158
7612,2,69
7612,3,75
7613,1,206
7613,2,54
7613,2,68
7613,3,199
7613,4,82
7614,1,127
7614,2,161
7614,3,161
7615,1,56
7615,2,144
7615,3,8
7615,3,160
7616,1,49
7616,2,152
7616,3,51
7616,4,103
7617,1,78
7617,2,78
7617,3,133
7618,1,73
7618,1,35
7618,1,153
7618,2,73
7618,2,15
7618,3,153
7618,3,15
7619,1,51
7619,2,20
7619,3,51
7619,4,20
7619,4,150
7620,1,64
7620,2,97
7620,2,3
7620,3,97
7621,1,144
7621,1,23
7621,1,145
7621,2,57
7621,3,33
7621,3,47
7621,3,23
7621,3,87
7621,4,93
7622,1,110
7622,1,174
7622,2,162
7622,3,174
7623,1,120
7623,2,120
7623,2,90
7623,3,2
7623,4,69
7624,1,98
7624,2,70
7624,2,128
7624,3,98
7625,1,189
7625,2,76
7625,3,73
7625,3,189
7626,1,48
7626,2,58
7626,2,53
7626,3,157
7627,1,97
7627,2,88
7627,3,141
7627,4,162
7628,1,165
7628,2,116
7628,3,96
7629,1,128
7629,2,125
7629,3,78
7630,1,95
7630,1,184
7630,1,116
7630,1,105
7630,2,184
7630,2,44
7630,3,39
7630,4,184
7630,4,115
7630,4,95
7631,1,75
7631,1,67
7631,2,67
7631,2,45
7631,3,97
7632,1,94
7632,2,94
7632,3,79
7632,3,146
7633,1,85
7633,2,126
7633,3,76
7633,4,10
7634,1,64
7634,2,67
7634,2,162
7634,2,12
7634,3,96
7634,4,30
7635,1,179
7635,1,92
7635,1,171
7635,1,192
7635,1,167
7635,2,192
7635,3,171
7635,3,182
7635,3,192
7635,4,119
7635,5,119
7635,5,162
7635,5,182
7635,5,171
7635,5,180
7635,5,46
7635,5,20
7636,1,113
7636,2,126
7636,3,161
7637,1,82
7637,1,151
7637,1,34
7637,2,30
7637,2,60
7637,2,15
7637,3,154
7638,1,145
7638,1,183
7638,2,171
7638,3,38
7639,1,148
7639,1,60
7639,2,208
7639,3,148
7639,4,166
7639,4,148
7639,5,112
7640,1,13
7640,2,5
7640,3,154
7640,3,119
7641,1,87
7641,2,214
7641,3,123
7642,1,113
7642,2,113
7642,3,113
7642,4,113
7642,5,113
7642,6,113
7642,7,113
7642,8,113
7642,8,205
7642,9,113
7642,10,113
7642,11,113
7642,12,127
7642,13,113
7642,13,113
7642,14,113
7642,15,113
7642,16,113
7642,16,113
7643,1,7
7643,1,169
7643,1,42
7643,2,109
7643,3,109
7643,4,109
7643,4,42
7644,1,88
7644,1,52
7644,2,93
7644,3,208
7644,3,146
7644,3,94
7644,4,125
7645,1,133
7645,1,34
7645,2,121
7645,3,38
7646,1,89
7646,2,89
7646,2,101
7646,2,148
7646,3,75
7646,3,148
7646,4,101
7647,1,39
7647,2,148
7647,3,69
7648,1,103
7648,2,91
7648,3,128
7648,3,51
7648,4,20
7649,1,127
7649,1,22
7649,2,79
7649,2,80
7649,3,128
7649,4,146
7649,4,127
7649,4,89
7649,5,22
7649,5,162
7649,6,127
7650,1,124
7650,1,202
7650,1,59
7650,2,59
7650,3,59
7650,4,110
7650,4,10
7651,1,15
7651,1,153
7651,2,2
7651,2,142
7651,3,194
7651,4,194
7651,5,121
7652,1,148
7652,2,14
7652,3,148
7653,1,44
7653,2,83
7653,2,65
7653,2,155
7653,3,65
7654,1,95
7654,2,67
7654,2,89
7654,3,89
7654,3,203
7654,4,203
7655,1,58
7655,1,157
7655,1,83
7655,2,191
7655,2,157
7655,3,157
7655,4,72
7655,4,157
7655,4,73
7655,5,97
7655,5,58
7656,1,195
7656,2,136
7656,2,51
7656,3,182
7656,3,136
7657,1,61
7657,2,61
7657,3,97
7657,4,61
7658,1,112
7658,1,24
7658,2,113
7658,2,81
7658,3,24
7658,3,81
7658,4,81
7658,4,24
7658,5,81
7659,1,182
7659,2,8
7659,3,95
7659,3,138
7660,1,40
7660,1,21
7660,2,21
7660,3,21
7661,1,117
7661,2,131
7661,3,154
7661,3,184
7661,4,56
7661,5,151
7661,5,117
7662,1,137
7662,1,100
7662,2,137
7662,3,126
7662,4,66
7662,4,76
7663,1,193
7663,1,204
7663,2,11
7663,3,143
7664,1,16
7664,1,83
7664,1,67
7664,1,153
7664,1,52
7664,2,103
7664,2,76
7664,3,168
7665,1,178
7665,1,116
7665,2,61
7665,2,116
7665,2,170
7665,2,99
7665,3,98
7665,4,56
7665,4,86
7665,4,128
7666,1,123
7666,2,67
7666,3,167
7666,3,107
7666,3,74
7666,4,74
7667,1,57
7667,2,93
7667,3,166
7667,3,212
7667,3,107
7667,3,160
7667,4,79
7667,4,72
7668,1,13
7668,2,202
7668,3,164
7668,4,95
7668,4,164
7668,5,13
7669,1,12
7669,2,2
7669,3,64
7669,3,12
7670,1,39
7670,2,63
7670,3,201
7670,3,200
7670,4,168
7670,4,55
7670,5,183
7670,5,62
7671,1,37
7671,2,37
7671,3,121
7671,3,190
7672,1,166
7672,2,4
7672,3,166
7672,4,166
7673,1,1
7673,2,139
7673,2,69
7673,3,210
7673,4,110
7673,4,80
7673,4,33
7674,1,113
7674,1,105
7674,1,15
7674,2,73
7674,2,79
7674,3,44
7674,3,128
7674,4,2
7674,4,105
7675,1,4
7675,1,78
7675,1,63
7675,2,78
7675,3,4
7675,3,51
7675,4,4
7675,5,63
7675,6,190
7675,7,164
7675,7,63
7675,8,78
7675,9,164
7675,9,4
7675,9,78
7676,1,28
7676,2,40
7676,2,182
7676,2,73
7676,2,196
7676,3,8
7676,3,128
7676,3,172
7676,3,74
7677,1,133
7677,1,49
7677,2,4
7677,3,133
7678,1,2
7678,2,83
7678,3,103
7678,4,24
7678,5,44
7679,1,25
7679,2,113
7679,2,55
7679,3,52
7679,3,83
7680,1,39
7680,2,69
7680,3,69
7680,3,39
7680,4,69
7680,5,39
7681,1,2
7681,2,77
7681,3,155
7681,4,72
7682,1,75
7682,1,161
7682,2,57
7682,3,39
7682,3,57
7682,3,168
7683,1,5
7683,2,54
7683,3,5
7683,4,5
7683,4,160
7684,1,57
7684,1,112
7684,2,180
7684,2,57
7684,3,112
7684,3,151
7685,1,127
7685,1,67
7685,2,127
7685,2,121
7685,3,127
7685,3,67
7685,4,121
7685,4,127
7685,5,56
7686,1,134
7686,2,89
7686,3,29
7687,1,95
7687,2,98
7687,3,66
7687,4,31
7687,5,66
7687,5,174
7688,1,172
7688,1,195
7688,2,81
7688,3,81
7689,1,160
7689,1,79
7689,2,85
7689,3,161
7690,1,46
7690,1,214
7690,2,4
7690,3,4
7690,3,12
7691,1,112
7691,1,172
7691,2,67
7691,2,146
7691,3,6
7691,3,55
7692,1,113
7692,1,120
7692,2,46
7692,2,162
7692,2,188
7692,3,78
7693,1,106
7693,2,168
7693,2,203
7693,2,106
7693,3,168
7694,1,4
7694,2,213
7694,3,2
7694,4,213
7695,1,121
7695,1,69
7695,1,57
7695,1,103
7695,1,88
7695,2,96
7695,2,121
7695,3,96
7695,3,121
7695,3,85
7696,1,4
7696,1,155
7696,2,155
7696,2,102
7696,3,4
7696,3,102
7696,4,155
7696,5,10
7697,1,115
7697,1,17
7697,2,101
7697,2,70
7697,3,90
7697,3,70
7697,3,182
7697,3,69
7697,3,205
7697,3,192
7697,4,70
7698,1,74
7698,2,68
7698,2,74
7698,3,39
7699,1,152
7699,2,63
7699,3,12
7699,3,24
7700,1,10
7700,2,98
7700,3,10
7701,1,95
7701,1,166
7701,2,2
7701,3,67
7701,4,95
7701,4,171
7701,5,99
7701,5,154
7702,1,61
7702,1,105
7702,1,116
7702,1,83
7702,2,69
7702,2,105
7702,2,83
7702,3,50
7702,4,100
7702,5,69
7702,5,105
7702,6,116
7702,6,105
7702,7,4
7702,7,116
7702,7,105
7702,8,69
7703,1,123
7703,2,159
7703,3,67
7704,1,168
7704,2,168
7704,3,168
7704,3,95
7704,3,107
7704,4,168
7705,1,4
7705,2,204
7705,3,4
7706,1,24
7706,2,150
7706,3,150
7706,4,113
7706,4,150
7706,5,28
7706,5,150
7707,1,164
7707,1,24
7707,2,24
7707,3,5
7707,3,160
7707,3,44
7708,1,32
7708,1,22
7708,2,162
7708,3,33
7708,4,162
7708,4,64
7708,4,22
7708,4,33
7709,1,94
7709,2,53
7709,3,71
7710,1,105
7710,2,95
7710,2,117
7710,2,113
7710,2,115
7710,3,76
7711,1,93
7711,2,38
7711,3,205
7712,1,78
7712,2,11
7712,3,55
7712,3,113
7712,3,52
7713,1,119
7713,1,72
7713,2,209
7713,3,119
7713,3,209
7714,1,76
7714,1,90
7714,2,87
7714,2,14
7714,2,61
7714,3,46
7715,1,187
7715,1,122
7715,1,137
7715,2,122
7715,2,62
7715,2,190
7715,3,137
7716,1,18
7716,1,213
7716,2,18
7716,2,213
7716,3,174
7716,3,7
7717,1,170
7717,2,85
7717,3,79
7717,3,85
7718,1,69
7718,2,113
7718,3,113
7718,3,164
7718,4,10
7718,5,113
7718,5,7
7719,1,12
7719,1,64
7719,1,113
7719,1,4
7719,1,39
7719,2,12
7719,2,64
7719,2,10
7719,3,64
7719,3,171
7719,3,12
7719,4,193
7719,4,82
7720,1,54
7720,2,111
7720,2,204
7720,3,50
7721,1,61
7721,1,177
7721,2,106
7721,2,155
7721,3,63
7722,1,155
7722,1,95
7722,2,95
7722,3,113
7722,4,83
7722,5,106
7723,1,44
7723,1,50
7723,2,108
7723,2,79
7723,3,44
7724,1,38
7724,2,121
7724,2,171
7724,2,58
7724,3,14
7724,4,14
7725,1,93
7725,2,11
7725,3,93
7725,4,52
7725,5,92
7726,1,126
7726,1,43
7726,2,13
7726,3,126
7726,3,39
7727,1,157
7727,1,176
7727,1,93
7727,2,157
7727,3,176
7727,3,124
7728,1,64
7728,2,210
7728,3,214
7729,1,160
7729,2,142
7729,2,136
7729,3,136
7729,3,142
7730,1,187
7730,1,5
7730,2,61
7730,2,54
7730,3,187
7730,3,166
7730,3,145
7731,1,40
7731,2,73
7731,3,27
7732,1,4
7732,2,199
7732,3,199
7732,3,26
7732,3,132
7733,1,104
7733,1,10
7733,2,95
7733,3,113
7733,3,104
7733,4,104
7733,4,44
7734,1,13
7734,2,55
7734,2,202
7734,3,10
7735,1,192
7735,2,68
7735,2,148
7735,3,64
7736,1,148
7736,2,197
7736,3,124
7737,1,105
7737,1,92
7737,2,160
7737,2,141
7737,3,160
7737,3,48
7737,4,115
7737,4,160
7737,4,114
7738,1,200
7738,1,191
7738,1,189
7738,2,69
7738,3,49
7738,4,59
7738,4,76
7739,1,75
7739,2,95
7739,2,138
7739,3,95
7739,3,90
7740,1,85
7740,1,10
7740,2,10
7740,2,53
7740,2,95
7740,2,54
7740,2,145
7740,3,102
7740,3,156
7741,1,17
7741,1,47
7741,2,89
7741,3,17
7741,4,4
7741,4,17
7742,1,44
7742,1,98
7742,2,37
7742,3,203
7742,3,84
7742,4,194
7743,1,110
7743,1,120
7743,2,33
7743,3,181
7743,4,155
7743,4,44
7744,1,191
7744,2,98
7744,3,191
7744,4,191
7745,1,196
7745,2,155
7745,2,153
7745,3,141
7745,3,2
7745,4,119
7745,5,140
7745,5,61
7745,5,154
7746,1,137
7746,2,44
7746,3,11
7746,3,47
7746,4,47
7746,4,101
7746,4,67
7747,1,166
7747,1,79
7747,1,137
7747,2,13
7747,3,98
7748,1,123
7748,2,37
7748,3,98
7749,1,83
7749,2,99
7749,3,160
7750,1,8
7750,2,196
7750,3,16
7750,3,205
7751,1,95
7751,2,146
7751,3,68
7751,4,132
7751,4,93
7752,1,149
7752,1,188
7752,2,83
7752,3,30
7753,1,13
7753,1,15
7753,1,91
7753,2,171
7753,2,54
7753,3,128
7753,3,215
7754,1,10
7754,1,81
7754,1,57
7754,1,205
7754,2,148
7754,2,206
7754,2,192
7754,3,10
7754,4,192
7754,4,81
7754,5,4
7754,5,81
7755,1,58
7755,1,61
7755,2,80
7755,2,83
7755,2,160
7755,3,58
7755,3,61
7755,4,79
7756,1,211
7756,1,85
7756,2,194
7756,2,1
7756,2,154
7756,2,131
7756,3,21
7757,1,120
7757,2,75
7757,2,144
7757,3,95
7757,3,50
7757,4,131
7757,4,93
7757,5,203
7757,5,102
7757,5,192
7757,5,39
7758,1,166
7758,2,52
7758,2,157
7758,2,61
7758,3,148
7759,1,33
7759,1,110
7759,2,33
7759,2,183
7759,3,2
7760,1,179
7760,2,113
7760,2,69
7760,3,113
7761,1,74
7761,2,118
7761,3,51
7762,1,71
7762,2,148
7762,3,11
7763,1,100
7763,2,100
7763,3,100
7764,1,128
7764,2,69
7764,3,69
7764,3,125
7765,1,214
7765,2,96
7765,3,170
7766,1,95
7766,1,155
7766,2,98
7766,2,76
7766,2,67
7766,3,21
7766,3,98
7767,1,34
7767,2,44
7767,3,44
7767,4,44
7767,5,44
7768,1,73
7768,1,64
7768,2,192
7768,2,73
7768,3,21
7768,4,126
7768,4,47
7768,4,119
7769,1,97
7769,2,37
7769,3,25
7769,4,37
7769,5,25
7770,1,203
7770,2,67
7770,3,103
7770,3,47
7771,1,125
7771,2,13
7771,3,137
7772,1,77
7772,2,106
7772,2,28
7772,3,108
7772,3,172
7773,1,154
7773,1,120
7773,2,154
7773,2,120
7773,3,120
7774,1,40
7774,1,150
7774,2,150
7774,3,133
7775,1,158
7775,2,168
7775,3,24
7776,1,108
7776,2,200
7776,2,172
7776,3,80
7777,1,154
7777,1,87
7777,2,147
7777,3,87
7778,1,85
7778,2,97
7778,3,97
7779,1,215
7779,1,10
7779,2,69
7779,3,50
7779,4,130
7779,4,177
7779,4,153
7780,1,21
7780,1,56
7780,2,56
7780,3,56
7780,4,56
7780,5,56
7781,1,208
7781,2,95
7781,3,32
7782,1,76
7782,2,197
7782,3,148
7782,4,97
7783,1,113
7783,1,67
7783,2,76
7783,2,141
7783,3,97
7783,4,141
7784,1,39
7784,2,69
7784,3,160
7785,1,167
7785,1,185
7785,2,55
7785,2,61
7785,3,121
7785,3,80
7786,1,188
7786,2,194
7786,3,17
7787,1,217
7787,2,76
7787,3,217
7787,3,76
7788,1,21
7788,2,148
7788,3,14
7789,1,194
7789,2,85
7789,3,1
7789,4,76
7789,5,7
7789,6,7
7789,6,95
7790,1,131
7790,2,159
7790,3,131
7790,4,160
7791,1,120
7791,2,21
7791,2,155
7791,2,67
7791,2,42
7791,3,85
7792,1,79
7792,2,95
7792,3,80
7792,3,79
7793,1,154
7793,1,5
7793,2,55
7793,2,145
7793,2,160
7793,3,8
7793,3,74
7794,1,85
7794,2,76
7794,3,21
7794,4,66
7795,1,19
7795,2,110
7795,2,22
7795,3,199
7795,3,21
7796,1,55
7796,2,195
7796,3,54
7796,4,95
7797,1,157
7797,2,3
7797,3,157
7798,1,202
7798,2,154
7798,3,210
7799,1,28
7799,1,66
7799,2,124
7799,2,2
7799,3,124
7800,1,44
7800,2,123
7800,3,114
7800,3,2
7801,1,75
7801,1,123
7801,1,113
7801,2,145
7801,3,75
7801,3,183
7802,1,69
7802,2,119
7802,3,95
7802,3,192
7803,1,128
7803,1,98
7803,2,128
7803,3,128
7803,4,157
7803,4,128
7803,4,76
7804,1,15
7804,2,213
7804,2,170
7804,3,201
7804,3,213
7804,3,110
7805,1,186
7805,1,154
7805,2,186
7805,3,106
7805,3,50
7805,4,57
7805,5,133
7805,5,2
7806,1,95
7806,1,150
7806,2,45
7806,3,150
7806,3,83
7806,4,150
7806,4,95
7807,1,95
7807,1,175
7807,2,51
7807,2,95
7807,2,125
7807,3,51
7807,4,51
7807,4,69
7807,4,76
7807,5,51
7807,6,117
7807,7,117
7807,7,98
7808,1,76
7808,1,51
7808,2,150
7808,3,150
7809,1,76
7809,2,76
7809,2,175
7809,3,75
7810,1,150
7810,1,88
7810,2,76
7810,3,10
7810,3,16
7810,4,150
7810,4,83
7810,5,95
7810,5,150
7811,1,205
7811,1,72
7811,1,131
7811,2,72
7811,3,1
7811,4,104
7811,5,137
7811,6,90
7811,7,187
7812,1,95
7812,2,95
7812,3,217
7813,1,69
7813,1,113
7813,2,113
7813,3,83
7813,4,4
7813,5,113
7814,1,113
7814,1,5
7814,2,136
7814,3,69
7815,1,168
7815,1,120
7815,1,4
7815,2,120
7815,2,85
7815,3,4
7815,4,67
7815,4,4
7815,5,168
7815,6,4
7815,7,168
7815,8,10
7815,8,93
7815,9,168
7815,10,168
7815,11,168
7815,12,168
7816,1,215
7816,2,64
7816,3,16
7817,1,78
7817,1,90
7817,2,83
7817,3,95
7817,3,150
7817,3,50
7817,4,95
7818,1,98
7818,2,156
7818,2,47
7818,2,58
7818,3,113
7819,1,84
7819,1,12
7819,2,170
7819,3,46
7819,3,162
7819,3,214
7819,3,80
7819,3,188
7820,1,20
7820,2,20
7820,2,159
7820,3,21
7820,3,84
7821,1,69
7821,2,108
7821,2,113
7821,3,108
7821,3,83
7822,1,152
7822,2,3
7822,3,2
7822,3,10
7822,3,66
7822,3,213
7823,1,50
7823,1,4
7823,1,67
7823,2,83
7823,2,50
7823,3,50
7823,3,67
7823,4,50
7823,4,83
7823,4,4
7823,5,83
7823,6,67
7823,6,83
7823,6,4
7823,7,188
7824,1,12
7824,2,10
7824,3,12
7824,4,10
7824,5,168
7825,1,10
7825,1,16
7825,2,16
7825,3,10
7825,3,27
7825,4,10
7826,1,48
7826,2,72
7826,3,113
7827,1,55
7827,2,4
7827,3,142
7828,1,30
7828,1,110
7828,1,104
7828,2,30
7828,3,30
7829,1,166
7829,2,98
7829,3,168
7829,4,76
7829,5,16
7830,1,122
7830,1,83
7830,1,44
7830,2,44
7830,3,130
7830,3,21
7830,4,58
7830,4,121
7831,1,26
7831,2,40
7831,2,146
7831,2,26
7831,3,26
7832,1,127
7832,1,21
7832,2,21
7832,2,118
7832,3,163
7832,3,25
7832,4,118
7832,5,215
7832,5,118
7832,5,21
7832,6,25
7833,1,54
7833,1,172
7833,2,172
7833,3,205
7834,1,120
7834,1,207
7834,2,207
7834,2,67
7834,3,11
7835,1,29
7835,2,174
7835,2,29
7835,3,10
7836,1,138
7836,2,42
7836,3,138
7836,3,42
7837,1,21
7837,2,62
7837,2,198
7837,3,171
7837,3,89
7838,1,99
7838,2,60
7838,3,176
7838,3,60
7839,1,40
7839,2,115
7839,2,73
7839,3,40
7840,1,4
7840,1,52
7840,2,98
7840,3,118
7841,1,120
7841,2,98
7841,2,67
7841,2,120
7841,3,37
7841,3,120
7842,1,56
7842,2,56
7842,3,56
7843,1,91
7843,2,72
7843,2,192
7843,3,192
7843,3,136
7844,1,52
7844,1,72
7844,2,65
7844,3,202
7845,1,83
7845,2,128
7845,3,35
7845,4,78
7846,1,31
7846,1,72
7846,1,2
7846,2,67
7846,2,13
7846,2,160
7846,3,67
7846,4,81
7847,1,69
7847,1,54
7847,1,183
7847,2,28
7847,3,145
7847,3,163
7848,1,134
7848,2,76
7848,2,95
7848,3,74
7848,3,95
7849,1,76
7849,2,17
7849,3,192
7849,4,16
7850,1,83
7850,1,67
7850,2,67
7850,3,69
7851,1,132
7851,2,73
7851,3,76
7852,1,50
7852,2,147
7852,3,141
7852,4,106
7852,4,105
7852,4,115
7852,5,116
7852,5,105
7852,5,115
7852,5,27
7853,1,129
7853,1,175
7853,1,48
7853,2,83
7853,3,52
7853,3,63
7854,1,57
7854,2,4
7854,3,131
7854,3,4
7855,1,129
7855,2,99
7855,3,215
7855,3,118
7856,1,209
7856,2,85
7856,3,174
7857,1,142
7857,1,197
7857,2,69
7857,3,197
7857,3,69
7857,4,28
7857,5,197
7857,6,69
7857,6,197
7857,6,28
7857,6,142
7857,7,197
7857,7,142
7858,1,96
7858,1,157
7858,2,96
7858,2,122
7858,3,96
7858,3,169
7859,1,177
7859,1,149
7859,2,209
7859,2,89
7859,2,88
7859,3,21
7859,4,149
7859,5,149
7860,1,14
7860,2,190
7860,3,56
7860,4,78
7861,1,93
7861,1,38
7861,2,93
7861,3,91
7862,1,57
7862,2,67
7862,3,175
7863,1,155
7863,1,152
7863,1,161
7863,2,152
7863,3,123
7863,4,152
7863,4,67
7864,1,4
7864,1,121
7864,1,10
7864,2,73
7864,3,10
7864,4,121
7864,4,16
7864,4,4
7865,1,128
7865,2,61
7865,2,156
7865,2,54
7865,3,123
7865,3,156
7866,1,120
7866,1,2
7866,2,110
7866,3,67
7866,4,212
7866,5,120
7866,5,67
7866,5,2
7867,1,72
7867,1,178
7867,2,178
7867,2,72
7867,3,178
7867,3,113
7867,4,178
7868,1,102
7868,2,70
7868,2,48
7868,2,128
7868,2,102
7868,3,113
7868,3,28
7869,1,31
7869,1,201
7869,2,40
7869,3,201
7869,3,42
7869,4,31
7869,4,201
7869,4,4
7870,1,119
7870,2,52
7870,3,83
7871,1,76
7871,2,189
7871,2,76
7871,3,58
7871,3,61
7871,4,76
7871,5,50
7871,5,20
7872,1,48
7872,2,108
7872,2,80
7872,3,7
7872,3,97
7873,1,121
7873,1,129
7873,2,69
7873,3,22
7873,4,36
7873,4,209
7873,4,69
7873,5,121
7874,1,148
7874,2,21
7874,3,180
7875,1,57
7875,2,67
7875,2,98
7875,3,95
7875,4,67
7875,4,4
7876,1,121
7876,1,83
7876,2,83
7876,2,121
7876,3,79
7876,4,57
7877,1,189
7877,2,76
7877,2,2
7877,2,189
7877,3,10
7878,1,124
7878,2,160
7878,2,55
7878,3,168
7878,4,55
7878,4,168
7878,5,55
7878,5,97
7878,5,168
7878,5,124
7879,1,128
7879,2,155
7879,2,106
7879,3,128
7879,3,25
7879,3,93
7879,4,128
7880,1,117
7880,1,116
7880,2,113
7880,3,117
7880,3,113
7881,1,87
7881,2,1
7881,3,99
7882,1,63
7882,2,159
7882,3,159
7882,4,29
7883,1,10
7883,2,163
7883,3,145
7883,3,113
7883,4,10
7884,1,192
7884,2,196
7884,3,72
7885,1,39
7885,2,70
7885,3,113
7885,4,215
7886,1,37
7886,2,37
7886,3,87
7887,1,190
7887,2,7
7887,2,127
7887,3,7
7888,1,102
7888,2,151
7888,2,141
7888,3,69
7888,3,102
7888,4,98
7889,1,194
7889,1,42
7889,2,54
7889,2,70
7889,3,133
7889,4,215
7890,1,175
7890,1,73
7890,2,175
7890,3,175
7890,3,73
7891,1,83
7891,2,14
7891,3,44
7892,1,53
7892,2,53
7892,3,198
7892,3,11
7892,4,110
7893,1,11
7893,2,101
7893,2,87
7893,3,171
7893,4,174
7893,4,113
7893,5,113
7893,5,174
7894,1,120
7894,1,100
7894,2,100
7894,2,67
7894,3,67
7894,4,67
7895,1,160
7895,2,160
7895,3,160
7895,4,160
7895,5,160
7895,6,161
7896,1,202
7896,2,176
7896,3,148
7897,1,193
7897,1,96
7897,2,193
7897,2,96
7897,3,113
7897,3,193
7898,1,89
7898,1,87
7898,2,85
7898,3,143
7899,1,58
7899,2,78
7899,3,69
7900,1,112
7900,1,100
7900,1,101
7900,2,101
7900,3,42
7900,4,79
7900,4,101
7901,1,20
7901,1,196
7901,2,131
7901,2,70
7901,3,160
7902,1,97
7902,2,44
7902,3,34
7902,4,34
7903,1,4
7903,1,132
7903,2,51
7903,2,11
7903,2,215
7903,3,132
7903,4,97
7904,1,160
7904,1,142
7904,2,9
7904,3,83
7904,4,107
7905,1,128
7905,2,136
7905,3,125
7906,1,120
7906,1,76
7906,2,131
7906,3,67
7906,4,131
7906,5,67
7907,1,166
7907,1,61
7907,1,207
7907,2,140
7907,3,174
7907,3,138
7908,1,22
7908,2,62
7908,2,158
7908,2,120
7908,3,67
7908,4,180
7909,1,17
7909,1,180
7909,1,209
7909,2,93
7909,3,23
7909,3,44
7910,1,183
7910,1,38
7910,1,121
7910,2,25
7910,2,67
7910,3,13
7911,1,109
7911,2,191
7911,2,103
7911,2,130
7911,2,79
7911,3,37
7911,4,191
7912,1,183
7912,2,125
7912,2,183
7912,2,28
7912,2,21
7912,3,125
7913,1,128
7913,2,98
7913,3,103
7914,1,106
7914,2,50
7914,3,153
7914,3,54
7915,1,106
7915,2,93
7915,3,21
7916,1,83
7916,2,90
7916,3,131
7917,1,166
7917,2,16
7917,3,190
7917,4,112
7917,4,207
7918,1,169
7918,1,160
7918,2,72
7918,3,121
7919,1,41
7919,2,4
7919,2,45
7919,3,41
7920,1,194
7920,2,51
7920,2,194
7920,3,35
7920,3,194
7920,3,51
7920,3,16
7921,1,118
7921,2,190
7921,3,150
7921,4,160
7922,1,86
7922,2,86
7922,3,77
7923,1,45
7923,2,58
7923,2,159
7923,3,58
7923,3,170
7923,4,203
7923,5,159
7924,1,107
7924,2,168
7924,2,58
7924,3,160
7924,3,107
7924,4,107
7924,4,129
7924,4,168
7924,5,103
7924,5,107
7925,1,27
7925,2,113
7925,3,37
7926,1,93
7926,2,9
7926,3,9
7926,4,9
7926,5,9
7927,1,118
7927,2,170
7927,2,73
7927,3,4
7927,3,51
7928,1,73
7928,1,12
7928,2,12
7928,3,139
7928,3,73
7929,1,146
7929,2,146
7929,2,9
7929,3,146
7929,4,146
7929,4,106
7929,5,146
7930,1,161
7930,1,213
7930,2,6
7930,2,161
7930,3,161
7930,3,54
7931,1,171
7931,2,143
7931,2,45
7931,3,195
7932,1,177
7932,2,118
7932,3,127
7933,1,161
7933,1,150
7933,2,3
7933,2,156
7933,3,150
7934,1,79
7934,2,203
7934,2,155
7934,3,155
7934,4,203
7934,5,203
7935,1,55
7935,2,61
7935,3,158
7935,3,106
7935,4,98
7936,1,63
7936,1,12
7936,2,67
7936,3,93
7936,3,19
7936,4,82
7937,1,41
7937,2,41
7937,3,59
7938,1,50
7938,1,17
7938,2,150
7938,3,192
7939,1,168
7939,2,210
7939,3,168
7939,4,168
7940,1,75
7940,1,156
7940,1,145
7940,2,86
7940,3,18
7941,1,127
7941,2,52
7941,2,127
7941,3,52
7941,3,127
7941,4,127
7942,1,16
7942,2,16
7942,2,105
7942,2,113
7942,3,16
7942,3,105
7942,3,83
7943,1,6
7943,1,127
7943,2,6
7943,3,1
7944,1,10
7944,1,113
7944,1,44
7944,1,122
7944,2,136
7944,2,55
7944,3,182
7944,4,182
7945,1,36
7945,1,27
7945,1,33
7945,2,36
7945,3,27
7945,4,36
7945,4,40
7946,1,113
7946,1,40
7946,2,42
7946,3,2
7946,3,40
7946,3,106
7947,1,125
7947,2,162
7947,3,91
7948,1,69
7948,2,76
7948,2,141
7948,3,99
7948,4,15
7948,4,127
7948,4,44
7948,5,76
7948,6,115
7948,6,78
7948,6,162
7948,6,203
7949,1,199
7949,1,188
7949,2,124
7949,2,199
7949,2,27
7949,3,22
7949,4,188
7950,1,12
7950,2,109
7950,2,12
7950,3,27
7951,1,52
7951,1,96
7951,2,2
7951,3,69
7951,4,214
7952,1,21
7952,2,41
7952,3,201
7952,4,32
7953,1,52
7953,1,136
7953,2,70
7953,2,131
7953,3,131
7953,4,155
7953,5,131
7953,6,90
7954,1,28
7954,1,120
7954,2,106
7954,2,67
7954,3,120
7954,3,106
7955,1,80
7955,2,76
7955,3,25
7956,1,150
7956,1,83
7956,2,73
7956,3,52
7957,1,43
7957,2,135
7957,3,32
7957,3,43
7957,4,110
7958,1,67
7958,2,129
7958,3,67
7958,3,161
7958,4,129
7958,5,67
7958,6,67
7959,1,19
7959,2,19
7959,3,21
7959,4,19
7959,5,19
7959,6,173
7959,6,19
7959,7,19
7959,8,19
7959,8,97
7959,9,19
7959,10,19
7959,11,19
7960,1,190
7960,2,112
7960,2,55
7960,3,25
7961,1,81
7961,1,113
7961,2,21
7961,2,36
7961,2,113
7961,2,215
7961,3,113
7961,3,36
7962,1,170
7962,2,171
7962,3,171
7962,4,156
7963,1,123
7963,2,51
7963,2,141
7963,3,37
7963,4,27
7964,1,81
7964,2,67
7964,3,67
7964,4,151
7965,1,36
7965,2,121
7965,3,121
7965,3,93
7965,4,36
7966,1,30
7966,2,119
7966,2,67
7966,3,30
7967,1,64
7967,1,48
7967,2,175
7967,2,55
7967,3,182
7967,4,70
7968,1,64
7968,2,121
7968,3,207
7968,3,187
7968,4,160
7968,5,79
7969,1,188
7969,2,188
7969,2,15
7969,3,188
7970,1,8
7970,2,24
7970,3,119
7970,3,152
7970,4,9
7971,1,209
7971,2,85
7971,2,12
7971,3,166
7972,1,168
7972,2,168
7972,3,151
7972,4,44
7972,4,160
7973,1,55
7973,1,72
7973,1,76
7973,2,203
7973,3,55
7973,4,69
7973,5,55
7973,5,80
7973,6,95
7974,1,113
7974,1,95
7974,2,137
7974,3,68
7975,1,98
7975,1,51
7975,1,175
7975,1,95
7975,2,150
7975,2,51
7975,2,113
7975,3,184
7975,3,117
7975,3,116
7975,3,115
7976,1,76
7976,1,120
7976,2,35
7976,2,83
7976,2,67
7976,3,69
7976,4,83
7976,4,67
7976,4,35
7976,5,120
7976,5,95
7977,1,33
7977,2,66
7977,3,4
7977,3,186
7978,1,34
7978,1,44
7978,2,143
7978,2,50
7978,3,44
7979,1,121
7979,1,124
7979,2,166
7979,2,121
7979,2,207
7979,3,36
7979,4,121
7980,1,83
7980,1,186
7980,2,133
7980,3,107
7981,1,100
7981,2,14
7981,3,207
7981,3,155
7981,3,101
7982,1,21
7982,2,75
7982,2,53
7982,3,21
7982,4,21
7982,5,158
7983,1,97
7983,2,111
7983,2,181
7983,3,146
7983,3,151
7983,3,184
7983,3,117
7984,1,178
7984,2,140
7984,3,178
7984,4,94
7985,1,146
7985,2,104
7985,3,104
7986,1,76
7986,1,171
7986,1,105
7986,2,105
7986,3,105
7987,1,191
7987,1,18
7987,1,181
7987,1,118
7987,1,127
7987,2,18
7987,2,127
7987,2,181
7987,3,181
7987,3,127
7988,1,16
7988,1,168
7988,2,16
7988,2,168
7988,3,168
7988,3,16
7988,4,168
7989,1,81
7989,2,187
7989,2,204
7989,3,58
7990,1,56
7990,1,50
7990,1,124
7990,1,141
7990,1,68
7990,2,56
7990,3,56
7990,4,50
7990,4,56
7990,4,150
7990,4,204
7990,4,141
7990,4,38
7990,5,179
7991,1,16
7991,1,67
7991,1,99
7991,1,78
7991,2,33
7991,3,69
7991,3,93
7991,3,22
7991,3,103
7991,4,168
7991,4,33
7991,5,81
7992,1,113
7992,2,113
7992,3,123
7993,1,72
7993,2,131
7993,3,197
7994,1,113
7994,1,142
7994,2,56
7994,3,28
7995,1,128
7995,1,215
7995,1,83
7995,2,69
7995,3,73
7996,1,105
7996,1,160
7996,2,151
7996,2,115
7996,3,202
7996,4,202
7996,5,39
7996,5,115
7997,1,106
7997,2,84
7997,2,121
7997,3,121
7998,1,100
7998,1,67
7998,2,67
7998,3,125
7999,1,177
7999,2,20
7999,3,106
8000,1,114
8000,1,113
8000,2,15
8000,2,67
8000,3,150
8000,3,113
8001,1,110
8001,1,122
8001,2,132
8001,2,130
8001,3,152
8001,4,122
8001,4,28
8002,1,113
8002,2,37
8002,2,155
8002,3,58
8002,3,61
8003,1,37
8003,2,28
8003,3,89
8003,4,190
8003,5,84
8003,5,159
8003,6,124
8003,7,190
8004,1,91
8004,2,13
8004,2,91
8004,3,37
8005,1,196
8005,1,42
8005,2,144
8005,2,75
8005,3,106
8006,1,51
8006,2,48
8006,3,57
8007,1,141
8007,1,160
8007,1,39
8007,2,2
8007,2,53
8007,3,141
8007,3,131
8007,4,115
8008,1,58
8008,1,1
8008,2,66
8008,2,140
8008,3,61
8008,4,78
8009,1,1
8009,1,32
8009,2,48
8009,2,150
8009,3,172
8010,1,63
8010,1,13
8010,1,89
8010,2,145
8010,2,51
8010,3,13
8010,3,144
8010,3,164
8011,1,95
8011,2,177
8011,3,84
8011,4,73
8011,5,98
8011,5,73
8011,6,16
8011,6,28
8011,7,69
8012,1,132
8012,2,105
8012,3,83
8013,1,161
8013,2,83
8013,2,50
8013,3,106
8013,3,191
8014,1,151
8014,1,93
8014,2,32
8014,2,184
8014,2,116
8014,3,101
8015,1,34
8015,2,113
8015,3,95
8016,1,121
8016,2,165
8016,3,174
8016,3,206
8016,4,101
8016,4,66
8016,4,165
8016,4,204
8016,4,101
8017,1,14
8017,2,173
8017,3,41
8017,4,162
8018,1,202
8018,2,205
8018,2,83
8018,3,128
8018,3,39
8018,4,202
8019,1,108
8019,2,38
8019,3,28
8019,3,52
8019,4,102
8019,5,102
8020,1,66
8020,1,138
8020,2,72
8020,3,31
8020,3,66
8020,4,32
8021,1,168
8021,1,64
8021,2,93
8021,2,94
8021,3,168
8022,1,140
8022,1,20
8022,2,140
8022,2,110
8022,3,20
8022,3,110
8022,3,45
8022,4,107
8022,4,20
8022,5,140
8022,5,20
8023,1,51
8023,2,149
8023,2,84
8023,3,212
8023,4,28
8024,1,56
8024,2,58
8024,3,156
8024,3,102
8024,4,56
8024,5,73
8024,6,2
8024,6,73
8024,6,168
8025,1,45
8025,1,40
8025,2,103
8025,3,45
8025,4,169
8025,4,76
8025,4,216
8025,5,45
8026,1,67
8026,2,28
8026,3,33
8026,3,51
8026,4,150
8027,1,150
8027,1,160
8027,2,132
8027,2,150
8027,2,160
8027,3,160
8027,3,150
8028,1,76
8028,2,42
8028,3,4
8029,1,39
8029,2,90
8029,2,10
8029,3,39
8030,1,78
8030,1,32
8030,1,99
8030,2,41
8030,3,99
8031,1,27
8031,1,162
8031,2,19
8031,3,174
8031,3,46
8032,1,139
8032,1,92
8032,2,44
8032,3,119
8033,1,126
8033,2,126
8033,3,126
8033,4,126
8034,1,73
8034,1,54
8034,2,44
8034,3,73
8034,3,118
8034,3,145
8035,1,50
8035,2,189
8035,2,10
8035,3,189
8036,1,71
8036,2,52
8036,3,52
8036,3,97
8036,3,98
8036,3,67
8036,4,186
8036,4,84
8037,1,146
8037,2,208
8037,2,204
8037,3,67
8037,3,179
8037,4,164
8038,1,106
8038,2,93
8038,2,11
8038,2,189
8038,2,106
8038,3,93
8038,4,93
8039,1,81
8039,2,128
8039,3,81
8040,1,128
8040,2,113
8040,3,123
8040,4,2
8040,4,150
8040,5,79
8040,5,192
8041,1,155
8041,2,35
8041,3,196
8041,3,74
8042,1,206
8042,1,112
8042,2,109
8042,3,164
8042,3,206
8042,4,30
8042,5,179
8042,6,163
8042,7,43
8043,1,94
8043,2,39
8043,2,69
8043,3,39
8044,1,67
8044,1,61
8044,2,58
8044,2,61
8044,2,67
8044,3,61
8044,3,192
8045,1,42
8045,1,17
8045,2,78
8045,3,126
8046,1,83
8046,1,157
8046,2,169
8046,2,83
8046,2,123
8046,3,126
8046,4,22
8047,1,55
8047,1,89
8047,2,123
8047,3,89
8048,1,211
8048,2,69
8048,3,3
8048,3,150
8048,3,69
8049,1,119
8049,2,123
8049,3,108
8050,1,98
8050,2,69
8050,3,123
8050,4,113
8050,4,203
8050,5,99
8051,1,21
8051,2,1
8051,3,7
8052,1,162
8052,2,40
8052,3,131
8052,3,2
8052,4,69
8053,1,193
8053,2,197
8053,3,193
8054,1,67
8054,2,155
8054,3,155
8055,1,62
8055,1,92
8055,2,136
8055,2,148
8055,3,136
8056,1,70
8056,1,69
8056,2,36
8056,2,76
8056,3,69
8056,4,2
8057,1,134
8057,2,134
8057,3,61
8057,4,140
8057,4,61
8058,1,56
8058,2,202
8058,3,69
8058,4,69
8058,5,69
8059,1,92
8059,2,92
8059,2,14
8059,2,115
8059,3,115
8059,3,69
8060,1,67
8060,1,54
8060,2,67
8060,2,176
8060,2,123
8060,2,54
8060,3,73
8060,4,54
8060,5,67
8060,6,143
8060,6,67
8060,7,73
8060,7,49
8060,7,16
8061,1,98
8061,2,12
8061,3,2
8062,1,48
8062,1,101
8062,2,13
8062,3,179
8062,4,48
8063,1,4
8063,1,19
8063,2,19
8063,3,19
8064,1,153
8064,1,67
8064,2,153
8064,2,34
8064,3,113
8064,4,186
8064,4,73
8065,1,4
8065,2,123
8065,3,133
8066,1,11
8066,2,11
8066,2,63
8066,3,146
8066,3,83
8066,4,212
8066,4,161
8066,4,160
8067,1,83
8067,2,57
8067,2,210
8067,3,83
8067,3,18
8068,1,162
8068,2,179
8068,3,101
8068,3,100
8068,4,179
8068,5,173
8069,1,128
8069,2,39
8069,2,150
8069,2,90
8069,3,95
8070,1,65
8070,2,61
8070,3,167
8071,1,127
8071,2,78
8071,3,160
8071,4,2
8072,1,1
8072,2,58
8072,3,58
8073,1,89
8073,2,76
8073,2,201
8073,3,201
8073,3,174
8074,1,156
8074,2,83
8074,3,113
8074,3,87
8074,4,202
8074,4,128
8074,5,126
8074,6,76
8074,6,184
8075,1,164
8075,2,160
8075,2,63
8075,3,72
8076,1,61
8076,2,61
8076,3,61
8077,1,39
8077,2,23
8077,3,158
8077,4,39
8077,5,76
8077,6,23
8077,6,89
8077,6,76
8078,1,139
8078,2,139
8078,3,139
8079,1,69
8079,1,133
8079,2,89
8079,2,6
8079,2,67
8079,3,133
8079,3,106
8080,1,2
8080,1,23
8080,2,212
8080,2,83
8080,3,95
8080,3,107
8080,4,118
8080,4,94
8080,5,125
8081,1,204
8081,2,5
8081,3,105
8081,4,115
8081,5,79
8081,6,116
8082,1,4
8082,1,120
8082,2,130
8082,3,67
8082,3,4
8082,4,89
8083,1,84
8083,1,50
8083,2,150
8083,3,160
8083,3,93
8083,4,24
8083,4,50
8084,1,97
8084,2,178
8084,2,92
8084,3,100
8085,1,14
8085,2,32
8085,3,167
8085,4,166
8086,1,77
8086,2,113
8086,3,139
8087,1,195
8087,2,98
8087,3,2
8087,3,25
8088,1,64
8088,2,1
8088,2,194
8088,2,30
8088,2,162
8088,2,27
8088,3,95
8089,1,101
8089,1,68
8089,2,101
8089,3,95
8090,1,120
8090,1,76
8090,2,22
8090,3,67
8091,1,166
8091,2,158
8091,2,72
8091,3,61
8092,1,173
8092,1,181
8092,1,198
8092,2,69
8092,3,128
8092,3,130
8092,4,128
8092,5,101
8092,5,185
8092,6,205
8092,6,8
8093,1,67
8093,2,37
8093,3,83
8093,3,215
8093,3,57
8093,3,69
8093,3,52
8093,4,78
8093,4,67
8093,5,37
8093,6,83
8093,6,67
8094,1,95
8094,1,87
8094,2,119
8094,3,13
8095,1,132
8095,2,121
8095,3,68
8095,3,133
8096,1,67
8096,2,4
8096,3,21
8097,1,121
8097,1,162
8097,2,21
8097,3,188
8098,1,72
8098,1,54
8098,2,215
8098,2,69
8098,2,67
8098,2,113
8098,3,93
8099,1,34
8099,2,61
8099,3,168
8099,4,18
8099,4,177
8099,4,214
8099,4,34
8099,4,41
8099,5,96
8099,5,55
8100,1,66
8100,2,174
8100,3,110
8100,4,143
8100,4,110
8101,1,116
8101,2,116
8101,3,96
8101,3,184
8102,1,79
8102,2,212
8102,2,76
8102,3,22
8103,1,12
8103,1,104
8103,2,104
8103,3,104
8104,1,47
8104,2,144
8104,2,52
8104,3,56
8104,4,56
8104,4,198
8105,1,189
8105,1,113
8105,2,189
8105,2,83
8105,3,6
8105,4,150
8105,4,3
8105,5,48
8106,1,185
8106,1,208
8106,2,8
8106,3,76
8107,1,69
8107,2,211
8107,3,111
8108,1,125
8108,2,4
8108,2,126
8108,3,4
8109,1,163
8109,2,212
8109,2,177
8109,3,29
8110,1,118
8110,1,93
8110,2,52
8110,2,107
8110,2,84
8110,2,186
8110,3,84
8110,3,186
8110,3,133
8111,1,125
8111,2,181
8111,3,155
8112,1,189
8112,1,57
8112,2,57
8112,2,189
8112,3,57
8113,1,51
8113,2,168
8113,3,2
8113,4,11
8113,4,20
8114,1,131
8114,2,3
8114,2,37
8114,2,155
8114,3,155
8114,4,155
8114,4,3
8114,5,155
8115,1,93
8115,2,94
8115,3,106
8115,3,142
8116,1,38
8116,2,125
8116,2,89
8116,2,75
8116,2,100
8116,3,38
8116,4,174
8117,1,2
8117,2,34
8117,2,57
8117,3,57
8117,4,152
8118,1,70
8118,2,47
8118,3,47
8118,4,173
8119,1,217
8119,1,171
8119,2,124
8119,3,217
8119,4,198
8120,1,63
8120,1,144
8120,1,87
8120,2,113
8120,3,3
8120,4,63
8120,4,87
8120,4,144
8121,1,14
8121,1,55
8121,2,34
8121,3,38
8122,1,75
8122,2,18
8122,3,127
8122,3,75
8123,1,61
8123,2,69
8123,2,113
8123,3,57
8123,4,24
8123,5,168
8124,1,11
8124,2,97
8124,2,15
8124,3,4
8125,1,76
8125,1,120
8125,2,69
8125,2,120
8125,3,181
8125,4,120
8126,1,113
8126,2,60
8126,3,61
8126,3,60
8126,4,67
8126,4,95
8126,5,171
8126,6,60
8126,6,113
8127,1,111
8127,1,67
8127,2,155
8127,2,77
8127,3,38
8127,3,166
8128,1,67
8128,2,73
8128,2,95
8128,2,194
8128,3,15
8128,3,67
8128,4,155
8128,4,113
8128,5,7
8128,5,110
8128,5,162
8128,6,30
8128,7,138
8129,1,82
8129,2,105
8129,2,109
8129,3,100
8129,3,148
8129,4,105
8129,5,109
8129,6,68
8129,6,150
8130,1,159
8130,1,16
8130,2,159
8130,3,159
8131,1,192
8131,1,28
8131,2,69
8131,3,3
8131,3,172
8132,1,69
8132,2,168
8132,2,16
8132,3,168
8133,1,113
8133,2,2
8133,3,123
8134,1,44
8134,2,76
8134,2,67
8134,2,44
8134,3,39
8134,4,81
8134,4,2
8135,1,55
8135,2,55
8135,3,38
8135,3,93
8136,1,159
8136,2,176
8136,3,76
8136,3,159
8136,4,159
8137,1,123
8137,1,73
8137,2,177
8137,3,93
8137,3,97
8138,1,128
8138,1,178
8138,2,178
8138,3,144
8138,3,113
8138,3,90
8138,4,79
8138,5,83
8139,1,60
8139,2,43
8139,3,160
8140,1,138
8140,2,143
8140,2,90
8140,3,76
8140,3,143
8140,4,138
8141,1,113
8141,2,67
8141,3,67
8141,4,187
8141,5,204
8142,1,113
8142,1,121
8142,2,111
8142,3,93
8142,4,72
8142,4,121
8143,1,98
8143,2,133
8143,3,98
8143,4,21
8143,5,154
8143,6,21
8144,1,128
8144,2,107
8144,2,88
8144,3,128
8144,4,128
8144,5,4
8145,1,50
8145,2,10
8145,3,189
8145,4,150
8146,1,98
8146,2,113
8146,2,113
8146,3,150
8146,3,95
8147,1,67
8147,2,87
8147,2,183
8147,2,43
8147,3,43
8147,4,173
8147,5,170
8148,1,53
8148,2,165
8148,3,133
8148,3,83
8148,3,140
8149,1,93
8149,1,79
8149,1,90
8149,1,62
8149,2,62
8149,2,79
8149,3,79
8149,4,79
8149,4,98
8149,5,80
8150,1,152
8150,1,50
8150,2,76
8150,3,20
8151,1,10
8151,2,34
8151,2,168
8151,3,58
8151,3,156
8152,1,144
8152,2,113
8152,2,180
8152,2,179
8152,2,164
8152,3,164
8152,3,78
8152,4,10
8153,1,184
8153,1,117
8153,1,95
8153,1,114
8153,2,98
8153,3,69
8153,3,70
8154,1,174
8154,2,44
8154,3,143
8154,3,207
8155,1,98
8155,2,143
8155,2,24
8155,2,15
8155,3,44
8156,1,104
8156,1,162
8156,2,206
8156,2,136
8156,3,66
8156,3,174
8156,3,136
8156,3,206
8157,1,162
8157,2,150
8157,3,95
8157,3,120
8158,1,12
8158,2,27
8158,3,179
8159,1,89
8159,2,69
8159,3,113
8159,4,37
8159,5,89
8159,6,89
8160,1,161
8160,1,186
8160,1,129
8160,2,149
8160,3,149
8160,3,3
8161,1,202
8161,2,30
8161,3,202
8162,1,51
8162,1,34
8162,2,74
8162,2,83
8162,3,135
8163,1,150
8163,2,191
8163,2,150
8163,3,10
8163,3,189
8163,3,127
8163,4,189
8164,1,150
8164,1,113
8164,1,189
8164,2,97
8164,3,150
8164,3,189
8164,4,159
8164,4,83
8164,5,54
8164,6,159
8164,6,102
8164,7,69
8165,1,47
8165,2,89
8165,3,85
8165,4,76
8165,5,51
8165,6,34
8166,1,97
8166,1,175
8166,2,156
8166,2,4
8166,2,50
8166,2,61
8166,3,51
8166,3,61
8166,3,156
8167,1,127
8167,1,155
8167,1,123
8167,2,127
8167,2,104
8167,2,155
8167,3,127
8167,4,155
8167,4,127
8167,5,155
8167,5,127
8167,5,104
8167,6,104
8167,6,155
8167,6,12
8167,7,37
8167,7,104
8167,7,155
8167,7,127
8167,7,12
8168,1,136
8168,1,53
8168,2,34
8168,2,53
8168,3,148
8168,4,136
8168,5,83
8169,1,2
8169,2,171
8169,3,67
8169,3,144
8169,4,92
8169,4,111
8169,4,63
8170,1,10
8170,1,69
8170,1,76
8170,2,95
8170,3,67
8171,1,79
8171,1,24
8171,2,15
8171,3,79
8171,3,83
8171,4,79
8171,5,79
8171,6,79
8172,1,55
8172,1,67
8172,2,129
8172,3,21
8172,3,215
8172,4,129
8172,4,63
8172,5,44
8173,1,28
8173,1,67
8173,2,192
8173,3,95
8174,1,157
8174,2,162
8174,2,149
8174,3,162
8175,1,93
8175,2,75
8175,3,53
8176,1,123
8176,2,37
8176,3,141
8177,1,64
8177,2,64
8177,2,29
8177,3,10
8177,3,29
8177,3,39
8177,4,12
8177,4,64
8177,4,29
8178,1,44
8178,1,121
8178,1,113
8178,2,34
8178,2,113
8178,3,176
8178,3,28
8178,3,54
8178,3,97
8178,4,97
8179,1,25
8179,2,153
8179,2,156
8179,3,213
8179,3,103
8180,1,192
8180,2,192
8180,2,176
8180,3,192
8181,1,166
8181,2,72
8181,2,185
8181,3,111
8182,1,67
8182,2,125
8182,3,162
8182,4,28
8182,5,190
8182,6,162
8182,6,31
8183,1,16
8183,1,122
8183,2,131
8183,3,194
8184,1,20
8184,1,121
8184,2,106
8184,2,121
8184,3,121
8184,3,106
8184,4,40
8185,1,55
8185,2,55
8185,3,55
8185,3,45
8186,1,37
8186,2,155
8186,2,123
8186,3,209
8186,4,67
8186,5,177
8186,6,88
8186,6,155
8187,1,89
8187,2,11
8187,2,125
8187,3,100
8187,3,67
8187,4,125
8187,4,89
8188,1,4
8188,2,164
8188,2,54
8188,3,140
8189,1,152
8189,2,104
8189,3,152
8189,3,193
8189,3,201
8190,1,20
8190,2,2
8190,3,110
8191,1,121
8191,2,47
8191,2,121
8191,2,100
8191,3,65
8191,4,14
8192,1,185
8192,1,76
8192,1,182
8192,2,10
8192,3,146
8192,3,73
8192,4,2
8192,5,153
8192,5,53
8193,1,134
8193,2,134
8193,3,134
8193,4,134
8193,5,134
8194,1,119
8194,2,83
8194,3,150
8194,4,207
8194,5,58
8194,6,153
8194,6,55
8194,7,79
8195,1,76
8195,2,150
8195,3,90
8195,4,192
8196,1,67
8196,1,34
8196,1,132
8196,2,62
8196,2,132
8196,3,25
8196,3,206
8196,4,34
8196,4,67
8196,4,180
8197,1,197
8197,2,44
8197,3,44
8198,1,191
8198,1,77
8198,2,77
8198,3,191
8199,1,119
8199,1,128
8199,1,3
8199,2,128
8199,2,28
8199,2,192
8199,2,39
8199,3,119
8199,3,74
8200,1,118
8200,2,118
8200,3,118
8200,4,118
8200,5,118
8200,6,118
8200,7,118
8200,8,118
8200,9,118
8200,10,118
8201,1,30
8201,2,12
8201,2,171
8201,2,167
8201,3,30
8202,1,52
8202,2,58
8202,3,32
8202,4,1
8203,1,95
8203,2,73
8203,3,169
8203,3,93
8203,3,95
8203,4,15
8203,4,73
8204,1,185
8204,1,74
8204,1,195
8204,2,113
8204,2,72
8204,3,185
8204,3,113
8204,3,195
8205,1,12
8205,2,64
8205,2,19
8205,2,139
8205,3,59
8205,4,61
8205,4,18
8206,1,157
8206,1,216
8206,2,169
8206,3,4
8206,4,4
8207,1,67
8207,2,113
8207,2,67
8207,3,152
8207,4,97
8208,1,76
8208,1,117
8208,2,98
8208,3,116
8208,3,105
8209,1,58
8209,1,46
8209,2,96
8209,3,140
8209,4,162
8209,4,46
8209,4,140
8209,4,66
8210,1,162
8210,2,162
8210,3,162
8210,4,162
8211,1,141
8211,1,48
8211,2,4
8211,2,141
8211,2,48
8211,3,150
8211,3,206
8211,4,150
8211,4,4
8211,5,141
8211,5,4
8212,1,207
8212,2,115
8212,3,121
8212,3,136
8213,1,64
8213,2,12
8213,3,13
8214,1,20
8214,1,82
8214,2,176
8214,3,64
8215,1,82
8215,1,34
8215,1,76
8215,2,34
8215,3,40
8215,3,35
8215,4,82
8215,4,41
8215,4,76
8215,5,16
8215,5,34
8215,6,40
8215,7,40
8216,1,113
8216,1,155
8216,1,171
8216,2,153
8216,2,73
8216,3,205
8217,1,63
8217,2,89
8217,2,146
8217,2,84
8217,3,63
8217,3,160
8218,1,170
8218,2,79
8218,2,108
8218,3,170
8218,3,140
8219,1,186
8219,2,95
8219,2,107
8219,3,16
8220,1,30
8220,2,204
8220,2,5
8220,3,133
8220,3,76
8220,4,5
8220,5,30
8220,6,67
8220,7,30
8220,8,113
8220,8,183
8220,9,31
8220,9,66
8221,1,131
8221,2,142
8221,3,3
8221,3,80
8221,3,129
8221,3,80
8221,4,22
8222,1,95
8222,2,113
8222,3,105
8222,4,76
8222,4,95
8222,4,105
8223,1,48
8223,1,175
8223,2,35
8223,3,175
8223,3,35
8223,3,150
8223,4,184
8223,4,116
8223,4,48
8224,1,6
8224,2,113
8224,2,123
8224,2,63
8224,3,127
8224,3,70
8225,1,168
8225,2,168
8225,3,152
8226,1,94
8226,2,94
8226,3,124
8227,1,44
8227,2,63
8227,3,110
8227,3,79
8228,1,212
8228,1,76
8228,2,28
8228,3,212
8228,3,3
8229,1,216
8229,2,57
8229,3,139
8230,1,21
8230,1,130
8230,2,61
8230,2,156
8230,3,113
8230,3,18
8230,3,61
8230,4,139
8231,1,67
8231,1,37
8231,1,40
8231,2,58
8231,3,95
8231,3,80
8231,4,67
8231,4,84
8232,1,155
8232,1,158
8232,1,183
8232,1,55
8232,1,71
8232,1,95
8232,2,145
8232,2,153
8232,2,55
8232,2,69
8232,2,70
8232,2,95
8232,2,155
8232,3,97
8232,4,45
8232,4,46
8233,1,21
8233,1,125
8233,2,154
8233,3,188
8233,4,194
8234,1,67
8234,1,106
8234,2,37
8234,3,106
8235,1,106
8235,2,159
8235,2,28
8235,3,37
8236,1,179
8236,2,122
8236,3,157
8236,4,157
8236,4,83
8236,5,83
8237,1,51
8237,1,95
8237,1,50
8237,1,98
8237,2,172
8237,3,79
8238,1,78
8238,2,87
8238,2,88
8238,3,76
8238,3,107
8238,3,68
8239,1,10
8239,2,10
8239,3,10
8240,1,61
8240,2,98
8240,3,94
8240,3,125
8241,1,4
8241,1,107
8241,2,107
8241,2,4
8241,3,194
8241,3,107
8242,1,30
8242,2,95
8242,3,47
8243,1,133
8243,1,97
8243,1,58
8243,2,98
8243,3,2
8243,3,45
8243,3,133
8243,4,133
8243,4,37
8244,1,188
8244,1,213
8244,2,188
8244,3,140
8244,3,188
8245,1,58
8245,2,58
8245,2,2
8245,3,87
8245,4,2
8246,1,32
8246,1,46
8246,2,14
8246,2,179
8246,2,188
8246,2,46
8246,3,46
8247,1,211
8247,1,141
8247,2,73
8247,2,15
8247,2,150
8247,3,189
8247,3,15
8247,3,155
8247,3,2
8247,3,189
8248,1,134
8248,2,134
8248,3,134
8248,4,134
8248,5,134
8248,6,134
8248,7,134
8249,1,189
8249,2,96
8249,2,189
8249,3,116
8249,4,10
8249,4,140
8249,4,117
8249,4,88
8249,5,105
8250,1,16
8250,2,83
8250,2,97
8250,3,16
8251,1,101
8251,2,101
8251,3,101
8252,1,164
8252,2,37
8252,2,164
8252,3,203
8252,4,63
8252,5,37
8252,5,63
8253,1,123
8253,2,38
8253,3,40
8253,3,9
8254,1,15
8254,2,4
8254,3,48
8254,3,4
8254,4,34
8254,5,61
8254,5,58
8254,6,34
8255,1,83
8255,2,42
8255,2,88
8255,3,213
8255,3,42
8255,3,88
8255,4,92
8255,5,110
8256,1,177
8256,2,71
8256,2,84
8256,2,120
8256,3,37
8256,4,193
8257,1,39
8257,2,10
8257,3,143
8258,1,113
8258,1,157
8258,2,121
8258,3,113
8258,3,155
8258,4,155
8258,4,113
8258,5,138
8258,6,113
8259,1,15
8259,2,15
8259,3,42
8259,3,15
8259,3,31
8259,4,57
8259,5,15
8259,6,15
8260,1,40
8260,2,29
8260,3,128
8261,1,212
8261,2,93
8261,3,124
8262,1,72
8262,2,168
8262,3,68
8262,3,100
8262,3,187
8262,3,137
8262,4,16
8263,1,167
8263,2,166
8263,3,166
8263,4,62
8263,5,166
8264,1,90
8264,2,90
8264,3,53
8265,1,173
8265,2,207
8265,2,187
8265,3,75
8265,3,73
8266,1,26
8266,2,67
8266,3,117
8266,3,162
8267,1,148
8267,1,157
8267,1,207
8267,2,157
8267,3,57
8267,4,157
8268,1,175
8268,2,2
8268,3,30
8268,4,108
8268,4,44
8268,4,80
8269,1,28
8269,2,69
8269,3,28
8269,4,4
8269,5,4
8269,6,34
8269,7,57
8270,1,10
8270,2,3
8270,3,7
8270,3,3
8270,3,66
8271,1,52
8271,1,76
8271,2,52
8271,3,132
8271,3,197
8272,1,118
8272,2,40
8272,3,121
8273,1,95
8273,1,133
8273,2,100
8273,2,101
8273,3,133
8273,4,95
8273,4,217
8273,5,125
8273,5,123
8273,5,69
8273,6,146
8273,7,121
8273,8,217
8273,8,95
8274,1,31
8274,2,86
8274,3,154
8274,3,67
8274,4,160
8274,4,149
8275,1,164
8275,1,51
8275,2,2
8275,2,175
8275,3,25
8275,3,175
8275,4,2
8275,4,158
8275,4,48
8275,5,2
8275,5,48
8275,5,89
8275,6,69
8275,7,25
8275,7,113
8275,7,33
8276,1,160
8276,2,123
8276,3,160
8276,3,66
8276,3,126
8277,1,133
8277,1,123
8277,1,100
8277,2,123
8277,2,69
8277,3,121
8278,1,54
8278,1,160
8278,2,161
8278,2,143
8278,3,143
8278,4,161
8279,1,119
8279,1,83
8279,2,63
8279,3,54
8280,1,76
8280,1,10
8280,1,93
8280,2,112
8280,2,39
8280,2,76
8280,3,112
8280,4,81
8280,4,44
8280,5,44
8280,6,44
8280,6,112
8281,1,98
8281,2,141
8281,2,78
8281,3,190
8281,3,141
8282,1,172
8282,1,163
8282,1,53
8282,1,106
8282,1,112
8282,2,102
8282,3,94
8282,3,91
8283,1,36
8283,1,160
8283,2,36
8283,2,160
8283,3,160
8283,3,36
8283,4,36
8283,4,160
8284,1,25
8284,1,110
8284,2,175
8284,2,51
8284,2,4
8284,3,57
8285,1,76
8285,1,121
8285,2,136
8285,2,76
8285,3,10
8286,1,100
8286,2,217
8286,2,100
8286,3,100
8287,1,163
8287,1,164
8287,2,83
8287,3,8
8287,3,73
8287,4,87
8287,4,164
8287,4,2
8287,4,202
8288,1,212
8288,2,211
8288,3,25
8288,4,162
8288,4,25
8289,1,77
8289,2,67
8289,3,103
8289,3,37
8290,1,25
8290,2,58
8290,3,25
8290,4,212
8291,1,17
8291,2,46
8291,3,22
8292,1,164
8292,1,75
8292,2,117
8292,2,184
8292,3,69
8292,4,131
8293,1,113
8293,1,141
8293,2,141
8293,2,113
8293,3,72
8293,3,150
8294,1,113
8294,2,107
8294,3,123
8294,4,86
8294,5,113
8294,6,107
8295,1,95
8295,2,121
8295,2,28
8295,3,95
8295,4,73
8296,1,86
8296,1,76
8296,2,189
8296,2,2
8296,2,48
8296,3,20
8296,3,110
8297,1,151
8297,2,132
8297,3,154
8297,3,99
8298,1,53
8298,1,160
8298,2,53
8298,2,40
8298,3,151
8298,3,53
8299,1,70
8299,2,155
8299,3,123
8300,1,196
8300,1,15
8300,2,65
8300,3,123
8301,1,57
8301,2,90
8301,3,159
8301,4,146
8301,5,57
8302,1,160
8302,2,113
8302,3,62
8302,3,88
8303,1,7
8303,1,76
8303,2,110
8303,2,116
8303,3,152
8304,1,25
8304,1,28
8304,2,25
8304,2,28
8304,3,21
8305,1,113
8305,1,53
8305,2,77
8305,2,38
8305,3,25
8305,3,76
8306,1,4
8306,1,16
8306,2,16
8306,3,16
8307,1,113
8307,2,161
8307,2,36
8307,3,186
8307,4,82
8308,1,142
8308,2,84
8308,3,132
8309,1,37
8309,2,76
8309,3,8
8309,3,154
8309,3,74
8309,4,28
8309,5,106
8309,5,66
8310,1,207
8310,2,44
8310,3,44
8311,1,171
8311,2,59
8311,2,96
8311,3,104
8312,1,98
8312,2,133
8312,2,83
8312,3,121
8313,1,124
8313,2,36
8313,3,81
8313,3,124
8313,4,35
8313,4,81
8313,5,124
8313,5,29
8313,5,80
8314,1,56
8314,2,122
8314,2,139
8314,2,110
8314,3,56
8314,4,4
8314,5,56
8314,6,56
8315,1,34
8315,2,27
8315,3,61
8316,1,30
8316,2,40
8316,3,40
8317,1,120
8317,1,56
8317,2,67
8317,2,160
8317,3,56
8317,4,180
8318,1,126
8318,2,111
8318,3,67
8318,3,55
8319,1,208
8319,1,31
8319,1,51
8319,2,174
8319,2,179
8319,2,51
8319,3,179
8320,1,148
8320,1,91
8320,2,209
8320,3,5
8321,1,67
8321,1,206
8321,2,47
8321,3,82
8321,3,206
8322,1,28
8322,2,118
8322,3,76
8322,3,141
8323,1,27
8323,2,30
8323,2,11
8323,3,67
8323,3,29
8324,1,209
8324,1,156
8324,1,85
8324,2,64
8324,3,12
8324,3,133
8324,4,64
8324,4,142
8324,4,133
8324,4,214
8324,4,140
8324,4,12
8325,1,197
8325,1,123
8325,2,72
8325,2,141
8325,3,77
8325,3,181
8325,3,38
8325,4,141
8325,4,50
8325,4,113
8326,1,49
8326,2,49
8326,3,155
8326,4,156
8326,5,37
8327,1,136
8327,1,148
8327,2,166
8327,3,136
8328,1,113
8328,1,196
8328,2,57
8328,2,28
8328,2,75
8328,3,160
8329,1,83
8329,1,169
8329,2,20
8329,2,142
8329,3,142
8330,1,121
8330,1,4
8330,2,10
8330,3,176
8331,1,19
8331,2,81
8331,3,83
8331,4,186
8331,5,12
8331,5,76
8331,6,79
8331,6,76
8331,6,12
8332,1,76
8332,2,121
8332,3,128
8332,3,39
8332,4,22
8333,1,15
8333,1,99
8333,2,214
8333,3,73
8334,1,73
8334,1,189
8334,2,53
8334,2,2
8334,3,195
8334,4,95
8335,1,123
8335,2,37
8335,3,37
8335,4,123
8336,1,198
8336,1,121
8336,1,32
8336,2,52
8336,2,67
8336,3,59
8337,1,121
8337,2,121
8337,3,171
8338,1,175
8338,2,144
8338,3,144
8338,3,156
8339,1,78
8339,2,81
8339,3,81
8339,4,120
8340,1,195
8340,1,55
8340,1,29
8340,2,170
8340,2,29
8340,3,138
8340,3,18
8341,1,166
8341,2,51
8341,2,40
8341,2,67
8341,3,40
8341,4,4
8341,4,67
8341,4,113
8341,5,4
8342,1,97
8342,2,29
8342,2,31
8342,3,31
8342,3,140
8343,1,64
8343,2,97
8343,2,121
8343,3,190
8344,1,4
8344,2,4
8344,3,201
8345,1,55
8345,2,55
8345,2,20
8345,3,132
8346,1,106
8346,2,67
8346,3,67
8346,4,67
8346,5,106
8346,5,67
8347,1,100
8347,1,67
8347,1,55
8347,2,101
8347,2,67
8347,3,67
8347,3,155
8347,4,38
8348,1,204
8348,1,91
8348,1,25
8348,2,124
8348,3,91
8348,4,13
8348,4,91
8348,5,166
8348,5,13
8349,1,77
8349,2,50
8349,3,50
8349,3,141
8349,3,21
8349,3,130
8349,4,50
8349,4,83
8350,1,197
8350,2,118
8350,3,190
8351,1,3
8351,2,163
8351,3,203
8352,1,22
8352,2,76
8352,3,117
8352,3,116
8353,1,88
8353,2,179
8353,2,2
8353,3,110
8353,3,162
8354,1,172
8354,1,72
8354,2,108
8354,3,104
8354,4,78
8354,5,84
8355,1,121
8355,1,206
8355,2,176
8355,3,190
8355,4,206
8355,4,121
8356,1,194
8356,2,4
8356,3,1
8356,3,82
8357,1,128
8357,2,128
8357,3,128
8358,1,94
8358,1,77
8358,2,94
8358,2,77
8358,2,212
8358,2,84
8358,2,142
8358,3,38
8358,3,125
8359,1,88
8359,2,16
8359,3,106
8360,1,184
8360,1,4
8360,1,114
8360,2,184
8360,2,114
8360,2,4
8360,3,184
8360,3,115
8360,3,114
8360,3,4
8360,4,4
8360,4,184
8360,4,115
8360,5,4
8361,1,18
8361,2,93
8361,3,213
8361,4,4
8361,4,123
8362,1,132
8362,1,17
8362,2,17
8362,3,132
8363,1,181
8363,2,197
8363,3,155
8363,3,164
8363,4,120
8364,1,70
8364,1,69
8364,1,158
8364,2,70
8364,2,69
8364,2,128
8364,2,113
8364,2,158
8364,3,28
8364,3,158
8365,1,121
8365,2,161
8365,2,121
8365,3,121
8365,4,212
8365,5,80
8365,6,80
8365,6,16
8365,6,83
8366,1,113
8366,2,95
8366,2,67
8366,3,98
8366,4,69
8367,1,9
8367,2,9
8367,2,59
8367,3,94
8367,3,215
8367,3,9
8367,4,9
8367,5,59
8368,1,30
8368,2,149
8368,3,30
8368,3,127
8368,4,127
8368,4,143
8368,4,66
8369,1,167
8369,1,126
8369,2,131
8369,2,12
8369,3,83
8369,3,113
8370,1,116
8370,2,50
8370,3,50
8370,3,111
8370,4,116
8370,4,76
8370,4,80
8370,5,76
8370,5,116
8371,1,82
8371,2,64
8371,3,82
8371,4,201
8371,5,59
8371,6,38
8372,1,197
8372,2,83
8372,2,25
8372,3,97
8372,4,163
8373,1,54
8373,1,144
8373,1,106
8373,2,21
8373,3,152
8374,1,180
8374,2,47
8374,3,27
8374,3,47
8375,1,25
8375,1,24
8375,2,55
8375,2,25
8375,2,152
8375,3,24
8375,3,25
8376,1,77
8376,2,37
8376,3,37
8377,1,30
8377,2,101
8377,2,71
8377,3,30
8378,1,113
8378,1,36
8378,2,61
8378,3,80
8379,1,69
8379,2,50
8379,3,69
8380,1,162
8380,1,186
8380,2,37
8380,3,28
8380,3,36
8381,1,69
8381,2,62
8381,2,171
8381,2,164
8381,2,87
8381,3,206
8382,1,176
8382,2,83
8382,3,157
8383,1,4
8383,1,194
8383,2,4
8383,2,138
8383,3,194
8383,4,44
8383,4,87
8384,1,8
8384,1,42
8384,2,162
8384,3,7
8385,1,83
8385,1,15
8385,2,19
8385,3,191
8386,1,27
8386,2,177
8386,2,10
8386,2,48
8386,2,141
8386,2,108
8386,3,147
8386,3,52
8386,3,146
8387,1,160
8387,2,93
8387,3,35
8388,1,164
8388,2,55
8388,2,113
8388,3,17
8388,4,113
8388,4,55
8389,1,61
8389,2,61
8389,3,61
8389,4,57
8389,5,61
8389,6,199
8389,6,61
8389,7,61
8389,7,199
8389,8,61
8390,1,113
8390,2,72
8390,3,61
8391,1,106
8391,2,27
8391,3,193
8391,3,177
8392,1,166
8392,2,10
8392,3,32
8393,1,96
8393,1,87
8393,2,111
8393,3,88
8393,3,87
8393,4,96
8393,4,87
8393,5,96
8393,5,87
8393,6,87
8393,7,88
8393,7,87
8394,1,150
8394,2,39
8394,3,57
8394,4,69
8395,1,65
8395,2,85
8395,3,65
8395,4,90
8396,1,4
8396,1,67
8396,1,124
8396,2,56
8396,3,124
8396,3,2
8396,3,120
8397,1,155
8397,2,155
8397,3,95
8397,3,133
8397,4,58
8397,4,1
8397,5,54
8397,6,31
8397,7,33
8397,7,133
8397,7,168
8397,8,177
8398,1,138
8398,1,42
8398,2,10
8398,3,4
8398,3,138
8398,4,124
8399,1,183
8399,1,95
8399,2,195
8399,2,95
8399,3,58
8400,1,121
8400,1,177
8400,2,121
8400,2,177
8400,3,121
8401,1,3
8401,1,150
8401,2,58
8401,3,97
8401,3,4
8402,1,74
8402,2,153
8402,2,16
8402,3,10
8402,4,106
8403,1,51
8403,2,73
8403,2,10
8403,3,55
8403,3,63
8404,1,66
8404,2,211
8404,3,174
8405,1,199
8405,2,86
8405,3,193
8406,1,16
8406,2,16
8406,3,16
8407,1,8
8407,2,60
8407,3,8
8408,1,70
8408,2,10
8408,3,76
8408,4,133
8408,5,10
8409,1,2
8409,2,98
8409,3,1
8410,1,41
8410,2,41
8410,2,113
8410,3,214
8410,3,4
8411,1,113
8411,2,128
8411,3,70
8411,3,128
8412,1,124
8412,2,124
8412,3,98
8412,4,4
8412,5,33
8412,6,168
8412,7,16
8412,8,16
8413,1,199
8413,2,181
8413,2,2
8413,2,40
8413,3,40
8414,1,76
8414,2,1
8414,3,210
8414,4,73
8415,1,64
8415,2,155
8415,3,86
8416,1,141
8416,1,113
8416,2,113
8416,2,141
8416,3,141
8417,1,90
8417,2,116
8417,3,162
8417,3,184
8417,4,111
8417,5,50
8417,6,90
8417,7,204
8417,8,184
8417,8,116
8418,1,73
8418,2,129
8418,3,81
8419,1,106
8419,1,36
8419,2,36
8419,2,106
8419,3,36
8419,3,157
8419,3,106
8419,4,106
8419,4,56
8419,4,36
8420,1,83
8420,2,97
8420,3,67
8420,3,69
8420,3,83
8420,4,67
8420,5,37
8420,5,125
8421,1,157
8421,1,113
8421,2,157
8421,2,113
8421,2,123
8421,3,108
8422,1,113
8422,1,26
8422,2,207
8422,3,108
8423,1,59
8423,2,65
8423,3,139
8423,3,22
8424,1,156
8424,1,52
8424,1,123
8424,1,106
8424,2,10
8424,3,116
8424,4,140
8425,1,189
8425,2,50
8425,2,29
8425,3,116
8425,3,150
8425,4,69
8426,1,145
8426,1,20
8426,2,87
8426,2,20
8426,3,81
8427,1,40
8427,2,118
8427,3,156
8428,1,95
8428,1,122
8428,2,122
8428,3,69
8429,1,56
8429,2,168
8429,2,56
8429,3,21
8429,3,106
8430,1,9
8430,2,106
8430,3,108
8431,1,119
8431,2,34
8431,2,119
8431,3,192
8432,1,53
8432,2,68
8432,3,64
8432,3,53
8432,4,71
8432,5,46
8432,6,71
8433,1,124
8433,1,150
8433,1,109
8433,2,124
8433,3,105
8433,3,81
8433,4,190
8433,4,150
8433,4,171
8433,4,110
8434,1,115
8434,1,161
8434,2,83
8434,2,115
8434,3,115
8434,3,123
8434,4,115
8434,5,115
8435,1,14
8435,2,15
8435,2,109
8435,3,93
8435,3,168
8435,3,4
8436,1,101
8436,2,101
8436,3,33
8436,3,49
8436,3,72
8436,4,141
8436,4,93
8437,1,82
8437,2,82
8437,2,32
8437,3,82
8438,1,73
8438,1,60
8438,1,95
8438,1,87
8438,2,54
8438,3,90
8439,1,160
8439,1,114
8439,2,120
8439,3,123
8439,3,71
8440,1,4
8440,2,40
8440,2,141
8440,3,193
8441,1,83
8441,2,83
8441,3,83
8441,4,113
8442,1,177
8442,1,63
8442,1,55
8442,1,75
8442,1,25
8442,2,177
8442,3,55
8442,3,177
8442,3,25
8443,1,176
8443,2,194
8443,3,2
8443,3,22
8443,4,194
8443,5,25
8443,6,124
8443,6,39
8443,6,79
8443,7,176
8444,1,50
8444,1,175
8444,2,88
8444,2,194
8444,2,49
8444,3,42
8444,4,108
8444,5,13
8444,6,181
8445,1,7
8445,2,7
8445,2,151
8445,3,201
8445,4,151
8445,4,7
8446,1,155
8446,2,67
8446,3,171
8447,1,133
8447,2,162
8447,3,91
8447,4,46
8447,4,58
8448,1,123
8448,2,150
8448,3,113
8448,3,150
8448,4,99
8449,1,67
8449,2,152
8449,3,70
8449,4,83
8449,5,67
8449,5,83
8450,1,110
8450,1,50
8450,2,90
8450,3,4
8450,3,116
8451,1,25
8451,1,167
8451,2,25
8451,3,167
8452,1,75
8452,2,25
8452,3,53
8452,4,30
8452,5,6
8452,6,25
8452,7,25
8453,1,58
8453,1,151
8453,2,99
8453,3,40
8453,4,76
8454,1,52
8454,2,2
8454,2,168
8454,2,113
8454,3,108
8455,1,125
8455,2,106
8455,2,55
8455,3,15
8455,3,163
8455,4,209
8456,1,197
8456,2,158
8456,2,206
8456,3,69
8457,1,168
8457,1,1
8457,2,130
8457,3,129
8458,1,157
8458,2,161
8458,2,157
8458,3,157
8458,3,161
8459,1,192
8459,2,168
8459,2,168
8459,2,73
8459,2,153
8459,3,23
8459,3,110
8459,3,22
8459,3,49
8460,1,83
8460,1,150
8460,2,141
8460,2,83
8460,3,155
8460,4,155
8460,4,4
8460,4,73
8460,5,150
8460,6,141
8461,1,23
8461,2,23
8461,3,23
8461,4,95
8462,1,97
8462,1,214
8462,1,59
8462,1,10
8462,2,64
8462,3,34
8462,4,76
8463,1,76
8463,1,23
8463,2,23
8463,3,63
8463,3,160
8464,1,145
8464,2,178
8464,2,27
8464,3,178
8465,1,119
8465,2,119
8465,3,67
8466,1,170
8466,2,17
8466,3,34
8466,3,214
8466,4,64
8466,5,64
8466,5,34
8467,1,129
8467,2,159
8467,2,89
8467,3,67
8467,3,89
8468,1,2
8468,1,175
8468,2,113
8468,3,172
8469,1,70
8469,2,98
8469,3,171
8470,1,204
8470,2,204
8470,2,107
8470,3,204
8470,3,122
8471,1,75
8471,1,158
8471,1,106
8471,2,152
8471,3,164
8472,1,4
8472,2,77
8472,3,15
8473,1,83
8473,1,60
8473,1,23
8473,2,60
8473,3,27
8473,3,60
8474,1,20
8474,1,119
8474,2,69
8474,3,67
8474,3,28
8474,3,144
8475,1,83
8475,2,77
8475,3,48
8475,3,83
8476,1,2
8476,2,104
8476,3,118
8477,1,49
8477,1,46
8477,2,69
8477,3,140
8477,3,33
8477,3,188
8477,3,47
8478,1,96
8478,1,120
8478,2,186
8478,3,209
8479,1,144
8479,1,39
8479,2,166
8479,3,93
8479,3,38
8479,4,204
8479,4,208
8480,1,28
8480,2,6
8480,2,83
8480,3,113
8481,1,155
8481,1,93
8481,2,48
8481,2,51
8481,2,141
8481,3,76
8481,4,125
8481,4,69
8482,1,128
8482,2,102
8482,2,175
8482,3,51
8482,3,175
8483,1,198
8483,2,38
8483,3,72
8483,3,89
8483,3,57
8484,1,161
8484,2,161
8484,2,147
8484,3,147
8484,4,160
8485,1,129
8485,2,112
8485,3,77
8486,1,160
8486,1,150
8486,2,160
8486,3,57
8486,4,106
8486,4,53
8487,1,119
8487,2,185
8487,3,3
8487,3,156
8488,1,156
8488,2,69
8488,2,97
8488,3,70
8488,4,95
8488,4,184
8488,4,117
8488,5,70
8489,1,21
8489,2,124
8489,3,21
8490,1,65
8490,2,93
8490,3,51
8491,1,179
8491,2,162
8491,3,113
8491,3,36
8491,4,36
8491,5,56
8491,5,162
8491,5,36
8491,6,179
8492,1,74
8492,2,71
8492,3,190
8492,4,75
8492,4,111
8492,4,164
8492,5,158
8492,5,23
8492,5,180
8492,6,183
8492,7,153
8492,7,4
8493,1,150
8493,2,63
8493,3,114
8494,1,104
8494,1,139
8494,2,63
8494,2,187
8494,2,204
8494,2,144
8494,3,171
8494,3,164
8494,4,93
8494,4,144
8495,1,110
8495,2,110
8495,2,12
8495,3,139
8495,3,42
8496,1,67
8496,2,147
8496,2,38
8496,2,67
8496,2,93
8496,3,2
8497,1,2
8497,1,67
8497,2,120
8497,3,196
8498,1,192
8498,2,204
8498,2,206
8498,2,207
8498,3,188
8498,3,20
8498,3,33
8499,1,42
8499,2,133
8499,3,128
8499,4,133
8500,1,214
8500,1,176
8500,1,73
8500,1,47
8500,1,112
8500,2,177
8500,2,45
8500,3,112
8501,1,191
8501,2,83
8501,3,199
8502,1,16
8502,2,105
8502,3,99
8503,1,67
8503,2,128
8503,3,128
8504,1,141
8504,2,57
8504,2,70
8504,3,69
8504,4,116
8504,4,83
8504,5,116
8504,6,116
8504,6,83
8505,1,4
8505,2,4
8505,3,4
8506,1,39
8506,2,107
8506,3,4
8506,3,107
8506,4,98
8506,4,184
8506,4,117
8506,4,4
8507,1,178
8507,2,132
8507,3,178
8508,1,58
8508,2,100
8508,3,1
8508,3,156
8508,4,88
8509,1,178
8509,2,63
8509,2,106
8509,3,48
8509,4,10
8509,5,48
8509,5,129
8509,6,51
8510,1,6
8510,2,51
8510,2,83
8510,3,83
8510,3,144
8510,4,90
8511,1,114
8511,2,2
8511,3,113
8511,3,116
8512,1,40
8512,1,4
8512,2,208
8512,3,30
8513,1,113
8513,1,178
8513,2,117
8513,2,114
8513,3,72
8513,3,216
8513,4,15
8513,4,113
8514,1,81
8514,2,81
8514,3,83
8514,3,112
8515,1,197
8515,1,30
8515,2,30
8515,3,30
8515,4,30
8515,5,197
8516,1,100
8516,2,208
8516,3,107
8517,1,40
8517,2,40
8517,3,123
8517,4,121
8518,1,121
8518,2,121
8518,2,22
8518,3,81
8518,4,121
8518,4,188
8518,5,188
8518,5,121
8519,1,156
8519,2,156
8519,3,58
8519,3,156
8519,4,156
8520,1,208
8520,2,205
8520,2,119
8520,2,151
8520,2,195
8520,2,182
8520,3,83
8520,3,111
8521,1,16
8521,2,197
8521,2,57
8521,2,160
8521,3,216
8521,3,124
8521,3,72
8521,4,121
8521,4,160
8522,1,67
8522,2,28
8522,2,67
8522,3,67
8522,3,28
8522,3,203
8523,1,2
8523,1,150
8523,2,62
8523,3,111
8524,1,29
8524,1,7
8524,2,203
8524,3,203
8525,1,89
8525,1,155
8525,2,204
8525,3,190
8526,1,99
8526,2,156
8526,3,99
8527,1,175
8527,2,69
8527,3,53
8528,1,130
8528,2,130
8528,3,73
8529,1,57
8529,1,163
8529,2,61
8529,3,61
8530,1,81
8530,2,73
8530,2,80
8530,3,80
8530,3,113
8531,1,208
8531,2,88
8531,3,71
8532,1,70
8532,2,81
8532,3,108
8533,1,32
8533,2,173
8533,2,199
8533,3,173
8533,4,199
8534,1,160
8534,2,79
8534,2,28
8534,2,195
8534,3,3
8534,3,195
8535,1,121
8535,2,167
8535,3,173
8535,3,32
8536,1,76
8536,2,150
8536,2,76
8536,3,151
8536,3,214
8537,1,109
8537,2,166
8537,3,9
8538,1,20
8538,2,87
8538,3,207
8538,3,166
8538,4,20
8539,1,160
8539,2,175
8539,2,160
8539,3,141
8540,1,208
8540,2,97
8540,3,130
8541,1,37
8541,2,129
8541,3,10
8541,4,129
8541,4,37
8542,1,112
8542,1,28
8542,2,28
8542,3,67
8542,3,52
8542,4,4
8543,1,9
8543,2,127
8543,3,161
8543,3,45
8543,3,129
8544,1,38
8544,2,93
8544,3,94
8545,1,171
8545,2,104
8545,2,95
8545,3,125
8545,4,104
8545,5,171
8545,6,139
8545,7,104
8545,8,95
8545,9,64
8545,9,95
8546,1,77
8546,1,14
8546,1,62
8546,2,77
8546,3,93
8546,4,157
8547,1,4
8547,1,65
8547,2,208
8547,2,52
8547,3,65
8548,1,109
8548,2,16
8548,3,200
8548,3,26
8548,3,29
8549,1,91
8549,2,25
8549,2,98
8549,3,98
8549,4,91
8549,5,113
8549,5,91
8549,5,182
8549,6,44
8549,6,91
8549,7,5
8549,8,77
8549,9,2
8550,1,37
8550,1,61
8550,2,130
8550,3,73
8550,3,61
8551,1,156
8551,1,61
8551,2,113
8551,2,52
8551,2,93
8551,3,177
8552,1,36
8552,1,96
8552,2,78
8552,3,86
8552,3,193
8552,3,142
8553,1,113
8553,1,184
8553,2,52
8553,2,25
8553,2,155
8553,2,54
8553,2,75
8553,3,198
8553,4,198
8554,1,123
8554,1,196
8554,2,113
8554,2,67
8554,3,69
8555,1,10
8555,2,10
8555,3,120
8556,1,56
8556,2,56
8556,3,150
8557,1,2
8557,2,28
8557,3,195
8558,1,32
8558,1,23
8558,2,137
8558,3,23
8558,3,204
8558,4,15
8559,1,38
8559,2,58
8559,2,61
8559,2,102
8559,2,104
8559,3,104
8559,3,72
8559,3,57
8560,1,145
8560,1,87
8560,1,183
8560,2,62
8560,3,80
8560,3,108
8560,4,50
8560,4,51
8560,4,83
8560,4,150
8561,1,192
8561,1,64
8561,1,4
8561,1,12
8561,2,45
8561,2,64
8561,2,4
8561,3,192
8561,4,192
8561,5,4
8561,6,64
8561,6,12
8561,6,217
8562,1,51
8562,1,20
8562,2,51
8562,2,20
8562,3,47
8562,3,20
8562,3,22
8562,4,215
8563,1,126
8563,2,4
8563,3,98
8564,1,160
8564,1,121
8564,2,131
8564,2,83
8564,2,121
8564,3,129
8564,4,160
8565,1,67
8565,1,2
8565,2,4
8565,2,123
8565,3,67
8565,4,37
8566,1,67
8566,2,52
8566,3,67
8567,1,67
8567,2,162
8567,2,155
8567,3,162
8568,1,97
8568,2,4
8568,3,141
8569,1,24
8569,2,24
8569,2,21
8569,2,141
8569,3,150
8570,1,130
8570,1,102
8570,1,30
8570,2,178
8570,3,95
8571,1,12
8571,2,35
8571,3,69
8572,1,39
8572,2,134
8572,2,39
8572,3,39
8572,3,134
8572,4,39
8573,1,51
8573,1,37
8573,2,70
8573,2,70
8573,3,51
8574,1,69
8574,2,75
8574,3,76
8574,3,75
8575,1,155
8575,2,69
8575,3,155
8576,1,150
8576,2,160
8576,3,10
8577,1,4
8577,2,4
8577,3,4
8577,4,159
8578,1,203
8578,1,155
8578,1,106
8578,2,3
8578,3,155
8579,1,164
8579,2,164
8579,3,146
8579,4,146
8579,5,146
8579,6,146
8579,7,164
8579,8,164
8579,9,180
8580,1,67
8580,2,39
8580,3,35
8581,1,162
8581,2,150
8581,3,32
8581,3,199
8581,4,32
8582,1,95
8582,2,53
8582,2,123
8582,3,108
8583,1,105
8583,2,44
8583,3,145
8583,3,54
8583,4,95
8584,1,112
8584,1,110
8584,2,80
8584,3,80
8584,3,206
8585,1,187
8585,2,64
8585,3,82
8586,1,4
8586,2,197
8586,3,4
8586,4,99
8587,1,141
8587,2,69
8587,3,141
8587,3,69
8587,3,20
8587,3,70
8588,1,102
8588,2,77
8588,3,28
8588,4,102
8589,1,3
8589,1,152
8589,2,37
8589,3,3
8590,1,190
8590,2,103
8590,3,190
8590,3,161
8590,3,203
8590,3,93
8590,4,190
8591,1,152
8591,2,161
8591,2,152
8591,3,160
8591,4,57
8591,5,28
8591,5,37
8591,6,28
8591,6,141
8591,7,131
8592,1,72
8592,1,193
8592,2,44
8592,3,34
8593,1,110
8593,2,124
8593,3,177
8594,1,86
8594,2,192
8594,3,197
8594,3,10
8595,1,54
8595,1,101
8595,2,164
8595,3,180
8596,1,83
8596,2,153
8596,2,83
8596,2,138
8596,3,214
8596,3,188
8597,1,113
8597,2,2
8597,3,99
8597,4,97
8598,1,76
8598,1,141
8598,2,90
8598,3,58
8599,1,210
8599,1,76
8599,1,53
8599,2,76
8599,2,75
8599,3,79
8599,3,108
8600,1,216
8600,1,40
8600,1,4
8600,2,78
8600,3,126
8601,1,129
8601,2,34
8601,3,129
8601,3,186
8602,1,75
8602,2,83
8602,3,76
8603,1,175
8603,2,175
8603,3,83
8603,3,67
8603,4,83
8603,4,51
8603,5,113
8604,1,18
8604,2,55
8604,3,172
8605,1,72
8605,1,115
8605,2,115
8605,2,72
8605,3,115
8605,3,72
8605,4,115
8605,4,72
8606,1,106
8606,2,67
8606,3,125
8606,4,159
8606,4,22
8607,1,64
8607,1,2
8607,2,64
8607,3,18
8607,4,64
8608,1,206
8608,2,47
8608,3,34
8608,4,13
8608,5,46
8609,1,70
8609,2,123
8609,2,83
8609,3,69
8610,1,156
8610,2,168
8610,3,173
8610,4,164
8610,4,168
8610,5,95
8610,6,168
8610,7,192
8611,1,207
8611,1,167
8611,1,46
8611,2,22
8611,2,27
8611,3,33
8611,4,207
8611,5,198
8611,5,69
8611,6,14
8612,1,182
8612,2,214
8612,3,15
8612,4,131
8612,5,61
8612,5,39
8612,5,214
8613,1,20
8613,2,148
8613,3,14
8613,4,61
8614,1,133
8614,2,15
8614,3,132
8615,1,63
8615,2,63
8615,3,125
8616,1,4
8616,1,160
8616,2,4
8616,2,135
8616,3,210
8616,4,135
8617,1,76
8617,2,55
8617,3,15
8617,4,20
8618,1,124
8618,2,93
8618,2,21
8618,3,21
8618,3,125
8618,4,21
8619,1,97
8619,2,4
8619,2,29
8619,2,25
8619,3,164
8619,3,144
8619,4,183
8619,4,26
8619,5,124
8620,1,4
8620,2,118
8620,3,51
8620,4,118
8620,5,175
8620,6,118
8621,1,61
8621,2,50
8621,2,76
8621,3,98
8622,1,80
8622,2,133
8622,3,113
8623,1,74
8623,1,95
8623,2,74
8623,2,185
8623,3,74
8624,1,80
8624,1,79
8624,2,4
8624,2,58
8624,2,156
8624,3,125
8624,4,172
8625,1,143
8625,1,170
8625,2,22
8625,3,143
8625,3,201
8625,4,94
8625,4,201
8625,4,77
8625,5,167
8626,1,21
8626,1,125
8626,2,120
8626,3,21
8627,1,94
8627,1,93
8627,2,53
8627,2,89
8627,2,113
8627,3,19
8627,3,162
8628,1,21
8628,2,116
8628,2,16
8628,3,120
8628,3,161
8629,1,69
8629,2,101
8629,3,53
8629,3,72
8630,1,39
8630,2,53
8630,2,68
8630,3,74
8630,4,10
8631,1,121
8631,2,121
8631,2,29
8631,3,121
8632,1,2
8632,1,65
8632,2,197
8632,2,69
8632,3,98
8632,3,154
8633,1,124
8633,2,51
8633,2,113
8633,3,51
8633,3,129
8633,4,103
8634,1,118
8634,2,186
8634,3,186
8635,1,33
8635,1,131
8635,2,110
8635,3,188
8635,4,49
8636,1,77
8636,2,11
8636,2,125
8636,3,74
8637,1,160
8637,2,1
8637,2,214
8637,3,83
8637,4,160
8637,4,83
8637,5,4
8637,5,83
8637,6,161
8637,7,161
8637,8,1
8637,8,214
8637,8,123
8637,8,170
8638,1,98
8638,2,154
8638,3,76
8638,4,98
8638,5,98
8639,1,120
8639,2,155
8639,3,104
8639,3,139
8639,3,154
8640,1,20
8640,2,106
8640,3,106
8640,4,203
8640,5,35
8640,6,83
8641,1,58
8641,2,90
8641,3,132
8641,4,26
8642,1,61
8642,2,61
8642,3,61
8643,1,120
8643,1,17
8643,1,209
8643,2,119
8643,3,50
8643,4,50
8643,5,67
8643,6,126
8643,7,50
8644,1,188
8644,1,147
8644,2,69
8644,3,72
8644,3,113
8645,1,30
8645,2,30
8645,3,30
8646,1,101
8646,1,8
8646,1,205
8646,1,119
8646,1,195
8646,1,182
8646,2,92
8646,2,179
8646,3,92
8646,4,119
8646,4,74
8646,4,179
8646,4,192
8646,4,182
8646,4,196
8647,1,195
8647,2,48
8647,2,50
8647,2,175
8647,2,150
8647,3,163
8647,3,140
8647,3,61
8647,3,4
8647,3,67
8647,4,94
8647,4,176
8647,5,37
8647,5,67
8647,5,140
8647,5,4
8647,5,61
8648,1,200
8648,2,200
8648,3,200
8648,4,200
8648,5,29
8648,5,200
8649,1,44
8649,2,34
8649,3,34
8650,1,14
8650,2,173
8650,3,38
8651,1,160
8651,2,78
8651,3,78
8651,4,78
8652,1,202
8652,2,202
8652,3,202
8653,1,153
8653,2,164
8653,2,96
8653,3,202
8654,1,199
8654,1,136
8654,2,199
8654,2,136
8654,3,136
8654,3,199
8655,1,67
8655,1,89
8655,2,113
8655,3,118
8655,4,95
8656,1,84
8656,1,212
8656,2,90
8656,2,128
8656,2,93
8656,3,28
8656,4,69
8656,4,91
8656,4,128
8657,1,148
8657,2,91
8657,3,136
8657,3,148
8657,4,111
8658,1,165
8658,2,25
8658,2,63
8658,2,148
8658,3,136
8659,1,164
8659,2,164
8659,3,146
8659,4,113
8659,4,75
8660,1,97
8660,2,97
8660,3,63
8660,3,97
8661,1,51
8661,1,123
8661,1,83
8661,2,106
8661,2,51
8661,3,51
8661,3,20
8661,3,84
8662,1,44
8662,2,30
8662,3,1
8663,1,97
8663,2,161
8663,2,48
8663,2,77
8663,2,126
8663,3,50
8663,3,113
8664,1,31
8664,1,100
8664,2,31
8664,2,136
8664,3,213
8665,1,88
8665,2,32
8665,3,162
8666,1,58
8666,2,58
8666,3,156
8666,4,204
8666,5,71
8667,1,10
8667,2,55
8667,3,192
8668,1,185
8668,2,44
8668,3,128
8669,1,98
8669,2,146
8669,2,113
8669,3,98
8669,3,97
8669,4,76
8669,4,69
8669,4,39
8669,4,186
8669,5,98
8669,6,26
8670,1,126
8670,1,58
8670,2,126
8670,3,69
8671,1,113
8671,2,44
8671,3,98
8672,1,30
8672,2,198
8672,3,105
8673,1,10
8673,1,130
8673,2,130
8673,3,61
8673,3,95
8674,1,50
8674,2,128
8674,3,73
8674,3,50
8674,4,73
8674,4,50
8675,1,160
8675,1,23
8675,2,160
8675,2,23
8675,2,60
8675,2,72
8675,3,207
8676,1,29
8676,1,78
8676,2,4
8676,3,184
8676,3,17
8677,1,216
8677,2,147
8677,3,147
8678,1,170
8678,2,39
8678,2,170
8678,3,170
8679,1,61
8679,2,72
8679,3,4
8679,3,121
8680,1,43
8680,2,32
8680,3,173
8681,1,138
8681,2,139
8681,3,31
8681,3,200
8681,3,19
8682,1,95
8682,1,113
8682,1,155
8682,2,57
8682,2,123
8682,3,39
8682,4,123
8682,4,155
8682,4,2
8682,4,113
8682,5,2
8682,6,67
8682,6,155
8683,1,4
8683,2,165
8683,2,86
8683,2,67
8683,2,150
8683,2,206
8683,3,86
8683,4,27
8683,4,47
8684,1,150
8684,2,150
8684,3,211
8684,4,10
8684,4,76
8684,4,67
8685,1,119
8685,2,2
8685,2,75
8685,3,68
8686,1,127
8686,2,127
8686,2,82
8686,3,127
8687,1,170
8687,2,208
8687,3,156
8687,3,7
8687,4,170
8687,5,170
8687,5,154
8688,1,67
8688,1,162
8688,2,21
8688,2,197
8688,3,67
8688,3,84
8688,4,67
8689,1,83
8689,1,119
8689,2,76
8689,2,144
8689,2,39
8689,2,146
8689,3,39
8689,3,128
8689,4,5
8689,4,8
8690,1,120
8690,1,127
8690,2,98
8690,3,88
8690,3,98
8690,3,190
8690,3,120
8690,4,120
8690,4,113
8691,1,51
8691,2,10
8691,3,48
8691,3,150
8692,1,155
8692,2,24
8692,2,67
8692,3,28
8692,3,155
8693,1,28
8693,1,107
8693,2,98
8693,3,80
8693,4,48
8694,1,133
8694,2,14
8694,2,133
8694,3,14
8695,1,3
8695,2,78
8695,3,78
8695,3,3
8696,1,24
8696,1,117
8696,1,29
8696,2,51
8696,3,175
8696,4,118
8697,1,77
8697,2,93
8697,2,86
8697,3,176
8697,3,93
8697,4,77
8697,4,86
8698,1,56
8698,1,38
8698,2,28
8698,3,56
8699,1,194
8699,2,42
8699,2,1
8699,3,15
8700,1,104
8700,1,106
8700,2,152
8700,2,3
8700,3,197
8700,4,3
8700,4,104
8701,1,160
8701,2,57
8701,3,94
8701,3,77
8702,1,128
8702,2,206
8702,3,20
8703,1,57
8703,2,160
8703,3,216
8704,1,148
8704,2,11
8704,3,66
8705,1,152
8705,2,37
8705,3,57
8706,1,50
8706,2,69
8706,2,50
8706,3,98
8706,3,50
8706,3,69
8707,1,72
8707,1,192
8707,2,91
8707,3,131
8707,4,192
8707,4,92
8707,5,192
8708,1,89
8708,1,113
8708,2,74
8708,2,113
8708,2,89
8708,3,113
8708,3,89
8709,1,16
8709,2,95
8709,3,118
8709,3,70
8709,4,67
8710,1,123
8710,1,35
8710,2,105
8710,2,99
8710,2,76
8710,3,35
8711,1,173
8711,1,156
8711,1,43
8711,1,71
8711,2,171
8711,2,167
8711,2,173
8711,2,156
8711,2,53
8711,3,156
8711,3,55
8711,3,53
8711,3,173
8711,3,188
8711,4,156
8711,4,173
8711,4,111
8711,4,75
8711,4,188
8711,5,156
8711,5,111
8711,5,173
8712,1,5
8712,1,10
8712,2,40
8712,3,185
8712,4,10
8712,5,108
8712,5,80
8713,1,83
8713,2,48
8713,3,202
8714,1,24
8714,2,24
8714,3,5
8715,1,102
8715,1,94
8715,2,102
8715,2,160
8715,2,121
8715,3,61
8716,1,56
8716,2,180
8716,3,31
8716,4,78
8717,1,113
8717,2,113
8717,3,76
8718,1,99
8718,2,95
8718,3,98
8719,1,83
8719,2,83
8719,3,113
8719,3,44
8719,4,44
8719,4,83
8720,1,105
8720,1,114
8720,1,16
8720,2,40
8720,3,51
8720,3,175
8721,1,61
8721,2,113
8721,3,113
8721,4,69
8722,1,157
8722,1,162
8722,1,124
8722,2,104
8722,3,100
8723,1,95
8723,2,117
8723,2,103
8723,3,184
8723,3,154
8724,1,16
8724,1,152
8724,2,79
8724,2,152
8724,2,103
8724,3,16
8724,3,33
8724,4,80
8725,1,162
8725,2,25
8725,2,75
8725,3,25
8725,3,75
8725,3,55
8726,1,37
8726,2,31
8726,3,3
8726,4,98
8727,1,95
8727,1,44
8727,2,95
8727,3,44
8727,4,154
8727,5,98
8727,6,4
8728,1,44
8728,2,202
8728,3,64
8729,1,95
8729,2,114
8729,3,114
8730,1,175
8730,1,76
8730,2,4
8730,2,175
8730,3,117
8730,3,114
8731,1,63
8731,1,49
8731,1,135
8731,2,174
8731,3,135
8732,1,93
8732,1,101
8732,1,58
8732,1,63
8732,2,81
8732,2,208
8732,3,63
8732,3,101
8732,4,13
8732,4,63
8732,4,113
8732,5,63
8732,5,101
8733,1,195
8733,2,192
8733,3,25
8734,1,213
8734,2,76
8734,3,213
8735,1,168
8735,2,135
8735,3,168
8736,1,141
8736,2,141
8736,3,76
8737,1,125
8737,2,21
8737,2,121
8737,2,2
8737,3,31
8737,3,40
8737,4,21
8737,5,133
8737,6,125
8737,6,21
8738,1,91
8738,2,174
8738,3,57
8739,1,142
8739,2,170
8739,3,170
8739,4,23
8739,4,144
8739,4,188
8739,5,211
8740,1,177
8740,2,194
8740,3,107
8741,1,193
8741,2,193
8741,3,193
8741,3,95
8742,1,109
8742,2,171
8742,3,171
8742,4,171
8742,5,197
8742,6,171
8743,1,114
8743,1,105
8743,2,115
8743,3,115
8744,1,88
8744,2,27
8744,2,20
8744,3,25
8744,4,46
8744,4,47
8745,1,121
8745,2,24
8745,2,2
8745,2,107
8745,3,133
8746,1,194
8746,1,17
8746,2,196
8746,2,72
8746,3,52
8746,4,22
8746,4,49
8746,4,119
8746,4,182
8747,1,179
8747,2,89
8747,3,89
8747,3,68
8748,1,106
8748,2,28
8748,2,67
8748,2,191
8748,2,75
8748,3,73
8748,4,108
8749,1,42
8749,1,144
8749,2,159
8749,3,194
8749,4,144
8749,4,209
8749,5,159
8749,6,194
8750,1,150
8750,1,154
8750,2,150
8750,3,150
8751,1,127
8751,1,159
8751,2,160
8751,3,141
8751,3,6
8752,1,48
8752,1,20
8752,2,48
8752,2,140
8752,3,86
8752,3,125
8753,1,156
8753,1,147
8753,2,69
8753,3,145
8753,4,142
8754,1,103
8754,2,174
8754,3,47
8755,1,58
8755,1,84
8755,2,214
8755,2,44
8755,3,214
8755,3,44
8755,3,40
8755,3,84
8755,3,211
8756,1,173
8756,1,198
8756,1,58
8756,2,58
8756,3,140
8756,4,140
8757,1,3
8757,1,82
8757,2,195
8757,2,126
8757,3,135
8758,1,68
8758,1,23
8758,2,170
8758,3,115
8758,4,134
8759,1,146
8759,1,53
8759,1,100
8759,2,55
8759,3,56
8760,1,128
8760,2,128
8760,3,128
8761,1,81
8761,2,83
8761,3,147
8761,4,128
8761,5,50
8762,1,211
8762,2,211
8762,2,202
8762,3,37
8762,3,211
8763,1,63
8763,2,73
8763,2,63
8763,3,63
8764,1,150
8764,1,12
8764,1,194
8764,1,33
8764,2,33
8764,2,162
8764,3,58
8764,3,33
8764,4,33
8764,5,97
8764,6,162
8764,6,46
8765,1,57
8765,2,160
8765,3,123
8766,1,190
8766,2,87
8766,2,144
8766,3,78
8766,3,69
8766,4,83
8767,1,133
8767,1,84
8767,2,37
8767,2,133
8767,3,110
8767,3,133
8767,3,118
8768,1,40
8768,2,192
8768,3,40
8769,1,164
8769,1,101
8769,2,63
8769,3,34
8770,1,152
8770,2,152
8770,3,152
8771,1,77
8771,2,16
8771,3,127
8771,3,163
8772,1,26
8772,2,21
8772,2,82
8772,2,29
8772,3,82
8773,1,4
8773,1,150
8773,2,4
8773,2,25
8773,3,190
8773,3,2
8773,3,16
8773,3,211
8774,1,106
8774,2,83
8774,3,140
8774,4,140
8775,1,195
8775,2,2
8775,3,8
8775,4,51
8776,1,69
8776,2,67
8776,2,52
8776,2,60
8776,2,95
8776,2,43
8776,3,113
8776,3,107
8777,1,214
8777,2,214
8777,2,85
8777,3,85
8777,3,170
8778,1,120
8778,1,203
8778,1,84
8778,2,120
8778,2,103
8778,2,84
8778,3,120
8778,3,84
8778,4,84
8778,4,203
8778,4,67
8779,1,150
8779,2,48
8779,3,102
8779,4,150
8779,4,69
8779,5,2
8779,5,105
8779,5,69
8779,6,105
8779,6,114
8780,1,42
8780,1,98
8780,2,42
8780,3,49
8781,1,30
8781,2,77
8781,3,105
8782,1,68
8782,1,101
8782,2,210
8782,3,125
8782,3,69
8783,1,3
8783,2,80
8783,2,76
8783,3,76
8783,3,186
8783,4,84
8783,5,114
8783,6,80
8783,6,4
8784,1,114
8784,2,105
8784,3,69
8784,4,114
8784,5,177
8784,5,15
8784,5,69
8785,1,43
8785,2,187
8785,3,95
8785,3,75
8786,1,136
8786,1,216
8786,2,168
8786,3,97
8787,1,144
8787,2,150
8787,3,73
8787,3,51
8787,3,175
8788,1,159
8788,2,146
8788,3,24
8789,1,113
8789,2,37
8789,3,37
8790,1,26
8790,2,9
8790,3,215
8790,4,113
8790,4,79
8791,1,85
8791,2,96
8791,3,26
8791,4,189
8791,4,177
8792,1,106
8792,1,7
8792,2,7
8792,2,106
8792,2,174
8792,3,138
8792,3,151
8792,3,7
8793,1,125
8793,2,37
8793,3,176
8794,1,172
8794,2,79
8794,3,208
8794,4,172
8794,5,79
8795,1,48
8795,1,42
8795,1,50
8795,2,61
8795,3,64
8795,3,83
8795,4,113
8795,4,119
8795,5,125
8795,5,44
8796,1,178
8796,2,121
8796,3,84
8796,4,121
8796,5,37
8797,1,96
8797,2,10
8797,2,5
8797,2,119
8797,3,124
8797,3,39
8797,4,80
8797,4,142
8797,5,213
8797,5,5
8797,5,162
8797,5,18
8797,5,170
8798,1,51
8798,2,65
8798,3,208
8799,1,15
8799,1,73
8799,2,78
8799,3,129
8800,1,119
8800,2,119
8800,3,67
8800,3,84
8800,4,28
8801,1,96
8801,1,122
8801,2,118
8801,3,160
8801,3,122
8802,1,35
8802,2,3
8802,3,35
8802,4,35
8802,4,203
8802,4,201
8803,1,103
8803,2,177
8803,3,106
8804,1,162
8804,1,108
8804,2,37
8804,3,3
8804,3,122
8804,4,3
8804,5,162
8804,5,108
8804,6,3
8804,6,149
8804,7,162
8804,7,108
8804,7,79
8804,8,106
8805,1,168
8805,2,214
8805,2,95
8805,2,1
8805,3,30
8805,4,30
8805,4,139
8806,1,69
8806,2,67
8806,2,129
8806,3,37
8806,4,151
8807,1,10
8807,2,45
8807,3,206
8808,1,24
8808,2,22
8808,3,24
8808,4,123
8808,5,21
8809,1,83
8809,2,159
8809,2,106
8809,3,28
8809,3,159
8809,4,39
8809,4,129
8809,4,69
8809,5,83
8809,5,106
8809,6,159
8809,6,28
8809,7,129
8809,7,159
8809,8,28
8810,1,118
8810,1,130
8810,2,113
8810,3,108
8810,4,45
8811,1,156
8811,2,196
8811,2,95
8811,3,95
8811,3,128
8811,3,52
8812,1,81
8812,1,72
8812,1,112
8812,2,69
8812,3,72
8812,4,109
8812,4,4
8812,4,112
8812,5,80
8813,1,192
8813,1,154
8813,1,205
8813,2,192
8813,2,196
8813,2,154
8813,3,72
8813,4,154
8813,4,192
8814,1,32
8814,2,4
8814,3,211
8814,4,113
8814,5,113
8815,1,42
8815,2,118
8815,3,117
8815,3,17
8816,1,86
8816,2,85
8816,2,172
8816,2,48
8816,3,86
8817,1,47
8817,2,113
8817,3,113
8818,1,199
8818,1,31
8818,2,103
8818,2,45
8818,3,199
8819,1,123
8819,2,33
8819,2,22
8819,3,151
8819,3,154
8820,1,121
8820,2,187
8820,2,207
8820,3,100
8820,4,178
8821,1,100
8821,1,87
8821,1,101
8821,2,34
8821,3,61
8822,1,190
8822,1,207
8822,2,32
8822,3,43
8823,1,192
8823,1,195
8823,2,195
8823,2,15
8823,2,72
8823,3,195
8823,4,72
8823,4,15
8823,4,195
8823,5,195
8824,1,10
8824,2,51
8824,2,76
8824,3,51
8824,3,83
8825,1,4
8825,2,68
8825,2,67
8825,3,52
8825,3,113
8826,1,95
8826,1,75
8826,2,75
8826,2,204
8826,3,113
8826,3,75
8826,3,154
8827,1,76
8827,2,76
8827,3,76
8827,4,151
8828,1,147
8828,1,145
8828,2,147
8828,2,164
8828,3,147
8828,3,63
8828,4,154
8829,1,11
8829,2,11
8829,3,94
8829,3,197
8829,4,118
8829,5,118
8830,1,117
8830,1,117
8830,2,165
8830,2,151
8830,2,51
8830,2,150
8830,3,208
8830,3,150
8831,1,73
8831,1,143
8831,2,132
8831,3,197
8832,1,152
8832,2,152
8832,3,2
8832,3,81
8833,1,164
8833,2,110
8833,3,118
8833,3,130
8834,1,176
8834,2,213
8834,2,188
8834,3,3
8834,4,201
8834,4,177
8834,4,37
8834,5,201
8835,1,145
8835,1,124
8835,2,55
8835,2,54
8835,3,146
8835,3,207
8835,4,55
8836,1,146
8836,2,209
8836,3,168
8837,1,8
8837,2,53
8837,3,27
8837,3,114
8838,1,102
8838,1,89
8838,2,45
8838,3,124
8838,4,27
8838,4,45
8839,1,136
8839,1,133
8839,2,136
8839,3,148
8839,3,121
8839,4,128
8840,1,67
8840,1,32
8840,2,132
8840,3,60
8840,3,188
8840,3,67
8840,4,43
8840,4,60
8840,5,43
8841,1,54
8841,1,168
8841,2,54
8841,3,54
8841,4,9
8842,1,35
8842,2,134
8842,3,141
8843,1,50
8843,1,141
8843,1,17
8843,1,210
8843,1,64
8843,1,130
8843,2,34
8843,3,106
8843,3,48
8844,1,162
8844,1,159
8844,2,22
8844,3,159
8844,4,22
8844,5,162
8845,1,69
8845,2,69
8845,3,144
8846,1,89
8846,1,2
8846,2,89
8846,3,63
8847,1,120
8847,1,95
8847,2,91
8847,3,44
8848,1,168
8848,2,7
8848,2,168
8848,3,7
8849,1,76
8849,1,25
8849,2,25
8849,3,25
8849,4,25
8849,5,25
8850,1,156
8850,2,61
8850,2,67
8850,2,156
8850,3,67
8850,4,69
8851,1,69
8851,2,69
8851,3,4
8851,4,141
8851,4,84
8852,1,113
8852,1,38
8852,2,95
8852,3,38
8852,3,211
8853,1,116
8853,2,162
8853,2,117
8853,2,116
8853,3,56
8853,4,173
8854,1,146
8854,1,144
8854,2,75
8854,2,28
8854,3,127
8854,3,75
8855,1,74
8855,1,39
8855,2,24
8855,2,74
8855,3,25
8855,3,75
8856,1,213
8856,2,213
8856,2,101
8856,3,68
8856,3,47
8856,3,109
8857,1,10
8857,2,10
8857,3,10
8857,3,50
8858,1,108
8858,1,79
8858,2,112
8858,2,4
8858,2,2
8858,3,108
8858,4,110
8859,1,176
8859,2,120
8859,2,95
8859,3,176
8860,1,150
8860,2,94
8860,3,105
8861,1,162
8861,1,7
8861,2,124
8861,3,162
8861,4,188
8862,1,169
8862,2,132
8862,3,2
8862,3,157
8863,1,20
8863,2,83
8863,2,53
8863,3,70
8864,1,176
8864,2,133
8864,3,176
8864,4,217
8864,5,133
8864,5,68
8865,1,81
8865,1,95
8865,2,37
8865,2,53
8865,3,128
8865,3,39
8865,3,90
8865,4,168
8865,5,95
8865,5,107
8865,5,81
8865,5,108
8866,1,125
8866,2,216
8866,3,140
8867,1,155
8867,1,100
8867,2,155
8867,3,205
8867,3,113
8867,4,155
8868,1,160
8868,1,54
8868,2,56
8868,2,80
8868,3,56
8868,4,143
8868,4,83
8869,1,187
8869,1,213
8869,2,17
8869,3,198
8869,4,168
8869,5,209
8870,1,103
8870,1,176
8870,2,28
8870,2,121
8870,2,61
8870,2,58
8870,3,103
8871,1,95
8871,1,196
8871,2,98
8871,3,215
8871,3,83
8871,3,205
8871,4,113
8872,1,83
8872,1,67
8872,2,58
8872,2,67
8872,2,61
8872,3,85
8872,4,209
8873,1,70
8873,1,39
8873,2,174
8873,2,31
8873,3,38
8874,1,41
8874,2,31
8874,3,18
8874,3,201
8875,1,63
8875,1,21
8875,2,94
8875,2,125
8875,3,25
8875,3,39
8875,3,90
8876,1,106
8876,1,150
8876,2,150
8876,2,106
8876,3,94
8877,1,106
8877,1,112
8877,1,164
8877,1,28
8877,2,55
8877,2,106
8877,2,25
8877,2,58
8877,3,58
8877,3,146
8877,3,55
8877,3,164
8878,1,39
8878,1,10
8878,2,39
8878,3,2
8878,4,39
8878,5,39
8879,1,162
8879,2,216
8879,3,179
8879,3,31
8880,1,168
8880,1,99
8880,1,73
8880,2,68
8880,2,168
8880,3,98
8880,4,199
8880,5,168
8880,5,191
8880,6,168
8880,6,151
8880,7,99
8881,1,37
8881,2,122
8881,2,177
8881,3,160
8882,1,37
8882,2,28
8882,3,37
8882,4,37
8882,5,141
8883,1,4
8883,2,182
8883,3,135
8884,1,105
8884,2,2
8884,2,105
8884,2,65
8884,3,150
8884,4,72
8884,4,105
8885,1,132
8885,2,97
8885,3,76
8885,4,34
8886,1,105
8886,2,38
8886,3,83
8886,3,115
8887,1,112
8887,2,91
8887,3,123
8887,3,80
8888,1,43
8888,1,45
8888,2,160
8888,2,155
8888,3,136
8888,3,155
8888,4,207
8889,1,128
8889,2,47
8889,3,153
8889,4,123
8890,1,2
8890,1,157
8890,2,157
8890,3,2
8890,3,121
8890,4,168
8890,5,83
8891,1,89
8891,2,62
8891,3,76
8892,1,23
8892,1,113
8892,2,183
8892,3,83
8892,3,120
8893,1,12
8893,2,12
8893,2,124
8893,3,12
8893,4,124
8893,4,12
8894,1,150
8894,1,50
8894,1,95
8894,2,4
8894,3,76
8894,3,150
8894,3,50
8894,3,48
8894,4,50
8895,1,150
8895,1,85
8895,2,197
8895,2,123
8895,3,2
8896,1,188
8896,2,95
8896,2,23
8896,3,87
8896,4,202
8896,5,154
8896,5,12
8897,1,108
8897,1,4
8897,1,58
8897,2,177
8897,2,214
8897,3,56
8898,1,168
8898,1,181
8898,2,168
8898,3,181
8898,3,168
8899,1,72
8899,1,113
8899,2,215
8899,2,72
8899,3,151
8900,1,67
8900,1,127
8900,1,131
8900,2,131
8900,3,67
8900,4,67
8901,1,30
8901,2,30
8901,2,56
8901,3,30
8902,1,95
8902,1,175
8902,1,128
8902,2,123
8902,2,51
8902,2,76
8902,3,70
8902,4,51
8903,1,70
8903,2,61
8903,3,41
8903,4,191
8903,5,98
8903,5,174
8903,5,95
8903,5,58
8903,5,102
8903,6,140
8903,6,1
8903,7,4
8904,1,77
8904,2,47
8904,3,109
8904,4,109
8904,5,94
8904,6,110
8905,1,72
8905,1,114
8905,1,105
8905,2,155
8905,3,72
8905,3,114
8905,4,115
8905,4,72
8905,5,115
8905,6,72
8905,6,114
8906,1,113
8906,1,63
8906,2,63
8906,3,63
8906,4,110
8907,1,176
8907,2,170
8907,3,170
8908,1,55
8908,1,164
8908,1,75
8908,2,139
8908,3,93
8909,1,34
8909,2,206
8909,3,120
8910,1,34
8910,2,132
8910,3,32
8910,3,97
8910,3,150
8910,3,167
8910,3,198
8911,1,113
8911,1,56
8911,1,179
8911,2,18
8911,3,29
8912,1,47
8912,1,33
8912,1,140
8912,2,177
8912,2,89
8912,2,140
8912,2,49
8912,3,47
8913,1,95
8913,1,117
8913,2,113
8913,2,53
8913,3,141
8914,1,119
8914,1,25
8914,1,95
8914,2,125
8914,3,52
8914,4,166
8915,1,151
8915,2,67
8915,3,11
8916,1,104
8916,2,88
8916,3,37
8917,1,3
8917,1,81
8917,2,155
8917,3,91
8918,1,121
8918,2,45
8918,3,95
8919,1,213
8919,1,66
8919,2,40
8919,3,128
8920,1,155
8920,2,92
8920,2,155
8920,3,188
8921,1,67
8921,1,129
8921,2,152
8921,3,69
8921,3,130
8921,3,83
8921,3,201
8922,1,10
8922,1,39
8922,2,48
8922,3,48
8922,3,83
8922,4,44
8923,1,133
8923,2,107
8923,2,116
8923,3,151
8923,4,72
8924,1,16
8924,1,44
8924,1,150
8924,1,141
8924,2,90
8924,2,44
8924,3,16
8924,3,98
8924,3,117
8924,3,114
8924,3,105
8924,3,44
8924,4,114
8924,4,16
8924,4,105
8924,4,44
8924,5,16
8925,1,76
8925,2,98
8925,3,151
8925,3,51
8925,4,98
8925,5,44
8925,6,98
8925,7,160
8925,7,63
8926,1,81
8926,2,81
8926,3,81
8927,1,12
8927,2,95
8927,3,126
8928,1,118
8928,2,199
8928,3,34
8928,4,118
8928,5,118
8929,1,10
8929,1,184
8929,2,68
8929,2,83
8929,2,184
8929,3,90
8930,1,179
8930,2,72
8930,3,179
8930,4,113
8931,1,161
8931,2,42
8931,3,103
8931,3,129
8932,1,142
8932,2,16
8932,3,168
8932,3,142
8932,4,97
8933,1,99
8933,2,175
8933,2,34
8933,3,51
8933,3,210
8934,1,35
8934,2,176
8934,3,176
8934,4,176
8935,1,26
8935,2,9
8935,3,26
8936,1,22
8936,2,110
8936,2,47
8936,3,22
8936,4,27
8937,1,31
8937,2,213
8937,3,91
8938,1,91
8938,1,131
8938,2,131
8938,3,133
8939,1,14
8939,1,62
8939,2,7
8939,3,62
8940,1,185
8940,1,173
8940,2,185
8940,2,69
8940,3,13
8940,3,125
8941,1,67
8941,2,98
8941,3,67
8941,3,83
8942,1,11
8942,1,152
8942,2,33
8942,2,143
8942,3,78
8942,4,11
8943,1,133
8943,1,153
8943,2,97
8943,2,133
8943,2,153
8943,2,98
8943,2,34
8943,3,133
8943,3,34
8943,3,97
8943,4,133
8943,4,153
8943,5,99
8943,5,153
8943,5,133
8944,1,184
8944,2,48
8944,3,168
8944,3,184
8944,3,113
8945,1,118
8945,1,164
8945,1,101
8945,2,166
8945,3,146
8945,3,140
8946,1,67
8946,2,16
8946,3,99
8947,1,35
8947,2,168
8947,2,35
8947,3,125
8948,1,25
8948,2,91
8948,2,25
8948,3,84
8949,1,75
8949,1,164
8949,1,67
8949,1,167
8949,2,69
8949,3,123
8950,1,37
8950,2,22
8950,3,22
8950,4,52
8951,1,45
8951,1,199
8951,2,44
8951,3,140
8951,3,2
8952,1,47
8952,2,185
8952,2,171
8952,3,88
8952,4,30
8952,5,30
8952,6,195
8952,6,83
8952,6,30
8952,7,30
8953,1,190
8953,2,183
8953,2,4
8953,3,40
8953,4,44
8954,1,113
8954,1,133
8954,2,83
8954,2,58
8954,3,38
8955,1,106
8955,1,146
8955,1,197
8955,2,164
8955,2,24
8955,3,81
8955,3,33
8956,1,93
8956,1,210
8956,1,27
8956,1,110
8956,1,109
8956,2,39
8956,3,207
8956,3,100
8956,3,187
8957,1,60
8957,1,58
8957,2,135
8957,3,134
8957,4,135
8957,5,134
8957,5,60
8957,6,75
8958,1,21
8958,2,98
8958,2,18
8958,3,29
8958,4,31
8958,5,31
8958,5,18
8958,5,56
8959,1,1
8959,2,42
8959,3,110
8960,1,160
8960,2,103
8960,3,84
8961,1,110
8961,1,31
8961,1,162
8961,1,46
8961,1,47
8961,2,66
8961,2,56
8961,3,131
8961,4,162
8961,5,179
8962,1,48
8962,2,69
8962,3,96
8962,3,48
8963,1,141
8963,2,141
8963,3,87
8963,4,81
8964,1,21
8964,2,21
8964,3,113
8964,3,144
8965,1,88
8965,1,89
8965,2,89
8965,2,46
8965,3,162
8965,3,139
8965,4,23
8965,4,32
8966,1,120
8966,1,113
8966,2,71
8966,3,74
8967,1,128
8967,2,28
8967,2,150
8967,3,150
8967,3,113
8967,4,128
8967,5,150
8967,5,113
8968,1,83
8968,1,115
8968,1,114
8968,2,97
8968,3,128
8968,3,69
8969,1,16
8969,2,37
8969,3,168
8970,1,153
8970,2,11
8970,2,83
8970,3,168
8970,4,73
8970,5,61
8971,1,34
8971,1,133
8971,2,76
8971,2,73
8971,3,34
8971,3,93
8972,1,102
8972,2,177
8972,2,67
8972,3,175
8973,1,24
8973,2,24
8973,3,28
8974,1,123
8974,2,1
8974,2,116
8974,2,156
8974,3,214
8975,1,201
8975,2,174
8975,3,27
8976,1,179
8976,2,180
8976,3,4
8977,1,50
8977,1,141
8977,2,102
8977,3,102
8978,1,15
8978,1,4
8978,1,78
8978,1,16
8978,2,12
8978,2,64
8978,3,34
8979,1,150
8979,2,150
8979,2,76
8979,3,150
8980,1,123
8980,2,97
8980,3,123
8981,1,78
8981,2,27
8981,3,49
8981,4,155
8982,1,160
8982,2,57
8982,3,57
8983,1,125
8983,2,156
8983,2,58
8983,2,101
8983,2,180
8983,2,144
8983,3,38
8984,1,155
8984,2,163
8984,2,144
8984,2,63
8984,3,156
8984,3,58
8985,1,19
8985,2,19
8985,3,19
8986,1,182
8986,2,54
8986,2,101
8986,3,182
8987,1,90
8987,2,98
8987,3,54
8988,1,133
8988,1,76
8988,2,119
8988,2,44
8988,2,76
8988,2,123
8988,2,25
8988,3,186
8989,1,121
8989,2,127
8989,2,133
8989,3,57
8989,3,129
8989,3,133
8990,1,142
8990,2,142
8990,2,121
8990,2,4
8990,3,121
8990,4,121
8990,4,106
8991,1,136
8991,1,38
8991,2,155
8991,3,210
8992,1,95
8992,2,63
8992,2,57
8992,2,4
8992,3,164
8992,3,4
8992,4,67
8992,4,63
8992,4,123
8992,5,67
8992,5,113
8992,6,4
8992,6,63
8993,1,134
8993,2,48
8993,3,124
8994,1,141
8994,2,62
8994,2,141
8994,2,92
8994,2,173
8994,3,155
8995,1,9
8995,2,9
8995,3,9
8996,1,29
8996,1,199
8996,2,77
8996,3,199
8996,3,188
8996,3,83
8997,1,16
8997,2,113
8997,3,3
8997,3,116
8998,1,118
8998,2,155
8998,3,69
8998,4,37
8999,1,133
8999,2,133
8999,3,151
9000,1,195
9000,2,40
9000,3,168
9000,4,69
9000,5,53
9000,5,113
9000,6,74
9000,6,113
9001,1,106
9001,2,48
9001,3,150
9001,3,3
9002,1,29
9002,1,52
9002,2,119
9002,3,97
9003,1,83
9003,1,23
9003,2,14
9003,3,187
9003,4,98
9003,5,14
9003,5,23
9004,1,21
9004,1,56
9004,2,94
9004,2,56
9004,3,11
9004,3,56
9005,1,136
9005,1,38
9005,1,56
9005,2,148
9005,2,155
9005,2,136
9005,3,56
9006,1,206
9006,2,73
9006,3,13
9007,1,98
9007,1,114
9007,2,114
9007,3,141
9008,1,63
9008,1,130
9008,1,6
9008,2,64
9008,3,96
9009,1,100
9009,2,146
9009,2,101
9009,3,87
9010,1,92
9010,2,112
9010,3,83
