CUSTOMER_ID,ORDER_NUMBER,MATERIAL_NUMBER
1,18,219
1,18,4
2,15,174
2,15,35
2,15,23
2,15,27
3,17,649
3,17,63
3,17,1510
3,17,45
3,17,65
4,17,66
4,17,83
4,17,483
5,16,22
6,10,47
6,10,442
6,10,60
6,10,96
6,10,33
7,10,11
7,10,93
8,14,93
8,14,101
9,20,51
9,20,82
9,20,47
10,15,108
11,14,278
11,14,17
12,19,4
13,18,128
13,18,82
14,10,95
14,10,51
14,10,138
15,17,29
15,17,23
16,18,64
17,15,156
17,15,462
17,15,374
17,15,149
18,14,103
18,14,164
19,17,736
19,17,17
19,17,15
20,13,17
20,13,21
20,13,183
20,13,45
21,20,17
21,20,45
22,10,121
22,10,4
22,10,11
23,20,865
23,20,97
24,10,99
24,10,472
24,10,31
24,10,257
24,10,32
25,19,712
25,19,207
26,20,99
27,11,34
27,11,105
28,20,218
29,17,96
30,18,484
30,18,23
30,18,438
30,18,4
30,18,85
31,19,27
31,19,70
32,11,66
32,11,213
33,19,23
33,19,28
34,14,31
34,14,257
34,14,32
35,14,684
36,20,113
36,20,50
36,20,51
36,20,38
36,20,53
37,20,23
37,20,268
37,20,271
38,20,74
38,20,282
38,20,80
38,20,82
38,20,47
39,11,27
40,19,293
40,19,294
40,19,70
40,19,272
41,20,98
41,20,771
41,20,127
42,17,9
42,17,4
43,20,1491
43,20,319
43,20,610
43,20,825
43,20,246
44,14,129
44,14,100
44,14,321
44,14,1086
45,16,22
45,16,23
46,20,74
46,20,82
47,19,108
47,19,246
48,18,819
48,18,114
49,10,51
50,12,103
50,12,1056
51,13,1
51,13,31
51,13,10
52,16,48
53,11,108
53,11,100
53,11,539
53,11,540
53,11,564
54,10,113
55,19,126
55,19,35
55,19,517
55,19,469
55,19,147
56,17,114
57,16,186
57,16,70
58,11,384
58,11,385
58,11,17
58,11,15
59,17,4
60,10,219
61,16,108
61,16,114
62,19,207
62,19,10
63,18,34
63,18,31
63,18,123
64,19,31
64,19,366
65,10,49
65,10,111
65,10,38
66,17,47
67,19,192
67,19,38
68,13,100
68,13,303
68,13,114
69,11,4
70,10,1
71,17,31
72,10,29
72,10,23
73,16,518
73,16,58
73,16,4
73,16,11
74,12,29
74,12,1412
75,12,17
75,12,27
76,10,596
76,10,50
77,11,45
78,18,164
78,18,11
79,10,179
79,10,8
79,10,11
79,10,19
79,10,232
80,20,29
80,20,386
81,20,29
82,13,4
82,13,11
82,13,93
82,13,70
83,20,263
83,20,51
83,20,53
84,14,192
84,14,950
84,14,38
84,14,44
85,20,100
85,20,303
85,20,158
86,20,38
87,19,31
88,14,113
88,14,38
89,19,174
89,19,761
89,19,27
90,16,76
91,16,29
91,16,246
92,15,6
92,15,35
92,15,4
93,15,38
93,15,39
94,17,98
94,17,214
94,17,301
95,16,31
95,16,78
95,16,11
96,20,248
96,20,287
96,20,33
97,11,113
97,11,43
97,11,560
98,17,34
98,17,31
99,13,50
100,19,115
100,19,246
100,19,188
101,17,17
101,17,15
101,17,116
102,18,112
102,18,174
102,18,27
103,13,72
103,13,50
104,10,529
105,19,490
105,19,278
105,19,853
105,19,499
105,19,497
106,17,108
106,17,100
107,19,162
107,19,103
108,16,31
109,20,103
109,20,78
110,16,218
110,16,9
111,15,152
111,15,514
112,19,115
112,19,149
112,19,177
113,20,31
113,20,429
113,20,32
114,15,50
115,14,584
116,14,798
116,14,23
116,14,196
116,14,575
117,17,390
117,17,33
118,10,11
119,17,412
120,18,29
120,18,158
121,15,22
121,15,23
122,18,33
123,14,113
123,14,1036
123,14,38
124,12,17
124,12,15
124,12,45
125,10,561
125,10,780
125,10,524
126,15,45
127,17,6
127,17,87
127,17,4
128,19,110
128,19,113
128,19,96
128,19,43
129,20,17
129,20,27
129,20,367
129,20,246
129,20,141
130,13,372
130,13,29
130,13,4
130,13,115
130,13,7
131,15,51
131,15,546
132,17,9
132,17,2
132,17,547
133,10,51
133,10,234
134,12,4
134,12,11
135,18,254
135,18,406
135,18,292
135,18,45
135,18,47
136,15,121
136,15,20
137,19,31
138,14,182
138,14,17
138,14,15
138,14,183
138,14,116
139,17,8
140,17,596
140,17,37
141,19,98
141,19,213
141,19,33
142,10,38
142,10,39
143,20,29
143,20,158
143,20,135
143,20,11
143,20,93
144,15,50
145,20,259
145,20,91
145,20,78
145,20,70
146,14,544
146,14,116
146,14,117
147,19,484
147,19,10
147,19,50
147,19,53
148,15,207
148,15,378
148,15,861
149,18,17
150,19,50
151,17,108
151,17,90
152,11,20
152,11,31
153,18,23
153,18,101
154,19,86
154,19,68
154,19,326
154,19,20
154,19,71
155,11,11
156,16,11
157,14,39
158,20,17
159,16,31
159,16,39
160,18,22
160,18,29
160,18,23
160,18,246
161,16,25
161,16,26
161,16,27
161,16,28
162,15,108
162,15,29
162,15,33
163,16,31
164,19,182
164,19,261
164,19,116
165,11,244
165,11,11
166,20,185
166,20,94
167,20,99
167,20,31
167,20,70
168,10,282
168,10,600
168,10,93
169,13,94
169,13,612
170,19,38
170,19,39
171,15,17
172,17,9
172,17,501
172,17,520
173,18,72
173,18,28
174,10,615
174,10,33
175,18,148
175,18,31
175,18,193
176,15,101
177,17,32
177,17,34
177,17,31
177,17,177
178,20,78
179,20,278
179,20,116
180,14,33
181,15,9
182,17,174
182,17,33
183,12,9
184,16,845
185,12,385
186,16,34
186,16,259
186,16,31
186,16,742
187,18,429
187,18,33
188,15,169
188,15,439
188,15,29
188,15,149
189,19,263
189,19,79
190,13,31
190,13,38
190,13,193
191,19,396
191,19,29
191,19,114
192,16,6
192,16,87
192,16,23
192,16,4
192,16,232
193,19,20
194,15,51
194,15,53
195,16,17
195,16,15
196,17,26
196,17,35
196,17,27
196,17,51
196,17,28
197,15,303
197,15,95
198,19,49
198,19,648
198,19,39
199,20,656
199,20,17
200,20,34
200,20,31
200,20,102
201,11,182
201,11,17
201,11,116
202,19,115
203,11,175
204,14,1390
204,14,232
205,17,34
205,17,123
206,20,169
206,20,29
206,20,628
207,11,145
207,11,96
208,11,110
208,11,34
208,11,31
209,13,29
210,19,29
210,19,10
210,19,47
211,20,66
211,20,174
211,20,50
212,18,90
212,18,29
213,11,51
214,12,250
214,12,249
214,12,772
214,12,252
215,10,23
215,10,27
216,15,38
216,15,39
217,13,148
217,13,149
218,19,108
219,19,333
219,19,257
219,19,165
220,10,38
220,10,39
221,10,175
221,10,97
222,12,404
222,12,175
223,16,372
223,16,29
223,16,115
224,15,29
224,15,115
225,15,22
225,15,397
225,15,1453
225,15,149
226,18,4
227,11,98
227,11,29
227,11,204
227,11,247
227,11,65
228,17,162
228,17,11
229,19,95
230,15,24
230,15,27
231,15,103
231,15,181
231,15,174
232,15,103
232,15,174
233,18,55
234,20,71
234,20,31
234,20,177
235,15,174
235,15,684
236,17,443
236,17,553
237,10,114
238,17,308
239,15,397
239,15,29
239,15,23
239,15,93
240,14,4
241,15,80
242,17,47
243,12,901
243,12,293
243,12,616
243,12,294
243,12,70
244,17,67
245,17,278
245,17,279
246,14,578
246,14,637
246,14,28
247,20,49
247,20,26
247,20,38
247,20,39
247,20,684
248,17,9
248,17,186
248,17,1059
248,17,619
249,11,465
249,11,31
249,11,123
250,13,29
251,12,103
251,12,6
251,12,4
251,12,11
252,10,552
252,10,95
253,10,110
253,10,266
253,10,113
253,10,353
253,10,38
254,15,78
255,13,31
255,13,38
256,18,711
256,18,108
256,18,710
257,19,9
258,15,122
258,15,17
258,15,45
259,17,4
260,16,158
260,16,346
261,11,45
262,15,126
262,15,31
262,15,32
263,16,34
263,16,355
263,16,257
264,19,29
264,19,23
264,19,101
265,20,29
266,14,111
266,14,38
266,14,39
267,15,221
267,15,31
267,15,32
268,10,158
269,11,103
269,11,29
270,11,224
270,11,38
271,10,17
271,10,115
271,10,116
272,19,17
272,19,531
272,19,48
272,19,116
272,19,246
273,16,51
273,16,96
274,10,74
274,10,82
275,14,174
275,14,175
275,14,541
275,14,407
276,20,10
276,20,114
277,15,17
278,16,368
278,16,4
279,18,114
280,13,71
281,11,484
281,11,51
282,10,29
282,10,11
283,19,78
284,20,78
285,15,114
286,16,31
287,10,442
287,10,149
287,10,96
287,10,514
288,19,289
288,19,31
288,19,123
289,14,1298
289,14,534
289,14,908
289,14,82
290,11,98
290,11,214
290,11,247
290,11,301
291,10,34
291,10,355
291,10,31
292,17,94
292,17,611
293,16,164
293,16,188
294,17,35
295,14,501
295,14,324
296,20,11
297,14,20
297,14,627
298,13,292
298,13,17
298,13,183
299,17,95
300,10,31
300,10,335
301,20,29
301,20,6
301,20,23
302,20,17
303,19,95
304,20,94
304,20,615
305,20,145
305,20,146
305,20,158
306,20,49
306,20,111
306,20,38
307,16,29
307,16,374
307,16,48
308,19,522
308,19,158
309,10,1
309,10,460
310,12,29
310,12,164
311,12,6
311,12,667
311,12,4
312,15,772
312,15,252
312,15,741
313,20,175
314,15,78
314,15,11
315,11,158
315,11,45
316,18,29
316,18,11
317,11,381
317,11,27
318,13,34
318,13,175
319,11,8
319,11,324
320,19,31
320,19,119
321,12,34
321,12,31
321,12,158
322,10,107
322,10,93
323,10,50
323,10,246
323,10,33
324,15,110
324,15,34
324,15,38
325,15,235
326,15,115
327,15,31
327,15,183
327,15,352
327,15,45
328,20,940
328,20,17
328,20,591
329,10,175
329,10,541
330,17,224
330,17,951
330,17,82
330,17,627
331,17,113
331,17,431
331,17,1100
331,17,38
331,17,39
332,16,589
332,16,114
333,19,27
333,19,61
333,19,222
334,10,463
334,10,1191
334,10,23
334,10,152
335,17,112
335,17,37
335,17,51
335,17,47
336,13,106
336,13,31
336,13,208
337,13,9
338,18,387
338,18,78
338,18,4
339,17,593
339,17,29
339,17,164
339,17,11
339,17,628
340,16,209
340,16,11
340,16,246
340,16,101
341,20,49
341,20,39
342,15,438
342,15,4
342,15,7
342,15,190
342,15,547
343,19,805
343,19,998
344,19,153
344,19,108
344,19,10
344,19,149
344,19,433
345,17,17
345,17,620
345,17,412
345,17,143
346,19,34
347,20,108
347,20,164
347,20,157
348,13,33
349,13,81
349,13,82
350,15,34
351,17,22
351,17,29
351,17,23
351,17,1316
352,13,218
352,13,4
352,13,114
352,13,190
353,12,37
353,12,38
353,12,39
354,14,17
354,14,15
354,14,183
354,14,45
355,10,328
355,10,149
355,10,193
356,17,108
356,17,149
356,17,32
357,17,22
357,17,29
357,17,23
357,17,11
357,17,309
358,14,9
358,14,11
359,16,11
359,16,101
360,18,9
360,18,53
361,14,29
361,14,7
362,20,29
362,20,149
363,15,1216
363,15,1254
363,15,95
364,15,6
364,15,23
364,15,4
364,15,11
364,15,511
365,12,410
365,12,71
366,13,29
367,20,671
367,20,156
367,20,672
367,20,149
367,20,634
368,20,23
368,20,85
368,20,11
369,11,132
369,11,51
370,17,29
370,17,23
371,10,17
372,11,33
373,15,114
373,15,147
374,16,214
375,15,80
376,18,913
376,18,558
377,16,172
377,16,174
377,16,680
378,11,89
378,11,121
379,16,283
380,10,9
380,10,11
381,11,70
382,16,17
382,16,116
383,14,490
383,14,384
383,14,278
383,14,492
383,14,499
384,19,174
384,19,17
384,19,27
385,20,174
385,20,30
386,10,282
387,17,119
388,10,9
388,10,35
388,10,211
389,12,34
389,12,121
389,12,210
389,12,355
389,12,32
390,17,1078
390,17,463
390,17,502
390,17,114
391,19,106
391,19,41
391,19,114
392,11,282
392,11,82
393,18,48
393,18,119
393,18,97
394,17,1
394,17,75
395,17,39
396,18,164
396,18,93
397,12,17
397,12,15
397,12,116
398,15,82
399,19,145
399,19,448
400,11,47
400,11,75
400,11,556
400,11,55
401,20,29
401,20,10
402,18,106
402,18,410
402,18,51
403,10,11
404,19,113
404,19,20
404,19,38
405,18,23
406,16,22
406,16,397
406,16,23
406,16,149
406,16,157
407,13,97
408,19,111
408,19,123
408,19,96
409,15,362
409,15,6
409,15,4
409,15,11
410,12,624
410,12,17
410,12,15
410,12,116
410,12,45
411,11,29
411,11,11
411,11,114
412,12,126
412,12,282
413,10,11
414,11,17
414,11,180
414,11,246
415,17,62
415,17,98
415,17,301
415,17,97
416,20,113
416,20,20
416,20,130
416,20,38
416,20,43
417,15,103
417,15,245
417,15,38
417,15,96
418,20,548
418,20,51
419,14,126
419,14,175
419,14,70
420,20,9
420,20,31
421,18,49
421,18,39
422,18,78
423,14,411
423,14,549
423,14,957
424,18,661
424,18,132
424,18,38
425,17,149
426,18,107
426,18,78
427,12,23
427,12,28
428,18,255
428,18,437
428,18,45
429,13,48
430,12,406
430,12,45
430,12,291
431,16,32
431,16,189
431,16,82
431,16,433
432,20,174
432,20,33
433,19,29
433,19,115
433,19,188
434,20,31
434,20,32
435,15,15
436,19,610
436,19,38
437,10,50
437,10,51
437,10,53
437,10,840
438,10,384
438,10,385
438,10,17
439,12,11
440,17,8
441,20,2
442,14,34
442,14,31
443,10,51
444,20,67
444,20,11
444,20,70
445,17,27
445,17,179
446,16,108
446,16,149
447,11,23
447,11,213
447,11,28
448,20,4
449,14,278
450,17,17
451,13,158
451,13,135
452,13,846
452,13,1244
452,13,97
453,15,101
454,12,45
455,19,586
455,19,113
455,19,130
455,19,192
455,19,38
456,19,17
456,19,15
457,15,75
457,15,11
457,15,71
458,19,50
459,19,158
459,19,82
460,12,851
460,12,404
460,12,817
460,12,97
461,20,120
461,20,156
461,20,321
461,20,158
461,20,464
462,15,81
462,15,122
462,15,82
463,18,811
463,18,45
464,16,368
464,16,124
464,16,302
464,16,114
465,19,767
465,19,174
465,19,17
466,15,1321
466,15,301
466,15,51
466,15,800
466,15,535
467,20,416
468,16,1122
468,16,10
468,16,11
468,16,93
469,12,78
469,12,93
470,15,221
470,15,98
470,15,119
471,20,108
471,20,10
471,20,33
472,12,439
472,12,10
472,12,149
473,15,68
473,15,37
474,17,29
474,17,11
474,17,334
475,13,51
476,20,156
476,20,149
477,20,29
477,20,47
478,10,107
478,10,9
478,10,8
478,10,11
479,19,98
479,19,204
480,13,29
480,13,10
480,13,8
480,13,149
480,13,11
481,12,29
481,12,501
481,12,809
482,20,4
482,20,246
483,11,375
484,16,132
484,16,51
484,16,38
485,16,29
485,16,7
485,16,101
486,16,103
486,16,75
486,16,483
486,16,55
487,12,4
487,12,11
488,19,220
489,17,1344
489,17,94
489,17,389
490,14,430
491,15,80
492,19,108
493,11,601
493,11,78
493,11,59
493,11,223
494,19,112
494,19,17
494,19,222
495,18,622
495,18,39
496,15,35
497,15,95
497,15,346
498,19,71
498,19,439
498,19,149
498,19,177
499,10,123
499,10,369
499,10,1317
500,11,567
500,11,321
500,11,260
501,12,22
501,12,115
501,12,15
502,17,72
502,17,213
502,17,71
503,11,106
503,11,114
503,11,76
503,11,264
504,18,17
504,18,4
504,18,11
505,20,29
505,20,164
505,20,17
505,20,10
505,20,628
506,19,414
506,19,114
507,16,100
507,16,448
507,16,443
508,19,1
509,15,100
509,15,108
509,15,39
510,19,9
510,19,172
510,19,522
510,19,158
510,19,96
511,20,210
512,15,6
512,15,4
512,15,11
512,15,7
513,10,285
513,10,159
514,18,80
515,16,31
515,16,257
516,19,103
516,19,373
516,19,164
516,19,149
517,16,6
517,16,11
518,18,805
518,18,505
519,11,148
519,11,328
519,11,149
520,10,4
521,19,34
522,20,493
522,20,278
523,18,103
524,19,31
525,20,11
525,20,93
525,20,28
526,15,37
526,15,517
527,11,283
527,11,11
528,17,115
528,17,188
529,20,29
529,20,4
530,17,29
530,17,10
530,17,4
530,17,11
531,18,289
531,18,10
531,18,149
532,18,115
533,10,10
533,10,11
534,14,95
534,14,82
535,15,29
536,10,31
536,10,38
537,13,254
537,13,292
537,13,17
537,13,529
538,17,269
538,17,463
538,17,152
539,17,122
539,17,17
540,15,100
540,15,39
541,16,126
542,18,251
542,18,127
543,16,74
543,16,82
543,16,93
544,14,905
544,14,293
544,14,70
545,18,660
545,18,15
545,18,123
545,18,116
546,16,282
546,16,310
546,16,82
547,16,85
547,16,114
548,20,115
548,20,958
549,15,116
550,19,29
550,19,11
550,19,101
551,17,29
551,17,246
552,20,11
553,12,108
553,12,90
553,12,29
553,12,164
554,15,70
555,18,76
555,18,677
556,11,215
556,11,233
557,17,34
558,10,71
559,19,857
559,19,174
559,19,382
559,19,380
559,19,70
560,18,610
560,18,39
560,18,393
561,10,145
561,10,1021
561,10,158
561,10,111
562,17,410
563,17,189
563,17,126
564,11,6
564,11,11
565,11,254
565,11,897
566,15,384
566,15,385
567,16,139
567,16,11
567,16,101
568,17,108
568,17,149
569,14,23
570,11,31
570,11,119
570,11,123
571,20,98
571,20,204
572,10,37
573,18,4
573,18,11
573,18,47
574,13,11
574,13,93
575,10,146
575,10,158
575,10,82
575,10,1512
576,19,51
577,18,103
577,18,29
577,18,11
578,15,6
578,15,11
579,20,302
579,20,114
579,20,190
580,17,246
580,17,213
581,15,175
582,11,11
583,14,126
583,14,314
584,15,27
585,16,283
586,15,110
586,15,443
586,15,38
586,15,43
587,15,267
587,15,300
587,15,132
587,15,111
587,15,39
588,15,174
589,20,95
590,11,79
591,12,321
591,12,78
591,12,11
591,12,260
592,17,387
592,17,372
593,15,160
593,15,14
594,16,283
594,16,78
595,19,115
596,18,93
597,20,27
597,20,45
597,20,65
598,12,239
598,12,31
598,12,123
598,12,82
599,12,29
599,12,328
599,12,149
600,17,11
600,17,93
601,12,29
601,12,628
602,11,34
602,11,107
602,11,93
602,11,45
603,18,45
604,15,255
604,15,182
604,15,17
605,13,712
605,13,273
605,13,45
606,16,174
606,16,175
607,10,124
608,11,34
608,11,762
608,11,27
609,17,49
609,17,931
609,17,39
610,12,105
611,13,298
611,13,293
611,13,70
612,15,38
612,15,39
613,14,400
613,14,126
613,14,376
614,11,31
615,17,23
615,17,53
616,18,17
617,16,97
618,15,112
618,15,122
619,16,22
619,16,11
619,16,101
620,19,41
620,19,80
620,19,161
621,11,667
621,11,101
622,18,29
622,18,164
623,10,95
624,14,23
624,14,2
625,10,29
626,20,6
626,20,4
627,18,443
627,18,131
627,18,1286
627,18,38
627,18,97
628,20,149
629,17,397
629,17,7
629,17,114
629,17,150
629,17,1316
630,20,124
630,20,114
631,16,108
631,16,700
631,16,157
632,19,114
633,18,110
633,18,108
634,14,182
634,14,17
634,14,27
634,14,15
634,14,116
635,18,158
636,16,175
637,20,34
637,20,31
638,20,90
638,20,113
639,16,328
639,16,149
639,16,906
640,10,365
641,12,529
642,15,139
642,15,47
643,18,285
644,19,239
644,19,259
645,12,23
646,20,384
646,20,278
646,20,385
647,18,38
648,19,50
648,19,549
649,18,83
649,18,20
649,18,122
650,17,90
650,17,148
650,17,149
651,17,116
652,10,114
653,17,358
654,11,70
654,11,47
655,14,29
655,14,11
656,10,27
656,10,51
656,10,53
657,15,610
657,15,328
657,15,149
658,20,9
658,20,212
658,20,11
658,20,82
659,15,73
659,15,28
660,13,39
661,19,132
662,18,31
662,18,257
663,19,17
663,19,116
664,15,355
664,15,31
664,15,123
665,15,293
665,15,149
665,15,294
666,13,412
666,13,143
667,10,107
667,10,211
668,20,8
669,12,98
669,12,204
669,12,214
670,15,4
670,15,11
671,20,98
671,20,771
671,20,109
672,17,9
673,11,11
674,14,100
675,15,38
676,20,17
677,10,312
677,10,95
678,12,1163
678,12,166
678,12,115
678,12,284
678,12,1325
679,12,387
679,12,78
679,12,346
680,13,9
680,13,64
680,13,4
680,13,93
681,15,11
681,15,101
682,20,486
682,20,31
682,20,123
682,20,335
683,18,74
683,18,857
683,18,82
684,19,156
684,19,149
685,19,23
686,18,121
686,18,82
687,15,146
687,15,158
687,15,82
688,15,174
688,15,37
689,10,22
689,10,23
689,10,11
690,14,374
691,19,22
691,19,235
691,19,397
692,16,178
692,16,27
693,18,155
693,18,149
694,12,34
694,12,31
694,12,123
695,10,145
695,10,39
696,13,175
697,11,6
697,11,78
697,11,4
697,11,212
697,11,310
698,15,219
698,15,4
698,15,348
698,15,514
699,10,667
699,10,390
700,14,657
700,14,324
700,14,149
701,14,5
701,14,385
701,14,15
701,14,116
701,14,279
702,17,29
702,17,115
703,12,29
704,16,50
704,16,638
705,15,247
705,15,33
706,11,11
707,16,192
707,16,132
707,16,48
707,16,38
708,12,29
708,12,115
709,19,9
710,15,108
710,15,29
711,11,114
712,18,114
713,16,628
714,16,529
715,13,1115
715,13,865
715,13,1070
715,13,51
715,13,152
716,18,4
716,18,11
717,19,34
717,19,102
717,19,123
718,16,4
718,16,11
719,15,11
720,10,34
720,10,376
720,10,619
720,10,617
721,16,139
721,16,20
721,16,47
722,10,87
722,10,4
722,10,11
723,10,73
723,10,20
724,19,103
724,19,390
725,10,60
725,10,45
726,17,9
726,17,29
726,17,172
726,17,78
727,11,100
727,11,10
727,11,95
728,20,22
728,20,23
728,20,101
729,20,281
729,20,82
730,10,757
730,10,561
730,10,968
731,18,1
731,18,34
731,18,472
731,18,31
731,18,1360
732,17,55
732,17,47
733,11,158
733,11,951
733,11,82
734,10,463
734,10,29
734,10,152
735,16,139
735,16,50
736,20,338
736,20,20
736,20,2
736,20,38
737,12,9
737,12,4
737,12,11
737,12,93
738,20,561
738,20,39
739,10,73
739,10,20
740,20,269
740,20,220
741,15,248
741,15,185
742,15,94
742,15,610
742,15,710
743,18,267
743,18,38
743,18,39
744,20,113
744,20,130
744,20,894
744,20,38
745,10,31
745,10,101
746,15,41
746,15,80
747,17,88
748,15,29
749,18,465
749,18,31
749,18,123
749,18,38
750,10,38
750,10,43
751,11,141
752,16,175
753,12,10
754,19,108
754,19,157
755,15,38
756,17,29
756,17,6
756,17,4
756,17,11
757,11,129
757,11,362
758,10,23
758,10,179
759,17,27
759,17,71
760,11,9
760,11,278
760,11,1291
760,11,8
761,15,463
761,15,29
761,15,672
761,15,152
762,10,298
762,10,641
762,10,64
762,10,1030
763,18,484
763,18,51
763,18,53
763,18,65
764,13,114
765,15,174
765,15,33
766,10,20
766,10,2
766,10,284
766,10,912
766,10,47
767,13,4
767,13,11
768,20,108
769,11,29
769,11,114
769,11,190
770,16,182
770,16,17
771,14,34
771,14,31
771,14,32
772,11,298
772,11,186
772,11,71
773,16,108
773,16,100
774,15,17
774,15,222
775,17,38
775,17,39
776,16,113
776,16,20
776,16,38
777,15,599
777,15,149
778,20,17
779,16,83
779,16,71
780,14,584
781,18,17
781,18,45
782,18,11
783,19,31
783,19,102
784,15,4
784,15,11
785,19,49
785,19,38
785,19,39
786,15,106
786,15,114
787,19,107
787,19,4
787,19,114
788,14,29
788,14,23
789,13,115
790,10,65
790,10,33
791,17,103
791,17,714
791,17,165
792,16,4
792,16,115
793,11,17
793,11,184
794,10,191
794,10,50
795,13,235
795,13,905
795,13,70
796,10,29
796,10,31
796,10,101
797,18,108
797,18,29
797,18,115
798,16,281
798,16,96
799,20,11
799,20,213
799,20,47
800,17,11
800,17,101
800,17,147
801,16,224
801,16,20
802,12,202
803,20,477
803,20,29
803,20,809
804,18,146
804,18,228
804,18,158
805,18,47
806,17,116
807,16,149
807,16,150
808,20,108
808,20,29
808,20,157
809,10,26
809,10,180
809,10,27
810,19,29
810,19,10
810,19,78
810,19,11
811,16,113
811,16,38
812,19,174
812,19,246
812,19,33
813,15,83
813,15,71
814,15,31
814,15,38
815,17,108
815,17,115
816,19,224
816,19,192
816,19,38
816,19,227
817,20,113
817,20,38
818,16,98
818,16,204
819,11,419
819,11,11
820,11,1
821,15,31
821,15,352
822,12,45
823,18,108
823,18,49
824,16,267
824,16,38
824,16,39
825,13,27
826,13,288
826,13,158
826,13,11
827,10,29
827,10,80
827,10,11
827,10,93
827,10,71
828,12,71
828,12,77
828,12,84
828,12,213
828,12,28
829,10,149
830,18,29
831,11,1
831,11,9
832,13,254
832,13,255
832,13,17
833,15,11
833,15,93
834,17,49
834,17,300
834,17,111
834,17,754
835,13,43
836,19,149
836,19,294
837,11,661
837,11,98
837,11,204
838,17,29
839,15,27
839,15,82
840,16,33
841,17,107
841,17,78
841,17,93
842,18,1
843,17,29
844,14,108
845,15,39
845,15,528
846,11,97
847,11,115
848,15,103
848,15,82
848,15,70
849,10,95
849,10,246
850,16,34
850,16,31
851,17,29
851,17,23
852,13,4
852,13,152
852,13,150
853,15,248
853,15,185
853,15,174
854,10,175
855,17,924
855,17,999
855,17,45
856,15,107
856,15,78
856,15,4
857,10,9
857,10,64
858,14,17
858,14,183
859,17,754
859,17,38
859,17,39
860,20,27
861,17,148
861,17,149
862,13,50
862,13,53
863,10,158
864,12,110
864,12,43
865,11,29
866,15,437
866,15,45
867,19,98
867,19,771
868,12,80
869,16,801
869,16,149
869,16,7
870,15,358
870,15,20
870,15,47
871,17,578
871,17,52
871,17,37
871,17,53
872,10,17
872,10,115
872,10,116
873,16,17
873,16,45
873,16,291
874,19,649
874,19,683
874,19,64
875,12,285
875,12,82
876,19,59
877,15,103
878,15,9
878,15,512
879,13,174
879,13,213
880,19,50
880,19,51
881,20,940
882,14,17
883,16,593
883,16,410
883,16,114
884,16,78
884,16,4
885,16,175
885,16,31
886,15,116
886,15,117
887,19,37
887,19,50
887,19,48
888,17,847
888,17,15
888,17,116
888,17,97
889,14,586
889,14,73
889,14,38
890,20,98
891,20,29
891,20,85
892,15,1
892,15,571
893,13,772
893,13,252
893,13,741
894,18,114
895,19,27
895,19,2
896,12,29
897,11,1
897,11,9
897,11,268
898,18,82
898,18,47
899,12,224
899,12,192
900,16,49
900,16,38
900,16,39
901,11,31
902,15,23
903,15,34
904,19,281
904,19,282
904,19,79
905,19,11
905,19,101
906,16,31
907,14,11
908,11,115
909,18,94
909,18,390
910,19,266
910,19,484
910,19,27
910,19,925
910,19,44
911,16,66
911,16,50
912,17,103
912,17,29
912,17,10
912,17,78
913,17,17
914,16,114
915,20,33
916,17,112
916,17,82
917,20,314
917,20,741
917,20,65
918,17,78
918,17,4
919,16,584
919,16,290
920,11,73
920,11,29
921,16,1
921,16,244
921,16,4
921,16,144
922,19,121
922,19,78
922,19,8
923,11,27
924,11,829
924,11,599
924,11,314
924,11,82
924,11,849
925,19,73
925,19,20
926,11,6
926,11,80
926,11,4
926,11,11
926,11,19
927,11,9
928,18,31
928,18,17
928,18,123
929,10,428
929,10,78
929,10,4
929,10,208
930,18,34
930,18,31
931,18,146
931,18,160
932,15,11
933,18,29
933,18,82
934,20,736
935,16,1
935,16,22
935,16,96
936,12,17
937,19,491
937,19,96
938,12,29
939,11,201
939,11,103
939,11,50
939,11,51
939,11,47
940,16,100
940,16,448
941,15,113
941,15,43
942,10,79
943,14,172
944,16,298
944,16,34
944,16,31
944,16,257
944,16,294
945,15,29
946,17,457
946,17,45
947,16,259
947,16,29
947,16,31
947,16,10
948,16,11
948,16,93
948,16,101
948,16,47
949,19,682
950,16,253
950,16,17
950,16,27
951,19,4
952,12,31
952,12,168
953,18,6
953,18,15
954,15,115
955,14,37
955,14,50
956,19,29
957,17,387
957,17,6
957,17,934
957,17,547
957,17,147
958,10,115
959,20,112
959,20,27
959,20,51
959,20,147
960,12,132
960,12,953
961,14,34
961,14,1220
962,20,17
962,20,15
963,17,115
964,16,114
965,15,150
966,14,108
967,17,173
967,17,175
967,17,27
968,13,74
968,13,308
969,13,11
970,20,1
970,20,460
970,20,20
971,18,119
972,18,100
972,18,554
973,19,4
974,19,38
974,19,39
975,17,134
975,17,303
975,17,313
975,17,95
976,12,47
977,18,368
977,18,101
978,20,8
979,17,6
979,17,4
980,11,441
980,11,831
980,11,49
980,11,37
981,13,75
982,20,45
983,20,213
984,18,17
984,18,261
985,15,34
985,15,1124
986,18,23
986,18,2
986,18,556
987,13,192
987,13,213
987,13,193
988,19,6
988,19,236
988,19,4
988,19,232
989,17,278
989,17,385
990,16,87
991,16,158
992,14,1
992,14,822
992,14,35
993,12,90
993,12,292
994,16,95
995,12,80
995,12,101
996,14,90
996,14,146
997,20,38
997,20,39
998,15,29
998,15,10
998,15,11
999,18,33
1000,17,29
1000,17,31
1000,17,433
1001,11,4
1001,11,114
1001,11,190
1002,16,182
1002,16,17
1002,16,15
1002,16,143
1003,11,103
1003,11,140
1004,11,74
1004,11,80
1004,11,82
1005,20,278
1005,20,17
1005,20,492
1006,18,867
1006,18,187
1006,18,352
1006,18,45
1007,17,95
1007,17,82
1008,16,174
1008,16,214
1008,16,247
1009,15,110
1009,15,38
1010,15,11
1010,15,71
1011,10,17
1011,10,725
1011,10,45
1012,10,94
1012,10,43
1013,20,20
1013,20,143
1014,11,589
1014,11,484
1014,11,51
1015,11,108
1016,10,45
1017,11,255
1017,11,182
1017,11,17
1017,11,45
1018,15,221
1018,15,56
1018,15,228
1018,15,38
1018,15,39
1019,17,2
1019,17,114
1020,16,34
1021,16,85
1022,15,221
1022,15,239
1023,19,27
1023,19,50
1023,19,51
1024,16,51
1024,16,38
1025,14,17
1026,15,103
1026,15,28
1027,11,6
1027,11,4
1028,18,102
1028,18,258
1029,16,34
1029,16,123
1029,16,258
1029,16,161
1029,16,602
1030,16,51
1031,17,111
1031,17,96
1032,13,33
1033,15,20
1033,15,32
1034,18,213
1035,10,47
1036,20,1
1036,20,29
1037,12,113
1037,12,170
1037,12,38
1037,12,32
1038,19,50
1039,13,15
1040,13,426
1040,13,29
1040,13,4
1041,11,124
1041,11,4
1041,11,125
1042,12,114
1043,16,31
1043,16,48
1044,18,106
1044,18,210
1044,18,29
1044,18,10
1045,19,158
1045,19,304
1046,12,115
1047,11,17
1047,11,595
1048,20,9
1048,20,172
1049,15,29
1049,15,115
1049,15,188
1050,18,17
1050,18,15
1051,16,83
1051,16,50
1052,17,115
1052,17,188
1053,11,98
1053,11,94
1053,11,301
1054,12,589
1054,12,572
1054,12,51
1054,12,119
1055,13,29
1055,13,115
1055,13,958
1056,17,114
1056,17,190
1057,15,17
1058,14,268
1059,15,718
1059,15,165
1060,10,283
1060,10,158
1060,10,114
1060,10,190
1061,15,6
1061,15,4
1061,15,514
1062,11,169
1062,11,29
1062,11,23
1062,11,10
1063,15,47
1063,15,77
1063,15,84
1063,15,70
1063,15,71
1064,17,73
1064,17,20
1065,20,100
1065,20,321
1065,20,371
1066,20,75
1066,20,179
1067,11,35
1067,11,27
1067,11,689
1067,11,179
1068,15,158
1068,15,95
1068,15,82
1068,15,325
1069,20,641
1069,20,308
1070,18,224
1070,18,132
1070,18,953
1071,17,107
1071,17,210
1072,11,328
1072,11,149
1073,18,294
1073,18,70
1074,16,175
1074,16,65
1075,14,116
1076,19,29
1076,19,514
1077,16,34
1077,16,140
1077,16,111
1078,11,967
1078,11,192
1078,11,132
1078,11,1072
1079,20,98
1080,16,47
1080,16,395
1080,16,50
1080,16,549
1080,16,233
1081,10,386
1082,10,99
1082,10,175
1083,10,34
1083,10,156
1083,10,31
1084,17,33
1085,20,78
1086,13,441
1086,13,709
1086,13,38
1087,20,232
1088,16,1
1088,16,4
1089,18,95
1089,18,138
1090,17,34
1090,17,349
1091,19,29
1091,19,115
1092,13,517
1093,13,11
1093,13,101
1094,17,98
1094,17,126
1094,17,127
1094,17,469
1095,10,23
1095,10,2
1095,10,309
1096,19,80
1096,19,114
1097,17,149
1098,20,113
1098,20,31
1099,20,441
1100,11,113
1100,11,95
1100,11,43
1101,18,1
1101,18,23
1101,18,2
1101,18,85
1102,16,298
1102,16,380
1103,15,11
1104,14,29
1105,14,305
1105,14,192
1105,14,132
1105,14,1066
1105,14,44
1106,12,34
1106,12,186
1106,12,355
1106,12,356
1106,12,258
1107,19,34
1107,19,942
1107,19,31
1107,19,39
1108,14,86
1108,14,8
1108,14,402
1109,12,33
1110,14,112
1110,14,17
1111,16,50
1111,16,51
1111,16,53
1112,20,17
1113,15,31
1114,10,112
1114,10,17
1114,10,45
1115,20,239
1115,20,283
1116,18,501
1116,18,520
1116,18,934
1117,14,672
1118,16,130
1118,16,192
1118,16,672
1119,16,108
1119,16,34
1119,16,260
1120,10,189
1120,10,356
1120,10,896
1120,10,82
1121,16,589
1121,16,276
1121,16,1140
1121,16,95
1121,16,44
1122,15,20
1122,15,80
1123,16,404
1123,16,175
1123,16,27
1124,10,35
1125,10,29
1125,10,11
1126,16,11
1127,14,114
1128,17,29
1128,17,101
1129,13,31
1129,13,123
1129,13,602
1129,13,45
1129,13,377
1130,11,29
1130,11,70
1131,20,23
1132,19,145
1132,19,151
1133,16,95
1133,16,138
1134,20,17
1135,12,306
1135,12,132
1135,12,953
1135,12,133
1136,14,218
1137,18,439
1137,18,328
1137,18,149
1138,16,9
1139,11,54
1140,18,100
1140,18,525
1140,18,861
1141,17,9
1141,17,11
1142,20,49
1142,20,754
1142,20,38
1142,20,39
1143,16,470
1143,16,65
1144,20,158
1144,20,260
1144,20,96
1145,11,34
1145,11,31
1145,11,93
1145,11,258
1146,12,45
1147,20,23
1147,20,79
1147,20,264
1148,18,4
1148,18,212
1149,16,667
1150,12,156
1150,12,148
1150,12,149
1151,11,6
1151,11,4
1151,11,114
1152,20,100
1152,20,38
1153,15,100
1153,15,145
1153,15,757
1153,15,38
1154,20,41
1154,20,29
1155,11,224
1155,11,49
1155,11,38
1155,11,39
1156,20,120
1156,20,29
1157,16,1345
1157,16,27
1157,16,179
1158,11,34
1158,11,31
1159,13,106
1159,13,40
1159,13,80
1160,19,38
1160,19,39
1161,15,397
1161,15,23
1162,12,67
1162,12,23
1162,12,70
1163,11,448
1163,11,443
1163,11,154
1164,17,29
1165,17,82
1166,11,584
1166,11,31
1167,16,308
1167,16,51
1168,10,9
1168,10,246
1169,13,175
1169,13,27
1170,17,1
1170,17,34
1170,17,244
1170,17,472
1171,14,23
1172,10,733
1172,10,45
1173,12,397
1173,12,23
1174,20,38
1174,20,43
1175,12,4
1175,12,7
1176,17,239
1177,12,47
1178,12,98
1178,12,204
1178,12,247
1179,11,34
1179,11,195
1180,18,98
1180,18,363
1180,18,214
1181,18,80
1182,13,174
1183,17,182
1183,17,45
1183,17,377
1184,14,1
1184,14,4
1184,14,13
1185,18,87
1185,18,4
1185,18,11
1186,11,29
1186,11,17
1187,16,95
1188,18,29
1188,18,11
1189,17,185
1189,17,777
1190,15,442
1190,15,96
1190,15,71
1191,16,192
1191,16,38
1191,16,227
1192,18,9
1193,17,31
1194,10,114
1194,10,742
1195,16,90
1196,20,50
1196,20,483
1196,20,55
1197,19,135
1198,20,11
1199,17,111
1199,17,598
1200,15,23
1200,15,11
1201,19,522
1201,19,78
1201,19,1090
1202,12,93
1203,18,80
1203,18,58
1204,17,98
1204,17,214
1204,17,246
1205,20,493
1206,19,282
1207,11,113
1207,11,43
1208,11,34
1208,11,31
1208,11,176
1208,11,102
1209,16,6
1209,16,428
1209,16,4
1210,12,293
1211,20,182
1211,20,183
1212,16,8
1213,20,106
1213,20,114
1214,19,29
1214,19,10
1214,19,78
1214,19,11
1215,17,35
1215,17,411
1215,17,50
1216,15,108
1216,15,90
1216,15,149
1217,19,115
1217,19,188
1218,11,23
1218,11,309
1219,16,115
1220,19,114
1221,15,185
1221,15,390
1222,10,50
1223,20,11
1224,20,113
1224,20,38
1224,20,194
1224,20,982
1225,20,31
1225,20,102
1226,19,27
1226,19,33
1227,11,293
1228,14,139
1228,14,358
1229,20,604
1229,20,50
1229,20,19
1229,20,71
1230,10,6
1230,10,4
1231,20,31
1232,11,95
1232,11,38
1232,11,43
1232,11,193
1233,17,121
1233,17,158
1234,14,50
1235,16,83
1235,16,122
1235,16,27
1235,16,367
1235,16,141
1236,14,448
1236,14,443
1237,12,377
1238,10,33
1239,18,676
1239,18,70
1239,18,177
1240,20,38
1240,20,39
1241,18,50
1241,18,53
1242,15,31
1243,11,31
1244,12,11
1245,20,411
1245,20,51
1246,17,17
1246,17,11
1246,17,101
1247,10,9
1247,10,93
1248,19,23
1248,19,85
1248,19,11
1249,16,1
1249,16,93
1250,18,604
1250,18,26
1250,18,28
1251,12,226
1251,12,9
1251,12,161
1251,12,1278
1252,16,259
1252,16,29
1252,16,70
1253,18,1294
1253,18,31
1253,18,82
1254,10,31
1254,10,132
1254,10,38
1255,16,50
1256,20,38
1256,20,97
1257,16,9
1257,16,321
1258,16,29
1259,19,54
1259,19,738
1259,19,119
1259,19,234
1259,19,644
1260,20,48
1261,19,661
1261,19,114
1262,18,103
1262,18,72
1262,18,236
1263,20,10
1263,20,8
1263,20,11
1263,20,742
1264,12,89
1264,12,78
1265,10,477
1265,10,10
1266,20,278
1266,20,15
1266,20,116
1267,12,17
1268,17,29
1268,17,75
1268,17,93
1269,16,34
1269,16,93
1269,16,258
1270,15,114
1271,15,38
1271,15,44
1272,17,303
1272,17,95
1272,17,1080
1273,16,49
1273,16,38
1273,16,39
1273,16,141
1274,18,50
1274,18,51
1274,18,38
1275,18,86
1275,18,87
1275,18,4
1275,18,11
1276,18,22
1276,18,29
1276,18,164
1277,19,1
1277,19,270
1278,17,288
1278,17,285
1278,17,82
1279,11,103
1279,11,14
1280,16,796
1280,16,82
1281,13,31
1282,15,293
1282,15,1156
1283,17,192
1283,17,38
1284,11,289
1284,11,32
1285,20,146
1285,20,158
1285,20,260
1285,20,177
1286,15,342
1286,15,51
1286,15,365
1287,18,87
1287,18,4
1287,18,11
1288,18,114
1288,18,82
1289,18,326
1289,18,27
1290,20,248
1290,20,33
1291,15,175
1291,15,27
1292,16,103
1292,16,47
1293,15,108
1293,15,171
1293,15,157
1293,15,869
1294,14,681
1295,19,14
1296,14,1
1296,14,172
1296,14,1077
1297,17,78
1298,10,313
1298,10,95
1299,20,29
1299,20,115
1299,20,1114
1300,20,429
1301,14,380
1301,14,934
1302,18,9
1303,14,17
1303,14,116
1303,14,45
1304,16,29
1304,16,115
1304,16,188
1305,11,753
1305,11,135
1305,11,861
1306,17,164
1306,17,853
1306,17,114
1306,17,101
1306,17,569
1307,15,49
1307,15,38
1307,15,39
1308,11,103
1308,11,386
1308,11,75
1308,11,80
1309,12,636
1309,12,303
1309,12,146
1309,12,158
1309,12,643
1310,14,113
1310,14,31
1311,11,283
1311,11,16
1312,12,71
1312,12,246
1312,12,65
1312,12,45
1313,14,49
1314,18,11
1315,15,150
1316,15,34
1316,15,20
1316,15,31
1317,12,103
1317,12,38
1318,11,103
1319,18,34
1319,18,31
1320,18,95
1320,18,199
1321,11,78
1321,11,11
1322,10,149
1322,10,157
1322,10,114
1323,17,15
1324,16,103
1324,16,165
1325,11,29
1325,11,514
1326,17,27
1326,17,367
1326,17,246
1327,18,227
1328,19,697
1328,19,15
1328,19,45
1328,19,1129
1329,19,17
1329,19,45
1330,18,402
1330,18,11
1330,18,93
1331,18,384
1332,10,98
1332,10,1509
1332,10,737
1333,10,108
1333,10,297
1334,15,31
1334,15,257
1335,18,29
1335,18,33
1336,10,17
1336,10,261
1336,10,116
1337,20,51
1337,20,53
1337,20,147
1338,14,101
1338,14,47
1339,13,2
1339,13,85
1339,13,11
1340,19,248
1341,15,395
1341,15,546
1342,16,305
1342,16,29
1342,16,10
1342,16,78
1342,16,93
1343,18,103
1343,18,11
1344,20,11
1344,20,47
1345,17,27
1346,14,192
1346,14,132
1346,14,203
1346,14,227
1347,19,50
1348,16,50
1348,16,51
1349,14,11
1349,14,96
1350,11,31
1351,16,122
1351,16,27
1351,16,768
1352,12,80
1352,12,82
1353,10,40
1354,10,74
1354,10,82
1355,19,139
1355,19,186
1356,15,34
1357,10,114
1358,17,103
1358,17,11
1358,17,101
1359,11,51
1359,11,71
1360,12,80
1361,17,265
1361,17,17
1361,17,499
1362,18,22
1362,18,17
1363,19,20
1363,19,293
1363,19,38
1363,19,70
1364,17,17
1364,17,116
1365,17,106
1366,19,108
1366,19,100
1367,15,94
1367,15,642
1368,10,130
1368,10,20
1368,10,95
1368,10,1228
1368,10,38
1369,18,29
1370,19,78
1370,19,11
1371,18,34
1371,18,14
1372,15,33
1373,10,34
1373,10,165
1374,13,17
1375,14,87
1376,12,95
1376,12,705
1377,11,112
1377,11,80
1377,11,28
1378,12,31
1379,13,106
1379,13,114
1380,10,411
1381,17,103
1381,17,294
1381,17,93
1382,17,108
1382,17,90
1382,17,29
1382,17,149
1383,19,26
1383,19,228
1383,19,27
1383,19,93
1383,19,213
1384,15,189
1384,15,732
1384,15,20
1384,15,82
1385,11,997
1385,11,278
1385,11,15
1386,19,31
1386,19,149
1387,15,59
1387,15,47
1388,19,100
1388,19,448
1389,15,312
1389,15,95
1390,20,34
1390,20,165
1390,20,96
1391,17,31
1391,17,32
1392,11,15
1393,17,903
1394,10,156
1394,10,462
1394,10,148
1394,10,16
1394,10,149
1395,13,39
1396,17,34
1396,17,11
1396,17,93
1396,17,258
1397,13,98
1398,10,108
1399,12,17
1400,15,221
1400,15,108
1400,15,29
1401,10,103
1401,10,1231
1401,10,736
1401,10,17
1401,10,15
1402,11,802
1402,11,147
1403,14,298
1403,14,1132
1404,15,441
1404,15,39
1405,16,300
1405,16,111
1405,16,38
1406,18,75
1406,18,101
1407,10,29
1407,10,164
1408,20,31
1409,10,1
1409,10,731
1410,11,38
1411,17,11
1411,17,101
1412,17,103
1412,17,29
1412,17,75
1412,17,2
1413,16,78
1414,13,40
1414,13,29
1414,13,101
1415,12,9
1416,11,100
1416,11,898
1416,11,525
1416,11,817
1417,12,817
1417,12,97
1418,16,10
1419,11,183
1419,11,869
1419,11,1224
1420,15,50
1421,11,9
1421,11,11
1422,10,126
1422,10,175
1423,10,4
1424,17,10
1424,17,115
1425,11,121
1425,11,4
1426,10,6
1426,10,4
1427,16,47
1427,16,77
1427,16,84
1427,16,70
1427,16,71
1428,17,151
1429,20,6
1429,20,4
1430,20,78
1430,20,4
1431,16,31
1431,16,48
1431,16,32
1432,20,31
1433,20,103
1433,20,29
1433,20,93
1434,17,31
1434,17,102
1434,17,11
1435,10,103
1435,10,47
1436,19,29
1436,19,23
1436,19,10
1436,19,71
1437,15,108
1437,15,439
1437,15,29
1438,19,584
1438,19,112
1438,19,17
1439,18,98
1439,18,204
1440,18,155
1440,18,1111
1440,18,114
1441,20,448
1441,20,38
1441,20,724
1442,19,114
1443,18,11
1443,18,93
1444,16,537
1444,16,119
1445,17,410
1445,17,20
1445,17,114
1446,19,298
1446,19,1132
1446,19,378
1447,18,218
1447,18,9
1448,10,9
1449,17,108
1450,20,106
1451,19,201
1451,19,149
1452,11,29
1452,11,10
1452,11,115
1453,20,31
1454,10,4
1455,19,17
1456,12,696
1456,12,282
1456,12,14
1457,18,29
1458,10,34
1458,10,123
1459,13,98
1459,13,204
1459,13,96
1460,19,34
1460,19,176
1461,16,29
1461,16,164
1461,16,10
1462,19,38
1462,19,39
1463,19,31
1463,19,38
1464,16,31
1465,12,221
1465,12,115
1465,12,188
1466,11,45
1467,20,93
1468,20,158
1469,16,570
1469,16,507
1469,16,50
1470,19,4
1470,19,11
1471,10,4
1471,10,7
1472,15,621
1472,15,8
1472,15,96
1473,14,41
1473,14,51
1474,15,23
1474,15,17
1474,15,45
1475,20,31
1476,15,236
1476,15,116
1476,15,573
1477,10,93
1478,18,26
1478,18,101
1479,20,38
1479,20,39
1480,14,23
1481,17,146
1481,17,158
1481,17,751
1482,15,28
1483,16,108
1483,16,29
1483,16,10
1484,16,443
1485,15,9
1485,15,821
1485,15,11
1486,11,20
1486,11,577
1486,11,53
1487,19,901
1487,19,70
1487,19,272
1488,10,29
1489,12,99
1490,18,814
1490,18,848
1490,18,97
1490,18,614
1491,14,115
1491,14,188
1492,19,593
1492,19,295
1493,19,586
1493,19,38
1493,19,227
1493,19,264
1494,13,100
1494,13,448
1494,13,246
1495,17,624
1495,17,182
1495,17,116
1495,17,279
1495,17,1049
1496,14,437
1496,14,302
1496,14,114
1497,16,774
1497,16,188
1498,13,17
1498,13,27
1498,13,116
1498,13,45
1499,13,23
1500,20,158
1501,15,29
1501,15,246
1501,15,71
1502,10,9
1502,10,172
1503,14,10
1503,14,11
1503,14,114
1504,16,174
1505,11,387
1505,11,78
1505,11,4
1506,19,20
1507,10,34
1507,10,181
1507,10,31
1507,10,335
1507,10,93
1508,16,101
1509,12,29
1510,20,106
1510,20,726
1510,20,31
1511,20,98
1511,20,247
1512,18,54
1512,18,50
1513,11,22
1513,11,29
1513,11,23
1514,10,550
1514,10,752
1515,13,90
1515,13,164
1515,13,10
1516,12,9
1516,12,29
1516,12,172
1517,10,11
1518,16,362
1518,16,231
1518,16,172
1518,16,29
1518,16,140
1519,20,64
1519,20,491
1520,10,110
1520,10,113
1520,10,38
1521,15,37
1522,17,33
1523,18,4
1523,18,11
1523,18,114
1524,18,71
1525,10,90
1525,10,149
1526,11,145
1526,11,158
1527,12,15
1527,12,874
1527,12,45
1528,12,9
1529,10,107
1529,10,278
1529,10,8
1529,10,59
1530,10,107
1530,10,78
1530,10,11
1531,18,17
1531,18,45
1532,20,115
1533,10,15
1533,10,45
1534,12,107
1534,12,10
1534,12,78
1535,14,450
1535,14,158
1535,14,427
1536,18,115
1536,18,48
1536,18,45
1537,19,146
1537,19,158
1538,20,47
1539,19,132
1539,19,51
1540,17,48
1541,10,9
1542,15,153
1542,15,372
1542,15,29
1542,15,374
1542,15,115
1543,16,9
1543,16,278
1543,16,529
1544,17,77
1544,17,1038
1544,17,79
1544,17,65
1544,17,71
1545,18,255
1545,18,17
1545,18,45
1546,18,29
1546,18,11
1546,18,32
1547,17,771
1547,17,20
1547,17,43
1548,17,188
1549,17,584
1550,18,35
1551,17,308
1552,15,259
1553,16,112
1553,16,122
1553,16,64
1554,17,9
1555,19,146
1555,19,158
1555,19,135
1556,19,17
1557,11,34
1557,11,126
1557,11,31
1557,11,37
1558,16,31
1558,16,27
1559,19,20
1560,18,1
1560,18,34
1560,18,99
1560,18,31
1560,18,11
1561,15,108
1562,18,31
1562,18,38
1562,18,32
1563,19,113
1563,19,130
1563,19,38
1563,19,468
1563,19,560
1564,10,299
1564,10,39
1565,13,395
1566,11,66
1566,11,890
1566,11,470
1566,11,252
1567,13,22
1567,13,15
1567,13,116
1567,13,573
1568,11,149
1569,15,113
1569,15,38
1570,20,34
1570,20,83
1570,20,176
1571,12,110
1571,12,31
1571,12,38
1572,13,29
1572,13,149
1573,20,95
1573,20,950
1574,17,31
1574,17,325
1575,11,22
1575,11,236
1575,11,114
1576,14,125
1576,14,114
1577,18,98
1577,18,214
1578,18,29
1578,18,23
1578,18,11
1578,18,101
1579,17,50
1580,16,224
1580,16,192
1581,19,219
1581,19,10
1581,19,78
1581,19,8
1581,19,742
1582,15,98
1582,15,301
1583,16,17
1583,16,27
1584,19,9
1584,19,11
1585,14,1058
1585,14,51
1586,13,17
1586,13,27
1587,15,11
1588,15,108
1589,18,597
1589,18,50
1590,12,93
1591,10,33
1592,11,115
1593,18,484
1593,18,51
1593,18,53
1594,18,47
1595,10,11
1595,10,47
1596,16,111
1597,16,174
1598,15,31
1598,15,257
1598,15,123
1599,10,1
1599,10,472
1600,15,95
1601,19,100
1602,17,8
1603,20,90
1603,20,33
1604,18,31
1605,12,98
1605,12,33
1606,10,9
1607,18,108
1608,16,321
1609,10,100
1609,10,554
1610,20,282
1610,20,82
1611,20,221
1611,20,175
1611,20,27
1612,20,160
1612,20,78
1613,15,50
1613,15,51
1614,16,593
1614,16,230
1614,16,11
1614,16,101
1615,20,220
1615,20,8
1615,20,527
1616,13,442
1616,13,427
1616,13,96
1617,15,31
1618,17,282
1618,17,82
1619,16,80
1619,16,47
1620,17,224
1620,17,192
1621,11,150
1622,18,11
1622,18,65
1623,11,33
1624,10,6
1624,10,4
1624,10,114
1625,16,78
1626,12,610
1626,12,558
1626,12,38
1627,10,40
1627,10,4
1628,17,103
1628,17,29
1629,16,98
1629,16,614
1630,19,22
1630,19,374
1631,17,325
1632,19,55
1633,17,246
1633,17,207
1633,17,38
1633,17,65
1633,17,39
1634,17,210
1634,17,864
1634,17,242
1634,17,78
1635,15,103
1635,15,11
1635,15,93
1636,15,23
1636,15,11
1637,20,113
1637,20,38
1638,18,172
1639,13,166
1639,13,731
1639,13,20
1639,13,31
1640,18,47
1641,17,829
1641,17,1514
1641,17,641
1641,17,599
1642,11,126
1642,11,105
1643,15,27
1644,15,278
1644,15,385
1644,15,96
1645,17,175
1646,17,38
1646,17,39
1647,17,86
1647,17,6
1647,17,4
1648,10,29
1648,10,6
1649,15,174
1649,15,27
1649,15,33
1650,20,17
1651,18,47
1652,20,100
1652,20,321
1652,20,448
1653,14,103
1653,14,609
1653,14,149
1654,16,561
1654,16,38
1655,13,100
1655,13,554
1656,10,175
1656,10,82
1657,11,47
1657,11,233
1658,17,126
1658,17,147
1659,18,467
1659,18,39
1660,10,34
1660,10,29
1660,10,31
1660,10,149
1660,10,114
1661,13,363
1661,13,174
1661,13,214
1662,17,37
1662,17,39
1663,20,126
1663,20,175
1664,15,33
1665,20,368
1665,20,29
1665,20,196
1665,20,10
1665,20,395
1666,12,155
1666,12,553
1666,12,975
1667,19,11
1668,11,174
1669,15,158
1670,20,103
1670,20,47
1671,10,27
1671,10,33
1672,15,471
1672,15,98
1672,15,921
1672,15,119
1673,12,658
1673,12,70
1674,16,29
1674,16,23
1675,13,115
1676,15,374
1676,15,115
1676,15,328
1676,15,246
1677,16,26
1677,16,37
1677,16,51
1677,16,246
1677,16,53
1678,18,51
1678,18,53
1679,17,586
1679,17,38
1679,17,246
1679,17,227
1680,10,5
1680,10,17
1680,10,15
1681,20,4
1681,20,11
1681,20,47
1682,10,462
1682,10,123
1683,17,467
1683,17,49
1683,17,648
1683,17,38
1683,17,39
1684,20,17
1684,20,261
1684,20,116
1685,20,17
1686,10,99
1686,10,126
1686,10,37
1686,10,50
1686,10,96
1687,17,31
1687,17,32
1688,11,848
1688,11,909
1689,14,121
1689,14,4
1689,14,11
1689,14,114
1689,14,177
1690,18,71
1691,18,216
1691,18,406
1691,18,350
1691,18,45
1691,18,291
1692,14,20
1692,14,149
1693,18,642
1693,18,246
1693,18,33
1694,18,49
1694,18,38
1694,18,39
1694,18,141
1695,14,106
1696,17,90
1696,17,146
1696,17,304
1697,17,324
1697,17,149
1698,18,20
1698,18,306
1698,18,44
1698,18,365
1699,19,1016
1699,19,200
1699,19,6
1699,19,232
1699,19,19
1700,18,29
1700,18,6
1700,18,4
1700,18,11
1701,11,174
1701,11,31
1701,11,412
1701,11,32
1702,19,34
1702,19,31
1702,19,123
1703,20,426
1703,20,29
1704,17,517
1704,17,11
1704,17,70
1705,18,168
1705,18,193
1705,18,97
1705,18,32
1706,15,9
1706,15,29
1706,15,149
1707,10,108
1707,10,90
1707,10,149
1708,19,622
1708,19,39
1709,13,145
1709,13,151
1709,13,325
1709,13,617
1710,20,146
1711,20,47
1712,18,1344
1712,18,328
1712,18,149
1713,11,175
1714,12,31
1714,12,154
1715,19,23
1716,20,29
1716,20,115
1717,18,464
1718,11,9
1718,11,11
1719,20,4
1719,20,11
1719,20,152
1719,20,464
1720,19,71
1721,12,45
1722,13,314
1722,13,50
1722,13,53
1723,12,268
1723,12,806
1724,20,209
1724,20,11
1724,20,101
1725,12,98
1725,12,771
1725,12,94
1725,12,109
1726,18,31
1726,18,32
1727,18,34
1727,18,31
1727,18,123
1728,19,34
1728,19,31
1729,17,298
1729,17,901
1729,17,1367
1729,17,380
1729,17,70
1730,17,152
1730,17,150
1731,17,51
1732,17,76
1732,17,71
1733,17,145
1733,17,151
1733,17,448
1733,17,443
1733,17,111
1734,17,78
1734,17,4
1735,15,209
1735,15,101
1736,17,1
1736,17,9
1736,17,472
1737,16,361
1737,16,10
1737,16,149
1738,17,854
1738,17,175
1738,17,31
1738,17,123
1739,11,156
1739,11,462
1739,11,149
1740,18,31
1741,10,11
1742,12,308
1743,16,33
1743,16,389
1744,15,115
1744,15,958
1745,15,40
1745,15,23
1745,15,1313
1745,15,11
1745,15,147
1746,10,289
1746,10,31
1746,10,32
1747,14,9
1747,14,11
1748,15,4
1748,15,115
1749,15,362
1749,15,90
1749,15,155
1749,15,29
1750,15,192
1750,15,38
1750,15,44
1751,13,78
1751,13,4
1752,14,257
1752,14,159
1753,11,11
1753,11,7
1754,17,115
1755,10,66
1756,17,29
1756,17,115
1757,17,29
1757,17,6
1757,17,164
1757,17,78
1757,17,4
1758,13,17
1758,13,115
1758,13,116
1758,13,188
1759,20,60
1759,20,119
1760,15,113
1761,16,90
1762,17,100
1762,17,525
1763,19,98
1763,19,230
1764,10,806
1764,10,45
1764,10,1001
1765,15,17
1765,15,15
1765,15,45
1766,16,114
1767,17,115
1768,19,312
1768,19,1081
1768,19,95
1768,19,43
1768,19,138
1769,12,80
1770,20,29
1770,20,149
1771,19,27
1772,10,100
1772,10,48
1773,16,100
1773,16,525
1774,15,31
1775,16,671
1775,16,430
1776,17,20
1776,17,96
1776,17,232
1777,17,108
1777,17,114
1778,15,368
1778,15,28
1779,12,22
1779,12,717
1779,12,11
1780,10,73
1780,10,20
1780,10,31
1780,10,47
1781,20,314
1781,20,32
1782,10,35
1782,10,127
1782,10,517
1783,17,4
1783,17,93
1784,18,6
1784,18,4
1785,11,80
1785,11,82
1786,18,80
1787,15,31
1788,20,754
1788,20,38
1788,20,39
1789,12,10
1789,12,28
1790,12,186
1790,12,31
1791,18,239
1792,15,223
1793,18,29
1793,18,23
1793,18,164
1794,13,846
1794,13,970
1794,13,97
1795,20,490
1795,20,278
1795,20,499
1795,20,116
1796,20,108
1797,15,282
1797,15,246
1798,17,594
1798,17,119
1799,13,31
1800,19,290
1800,19,157
1801,16,75
1801,16,11
1801,16,93
1801,16,842
1801,16,71
1802,16,31
1803,20,122
1803,20,17
1804,19,110
1804,19,479
1804,19,38
1805,17,1040
1805,17,47
1806,16,4
1806,16,149
1806,16,152
1807,17,114
1807,17,70
1808,18,95
1809,16,11
1810,17,29
1811,16,175
1811,16,764
1812,18,6
1812,18,4
1813,20,29
1814,20,38
1814,20,39
1814,20,141
1815,15,108
1815,15,155
1815,15,27
1816,11,278
1816,11,385
1816,11,17
1816,11,116
1817,14,29
1817,14,115
1818,18,88
1818,18,418
1819,16,151
1819,16,1043
1820,14,17
1820,14,27
1820,14,15
1821,16,103
1821,16,11
1821,16,93
1821,16,70
1822,18,66
1822,18,20
1823,10,98
1823,10,921
1823,10,204
1823,10,214
1824,16,500
1824,16,314
1824,16,287
1825,10,106
1825,10,11
1825,10,114
1825,10,47
1826,18,436
1826,18,31
1827,19,336
1827,19,114
1828,18,145
1828,18,567
1828,18,151
1828,18,38
1829,13,29
1829,13,304
1829,13,14
1829,13,114
1830,17,372
1830,17,374
1830,17,115
1830,17,188
1831,20,1081
1831,20,38
1831,20,43
1832,18,9
1832,18,821
1832,18,683
1833,15,174
1833,15,835
1833,15,141
1834,17,8
1834,17,742
1835,18,27
1836,15,106
1837,10,9
1838,16,17
1838,16,573
1839,10,293
1839,10,356
1839,10,70
1840,20,298
1840,20,1213
1840,20,70
1841,20,739
1841,20,56
1841,20,23
1842,17,29
1843,11,114
1844,17,31
1845,20,49
1845,20,38
1845,20,39
1845,20,246
1846,11,8
1846,11,179
1847,10,40
1847,10,20
1847,10,11
1848,11,463
1848,11,922
1848,11,115
1848,11,976
1849,12,66
1849,12,358
1849,12,38
1850,11,110
1850,11,113
1850,11,38
1851,17,47
1852,19,9
1852,19,10
1852,19,78
1852,19,149
1852,19,11
1853,16,10
1853,16,1111
1853,16,11
1854,11,9
1855,10,1045
1855,10,268
1856,17,17
1857,18,224
1857,18,192
1857,18,227
1858,18,98
1858,18,204
1859,16,254
1859,16,1231
1859,16,725
1860,17,149
1860,17,430
1860,17,96
1861,18,529
1861,18,47
1862,13,126
1862,13,31
1862,13,123
1863,20,83
1863,20,29
1863,20,23
1863,20,10
1864,17,672
1864,17,149
1865,12,333
1865,12,424
1865,12,797
1866,17,9
1867,12,22
1867,12,544
1867,12,17
1867,12,117
1868,10,4
1869,16,22
1869,16,4
1869,16,11
1870,19,108
1871,14,283
1871,14,82
1872,20,141
1873,12,22
1873,12,23
1873,12,11
1873,12,101
1874,19,82
1875,10,314
1875,10,213
1876,17,103
1876,17,164
1876,17,11
1876,17,93
1877,16,29
1877,16,23
1878,18,509
1879,19,114
1880,10,771
1880,10,516
1881,18,312
1881,18,95
1881,18,138
1881,18,97
1882,10,103
1882,10,174
1882,10,127
1882,10,17
1882,10,893
1883,12,31
1883,12,102
1884,20,192
1885,16,175
1886,20,83
1886,20,71
1887,20,49
1887,20,647
1887,20,38
1887,20,39
1887,20,393
1888,11,1103
1888,11,278
1888,11,116
1889,18,1214
1890,19,108
1890,19,157
1891,13,31
1891,13,32
1892,18,39
1893,18,11
1894,12,1012
1894,12,909
1895,10,17
1896,18,106
1896,18,114
1897,10,1
1897,10,235
1897,10,4
1898,12,22
1898,12,23
1899,15,361
1899,15,149
1900,15,185
1901,11,1340
1902,17,106
1903,12,967
1903,12,132
1903,12,38
1904,17,1258
1904,17,95
1904,17,694
1905,15,66
1905,15,50
1906,11,282
1906,11,82
1907,17,108
1907,17,29
1908,13,17
1908,13,116
1908,13,33
1909,20,50
1910,19,4
1911,16,589
1912,18,51
1912,18,233
1913,18,114
1914,10,11
1915,10,213
1915,10,684
1916,17,1160
1916,17,1219
1916,17,95
1916,17,705
1917,15,235
1917,15,2
1917,15,85
1917,15,11
1918,20,29
1918,20,17
1918,20,115
1918,20,116
1918,20,101
1919,10,1267
1920,20,106
1921,13,174
1921,13,175
1922,20,34
1922,20,31
1922,20,176
1922,20,149
1922,20,258
1923,18,400
1923,18,34
1923,18,31
1924,14,647
1924,14,96
1924,14,39
1925,18,207
1925,18,47
1926,10,121
1926,10,78
1927,10,29
1927,10,149
1928,15,99
1928,15,126
1929,18,31
1930,17,98
1930,17,33
1931,17,308
1931,17,132
1931,17,483
1932,13,1241
1932,13,10
1932,13,115
1933,20,95
1933,20,199
1933,20,203
1933,20,44
1934,20,134
1934,20,303
1934,20,323
1934,20,643
1934,20,451
1935,19,38
1935,19,193
1936,19,473
1937,20,477
1937,20,4
1937,20,11
1937,20,93
1937,20,101
1938,17,98
1938,17,363
1939,18,34
1939,18,11
1939,18,93
1940,18,881
1940,18,83
1940,18,119
1940,18,96
1941,15,29
1942,11,1
1942,11,416
1942,11,93
1942,11,71
1943,17,98
1943,17,375
1944,12,896
1944,12,15
1944,12,352
1945,10,37
1945,10,50
1946,16,108
1947,16,47
1948,18,50
1949,13,17
1949,13,279
1950,19,463
1950,19,1303
1950,19,115
1950,19,149
1950,19,958
1951,12,121
1952,16,34
1952,16,268
1952,16,1156
1953,16,20
1954,20,31
1955,18,10
1955,18,114
1955,18,65
1956,10,9
1956,10,172
1956,10,123
1957,17,29
1957,17,10
1957,17,11
1958,16,29
1958,16,11
1959,11,23
1959,11,53
1960,15,9
1960,15,682
1961,20,108
1961,20,29
1961,20,96
1962,19,437
1962,19,17
1963,13,55
1963,13,47
1964,16,29
1964,16,158
1964,16,10
1965,18,31
1966,10,400
1966,10,31
1967,17,17
1968,16,151
1969,15,28
1970,19,29
1970,19,4
1971,10,738
1971,10,50
1971,10,53
1971,10,1084
1972,17,29
1972,17,10
1973,17,82
1974,20,915
1974,20,75
1974,20,101
1974,20,55
1975,16,29
1976,19,472
1976,19,31
1976,19,257
1977,18,17
1978,18,285
1978,18,11
1978,18,82
1979,15,10
1979,15,101
1980,11,27
1980,11,367
1980,11,141
1981,15,17
1981,15,15
1982,17,9
1983,12,31
1984,20,17
1984,20,377
1985,14,207
1985,14,60
1985,14,82
1986,10,9
1986,10,11
1987,17,221
1988,19,15
1988,19,183
1988,19,116
1989,16,90
1989,16,149
1990,13,6
1990,13,355
1990,13,78
1990,13,619
1990,13,258
1991,19,111
1992,10,22
1992,10,23
1992,10,101
1993,13,772
1993,13,252
1994,10,34
1994,10,43
1995,12,15
1996,18,72
1996,18,205
1996,18,236
1997,13,162
1997,13,29
1997,13,6
1997,13,147
1998,19,17
1998,19,15
1998,19,573
1999,16,308
1999,16,51
2000,20,31
2000,20,32
2001,19,514
2001,19,108
2001,19,432
2001,19,433
2002,10,1116
2002,10,27
2003,18,11
2004,16,78
2004,16,11
2004,16,93
2004,16,258
2005,19,83
2005,19,82
2006,12,14
2006,12,409
2006,12,159
2007,12,114
2008,12,174
2008,12,27
2009,13,248
2009,13,185
2009,13,33
2010,10,522
2010,10,479
2010,10,78
2011,12,116
2012,18,31
2012,18,32
2013,15,17
2014,11,27
2014,11,11
2015,17,27
2016,15,29
2017,15,38
2018,17,147
2019,19,111
2019,19,598
2020,20,101
2021,18,31
2022,17,718
2022,17,80
2023,15,51
2024,13,113
2024,13,721
2024,13,1066
2024,13,38
2024,13,43
2025,10,34
2025,10,49
2025,10,38
2025,10,39
2026,19,373
2026,19,439
2026,19,29
2027,13,772
2028,11,1035
2028,11,38
2028,11,39
2029,13,103
2029,13,80
2029,13,246
2030,17,17
2030,17,96
2031,20,221
2031,20,98
2031,20,99
2031,20,94
2032,11,70
2032,11,272
2033,13,31
2033,13,96
2034,20,426
2034,20,477
2034,20,29
2035,17,29
2036,18,90
2036,18,10
2036,18,4
2037,15,163
2037,15,31
2037,15,38
2038,12,113
2038,12,314
2038,12,132
2038,12,1250
2038,12,39
2039,20,29
2039,20,10
2040,15,34
2040,15,31
2040,15,32
2041,17,17
2041,17,15
2041,17,116
2042,14,108
2043,17,1140
2043,17,95
2043,17,97
2043,17,1261
2044,19,29
2044,19,164
2045,19,9
2045,19,246
2045,19,587
2046,18,66
2046,18,50
2047,10,17
2047,10,412
2047,10,143
2048,18,246
2048,18,33
2049,16,282
2049,16,738
2049,16,82
2049,16,96
2050,15,114
2051,12,66
2051,12,50
2052,16,17
2052,16,27
2053,12,40
2054,16,169
2054,16,29
2054,16,628
2055,18,80
2055,18,47
2056,12,110
2056,12,221
2056,12,113
2056,12,38
2057,15,29
2057,15,10
2057,15,4
2058,17,108
2058,17,281
2059,17,119
2060,16,37
2061,17,11
2062,15,679
2062,15,47
2063,20,169
2063,20,439
2063,20,31
2064,11,80
2065,15,80
2066,19,210
2066,19,82
2067,15,103
2067,15,165
2068,10,597
2068,10,44
2069,16,51
2069,16,53
2070,10,34
2071,16,29
2071,16,437
2071,16,4
2072,19,294
2072,19,320
2073,10,108
2074,20,34
2074,20,31
2074,20,123
2075,10,45
2076,17,38
2076,17,39
2077,17,315
2077,17,113
2077,17,38
2078,11,114
2078,11,101
2079,16,37
2079,16,50
2080,18,101
2081,10,95
2082,18,75
2082,18,93
2082,18,19
2083,19,34
2083,19,31
2083,19,102
2083,19,177
2084,20,31
2085,11,147
2086,18,278
2086,18,45
2087,17,17
2088,20,108
2088,20,207
2088,20,29
2088,20,164
2089,16,98
2089,16,247
2090,17,34
2090,17,31
2091,10,182
2091,10,437
2091,10,352
2091,10,45
2092,14,321
2092,14,114
2093,19,174
2093,19,175
2094,16,103
2094,16,356
2094,16,70
2095,10,115
2095,10,149
2096,18,841
2096,18,583
2096,18,840
2097,11,82
2098,14,254
2098,14,725
2099,18,80
2100,12,17
2100,12,115
2100,12,116
2101,11,29
2101,11,93
2102,19,100
2103,15,66
2104,18,490
2104,18,278
2104,18,492
2104,18,15
2104,18,116
2105,18,437
2105,18,23
2105,18,2
2105,18,4
2105,18,11
2106,15,22
2106,15,23
2106,15,11
2106,15,309
2107,14,31
2108,13,29
2108,13,454
2109,15,80
2110,18,255
2110,18,697
2110,18,17
2110,18,15
2111,14,100
2111,14,1168
2112,20,35
2113,14,9
2113,14,172
2113,14,278
2113,14,268
2114,17,71
2115,15,120
2115,15,210
2115,15,641
2116,16,109
2116,16,115
2117,16,158
2117,16,78
2117,16,427
2118,16,23
2118,16,114
2119,12,6
2119,12,4
2119,12,11
2119,12,7
2120,10,153
2120,10,1241
2121,11,110
2121,11,113
2122,20,255
2122,20,17
2122,20,222
2123,11,60
2123,11,48
2123,11,105
2124,19,17
2124,19,65
2124,19,279
2125,18,29
2125,18,10
2125,18,11
2126,12,80
2127,16,9
2127,16,64
2128,18,17
2128,18,45
2129,16,34
2130,18,17
2130,18,116
2131,18,192
2131,18,577
2131,18,132
2131,18,886
2132,19,175
2132,19,213
2133,12,94
2133,12,390
2134,16,141
2135,17,83
2135,17,47
2136,12,796
2136,12,482
2136,12,82
2137,18,485
2137,18,31
2138,17,17
2139,16,252
2139,16,610
2139,16,741
2139,16,38
2140,17,9
2140,17,8
2140,17,808
2141,15,112
2141,15,119
2142,12,93
2143,20,31
2143,20,111
2143,20,38
2144,12,106
2144,12,38
2144,12,39
2145,18,9
2146,10,17
2147,18,9
2148,12,52
2148,12,37
2148,12,50
2149,10,45
2150,15,174
2150,15,10
2150,15,11
2151,17,667
2152,15,108
2152,15,29
2152,15,321
2152,15,31
2152,15,158
2153,19,29
2153,19,164
2154,13,15
2155,12,17
2155,12,620
2156,15,128
2156,15,39
2157,10,865
2157,10,1244
2157,10,538
2157,10,97
2157,10,532
2158,19,235
2158,19,29
2158,19,11
2159,18,17
2159,18,27
2160,16,82
2160,16,39
2161,20,11
2161,20,114
2162,10,27
2162,10,638
2162,10,365
2162,10,105
2163,17,182
2163,17,116
2164,11,937
2165,20,108
2166,15,83
2166,15,23
2166,15,51
2167,10,98
2167,10,500
2167,10,94
2167,10,919
2168,13,22
2168,13,23
2168,13,17
2168,13,140
2169,18,175
2170,16,11
2170,16,70
2171,10,45
2172,10,17
2173,15,71
2174,20,31
2174,20,123
2175,20,572
2175,20,34
2175,20,31
2175,20,393
2176,20,210
2176,20,31
2177,17,513
2177,17,116
2178,20,259
2179,18,74
2179,18,82
2180,16,40
2180,16,718
2180,16,75
2180,16,51
2181,20,421
2181,20,1069
2181,20,29
2181,20,10
2182,19,29
2182,19,11
2182,19,101
2182,19,71
2183,14,6
2183,14,4
2183,14,114
2184,16,145
2184,16,260
2184,16,32
2185,13,103
2185,13,29
2185,13,33
2186,13,114
2186,13,152
2187,15,561
2187,15,393
2187,15,750
2188,16,593
2188,16,29
2188,16,11
2188,16,101
2189,18,362
2189,18,647
2189,18,38
2189,18,39
2190,15,192
2190,15,38
2191,10,108
2191,10,100
2191,10,170
2192,16,107
2192,16,267
2192,16,160
2192,16,11
2192,16,93
2193,17,149
2194,16,108
2194,16,321
2194,16,843
2195,19,29
2195,19,294
2195,19,11
2196,11,35
2196,11,23
2196,11,4
2196,11,11
2196,11,101
2197,17,23
2197,17,50
2198,14,82
2199,17,328
2199,17,149
2200,14,26
2201,13,571
2201,13,47
2202,20,430
2202,20,634
2203,13,29
2203,13,246
2204,15,283
2204,15,210
2204,15,828
2205,18,20
2205,18,38
2206,17,29
2207,19,22
2207,19,29
2207,19,23
2207,19,196
2207,19,28
2208,17,34
2208,17,31
2208,17,294
2208,17,370
2209,17,224
2209,17,50
2210,14,127
2210,14,252
2210,14,246
2211,18,17
2212,16,115
2213,20,397
2213,20,29
2213,20,10
2214,19,248
2214,19,174
2214,19,246
2215,19,119
2216,11,29
2217,12,1445
2217,12,141
2218,12,34
2218,12,165
2219,19,101
2220,18,31
2221,15,608
2221,15,641
2221,15,79
2222,17,246
2222,17,71
2223,16,328
2223,16,149
2223,16,157
2224,11,1273
2225,17,298
2225,17,259
2225,17,293
2225,17,31
2225,17,70
2226,20,41
2226,20,23
2226,20,246
2226,20,101
2227,19,34
2227,19,31
2228,16,351
2229,10,401
2229,10,4
2229,10,527
2230,11,38
2230,11,47
2231,10,29
2231,10,164
2231,10,93
2231,10,65
2232,19,23
2232,19,2
2232,19,11
2233,15,158
2233,15,346
2234,19,100
2235,17,219
2235,17,65
2235,17,514
2236,11,34
2236,11,31
2236,11,55
2237,20,251
2237,20,252
2238,17,362
2238,17,108
2238,17,29
2238,17,701
2239,20,174
2239,20,27
2240,17,4
2241,16,824
2241,16,95
2241,16,138
2242,20,736
2242,20,17
2242,20,246
2243,19,174
2244,11,328
2245,15,114
2246,20,31
2246,20,43
2247,15,66
2247,15,72
2248,15,697
2248,15,379
2248,15,17
2248,15,116
2248,15,45
2249,19,40
2249,19,31
2249,19,47
2250,10,384
2250,10,385
2251,14,40
2252,10,537
2253,10,41
2253,10,31
2254,19,490
2254,19,278
2254,19,17
2255,15,450
2255,15,146
2255,15,321
2255,15,158
2256,19,312
2256,19,1254
2257,19,29
2257,19,11
2257,19,869
2258,19,148
2258,19,149
2259,19,303
2259,19,1140
2259,19,1410
2259,19,95
2260,11,43
2261,19,17
2262,12,108
2263,15,110
2263,15,43
2264,15,148
2264,15,149
2264,15,152
2264,15,150
2265,18,108
2265,18,885
2265,18,29
2266,15,472
2266,15,31
2267,18,34
2267,18,31
2268,11,175
2269,11,29
2269,11,314
2270,15,38
2270,15,688
2271,19,29
2271,19,149
2272,15,31
2273,11,31
2273,11,102
2274,16,1254
2274,16,95
2275,17,448
2275,17,449
2275,17,1185
2275,17,260
2276,18,1175
2277,16,106
2277,16,210
2277,16,31
2278,15,372
2278,15,29
2278,15,6
2278,15,4
2278,15,11
2279,15,29
2279,15,85
2279,15,11
2280,19,443
2280,19,38
2281,20,141
2282,17,174
2282,17,251
2282,17,127
2282,17,252
2283,17,824
2283,17,132
2283,17,38
2283,17,227
2284,15,450
2284,15,146
2284,15,158
2284,15,260
2285,16,450
2285,16,146
2285,16,158
2285,16,451
2286,17,34
2286,17,376
2286,17,951
2287,16,108
2287,16,263
2287,16,82
2287,16,76
2287,16,264
2288,17,158
2288,17,208
2289,12,73
2289,12,75
2290,19,129
2290,19,807
2290,19,82
2291,15,490
2291,15,493
2292,16,224
2292,16,68
2292,16,192
2292,16,1217
2292,16,38
2293,15,106
2293,15,123
2294,10,132
2294,10,797
2294,10,51
2294,10,985
2295,17,50
2295,17,47
2296,10,40
2296,10,103
2296,10,718
2297,16,28
2298,17,31
2299,12,589
2299,12,39
2300,16,20
2300,16,35
2300,16,19
2300,16,179
2301,18,108
2301,18,100
2301,18,898
2301,18,97
2301,18,554
2302,15,113
2302,15,38
2303,13,1
2303,13,119
2304,15,45
2305,12,31
2306,15,17
2306,15,45
2307,12,11
2307,12,232
2308,16,221
2308,16,98
2309,17,39
2310,17,29
2310,17,75
2310,17,55
2311,16,158
2312,13,11
2313,19,17
2313,19,15
2313,19,45
2313,19,28
2314,10,22
2314,10,11
2315,20,1260
2316,14,442
2316,14,96
2316,14,71
2317,19,113
2317,19,95
2317,19,38
2317,19,43
2318,16,6
2318,16,11
2319,18,31
2320,15,116
2321,17,174
2321,17,17
2322,17,312
2322,17,97
2323,14,1121
2323,14,17
2323,14,15
2323,14,116
2324,16,303
2324,16,158
2324,16,95
2325,13,115
2326,10,73
2326,10,491
2326,10,70
2327,16,103
2328,17,151
2328,17,111
2329,17,210
2329,17,159
2329,17,11
2330,13,20
2330,13,38
2331,16,17
2331,16,27
2331,16,246
2331,16,179
2332,10,129
2333,18,266
2333,18,23
2333,18,2
2333,18,147
2334,11,106
2334,11,4
2334,11,11
2335,16,108
2336,15,6
2336,15,80
2337,16,31
2338,19,103
2338,19,442
2338,19,119
2338,19,96
2339,13,134
2339,13,158
2339,13,95
2340,17,141
2341,16,97
2342,16,73
2342,16,20
2342,16,35
2342,16,31
2343,15,98
2343,15,204
2344,15,149
2345,11,182
2345,11,6
2345,11,17
2345,11,4
2345,11,116
2346,13,67
2347,20,34
2347,20,93
2348,18,90
2348,18,158
2348,18,82
2349,20,501
2350,19,114
2351,20,29
2351,20,23
2351,20,246
2351,20,101
2352,19,221
2352,19,31
2352,19,65
2353,10,34
2354,12,9
2355,19,145
2355,19,38
2355,19,39
2356,17,8
2356,17,527
2357,13,23
2358,15,23
2359,19,74
2359,19,282
2359,19,71
2360,13,121
2360,13,210
2360,13,31
2361,19,255
2362,10,258
2363,13,112
2363,13,27
2364,11,29
2364,11,437
2364,11,236
2364,11,232
2365,13,49
2365,13,754
2365,13,38
2365,13,39
2366,17,130
2366,17,132
2367,19,524
2367,19,39
2367,19,528
2368,16,31
2368,16,257
2368,16,38
2368,16,193
2368,16,480
2369,13,34
2369,13,123
2370,14,17
2370,14,21
2370,14,1152
2371,20,303
2371,20,313
2371,20,146
2371,20,158
2371,20,643
2372,15,29
2372,15,71
2373,19,224
2374,20,185
2374,20,94
2375,12,106
2376,14,85
2377,11,98
2377,11,174
2377,11,314
2378,14,29
2378,14,174
2379,16,108
2379,16,287
2379,16,324
2379,16,149
2380,16,34
2380,16,31
2381,17,103
2382,12,31
2382,12,257
2382,12,246
2383,17,172
2383,17,520
2384,13,33
2385,13,39
2386,17,22
2386,17,309
2386,17,28
2387,16,164
2387,16,78
2387,16,101
2388,16,439
2388,16,328
2388,16,149
2389,16,71
2390,11,1
2391,17,145
2391,17,303
2391,17,158
2391,17,95
2392,12,250
2392,12,174
2392,12,741
2393,17,115
2394,10,47
2395,11,47
2396,11,39
2397,12,269
2397,12,1281
2397,12,17
2397,12,377
2398,11,237
2398,11,51
2398,11,44
2399,10,224
2399,10,192
2399,10,38
2400,20,108
2400,20,157
2401,11,4
2402,15,80
2403,20,80
2403,20,11
2403,20,93
2403,20,46
2404,18,78
2405,11,29
2405,11,48
2406,16,17
2407,15,106
2407,15,73
2408,16,239
2408,16,82
2409,13,152
2409,13,514
2410,17,164
2410,17,374
2410,17,149
2410,17,177
2411,13,151
2412,15,98
2412,15,17
2412,15,46
2412,15,677
2413,19,108
2414,20,308
2414,20,65
2414,20,47
2415,18,83
2415,18,50
2415,18,246
2415,18,47
2416,17,34
2416,17,31
2417,15,50
2418,15,80
2419,15,82
2420,13,561
2420,13,38
2420,13,435
2421,12,49
2421,12,780
2421,12,39
2422,20,255
2423,17,379
2424,11,110
2424,11,31
2424,11,32
2425,13,34
2425,13,31
2426,11,471
2426,11,249
2427,14,120
2427,14,387
2428,20,74
2428,20,82
2429,10,141
2430,12,490
2430,12,278
2430,12,499
2431,17,38
2432,18,442
2433,13,277
2433,13,351
2433,13,20
2433,13,47
2434,16,73
2434,16,20
2435,20,114
2435,20,246
2435,20,65
2436,19,69
2436,19,71
2437,11,113
2437,11,20
2437,11,38
2438,11,80
2439,12,78
2440,12,98
2440,12,363
2440,12,214
2441,17,17
2442,17,375
2442,17,174
2442,17,127
2443,20,103
2444,16,34
2444,16,31
2445,10,549
2446,16,11
2446,16,28
2447,15,11
2448,15,149
2449,18,153
2449,18,22
2449,18,8
2450,17,31
2450,17,294
2451,12,29
2451,12,17
2451,12,115
2451,12,15
2452,15,308
2452,15,51
2453,19,27
2454,10,210
2454,10,80
2455,19,49
2455,19,39
2455,19,393
2456,11,82
2456,11,71
2457,11,580
2457,11,50
2458,11,224
2458,11,192
2458,11,38
2458,11,44
2459,18,1
2459,18,472
2459,18,821
2460,18,269
2460,18,345
2460,18,70
2461,19,34
2461,19,31
2461,19,177
2462,17,224
2462,17,192
2462,17,38
2462,17,39
2462,17,227
2463,20,4
2463,20,116
2464,15,6
2464,15,11
2465,17,145
2465,17,151
2466,19,29
2466,19,51
2466,19,114
2467,20,108
2467,20,29
2467,20,164
2467,20,149
2467,20,135
2468,17,107
2468,17,93
2469,19,50
2470,20,31
2470,20,257
2470,20,123
2471,11,278
2472,18,1122
2472,18,11
2473,20,44
2474,18,17
2474,18,45
2474,18,377
2475,10,107
2475,10,187
2475,10,11
2475,10,93
2476,19,11
2476,19,272
2477,13,248
2477,13,429
2477,13,33
2478,18,93
2478,18,101
2479,15,33
2480,19,17
2481,19,182
2481,19,17
2481,19,45
2482,13,71
2483,19,209
2483,19,11
2484,20,385
2484,20,31
2484,20,101
2485,19,303
2485,19,95
2486,18,31
2487,15,214
2487,15,48
2487,15,76
2488,15,108
2488,15,90
2488,15,29
2489,18,71
2490,10,124
2490,10,114
2490,10,190
2491,13,277
2491,13,57
2491,13,382
2492,19,40
2493,18,31
2494,12,4
2495,19,17
2495,19,27
2496,16,29
2497,19,50
2497,19,639
2498,13,373
2498,13,29
2499,13,336
2499,13,285
2500,10,9
2500,10,29
2500,10,71
2501,19,47
2502,17,82
2502,17,47
2503,20,34
2503,20,31
2503,20,123
2503,20,96
2504,15,126
2504,15,57
2504,15,175
2504,15,413
2505,12,183
2505,12,116
2506,17,70
2507,19,40
2508,12,37
2508,12,51
2509,17,465
2509,17,31
2509,17,257
2510,14,897
2510,14,45
2511,17,793
2511,17,26
2511,17,27
2511,17,78
2512,18,29
2512,18,4
2513,15,448
2513,15,39
2514,17,321
2514,17,260
2515,11,108
2516,17,10
2516,17,152
2516,17,150
2517,10,98
2518,11,103
2519,15,33
2520,18,27
2521,14,126
2521,14,174
2521,14,1097
2522,16,113
2522,16,38
2523,13,298
2523,13,64
2523,13,70
2524,14,29
2524,14,294
2524,14,71
2525,19,10
2525,19,115
2526,20,145
2526,20,119
2526,20,82
2526,20,39
2527,16,108
2527,16,246
2527,16,33
2528,19,31
2528,19,419
2529,18,22
2529,18,397
2529,18,10
2529,18,8
2530,16,380
2531,12,23
2531,12,213
2531,12,309
2532,15,263
2532,15,50
2532,15,638
2533,20,50
2533,20,38
2534,14,34
2534,14,156
2534,14,472
2534,14,31
2534,14,430
2535,16,29
2535,16,78
2535,16,257
2535,16,11
2536,18,150
2537,12,163
2537,12,283
2537,12,158
2537,12,82
2538,18,10
2538,18,149
2539,16,40
2539,16,386
2539,16,114
2539,16,82
2540,20,103
2541,16,108
2541,16,100
2542,20,5
2542,20,806
2543,11,106
2543,11,302
2543,11,114
2544,15,11
2545,18,27
2546,16,20
2547,10,28
2548,14,128
2548,14,82
2549,18,336
2549,18,745
2549,18,114
2550,14,4
2551,14,31
2551,14,412
2552,14,218
2553,19,289
2553,19,148
2553,19,149
2554,16,29
2554,16,115
2554,16,188
2555,15,6
2555,15,4
2555,15,11
2556,17,17
2557,19,78
2557,19,11
2557,19,93
2558,20,11
2558,20,7
2559,19,312
2559,19,130
2559,19,95
2559,19,43
2560,12,1141
2560,12,293
2560,12,319
2560,12,149
2560,12,294
2561,10,2
2561,10,4
2562,12,99
2563,10,47
2563,10,23
2563,10,11
2563,10,233
2564,15,22
2564,15,29
2564,15,148
2564,15,23
2564,15,115
2565,14,202
2566,10,31
2567,20,74
2567,20,80
2567,20,82
2567,20,71
2568,19,586
2568,19,113
2569,17,224
2569,17,20
2569,17,830
2570,16,115
2571,17,50
2572,19,517
2573,18,493
2573,18,278
2573,18,544
2573,18,17
2573,18,116
2574,15,4
2574,15,115
2575,18,31
2575,18,102
2576,16,224
2576,16,972
2576,16,44
2577,16,29
2577,16,23
2577,16,10
2578,12,1289
2578,12,121
2578,12,210
2578,12,80
2578,12,951
2579,18,51
2579,18,576
2580,16,960
2580,16,115
2581,18,8
2581,18,324
2581,18,96
2582,12,29
2582,12,11
2582,12,93
2583,11,174
2583,11,31
2583,11,179
2584,17,34
2584,17,107
2584,17,31
2584,17,78
2585,19,38
2585,19,39
2586,11,179
2587,14,108
2587,14,23
2587,14,246
2587,14,826
2588,15,33
2589,18,865
2589,18,97
2589,18,33
2590,10,278
2590,10,17
2590,10,246
2590,10,233
2591,17,108
2591,17,29
2591,17,553
2591,17,38
2591,17,39
2592,20,17
2592,20,82
2593,16,463
2593,16,4
2593,16,11
2594,10,80
2594,10,4
2595,18,228
2595,18,525
2595,18,443
2595,18,1195
2595,18,96
2596,20,80
2596,20,274
2596,20,11
2596,20,28
2597,15,98
2597,15,204
2598,15,45
2599,20,107
2599,20,160
2599,20,28
2600,17,121
2600,17,454
2600,17,93
2601,18,53
2602,18,29
2602,18,10
2602,18,114
2603,14,106
2603,14,29
2603,14,114
2603,14,76
2604,16,37
2605,11,31
2605,11,32
2606,15,108
2607,19,47
2608,20,321
2608,20,158
2609,19,51
2610,17,27
2610,17,50
2610,17,28
2611,15,78
2611,15,4
2611,15,11
2612,19,493
2612,19,17
2613,14,108
2614,20,9
2614,20,78
2615,12,35
2616,15,382
2616,15,31
2616,15,82
2617,15,219
2617,15,93
2618,14,6
2618,14,428
2619,18,100
2619,18,95
2620,13,106
2620,13,114
2621,17,374
2621,17,115
2622,11,375
2622,11,777
2623,11,34
2623,11,472
2623,11,399
2623,11,123
2624,12,113
2624,12,38
2625,18,80
2626,11,68
2626,11,888
2626,11,50
2626,11,38
2627,15,172
2628,19,114
2629,15,17
2630,15,8
2631,18,1121
2631,18,17
2631,18,294
2632,13,353
2632,13,93
2633,17,108
2634,20,11
2634,20,93
2635,18,103
2635,18,4
2635,18,11
2636,19,59
2636,19,96
2637,10,34
2637,10,349
2637,10,258
2638,16,31
2638,16,123
2639,11,268
2640,17,22
2640,17,29
2641,12,22
2641,12,29
2641,12,23
2642,16,162
2642,16,410
2642,16,47
2643,19,29
2643,19,65
2644,10,100
2644,10,135
2645,13,149
2646,18,74
2646,18,82
2647,18,113
2647,18,38
2648,18,529
2649,17,22
2649,17,17
2650,20,17
2651,16,11
2651,16,93
2652,18,76
2653,15,103
2653,15,976
2653,15,393
2654,15,333
2654,15,31
2655,20,29
2655,20,10
2655,20,71
2656,17,103
2656,17,10
2657,16,387
2657,16,6
2657,16,78
2657,16,4
2657,16,11
2658,12,106
2658,12,114
2659,18,95
2659,18,43
2660,13,71
2661,17,182
2661,17,629
2662,14,684
2662,14,28
2663,17,29
2663,17,11
2663,17,101
2664,19,11
2664,19,82
2665,15,996
2665,15,29
2665,15,10
2666,16,31
2666,16,257
2667,11,283
2667,11,47
2668,19,17
2669,11,1
2669,11,238
2670,17,239
2670,17,82
2671,15,286
2671,15,761
2671,15,17
2672,16,11
2672,16,7
2673,16,90
2673,16,169
2673,16,29
2673,16,101
2674,12,9
2675,11,71
2676,11,33
2677,20,146
2677,20,102
2678,16,641
2678,16,215
2679,10,378
2679,10,82
2680,13,22
2680,13,531
2680,13,116
2680,13,12
2681,10,108
2681,10,100
2682,10,10
2682,10,78
2682,10,70
2683,11,249
2683,11,179
2684,14,174
2684,14,314
2684,14,213
2685,10,213
2686,16,38
2687,14,255
2687,14,933
2687,14,1197
2687,14,17
2688,11,75
2689,17,357
2689,17,72
2690,17,17
2690,17,27
2691,18,239
2691,18,158
2691,18,82
2692,18,597
2692,18,37
2692,18,50
2693,20,100
2693,20,525
2694,11,94
2695,10,27
2695,10,19
2695,10,28
2696,10,10
2696,10,115
2697,15,180
2697,15,27
2697,15,141
2698,17,126
2698,17,174
2698,17,28
2699,11,328
2699,11,149
2700,15,9
2701,14,126
2701,14,771
2701,14,246
2702,15,29
2702,15,158
2702,15,395
2702,15,11
2702,15,96
2703,14,202
2703,14,9
2703,14,172
2703,14,744
2704,13,17
2704,13,45
2704,13,291
2705,12,172
2706,12,9
2707,12,11
2707,12,101
2708,18,490
2708,18,493
2708,18,278
2708,18,96
2709,17,113
2709,17,20
2709,17,95
2709,17,38
2710,18,45
2711,10,622
2711,10,38
2711,10,39
2712,19,175
2713,11,512
2713,11,96
2714,15,98
2714,15,204
2715,16,31
2715,16,257
2715,16,168
2716,11,6
2716,11,4
2717,20,95
2717,20,43
2718,15,29
2718,15,517
2718,15,213
2719,15,82
2720,20,47
2720,20,68
2720,20,210
2720,20,31
2720,20,105
2721,16,1307
2721,16,1306
2722,19,29
2723,20,71
2723,20,70
2723,20,177
2724,17,141
2725,16,218
2725,16,41
2725,16,8
2726,10,662
2726,10,71
2727,20,17
2728,18,78
2729,15,9
2730,18,38
2730,18,948
2731,20,156
2731,20,257
2731,20,149
2732,13,1
2732,13,189
2732,13,386
2732,13,31
2732,13,11
2733,20,11
2734,18,158
2734,18,160
2734,18,48
2735,15,22
2735,15,23
2735,15,952
2736,12,13
2736,12,273
2737,19,51
2737,19,53
2738,17,586
2738,17,20
2738,17,192
2738,17,38
2739,17,73
2739,17,368
2739,17,80
2739,17,114
2740,18,192
2740,18,38
2740,18,227
2741,16,701
2742,19,584
2742,19,1176
2743,17,145
2743,17,120
2743,17,111
2743,17,39
2744,10,22
2744,10,23
2744,10,246
2745,18,100
2745,18,554
2746,12,15
2746,12,45
2747,17,15
2747,17,116
2747,17,45
2748,17,29
2749,16,39
2749,16,141
2750,16,103
2750,16,667
2751,19,108
2751,19,172
2751,19,10
2751,19,225
2751,19,38
2752,20,139
2752,20,113
2752,20,38
2753,12,38
2754,15,106
2754,15,10
2754,15,114
2755,20,17
2755,20,116
2756,10,175
2756,10,849
2756,10,407
2757,10,205
2757,10,114
2758,15,11
2759,20,108
2760,17,29
2760,17,115
2761,14,5
2761,14,17
2761,14,15
2762,19,108
2762,19,90
2762,19,29
2762,19,65
2763,19,32
2763,19,29
2763,19,164
2763,19,177
2764,17,4
2765,18,23
2765,18,196
2765,18,51
2766,17,6
2766,17,78
2766,17,4
2766,17,11
2767,17,285
2767,17,238
2768,17,47
2768,17,83
2768,17,71
2769,16,34
2769,16,31
2769,16,356
2770,20,33
2771,12,103
2771,12,483
2771,12,33
2772,19,76
2772,19,535
2773,10,386
2773,10,11
2774,16,39
2775,18,99
2775,18,127
2776,20,52
2776,20,37
2776,20,50
2777,13,29
2777,13,101
2778,13,4
2778,13,212
2778,13,11
2779,17,1
2779,17,9
2780,19,34
2780,19,31
2780,19,102
2781,15,113
2781,15,192
2781,15,38
2781,15,44
2782,18,210
2782,18,82
2783,15,6
2783,15,4
2784,14,9
2785,16,4
2785,16,101
2786,19,132
2786,19,38
2787,13,17
2787,13,45
2788,14,224
2788,14,192
2788,14,577
2788,14,38
2788,14,227
2789,20,224
2789,20,192
2789,20,972
2789,20,227
2790,15,115
2790,15,116
2790,15,117
2791,12,375
2792,10,372
2792,10,374
2792,10,115
2793,15,490
2793,15,810
2793,15,278
2794,18,1
2794,18,73
2794,18,20
2794,18,11
2795,18,22
2795,18,23
2795,18,11
2796,10,443
2796,10,95
2796,10,765
2796,10,96
2796,10,138
2797,11,41
2797,11,29
2797,11,23
2798,18,73
2798,18,714
2798,18,4
2798,18,11
2799,14,112
2799,14,174
2799,14,122
2799,14,27
2799,14,213
2800,18,114
2801,18,90
2801,18,328
2802,16,38
2803,15,106
2803,15,31
2803,15,47
2804,16,39
2805,18,139
2805,18,20
2805,18,47
2806,10,268
2806,10,48
2807,20,9
2807,20,884
2807,20,1536
2808,17,45
2809,11,115
2809,11,188
2810,12,158
2810,12,346
2811,15,201
2811,15,103
2812,16,80
2813,15,366
2813,15,15
2813,15,965
2814,13,71
2815,17,141
2816,11,175
2816,11,65
2817,12,149
2818,14,31
2819,15,82
2820,20,522
2820,20,158
2820,20,78
2820,20,135
2821,15,15
2821,15,143
2822,17,9
2822,17,491
2822,17,11
2823,19,29
2824,17,98
2825,20,11
2825,20,47
2826,13,38
2827,12,146
2827,12,158
2827,12,65
2828,19,522
2828,19,448
2829,12,83
2829,12,55
2830,12,49
2830,12,38
2830,12,39
2830,12,393
2831,15,40
2831,15,47
2832,16,29
2832,16,6
2832,16,78
2833,14,296
2833,14,31
2833,14,158
2833,14,320
2834,10,29
2834,10,11
2835,15,27
2835,15,367
2835,15,141
2836,17,470
2836,17,27
2837,11,175
2837,11,171
2838,20,158
2838,20,260
2838,20,82
2838,20,514
2839,16,23
2840,19,120
2840,19,233
2841,10,126
2841,10,764
2842,16,484
2842,16,4
2842,16,50
2842,16,53
2842,16,28
2843,13,96
2843,13,141
2844,17,27
2844,17,213
2844,17,65
2845,14,548
2845,14,50
2845,14,51
2846,17,11
2846,17,93
2847,12,175
2847,12,27
2848,16,10
2848,16,11
2848,16,147
2849,14,381
2849,14,27
2849,14,82
2850,19,73
2850,19,627
2851,17,615
2851,17,611
2852,14,113
2852,14,192
2852,14,38
2852,14,227
2853,18,202
2853,18,9
2853,18,172
2853,18,78
2854,13,50
2855,19,106
2856,20,78
2856,20,4
2857,17,175
2857,17,626
2857,17,39
2858,17,300
2858,17,111
2859,17,244
2859,17,9
2859,17,59
2860,11,78
2860,11,4
2860,11,310
2861,11,156
2861,11,501
2861,11,324
2861,11,149
2861,11,59
2862,12,460
2862,12,513
2862,12,1001
2863,17,23
2863,17,11
2864,11,156
2864,11,1127
2864,11,361
2864,11,149
2865,19,859
2865,19,31
2865,19,45
2866,10,27
2866,10,179
2867,16,27
2867,16,222
2868,17,362
2868,17,185
2869,18,17
2870,20,484
2870,20,234
2870,20,114
2871,16,23
2872,14,27
2873,18,97
2874,18,667
2875,20,6
2875,20,4
2876,15,84
2876,15,114
2877,16,153
2877,16,108
2877,16,149
2878,18,9
2879,16,372
2879,16,246
2879,16,188
2880,17,362
2880,17,29
2880,17,164
2881,16,98
2881,16,94
2882,18,115
2883,15,20
2883,15,31
2884,14,120
2884,14,9
2885,20,108
2885,20,246
2886,17,31
2886,17,187
2887,10,174
2887,10,761
2888,14,78
2888,14,4
2888,14,11
2889,20,29
2889,20,23
2889,20,263
2890,13,34
2890,13,148
2890,13,430
2890,13,634
2891,15,98
2891,15,475
2892,15,108
2892,15,22
2892,15,23
2893,15,10
2893,15,11
2894,10,74
2894,10,282
2894,10,285
2895,20,292
2895,20,349
2895,20,123
2896,16,31
2896,16,165
2896,16,39
2897,14,490
2897,14,29
2897,14,149
2898,19,146
2898,19,158
2898,19,160
2898,19,451
2899,18,114
2900,10,26
2900,10,411
2901,20,484
2901,20,507
2901,20,51
2901,20,53
2902,17,20
2902,17,16
2902,17,3
2902,17,366
2903,19,396
2903,19,29
2903,19,114
2903,19,96
2904,16,34
2904,16,31
2905,20,110
2905,20,38
2906,16,4
2906,16,11
2907,16,108
2907,16,90
2907,16,29
2908,20,4
2909,20,110
2909,20,38
2910,14,38
2910,14,97
2911,16,17
2912,20,113
2912,20,130
2912,20,38
2913,12,11
2914,10,174
2914,10,127
2914,10,27
2914,10,213
2915,20,108
2915,20,157
2916,16,4
2917,15,29
2917,15,321
2917,15,158
2917,15,260
2918,11,248
2919,19,395
2919,19,119
2920,14,218
2921,20,29
2921,20,119
2922,16,110
2922,16,38
2923,15,524
2923,15,39
2924,15,31
2924,15,257
2925,16,11
2926,11,17
2927,17,51
2928,14,78
2928,14,70
2929,15,29
2929,15,23
2929,15,152
2929,15,150
2930,15,108
2930,15,100
2930,15,96
2931,13,103
2931,13,29
2932,11,126
2932,11,35
2933,16,182
2933,16,115
2933,16,116
2934,19,17
2935,13,10
2935,13,8
2936,13,31
2937,20,257
2937,20,734
2937,20,149
2937,20,177
2938,20,27
2938,20,82
2939,19,44
2940,12,106
2941,16,29
2941,16,8
2941,16,11
2941,16,152
2942,12,9
2943,17,38
2943,17,227
2944,10,106
2944,10,797
2945,18,282
2945,18,82
2946,15,514
2946,15,115
2946,15,149
2946,15,188
2947,17,103
2947,17,207
2947,17,164
2947,17,246
2948,13,385
2948,13,17
2948,13,806
2949,11,48
2949,11,32
2950,17,149
2950,17,97
2950,17,634
2951,20,115
2951,20,116
2952,19,33
2953,17,303
2953,17,323
2953,17,321
2953,17,158
2953,17,414
2954,19,22
2954,19,11
2955,18,29
2955,18,101
2956,19,108
2957,15,20
2957,15,95
2957,15,51
2958,16,33
2958,16,390
2958,16,642
2958,16,389
2959,20,38
2959,20,39
2960,16,20
2960,16,11
2961,18,17
2962,15,6
2962,15,71
2963,17,108
2963,17,593
2963,17,148
2964,17,78
2965,17,473
2965,17,11
2966,16,201
2966,16,662
2966,16,164
2966,16,432
2966,16,149
2967,17,17
2968,19,1070
2968,19,152
2968,19,514
2969,11,103
2969,11,164
2969,11,10
2969,11,11
2969,11,114
2970,19,9
2971,14,34
2971,14,292
2972,19,439
2972,19,29
2972,19,10
2973,18,115
2973,18,246
2974,15,105
2975,15,93
2976,16,40
2976,16,47
2977,17,34
2977,17,355
2977,17,123
2978,10,221
2978,10,186
2978,10,71
2979,17,9
2979,17,29
2980,10,103
2980,10,211
2980,10,31
2981,15,34
2981,15,31
2982,18,282
2983,20,95
2984,19,156
2984,19,328
2984,19,149
2985,18,17
2985,18,116
2986,14,787
2986,14,51
2987,12,29
2988,12,108
2988,12,427
2989,12,174
2989,12,30
2990,14,471
2990,14,30
2991,10,484
2991,10,51
2991,10,53
2992,16,712
2993,14,9
2993,14,663
2993,14,55
2994,16,697
2994,16,1167
2994,16,17
2994,16,352
2995,15,29
2995,15,149
2995,15,294
2996,15,418
2997,19,174
2997,19,35
2997,19,469
2998,13,70
2998,13,270
2999,17,166
2999,17,314
3000,16,241
3000,16,4
3000,16,71
3001,19,29
3002,15,70
3003,20,107
3003,20,402
3004,13,38
3004,13,39
3005,17,11
3005,17,93
3005,17,101
3006,12,278
3006,12,116
3007,15,249
3007,15,252
3008,20,103
3008,20,78
3009,12,29
3009,12,246
3010,10,145
3010,10,353
3010,10,51
3010,10,39
3011,20,127
3011,20,27
3012,10,623
3012,10,9
3012,10,172
3013,19,101
3014,13,9
3015,18,146
3015,18,158
3016,15,115
3016,15,116
3016,15,834
3017,10,314
3017,10,50
3017,10,213
3017,10,65
3018,18,210
3018,18,663
3018,18,506
3019,17,106
3019,17,1117
3019,17,4
3020,16,23
3021,17,210
3021,17,246
3021,17,71
3022,13,27
3023,19,22
3023,19,182
3023,19,17
3023,19,116
3023,19,147
3024,19,174
3024,19,213
3024,19,71
3025,18,28
3026,13,1121
3026,13,116
3026,13,117
3027,16,158
3027,16,92
3027,16,260
3028,10,11
3029,10,156
3029,10,202
3029,10,149
3029,10,272
3030,18,9
3030,18,8
3031,15,40
3031,15,75
3032,11,31
3032,11,123
3033,12,901
3033,12,293
3033,12,70
3034,15,26
3034,15,27
3035,18,17
3036,18,500
3037,11,50
3037,11,840
3037,11,246
3038,18,27
3038,18,359
3038,18,147
3039,12,1388
3039,12,464
3040,17,35
3040,17,23
3040,17,411
3041,20,182
3041,20,17
3041,20,116
3041,20,71
3042,16,6
3042,16,4
3043,19,749
3043,19,33
3044,14,106
3044,14,80
3044,14,114
3045,17,101
3046,15,94
3047,11,100
3047,11,525
3047,11,135
3048,10,108
3048,10,115
3049,15,80
3049,15,78
3049,15,4
3049,15,11
3050,16,9
3050,16,821
3050,16,8
3051,15,29
3051,15,15
3051,15,183
3052,12,693
3052,12,4
3052,12,11
3053,20,100
3053,20,552
3054,19,997
3054,19,236
3054,19,15
3054,19,142
3055,17,387
3055,17,78
3055,17,4
3056,13,47
3056,13,71
3057,18,122
3057,18,51
3058,20,93
3059,17,45
3060,15,182
3060,15,17
3060,15,45
3061,19,100
3061,19,49
3061,19,754
3062,15,4
3063,15,38
3063,15,39
3064,15,98
3064,15,921
3064,15,911
3065,19,285
3065,19,82
3065,19,70
3066,15,299
3066,15,38
3066,15,39
3066,15,246
3067,16,162
3067,16,386
3067,16,11
3068,10,113
3068,10,316
3068,10,38
3068,10,43
3069,10,221
3069,10,445
3070,14,31
3070,14,257
3071,11,108
3071,11,51
3071,11,233
3072,15,113
3072,15,38
3072,15,43
3073,15,17
3074,16,34
3074,16,123
3075,15,15
3075,15,116
3075,15,45
3076,19,4
3076,19,59
3076,19,11
3077,12,10
3078,11,147
3079,11,99
3079,11,27
3079,11,792
3079,11,1030
3080,19,8
3080,19,587
3081,19,98
3082,10,463
3083,10,185
3083,10,27
3083,10,367
3083,10,141
3084,15,961
3084,15,324
3084,15,149
3084,15,177
3085,16,83
3085,16,282
3085,16,82
3086,15,126
3086,15,52
3086,15,681
3087,20,47
3088,20,113
3088,20,38
3089,12,80
3089,12,4
3090,11,224
3091,20,31
3092,14,48
3093,16,82
3094,20,1
3094,20,22
3094,20,65
3095,10,34
3096,16,1433
3096,16,113
3096,16,445
3096,16,38
3097,14,4
3097,14,11
3098,20,4
3098,20,11
3099,12,18
3099,12,4
3099,12,11
3099,12,101
3100,20,246
3100,20,213
3101,20,38
3101,20,39
3102,20,221
3102,20,4
3102,20,48
3102,20,11
3103,14,8
3103,14,502
3104,20,283
3104,20,346
3105,15,622
3105,15,39
3106,10,518
3106,10,212
3106,10,119
3107,17,90
3107,17,29
3107,17,10
3107,17,157
3108,10,80
3109,16,108
3110,16,185
3110,16,777
3110,16,50
3111,10,82
3112,18,17
3113,10,8
3113,10,324
3113,10,93
3114,20,49
3114,20,38
3114,20,39
3115,19,17
3115,19,45
3116,15,51
3117,13,9
3117,13,8
3118,19,82
3119,18,39
3120,12,41
3120,12,27
3120,12,116
3121,10,162
3121,10,91
3122,14,95
3123,16,158
3123,16,427
3123,16,260
3124,18,17
3124,18,403
3124,18,15
3124,18,45
3125,15,100
3125,15,525
3125,15,554
3126,15,82
3127,18,248
3128,15,93
3129,15,395
3129,15,48
3129,15,114
3130,19,247
3131,16,794
3131,16,259
3131,16,293
3131,16,70
3131,16,272
3132,15,11
3133,11,174
3133,11,47
3134,10,11
3135,12,38
3136,17,94
3136,17,389
3137,10,201
3137,10,9
3138,10,174
3138,10,175
3139,18,596
3139,18,50
3140,15,98
3140,15,94
3141,18,103
3142,19,49
3142,19,561
3142,19,38
3142,19,39
3143,14,2
3144,17,29
3145,13,98
3145,13,375
3145,13,204
3146,19,17
3146,19,45
3147,12,501
3147,12,158
3148,19,38
3148,19,39
3149,18,1
3149,18,9
3149,18,472
3149,18,31
3149,18,10
3150,19,31
3151,19,23
3151,19,53
3152,18,182
3152,18,17
3152,18,116
3153,18,38
3153,18,47
3154,19,27
3154,19,50
3155,15,27
3155,15,51
3156,20,80
3156,20,82
3157,19,115
3158,13,5
3158,13,23
3159,10,27
3159,10,38
3159,10,769
3160,18,100
3160,18,448
3161,12,116
3162,20,404
3162,20,175
3162,20,763
3163,17,174
3164,18,27
3164,18,367
3165,17,145
3165,17,34
3165,17,1175
3165,17,39
3166,13,200
3166,13,6
3166,13,236
3166,13,101
3166,13,232
3167,18,596
3168,17,39
3169,14,1229
3169,14,43
3170,11,71
3171,18,31
3171,18,167
3172,16,11
3173,16,950
3173,16,115
3173,16,38
3174,12,298
3174,12,34
3174,12,31
3174,12,294
3174,12,70
3175,19,29
3176,19,38
3176,19,39
3176,19,233
3177,20,31
3178,20,29
3178,20,164
3179,15,933
3179,15,23
3179,15,101
3180,20,29
3180,20,70
3181,20,29
3182,19,244
3182,19,245
3182,19,20
3182,19,95
3182,19,43
3183,16,17
3184,16,175
3185,20,95
3186,20,375
3186,20,4
3186,20,115
3186,20,119
3186,20,97
3187,17,9
3187,17,11
3188,12,17
3188,12,15
3189,17,1
3189,17,472
3189,17,418
3190,18,90
3190,18,282
3191,10,34
3191,10,107
3191,10,93
3192,20,90
3193,11,182
3193,11,17
3193,11,620
3193,11,45
3193,11,1001
3194,20,29
3194,20,10
3194,20,150
3195,19,29
3196,20,107
3196,20,78
3196,20,600
3197,19,293
3197,19,294
3197,19,70
3198,10,103
3198,10,663
3199,20,158
3199,20,78
3199,20,443
3199,20,149
3200,17,108
3200,17,171
3201,14,126
3201,14,174
3201,14,214
3201,14,516
3202,11,255
3202,11,17
3203,11,17
3203,11,45
3204,15,125
3204,15,114
3205,10,174
3206,14,368
3206,14,78
3207,16,372
3207,16,29
3207,16,10
3207,16,115
3207,16,188
3208,16,43
3209,17,321
3209,17,260
3209,17,32
3210,18,6
3211,19,34
3211,19,31
3212,18,78
3212,18,101
3213,20,298
3213,20,293
3213,20,380
3213,20,70
3214,13,113
3214,13,38
3215,14,151
3216,20,174
3216,20,27
3216,20,1492
3217,17,22
3217,17,29
3217,17,23
3217,17,28
3218,10,98
3218,10,899
3219,20,372
3219,20,29
3219,20,10
3219,20,115
3219,20,188
3220,13,4
3220,13,11
3220,13,346
3221,19,146
3221,19,158
3222,20,17
3223,18,228
3223,18,20
3223,18,11
3223,18,679
3223,18,47
3224,17,34
3224,17,31
3224,17,176
3224,17,71
3225,19,34
3225,19,31
3226,19,38
3227,20,108
3227,20,149
3228,20,224
3228,20,192
3228,20,38
3228,20,227
3229,20,110
3229,20,31
3230,19,167
3230,19,32
3231,17,114
3232,20,221
3232,20,29
3232,20,96
3233,12,34
3234,17,1035
3234,17,38
3234,17,39
3235,18,202
3235,18,9
3236,15,33
3237,15,41
3237,15,60
3237,15,119
3238,19,210
3238,19,64
3238,19,59
3238,19,11
3239,18,278
3239,18,291
3240,20,9
3240,20,662
3240,20,71
3241,18,362
3241,18,328
3241,18,149
3242,17,539
3242,17,540
3243,12,487
3243,12,9
3243,12,603
3243,12,8
3244,11,29
3244,11,4
3245,16,387
3245,16,121
3245,16,92
3246,17,22
3246,17,85
3246,17,125
3246,17,114
3247,17,408
3247,17,29
3247,17,10
3247,17,4
3247,17,11
3248,12,379
3248,12,17
3248,12,70
3248,12,270
3249,17,1044
3249,17,896
3249,17,45
3250,19,31
3251,18,4
3251,18,15
3251,18,1472
3251,18,464
3252,19,115
3252,19,246
3252,19,188
3253,10,103
3253,10,46
3253,10,161
3253,10,47
3254,14,26
3254,14,179
3255,11,59
3255,11,11
3256,16,33
3257,17,11
3258,19,99
3258,19,413
3259,10,47
3260,20,31
3261,19,248
3262,17,8
3263,19,29
3263,19,115
3263,19,149
3263,19,328
3264,16,362
3264,16,108
3265,11,103
3265,11,174
3265,11,127
3266,11,253
3266,11,348
3267,14,1307
3267,14,1306
3268,15,386
3268,15,45
3269,15,74
3269,15,282
3269,15,82
3270,15,9
3270,15,48
3270,15,11
3271,18,1208
3271,18,20
3271,18,38
3272,19,293
3272,19,268
3272,19,70
3272,19,270
3273,16,106
3274,17,741
3274,17,48
3275,17,597
3275,17,583
3275,17,50
3275,17,51
3276,14,20
3277,17,730
3277,17,130
3277,17,43
3278,14,31
3279,17,328
3279,17,149
3280,18,6
3280,18,4
3280,18,212
3280,18,11
3281,10,108
3281,10,282
3281,10,346
3282,14,78
3282,14,11
3283,16,17
3284,18,4
3284,18,11
3285,13,253
3285,13,17
3285,13,27
3286,11,473
3287,12,75
3287,12,114
3288,10,31
3288,10,102
3289,18,29
3289,18,115
3290,14,463
3290,14,29
3291,17,95
3291,17,137
3291,17,138
3292,19,254
3292,19,182
3292,19,17
3293,19,103
3293,19,422
3293,19,29
3293,19,149
3293,19,334
3294,17,4
3294,17,93
3295,14,38
3296,19,23
3296,19,2
3296,19,55
3296,19,28
3297,18,174
3298,19,10
3298,19,65
3299,16,308
3300,10,51
3300,10,842
3301,19,672
3302,19,31
3303,18,29
3303,18,334
3304,11,17
3304,11,45
3304,11,758
3305,12,466
3305,12,656
3305,12,633
3305,12,96
3306,18,29
3306,18,164
3306,18,115
3307,15,115
3307,15,188
3308,18,610
3309,11,103
3310,18,17
3310,18,261
3310,18,117
3311,12,103
3311,12,20
3312,17,28
3312,17,47
3312,17,71
3313,19,107
3313,19,78
3314,18,119
3315,17,8
3316,13,43
3317,12,108
3317,12,97
3318,17,22
3318,17,2
3318,17,11
3319,19,9
3320,17,218
3321,18,174
3321,18,27
3321,18,141
3322,16,520
3323,16,95
3323,16,38
3324,19,39
3325,13,29
3325,13,11
3325,13,47
3326,20,156
3326,20,148
3326,20,31
3327,10,98
3327,10,772
3327,10,252
3328,19,221
3328,19,40
3328,19,395
3328,19,48
3328,19,79
3329,16,20
3329,16,2
3330,19,11
3330,19,101
3330,19,47
3331,11,199
3332,19,47
3333,13,371
3333,13,128
3333,13,114
3334,19,1
3334,19,416
3335,19,29
3336,11,31
3337,12,246
3337,12,39
3338,17,4
3338,17,11
3339,14,126
3339,14,31
3339,14,165
3339,14,1156
3340,15,17
3341,14,484
3341,14,50
3341,14,51
3341,14,114
3341,14,147
3342,18,47
3342,18,112
3342,18,50
3342,18,233
3343,18,29
3343,18,31
3344,19,113
3344,19,38
3345,19,164
3345,19,78
3345,19,11
3345,19,93
3346,17,282
3347,15,6
3347,15,114
3348,16,6
3348,16,440
3348,16,71
3349,11,130
3349,11,132
3349,11,38
3350,20,38
3351,16,47
3352,10,265
3352,10,17
3352,10,116
3353,19,98
3353,19,301
3353,19,535
3354,20,60
3354,20,23
3355,15,112
3356,12,49
3356,12,31
3356,12,39
3357,12,641
3358,15,9
3358,15,11
3359,13,259
3359,13,158
3359,13,10
3359,13,82
3360,11,108
3361,13,1290
3361,13,470
3361,13,50
3362,20,17
3362,20,183
3362,20,184
3363,19,156
3363,19,430
3364,17,35
3364,17,27
3365,17,9
3365,17,1260
3366,15,122
3366,15,50
3367,18,26
3367,18,23
3367,18,114
3368,16,29
3368,16,78
3368,16,628
3369,17,29
3369,17,80
3369,17,2
3370,15,278
3370,15,17
3370,15,115
3370,15,116
3371,18,17
3372,18,278
3372,18,17
3373,20,47
3374,17,11
3375,20,32
3376,16,255
3376,16,17
3377,16,114
3378,12,29
3378,12,33
3379,12,22
3379,12,11
3379,12,309
3380,15,108
3380,15,29
3381,19,34
3381,19,305
3381,19,31
3381,19,349
3382,19,29
3382,19,146
3382,19,158
3382,19,85
3383,15,9
3383,15,8
3383,15,92
3384,11,500
3384,11,228
3384,11,158
3384,11,346
3385,17,452
3385,17,985
3385,17,43
3386,17,420
3387,11,296
3387,11,31
3388,18,148
3388,18,149
3389,15,9
3390,20,174
3390,20,50
3391,16,11
3392,15,501
3392,15,149
3393,16,114
3394,17,996
3394,17,35
3394,17,23
3394,17,75
3394,17,71
3395,12,33
3396,18,17
3396,18,115
3396,18,116
3396,18,233
3397,14,1307
3398,10,149
3398,10,97
3399,16,108
3400,11,123
3401,18,169
3401,18,29
3401,18,23
3402,17,375
3402,17,1290
3402,17,105
3403,18,27
3404,20,11
3405,17,186
3405,17,71
3406,11,293
3406,11,149
3406,11,70
3406,11,272
3406,11,433
3407,17,20
3407,17,2
3407,17,38
3407,17,453
3408,20,114
3409,14,11
3409,14,70
3410,10,477
3410,10,29
3410,10,295
3411,10,525
3411,10,538
3411,10,97
3412,16,113
3412,16,130
3412,16,38
3413,15,31
3414,11,9
3414,11,150
3415,12,93
3416,18,386
3416,18,358
3417,20,85
3418,19,285
3418,19,82
3419,15,921
3419,15,247
3419,15,246
3420,14,106
3421,18,305
3421,18,44
3422,20,56
3422,20,60
3422,20,10
3422,20,11
3423,17,4
3423,17,11
3424,18,17
3425,19,34
3425,19,31
3425,19,38
3426,10,915
3426,10,103
3426,10,604
3426,10,174
3426,10,71
3427,15,31
3427,15,10
3427,15,8
3428,18,445
3428,18,111
3429,18,679
3429,18,19
3429,18,511
3430,11,362
3430,11,209
3430,11,11
3431,20,155
3431,20,29
3431,20,164
3432,14,5
3432,14,182
3432,14,17
3432,14,15
3432,14,45
3433,15,1
3433,15,235
3433,15,549
3434,13,31
3434,13,32
3435,18,6
3435,18,4
3436,13,51
3436,13,53
3437,16,313
3437,16,95
3438,15,28
3439,17,338
3439,17,365
3440,14,182
3440,14,116
3441,18,95
3441,18,138
3442,17,83
3442,17,35
3442,17,27
3442,17,50
3442,17,51
3443,10,282
3444,18,829
3445,13,17
3445,13,15
3445,13,116
3446,12,41
3446,12,15
3447,13,90
3447,13,360
3447,13,149
3448,20,108
3449,10,4
3449,10,149
3449,10,334
3450,15,5
3450,15,182
3450,15,17
3450,15,80
3450,15,15
3451,20,228
3451,20,17
3452,19,376
3452,19,32
3453,18,743
3453,18,146
3453,18,158
3453,18,8
3453,18,1354
3454,10,760
3454,10,38
3455,14,29
3455,14,135
3456,20,47
3456,20,68
3456,20,105
3457,13,29
3458,18,156
3458,18,361
3458,18,149
3459,14,185
3460,15,121
3460,15,78
3461,20,203
3461,20,639
3462,19,1
3462,19,29
3462,19,31
3462,19,96
3462,19,70
3463,13,200
3463,13,26
3463,13,147
3464,20,51
3465,20,162
3465,20,288
3466,20,17
3466,20,142
3466,20,143
3467,13,31
3468,17,218
3468,17,181
3469,12,34
3469,12,31
3470,20,321
3470,20,10
3470,20,260
3471,18,17
3471,18,15
3471,18,116
3472,18,87
3472,18,4
3472,18,11
3473,17,29
3474,15,174
3475,12,38
3475,12,39
3476,16,17
3476,16,115
3477,16,20
3477,16,47
3478,18,106
3478,18,114
3479,15,1141
3479,15,1096
3480,13,298
3480,13,1241
3480,13,29
3480,13,70
3481,16,29
3481,16,11
3482,16,134
3482,16,303
3482,16,95
3483,19,50
3484,20,68
3484,20,209
3484,20,11
3484,20,101
3485,16,23
3485,16,11
3486,19,101
3487,16,114
3487,16,101
3488,13,103
3488,13,248
3488,13,33
3489,16,34
3489,16,308
3490,14,156
3490,14,96
3490,14,766
3491,12,207
3491,12,50
3492,11,1286
3492,11,815
3492,11,96
3492,11,97
3493,19,106
3493,19,80
3494,17,11
3494,17,93
3495,18,372
3496,20,308
3496,20,51
3497,18,37
3497,18,50
3498,18,113
3499,20,98
3499,20,308
3499,20,33
3500,19,11
3501,16,103
3501,16,29
3502,12,49
3502,12,648
3502,12,39
3503,12,27
3503,12,367
3504,19,27
3504,19,141
3505,17,158
3506,20,209
3506,20,101
3507,17,586
3507,17,113
3507,17,20
3507,17,38
3508,20,68
3508,20,888
3508,20,51
3509,17,22
3510,12,174
3510,12,20
3510,12,308
3510,12,1109
3511,15,221
3511,15,95
3511,15,554
3512,17,11
3512,17,93
3512,17,246
3513,20,38
3513,20,39
3514,15,163
3514,15,376
3515,20,34
3515,20,11
3515,20,258
3516,20,29
3516,20,10
3516,20,8
3517,19,282
3517,19,82
3518,13,490
3518,13,493
3519,11,172
3519,11,186
3519,11,31
3520,17,529
3521,20,6
3521,20,80
3521,20,4
3521,20,11
3521,20,65
3522,17,27
3522,17,141
3523,11,268
3524,11,863
3524,11,1545
3525,19,390
3525,19,246
3525,19,33
3526,16,74
3526,16,159
3526,16,71
3527,13,17
3528,19,17
3529,19,108
3529,19,100
3530,16,29
3530,16,78
3530,16,11
3531,20,47
3531,20,186
3531,20,71
3532,11,31
3533,10,47
3534,12,34
3534,12,293
3534,12,31
3534,12,294
3535,17,4
3535,17,115
3536,15,114
3537,17,39
3538,16,86
3538,16,20
3538,16,1120
3538,16,65
3538,16,47
3539,15,439
3539,15,31
3539,15,257
3540,18,192
3540,18,27
3541,16,29
3541,16,10
3541,16,4
3541,16,7
3542,20,34
3542,20,257
3543,19,64
3544,17,11
3545,20,38
3546,15,34
3546,15,9
3546,15,31
3547,10,54
3547,10,37
3547,10,50
3548,17,78
3548,17,4
3548,17,212
3549,11,90
3550,17,405
3550,17,1117
3550,17,45
3551,15,584
3551,15,890
3551,15,51
3552,12,298
3552,12,293
3552,12,31
3552,12,70
3553,14,11
3553,14,93
3554,11,34
3554,11,31
3554,11,177
3555,16,113
3555,16,38
3555,16,43
3556,16,175
3556,16,97
3557,16,201
3557,16,337
3557,16,1040
3557,16,308
3557,16,50
3558,11,29
3558,11,320
3559,15,108
3560,15,395
3561,13,98
3562,20,231
3562,20,248
3562,20,899
3563,17,9
3564,17,593
3564,17,164
3565,16,50
3565,16,483
3566,11,34
3566,11,102
3566,11,635
3567,15,34
3567,15,31
3568,17,106
3568,17,80
3569,14,241
3569,14,78
3569,14,59
3570,20,31
3570,20,480
3571,11,305
3571,11,31
3571,11,123
3571,11,635
3572,11,11
3573,16,51
3573,16,549
3574,19,126
3574,19,175
3575,17,299
3575,17,39
3576,16,192
3576,16,132
3576,16,51
3576,16,38
3577,13,34
3577,13,126
3577,13,355
3577,13,102
3578,14,498
3579,15,39
3580,15,103
3580,15,164
3581,13,9
3582,13,116
3583,11,400
3583,11,1351
3584,15,174
3584,15,180
3584,15,27
3585,20,107
3585,20,369
3585,20,93
3586,10,9
3586,10,11
3586,10,93
3587,14,101
3588,13,298
3588,13,901
3588,13,293
3588,13,31
3589,11,51
3589,11,38
3589,11,546
3590,15,122
3591,17,510
3592,17,174
3592,17,204
3592,17,214
3593,16,124
3593,16,236
3593,16,4
3593,16,875
3593,16,47
3594,20,141
3595,16,1155
3596,17,300
3596,17,39
3597,15,29
3597,15,294
3598,16,224
3598,16,38
3598,16,227
3599,16,108
3599,16,328
3600,11,108
3600,11,439
3600,11,170
3600,11,433
3601,19,114
3602,18,31
3603,15,1078
3603,15,8
3603,15,502
3604,15,29
3605,19,901
3605,19,70
3605,19,272
3606,11,35
3607,15,174
3607,15,175
3608,16,103
3608,16,4
3609,20,80
3610,10,182
3610,10,17
3610,10,116
3611,15,34
3611,15,123
3612,19,192
3612,19,38
3612,19,227
3613,13,20
3613,13,627
3614,10,210
3614,10,78
3615,15,283
3615,15,282
3615,15,82
3616,11,396
3616,11,29
3616,11,2
3616,11,85
3616,11,11
3617,15,9
3618,19,78
3619,12,10
3619,12,101
3620,11,490
3620,11,278
3621,20,8
3622,18,38
3623,18,17
3624,11,49
3624,11,38
3624,11,39
3625,15,22
3625,15,23
3626,20,41
3626,20,10
3627,12,83
3627,12,285
3627,12,80
3628,18,34
3628,18,31
3629,10,6
3629,10,4
3629,10,11
3630,10,121
3630,10,29
3630,10,78
3630,10,32
3631,19,51
3631,19,53
3632,13,8
3633,14,31
3633,14,257
3633,14,123
3634,17,490
3634,17,278
3634,17,499
3635,15,289
3635,15,34
3635,15,31
3636,12,31
3636,12,257
3637,10,27
3637,10,70
3638,17,114
3639,15,27
3640,10,108
3640,10,101
3641,10,175
3641,10,1041
3642,19,367
3643,16,110
3643,16,246
3644,13,35
3644,13,23
3644,13,50
3644,13,96
3645,16,1084
3645,16,546
3646,10,472
3646,10,16
3646,10,31
3647,12,236
3647,12,574
3647,12,28
3648,15,95
3648,15,43
3649,20,712
3649,20,4
3649,20,161
3649,20,679
3649,20,71
3650,16,442
3650,16,119
3650,16,96
3650,16,97
3651,11,29
3651,11,294
3652,19,19
3652,19,179
3653,15,113
3653,15,38
3653,15,43
3654,14,17
3654,14,15
3654,14,116
3654,14,45
3655,20,17
3655,20,21
3655,20,116
3656,15,106
3656,15,72
3656,15,76
3657,16,98
3657,16,174
3658,17,37
3658,17,50
3659,11,49
3659,11,39
3660,17,29
3661,16,31
3662,16,48
3663,11,29
3663,11,78
3663,11,11
3663,11,70
3664,17,78
3664,17,101
3665,19,82
3666,19,126
3666,19,83
3667,16,34
3667,16,979
3667,16,27
3667,16,48
3667,16,141
3668,16,29
3669,15,110
3669,15,113
3669,15,192
3669,15,38
3670,12,298
3670,12,98
3670,12,375
3670,12,126
3670,12,31
3671,20,110
3671,20,311
3671,20,1154
3671,20,48
3671,20,707
3672,17,192
3672,17,38
3672,17,227
3673,10,33
3674,18,34
3675,18,126
3676,19,95
3677,17,145
3677,17,151
3677,17,716
3678,19,387
3678,19,4
3678,19,294
3679,19,106
3680,17,426
3680,17,29
3680,17,4
3681,11,17
3681,11,183
3681,11,45
3682,18,9
3683,11,830
3683,11,38
3683,11,39
3684,18,901
3684,18,1367
3684,18,70
3685,15,883
3686,19,210
3686,19,427
3686,19,11
3686,19,951
3687,11,29
3687,11,11
3688,15,114
3689,10,121
3690,16,302
3690,16,114
3691,14,108
3691,14,134
3692,11,9
3692,11,93
3693,17,6
3693,17,4
3693,17,11
3694,11,1
3694,11,18
3695,12,384
3695,12,278
3695,12,385
3695,12,17
3695,12,45
3696,16,29
3696,16,23
3697,20,45
3697,20,377
3698,11,9
3698,11,172
3699,20,9
3699,20,11
3699,20,93
3700,17,1
3700,17,29
3701,16,90
3701,16,466
3701,16,599
3701,16,31
3701,16,376
3702,16,100
3702,16,448
3703,17,174
3703,17,33
3704,16,386
3704,16,11
3705,17,236
3705,17,114
3705,17,232
3706,11,312
3706,11,443
3706,11,95
3707,17,29
3707,17,17
3707,17,11
3708,18,27
3708,18,50
3708,18,33
3709,11,108
3710,12,17
3710,12,27
3711,19,106
3711,19,782
3712,11,476
3712,11,38
3712,11,97
3713,14,108
3714,11,218
3714,11,9
3714,11,31
3714,11,10
3714,11,11
3715,18,90
3715,18,15
3715,18,116
3715,18,1511
3716,20,1116
3716,20,174
3716,20,27
3717,17,358
3717,17,353
3717,17,11
3717,17,71
3718,16,38
3718,16,39
3719,10,259
3719,10,501
3719,10,123
3720,10,94
3720,10,390
3721,16,128
3722,15,404
3722,15,175
3722,15,213
3722,15,65
3723,10,234
3724,15,146
3724,15,260
3725,19,189
3725,19,48
3726,10,98
3726,10,213
3726,10,33
3727,16,526
3727,16,780
3727,16,27
3727,16,39
3728,18,106
3728,18,40
3729,17,108
3730,15,116
3731,11,126
3731,11,147
3732,11,94
3733,17,153
3733,17,108
3733,17,149
3734,18,103
3734,18,29
3734,18,11
3735,19,35
3736,16,164
3736,16,78
3736,16,11
3736,16,101
3737,19,145
3737,19,504
3737,19,321
3737,19,158
3737,19,451
3738,11,29
3739,17,17
3739,17,116
3740,20,103
3740,20,41
3740,20,228
3740,20,232
3741,16,1180
3741,16,20
3741,16,308
3741,16,50
3742,19,437
3742,19,183
3742,19,377
3743,18,60
3743,18,119
3744,16,302
3744,16,114
3745,15,98
3745,15,301
3746,11,8
3746,11,149
3746,11,808
3747,18,31
3748,18,62
3748,18,98
3748,18,919
3748,18,856
3749,16,45
3749,16,377
3750,16,83
3750,16,51
3751,16,115
3751,16,116
3752,18,49
3752,18,39
3753,19,901
3753,19,268
3754,19,103
3754,19,38
3754,19,33
3755,11,31
3756,17,106
3756,17,853
3756,17,114
3757,10,20
3757,10,31
3758,18,108
3758,18,48
3758,18,33
3759,18,28
3760,13,175
3760,13,918
3761,10,482
3761,10,951
3761,10,82
3762,10,145
3762,10,158
3762,10,260
3763,20,103
3763,20,386
3764,14,98
3765,15,103
3765,15,30
3765,15,65
3765,15,33
3766,20,359
3766,20,294
3766,20,82
3767,10,83
3767,10,1120
3767,10,71
3768,11,9
3768,11,603
3768,11,8
3769,11,477
3769,11,29
3769,11,328
3769,11,149
3770,10,49
3770,10,763
3771,17,422
3772,19,253
3772,19,182
3772,19,17
3772,19,216
3772,19,71
3773,19,162
3773,19,427
3774,13,100
3774,13,525
3775,10,26
3775,10,411
3775,10,27
3775,10,28
3776,13,39
3777,10,38
3777,10,246
3778,20,4
3778,20,1369
3779,15,224
3779,15,38
3780,19,984
3780,19,4
3781,17,174
3781,17,27
3781,17,50
3782,16,757
3782,16,448
3782,16,38
3782,16,39
3783,14,1
3784,14,224
3784,14,441
3784,14,577
3784,14,39
3784,14,1072
3785,20,31
3786,10,174
3786,10,65
3786,10,33
3787,18,29
3787,18,65
3787,18,546
3788,15,158
3789,17,66
3789,17,50
3789,17,51
3790,18,192
3790,18,38
3791,16,182
3791,16,17
3791,16,15
3792,17,558
3792,17,38
3793,17,145
3793,17,898
3793,17,260
3794,18,239
3794,18,82
3795,10,293
3795,10,294
3795,10,70
3796,15,108
3796,15,134
3796,15,158
3797,18,733
3797,18,15
3797,18,45
3798,11,29
3798,11,158
3798,11,11
3799,17,1
3799,17,268
3799,17,4
3800,13,207
3800,13,119
3800,13,246
3800,13,65
3801,17,5
3801,17,17
3802,15,97
3803,19,127
3804,19,294
3805,18,114
3806,16,120
3806,16,210
3806,16,59
3807,12,1127
3807,12,9
3807,12,172
3807,12,821
3808,16,140
3808,16,65
3809,15,283
3809,15,65
3809,15,47
3810,17,29
3810,17,23
3811,14,17
3812,19,11
3812,19,101
3813,13,1
3813,13,460
3813,13,20
3813,13,892
3814,15,29
3815,10,210
3816,12,98
3816,12,214
3816,12,1136
3817,11,502
3817,11,114
3818,17,103
3818,17,175
3818,17,80
3819,10,31
3819,10,102
3820,16,438
3821,17,29
3821,17,2
3821,17,85
3822,10,374
3822,10,115
3823,14,945
3824,16,175
3825,13,100
3825,13,1296
3825,13,443
3826,18,120
3826,18,735
3827,18,47
3828,16,156
3828,16,31
3828,16,257
3828,16,149
3829,12,597
3829,12,583
3829,12,50
3829,12,51
3830,10,101
3830,10,28
3831,20,50
3832,19,78
3832,19,11
3833,14,27
3833,14,367
3834,19,20
3834,19,47
3835,16,46
3835,16,28
3836,20,103
3836,20,29
3836,20,164
3836,20,11
3837,19,47
3838,18,90
3838,18,32
3839,20,81
3839,20,1106
3839,20,51
3840,17,31
3840,17,257
3840,17,165
3840,17,38
3840,17,32
3841,13,214
3842,18,100
3842,18,525
3842,18,448
3843,13,23
3843,13,420
3843,13,101
3844,15,484
3844,15,51
3844,15,53
3845,11,34
3845,11,11
3845,11,258
3846,17,29
3846,17,11
3847,17,29
3847,17,11
3847,17,93
3847,17,101
3848,13,282
3848,13,82
3849,20,47
3850,15,221
3850,15,17
3851,14,6
3851,14,4
3851,14,11
3852,16,71
3853,15,282
3853,15,158
3853,15,908
3853,15,128
3853,15,96
3854,10,493
3854,10,278
3854,10,384
3854,10,1423
3854,10,116
3855,20,34
3855,20,465
3855,20,31
3855,20,14
3856,17,506
3856,17,122
3857,19,98
3857,19,301
3858,11,4
3858,11,93
3859,16,47
3859,16,71
3860,18,146
3860,18,158
3861,17,98
3862,16,114
3863,10,627
3863,10,47
3864,13,21
3865,10,158
3866,10,47
3867,20,108
3867,20,157
3868,19,40
3868,19,103
3868,19,410
3868,19,386
3868,19,75
3869,19,23
3869,19,19
3870,20,219
3870,20,115
3870,20,15
3871,11,108
3871,11,29
3871,11,94
3872,20,174
3872,20,246
3872,20,33
3873,18,108
3874,11,442
3874,11,96
3875,12,10
3875,12,115
3875,12,1248
3875,12,246
3875,12,188
3876,16,735
3876,16,115
3877,10,112
3878,18,107
3878,18,78
3879,13,31
3879,13,412
3880,20,17
3880,20,27
3881,18,155
3881,18,29
3881,18,157
3882,12,924
3882,12,45
3883,18,158
3884,20,175
3884,20,273
3885,18,55
3885,18,47
3886,17,47
3886,17,802
3886,17,556
3886,17,232
3887,10,23
3887,10,147
3888,18,11
3889,20,149
3890,10,448
3891,13,29
3891,13,115
3891,13,188
3892,13,81
3892,13,17
3892,13,4
3893,17,17
3894,18,661
3894,18,49
3894,18,39
3895,13,113
3895,13,777
3895,13,132
3895,13,51
3895,13,38
3896,15,95
3897,15,210
3897,15,78
3897,15,600
3898,13,121
3898,13,91
3898,13,78
3899,18,151
3900,13,22
3900,13,116
3900,13,930
3901,11,8
3901,11,11
3901,11,71
3902,13,249
3902,13,741
3903,16,108
3903,16,397
3903,16,149
3903,16,93
3904,20,38
3905,13,31
3906,14,1
3906,14,1504
3907,12,150
3908,20,110
3908,20,113
3908,20,38
3908,20,43
3908,20,198
3909,17,80
3910,17,174
3910,17,179
3911,12,175
3912,11,108
3912,11,100
3913,15,213
3913,15,33
3914,18,186
3914,18,47
3915,18,23
3915,18,101
3916,10,256
3916,10,152
3917,18,182
3917,18,116
3918,19,98
3918,19,214
3919,16,17
3919,16,116
3920,15,99
3920,15,126
3920,15,357
3920,15,132
3921,15,386
3921,15,268
3921,15,271
3922,13,156
3922,13,149
3922,13,634
3923,11,66
3923,11,340
3923,11,20
3923,11,50
3924,18,362
3924,18,103
3924,18,246
3924,18,33
3925,15,47
3926,17,145
3926,17,447
3926,17,92
3927,13,29
3927,13,420
3928,17,29
3929,20,47
3929,20,71
3930,18,193
3931,20,38
3932,11,39
3933,17,40
3933,17,31
3933,17,71
3934,20,38
3934,20,39
3934,20,393
3935,16,21
3936,20,86
3936,20,9
3936,20,4
3937,15,17
3938,16,174
3939,19,265
3939,19,15
3939,19,116
3940,17,47
3940,17,50
3940,17,246
3940,17,105
3941,15,9
3941,15,11
3942,16,31
3943,11,45
3944,12,17
3944,12,45
3945,12,4
3945,12,115
3945,12,116
3946,11,219
3946,11,220
3946,11,514
3947,16,1
3947,16,9
3948,14,50
3949,17,29
3949,17,149
3950,18,1
3950,18,235
3950,18,85
3950,18,119
3951,17,33
3952,16,945
3952,16,244
3953,15,113
3953,15,95
3953,15,38
3954,16,80
3955,15,386
3955,15,80
3956,19,124
3956,19,51
3956,19,1265
3957,12,113
3957,12,130
3957,12,38
3957,12,560
3958,19,49
3958,19,38
3958,19,39
3959,12,29
3959,12,115
3959,12,188
3960,20,82
3960,20,70
3961,10,9
3962,16,9
3962,16,8
3962,16,587
3963,16,490
3964,19,73
3964,19,20
3964,19,114
3965,13,114
3966,19,122
3966,19,47
3967,18,174
3967,18,175
3968,11,47
3969,17,771
3969,17,140
3970,16,90
3970,16,29
3970,16,149
3971,15,50
3971,15,53
3972,18,108
3972,18,553
3972,18,1035
3973,13,114
3974,11,126
3974,11,31
3974,11,380
3974,11,469
3975,16,29
3975,16,10
3976,17,27
3976,17,179
3977,18,31
3978,18,47
3978,18,410
3978,18,358
3978,18,71
3979,19,114
3980,15,17
3981,14,175
3981,14,27
3981,14,359
3982,20,251
3982,20,127
3982,20,252
3982,20,741
3983,16,390
3983,16,33
3984,18,149
3985,19,108
3985,19,553
3985,19,157
3985,19,43
3986,18,933
3986,18,47
3987,16,31
3987,16,78
3987,16,11
3988,19,111
3988,19,96
3989,10,1
3989,10,34
3989,10,472
3989,10,31
3990,16,390
3990,16,33
3991,17,153
3991,17,149
3992,17,372
3993,15,49
3993,15,39
3994,20,196
3994,20,114
3995,14,298
3995,14,70
3995,14,154
3996,11,55
3997,15,296
3997,15,1410
3997,15,95
3998,19,78
3998,19,369
3999,15,248
3999,15,174
3999,15,429
4000,10,6
4000,10,4
4000,10,11
4000,10,348
4001,12,29
4001,12,93
4002,11,11
4002,11,82
4003,11,38
4003,11,560
4004,13,387
4004,13,242
4004,13,4
4005,20,110
4005,20,436
4005,20,1488
4005,20,246
4006,19,34
4006,19,31
4006,19,335
4007,18,112
4007,18,122
4008,20,27
4008,20,70
4009,18,984
4009,18,927
4009,18,82
4009,18,96
4009,18,70
4010,17,98
4010,17,65
4011,16,385
4011,16,17
4011,16,116
4012,19,103
4012,19,47
4013,19,113
4013,19,38
4013,19,560
4014,15,328
4014,15,149
4015,19,34
4015,19,235
4015,19,358
4015,19,354
4016,13,51
4017,15,113
4017,15,760
4017,15,38
4018,15,29
4018,15,115
4018,15,71
4019,10,20
4019,10,44
4020,16,31
4021,15,174
4021,15,27
4021,15,367
4021,15,141
4022,18,103
4022,18,10
4022,18,11
4022,18,70
4022,18,232
4023,18,108
4023,18,90
4023,18,29
4024,14,220
4024,14,152
4024,14,150
4025,10,940
4025,10,385
4025,10,1030
4026,15,156
4026,15,148
4026,15,149
4027,15,40
4027,15,103
4027,15,23
4028,12,34
4028,12,31
4028,12,71
4029,18,29
4030,20,20
4030,20,38
4031,20,114
4032,12,29
4032,12,80
4032,12,51
4033,12,1092
4033,12,395
4034,15,495
4034,15,151
4034,15,321
4034,15,158
4034,15,260
4035,11,926
4035,11,9
4035,11,29
4035,11,101
4035,11,147
4036,16,210
4036,16,419
4036,16,78
4037,20,199
4038,19,78
4038,19,114
4039,18,4
4039,18,11
4040,11,756
4040,11,38
4040,11,39
4041,19,9
4041,19,11
4042,20,155
4043,14,93
4043,14,70
4044,15,811
4045,19,376
4045,19,82
4046,17,484
4046,17,51
4046,17,114
4047,17,9
4047,17,491
4048,12,5
4048,12,17
4048,12,216
4049,15,38
4050,15,372
4051,14,9
4051,14,8
4052,15,476
4052,15,38
4053,16,38
4054,18,45
4055,10,23
4056,11,106
4057,12,9
4057,12,32
4058,18,31
4059,20,9
4060,12,352
4061,16,17
4061,16,27
4062,10,4
4062,10,114
4063,19,49
4063,19,38
4063,19,39
4063,19,393
4064,14,33
4065,10,17
4065,10,15
4065,10,116
4065,10,45
4065,10,12
4066,12,103
4066,12,80
4067,15,4
4067,15,11
4068,12,11
4069,12,35
4069,12,11
4070,10,294
4071,20,34
4071,20,156
4071,20,31
4071,20,349
4072,19,29
4073,16,145
4073,16,752
4073,16,553
4074,12,527
4075,19,34
4076,16,175
4077,20,51
4078,18,17
4078,18,15
4078,18,116
4079,20,622
4079,20,38
4079,20,39
4080,17,442
4080,17,315
4080,17,1025
4080,17,38
4080,17,43
4081,11,22
4081,11,23
4081,11,11
4082,19,151
4082,19,31
4083,15,298
4083,15,70
4084,17,10
4084,17,4
4084,17,11
4085,18,586
4085,18,20
4085,18,95
4085,18,38
4086,12,90
4087,17,47
4087,17,105
4088,10,20
4088,10,47
4089,19,9
4090,14,10
4090,14,8
4091,18,78
4091,18,93
4092,20,38
4093,17,11
4093,17,119
4094,14,98
4095,17,8
4096,19,149
4097,17,50
4097,17,51
4098,16,115
4098,16,116
4099,20,164
4099,20,11
4099,20,93
4100,17,108
4101,18,139
4101,18,20
4101,18,38
4102,15,484
4102,15,23
4102,15,196
4102,15,51
4102,15,114
4103,10,108
4103,10,246
4104,13,107
4104,13,454
4104,13,70
4105,13,375
4105,13,54
4105,13,892
4106,20,31
4106,20,32
4107,16,31
4107,16,158
4107,16,352
4107,16,82
4108,17,38
4109,18,608
4109,18,85
4109,18,19
4110,13,268
4110,13,491
4110,13,973
4110,13,123
4111,12,11
4112,13,78
4112,13,11
4112,13,334
4113,19,52
4113,19,50
4114,16,426
4114,16,6
4114,16,4
4114,16,11
4115,11,34
4115,11,123
4115,11,258
4116,14,31
4117,15,101
4118,20,501
4118,20,223
4118,20,96
4119,11,31
4119,11,32
4120,20,110
4120,20,646
4120,20,38
4121,16,175
4122,13,31
4122,13,70
4123,16,232
4124,19,22
4124,19,29
4124,19,314
4125,17,106
4125,17,268
4125,17,342
4125,17,365
4126,17,51
4126,17,39
4127,18,467
4127,18,38
4128,17,224
4128,17,38
4129,11,40
4129,11,75
4129,11,47
4130,16,38
4130,16,141
4131,20,103
4131,20,22
4131,20,29
4131,20,360
4132,10,29
4132,10,4
4133,15,34
4133,15,186
4133,15,268
4134,13,98
4134,13,214
4134,13,247
4134,13,301
4134,13,38
4135,17,17
4135,17,15
4135,17,116
4136,13,123
4137,16,390
4137,16,33
4138,16,112
4138,16,79
4139,16,9
4139,16,172
4140,20,103
4140,20,386
4140,20,47
4141,20,78
4141,20,11
4141,20,101
4142,12,9
4142,12,2
4143,20,82
4144,17,106
4144,17,29
4144,17,10
4144,17,11
4144,17,114
4145,18,29
4145,18,827
4146,10,9
4146,10,210
4146,10,186
4146,10,31
4147,11,9
4148,15,33
4149,19,34
4149,19,31
4149,19,216
4150,19,4
4150,19,11
4151,18,34
4151,18,660
4152,10,11
4152,10,93
4153,18,296
4153,18,95
4154,15,17
4155,16,105
4156,19,31
4156,19,246
4157,18,51
4157,18,147
4158,17,145
4158,17,321
4159,14,293
4159,14,70
4160,20,110
4160,20,1242
4160,20,113
4160,20,443
4160,20,111
4161,10,9
4162,15,622
4162,15,39
4163,15,50
4164,20,9
4165,16,71
4166,15,312
4166,15,95
4167,17,145
4167,17,151
4168,20,112
4169,20,9
4169,20,4
4170,18,384
4170,18,385
4170,18,17
4170,18,116
4171,17,664
4171,17,381
4171,17,151
4171,17,1043
4172,14,34
4172,14,51
4172,14,96
4173,19,54
4173,19,199
4173,19,51
4174,16,483
4175,10,609
4176,13,182
4176,13,228
4176,13,45
4177,16,324
4177,16,71
4178,10,108
4178,10,96
4179,20,373
4179,20,29
4179,20,11
4179,20,177
4180,13,38
4181,11,371
4182,15,178
4182,15,248
4182,15,174
4183,13,103
4183,13,15
4183,13,116
4184,12,17
4185,18,210
4185,18,246
4186,16,50
4186,16,51
4186,16,53
4187,16,112
4187,16,175
4188,17,182
4188,17,26
4188,17,513
4189,10,22
4189,10,29
4189,10,23
4190,15,68
4190,15,101
4191,18,23
4192,14,34
4192,14,49
4192,14,44
4193,16,10
4194,17,622
4194,17,39
4195,11,753
4195,11,100
4195,11,134
4195,11,935
4196,13,22
4196,13,115
4196,13,246
4197,20,80
4198,18,34
4198,18,31
4198,18,32
4199,20,31
4200,12,121
4200,12,148
4200,12,32
4201,13,31
4201,13,149
4202,13,66
4202,13,314
4203,11,282
4203,11,82
4204,12,83
4205,17,111
4206,17,358
4206,17,11
4206,17,47
4207,10,34
4207,10,293
4208,18,129
4208,18,210
4209,10,757
4209,10,448
4209,10,38
4210,16,537
4211,11,700
4211,11,718
4211,11,115
4211,11,673
4212,11,17
4213,16,29
4213,16,6
4213,16,11
4213,16,147
4214,18,162
4214,18,210
4214,18,32
4215,17,29
4215,17,4
4216,13,38
4216,13,39
4217,17,127
4217,17,252
4218,11,663
4218,11,11
4218,11,70
4219,15,9
4219,15,29
4219,15,11
4219,15,96
4220,15,35
4220,15,574
4221,16,16
4221,16,78
4221,16,11
4222,15,29
4222,15,23
4222,15,11
4222,15,246
4222,15,28
4223,16,800
4223,16,76
4224,18,1104
4224,18,844
4224,18,175
4225,11,101
4226,15,34
4226,15,305
4226,15,123
4227,16,34
4227,16,31
4228,17,50
4228,17,147
4229,14,17
4229,14,348
4230,20,34
4230,20,31
4230,20,165
4231,12,106
4232,17,303
4232,17,158
4232,17,95
4233,15,236
4233,15,232
4233,15,71
4234,11,909
4235,12,62
4235,12,98
4235,12,204
4235,12,247
4235,12,301
4236,17,182
4236,17,697
4236,17,15
4236,17,806
4237,16,4
4237,16,11
4238,19,33
4239,12,19
4239,12,28
4240,15,20
4240,15,11
4241,16,22
4241,16,115
4242,15,126
4242,15,174
4242,15,175
4242,15,918
4242,15,27
4243,16,340
4243,16,53
4244,15,107
4244,15,4
4244,15,11
4244,15,93
4245,12,632
4245,12,244
4245,12,105
4246,19,98
4246,19,174
4247,10,247
4247,10,301
4248,20,586
4248,20,358
4248,20,38
4249,15,23
4250,14,10
4251,18,47
4252,20,66
4252,20,50
4253,14,114
4254,16,308
4254,16,132
4254,16,51
4255,13,103
4255,13,174
4256,10,135
4256,10,260
4257,17,17
4258,16,410
4258,16,47
4259,12,108
4260,14,124
4260,14,4
4260,14,7
4260,14,114
4261,15,979
4261,15,27
4262,13,314
4262,13,65
4262,13,177
4263,11,37
4263,11,50
4263,11,51
4264,11,26
4264,11,80
4264,11,28
4265,10,106
4265,10,74
4265,10,159
4265,10,82
4266,18,31
4267,10,29
4268,10,113
4268,10,38
4269,16,17
4269,16,11
4269,16,101
4270,19,53
4271,12,593
4271,12,78
4271,12,246
4271,12,101
4271,12,65
4272,11,27
4273,16,94
4273,16,301
4273,16,389
4274,14,108
4275,20,395
4275,20,36
4276,20,22
4276,20,29
4276,20,23
4277,18,842
4278,17,6
4278,17,23
4278,17,4
4278,17,11
4279,12,9
4279,12,8
4280,15,34
4280,15,186
4280,15,31
4281,15,17
4282,18,113
4282,18,38
4282,18,43
4282,18,560
4283,20,78
4284,15,308
4284,15,80
4284,15,50
4285,16,6
4285,16,4
4285,16,11
4286,20,162
4286,20,29
4286,20,10
4286,20,78
4286,20,11
4287,13,517
4287,13,147
4288,17,439
4288,17,164
4288,17,328
4288,17,149
4289,20,11
4290,18,78
4290,18,101
4291,16,98
4292,15,29
4293,19,29
4293,19,4
4294,11,106
4294,11,491
4295,19,11
4296,11,589
4296,11,1015
4296,11,200
4297,14,82
4298,16,400
4298,16,509
4299,13,93
4300,15,269
4300,15,314
4300,15,152
4301,18,201
4301,18,256
4301,18,149
4301,18,11
4302,11,278
4303,10,52
4303,10,51
4304,11,298
4304,11,149
4305,13,17
4305,13,45
4306,10,114
4306,10,190
4307,19,204
4308,12,172
4309,12,47
4310,20,9
4310,20,355
4311,10,47
4312,12,6
4312,12,14
4312,12,4
4312,12,965
4313,13,29
4314,20,8
4315,18,726
4315,18,34
4315,18,186
4316,13,33
4317,16,158
4318,11,662
4318,11,80
4318,11,71
4319,15,31
4319,15,353
4319,15,82
4319,15,346
4320,15,50
4321,12,141
4322,20,106
4322,20,31
4322,20,47
4323,15,31
4324,19,313
4324,19,696
4324,19,288
4324,19,296
4324,19,31
4325,14,101
4325,14,28
4326,14,33
4327,11,95
4327,11,199
4327,11,452
4328,19,228
4328,19,23
4328,19,31
4329,16,26
4329,16,27
4329,16,179
4330,18,293
4330,18,294
4330,18,70
4331,10,233
4332,10,10
4332,10,213
4332,10,71
4333,19,175
4333,19,213
4334,16,29
4334,16,80
4334,16,246
4335,10,27
4336,19,90
4337,17,4
4337,17,11
4338,18,192
4338,18,38
4338,18,227
4339,14,386
4339,14,268
4339,14,1097
4340,15,192
4340,15,44
4341,15,372
4341,15,23
4341,15,71
4342,15,29
4342,15,115
4343,19,8
4343,19,152
4344,13,29
4344,13,23
4345,19,1
4345,19,103
4345,19,29
4346,11,108
4347,19,29
4347,19,23
4348,16,340
4348,16,53
4349,13,472
4349,13,268
4349,13,31
4349,13,1156
4350,10,108
4350,10,22
4350,10,196
4351,12,70
4351,12,272
4352,20,47
4353,10,110
4353,10,130
4353,10,43
4354,18,9
4354,18,10
4354,18,11
4355,18,31
4356,17,47
4357,16,1
4357,16,34
4358,13,55
4358,13,105
4359,14,29
4359,14,23
4360,14,100
4361,15,828
4362,11,1
4362,11,472
4362,11,35
4362,11,416
4363,15,11
4364,16,11
4364,16,47
4365,18,27
4366,15,66
4366,15,50
4367,12,1351
4368,19,34
4368,19,31
4369,17,33
4370,20,110
4370,20,113
4370,20,445
4371,10,235
4371,10,164
4371,10,513
4372,20,174
4373,20,814
4373,20,865
4373,20,97
4374,15,95
4375,20,47
4375,20,17
4375,20,179
4376,18,312
4376,18,95
4376,18,1086
4377,14,182
4377,14,17
4377,14,14
4378,17,149
4378,17,433
4379,15,71
4380,18,114
4380,18,190
4381,17,106
4382,17,66
4382,17,37
4382,17,50
4382,17,365
4383,17,29
4383,17,10
4384,12,80
4384,12,82
4385,13,108
4385,13,90
4386,16,182
4386,16,17
4386,16,21
4386,16,116
4386,16,96
4387,17,103
4387,17,33
4388,17,17
4388,17,115
4389,16,50
4390,16,149
4391,17,73
4391,17,126
4391,17,15
4391,17,469
4392,19,103
4392,19,33
4393,20,29
4393,20,246
4394,11,669
4394,11,51
4395,10,174
4395,10,35
4396,10,1098
4396,10,462
4396,10,374
4396,10,149
4397,15,218
4398,13,120
4398,13,500
4398,13,64
4399,12,120
4399,12,80
4399,12,59
4399,12,159
4400,17,34
4400,17,31
4400,17,102
4401,17,95
4402,15,4
4402,15,11
4403,14,38
4403,14,750
4404,20,338
4404,20,51
4404,20,38
4405,17,326
4405,17,20
4406,11,113
4406,11,431
4406,11,38
4406,11,39
4406,11,412
4407,12,282
4408,15,586
4408,15,20
4409,17,101
4410,14,342
4410,14,365
4411,16,31
4412,20,239
4413,10,98
4413,10,94
4414,19,114
4414,19,766
4415,11,397
4416,16,135
4417,11,98
4417,11,363
4417,11,214
4418,19,37
4418,19,50
4419,15,27
4420,19,103
4420,19,386
4420,19,80
4420,19,47
4421,20,110
4421,20,315
4421,20,1025
4421,20,38
4422,18,156
4422,18,434
4422,18,38
4423,19,50
4423,19,246
4424,15,10
4425,17,218
4425,17,9
4426,16,116
4427,17,27
4428,18,578
4428,18,50
4428,18,51
4429,19,41
4429,19,23
4429,19,10
4429,19,119
4430,12,22
4430,12,23
4431,18,71
4432,20,175
4433,16,178
4433,16,179
4434,15,23
4435,14,97
4436,14,121
4436,14,409
4436,14,159
4436,14,11
4437,11,221
4437,11,108
4437,11,96
4438,15,103
4438,15,11
4438,15,101
4439,18,289
4439,18,31
4440,20,29
4441,14,294
4441,14,427
4441,14,82
4442,10,103
4442,10,38
4442,10,246
4443,11,31
4443,11,32
4444,10,48
4444,10,33
4445,16,484
4445,16,51
4446,11,23
4447,20,182
4447,20,17
4447,20,261
4448,10,382
4449,17,103
4449,17,47
4450,10,8
4451,18,80
4451,18,4
4451,18,11
4452,13,158
4452,13,11
4453,18,1
4453,18,731
4453,18,460
4454,15,108
4455,16,298
4455,16,1132
4455,16,378
4456,16,17
4456,16,78
4456,16,15
4456,16,183
4456,16,116
4457,14,31
4457,14,123
4458,20,114
4459,18,201
4459,18,172
4459,18,416
4460,17,115
4460,17,33
4461,10,41
4462,19,35
4462,19,23
4462,19,119
4463,14,94
4464,12,192
4464,12,38
4464,12,194
4465,10,490
4465,10,117
4465,10,529
4466,18,34
4466,18,31
4466,18,896
4466,18,352
4466,18,93
4467,19,17
4468,17,29
4468,17,10
4468,17,4
4469,20,6
4470,19,22
4470,19,255
4470,19,4
4470,19,116
4471,20,936
4471,20,382
4471,20,82
4471,20,509
4472,18,29
4472,18,11
4473,20,371
4473,20,114
4474,10,257
4475,16,2
4475,16,114
4476,16,106
4476,16,568
4476,16,4
4476,16,114
4477,15,38
4478,17,106
4478,17,114
4479,18,244
4479,18,112
4479,18,50
4479,18,51
4480,16,29
4480,16,115
4480,16,188
4481,16,922
4481,16,306
4481,16,1115
4481,16,115
4482,15,160
4482,15,48
4482,15,193
4483,13,114
4483,13,101
4484,16,15
4485,11,338
4485,11,50
4485,11,51
4485,11,38
4485,11,468
4486,16,60
4486,16,59
4487,15,29
4487,15,246
4488,16,9
4488,16,4
4488,16,93
4489,16,146
4489,16,158
4489,16,128
4490,17,29
4490,17,20
4490,17,11
4490,17,93
4491,20,26
4491,20,453
4491,20,28
4492,10,26
4492,10,27
4493,10,17
4493,10,4
4494,10,22
4494,10,78
4495,17,23
4495,17,309
4496,11,80
4496,11,88
4496,11,4
4497,20,95
4497,20,97
4498,13,110
4499,15,9
4499,15,4
4499,15,11
4499,15,93
4500,15,121
4500,15,208
4500,15,190
4501,17,224
4501,17,192
4501,17,227
4502,20,29
4502,20,23
4502,20,164
4503,20,90
4503,20,29
4503,20,10
4504,15,106
4504,15,114
4505,10,484
4505,10,234
4505,10,114
4506,20,2
4507,19,108
4507,19,10
4508,15,6
4508,15,4
4509,15,340
4509,15,53
4510,16,8
4511,19,110
4511,19,760
4511,19,38
4511,19,96
4512,19,248
4512,19,114
4513,16,158
4514,19,283
4514,19,17
4514,19,82
4515,12,8
4516,17,29
4516,17,327
4516,17,260
4517,19,113
4517,19,38
4518,17,29
4518,17,10
4518,17,78
4518,17,11
4519,12,404
4520,18,192
4520,18,31
4520,18,38
4521,20,100
4521,20,525
4521,20,935
4522,13,100
4522,13,552
4522,13,448
4523,17,342
4524,16,98
4524,16,247
4524,16,301
4525,20,29
4526,16,17
4526,16,116
4527,18,49
4527,18,38
4527,18,246
4528,19,20
4528,19,37
4528,19,50
4528,19,51
4529,20,106
4529,20,55
4530,15,26
4530,15,23
4530,15,693
4530,15,11
4530,15,511
4531,16,106
4532,16,267
4532,16,27
4532,16,38
4532,16,39
4533,12,210
4533,12,31
4534,18,8
4534,18,409
4534,18,742
4535,11,108
4536,16,29
4537,13,108
4537,13,148
4538,13,108
4538,13,321
4539,15,120
4539,15,567
4539,15,8
4539,15,59
4539,15,464
4540,17,303
4540,17,95
4540,17,325
4541,15,16
4541,15,1070
4541,15,149
4542,11,361
4542,11,31
4543,15,10
4543,15,115
4543,15,188
4544,16,1
4544,16,126
4545,11,78
4545,11,310
4546,10,29
4546,10,78
4546,10,4
4546,10,11
4547,12,175
4547,12,1054
4547,12,45
4548,17,584
4548,17,1176
4549,11,98
4549,11,127
4549,11,516
4550,16,145
4550,16,31
4550,16,158
4550,16,93
4550,16,258
4551,18,45
4552,17,187
4553,18,29
4553,18,23
4553,18,101
4554,11,192
4554,11,38
4554,11,227
4554,11,32
4555,11,587
4556,19,129
4556,19,328
4556,19,149
4556,19,96
4557,18,121
4557,18,29
4557,18,10
4558,19,78
4558,19,101
4559,15,426
4559,15,477
4559,15,29
4559,15,10
4559,15,4
4560,20,6
4560,20,88
4560,20,4
4560,20,7
4561,10,22
4561,10,358
4561,10,571
4562,19,34
4562,19,9
4562,19,355
4562,19,31
4563,17,29
4563,17,10
4563,17,8
4564,13,33
4565,19,458
4565,19,156
4565,19,149
4565,19,123
4566,13,11
4566,13,93
4567,13,103
4567,13,121
4568,10,27
4568,10,96
4568,10,141
4569,19,9
4569,19,186
4569,19,1013
4570,14,228
4570,14,493
4571,16,29
4571,16,23
4571,16,10
4572,16,23
4572,16,1243
4573,11,584
4574,10,34
4574,10,31
4574,10,14
4575,14,169
4575,14,29
4575,14,246
4576,11,333
4576,11,151
4576,11,111
4577,14,98
4577,14,771
4578,11,67
4578,11,126
4578,11,11
4578,11,82
4578,11,70
4579,17,71
4579,17,105
4580,11,17
4580,11,142
4580,11,143
4581,10,22
4581,10,255
4581,10,116
4582,10,29
4582,10,31
4582,10,294
4583,12,98
4583,12,771
4583,12,247
4584,17,282
4584,17,80
4584,17,82
4584,17,957
4585,20,17
4585,20,216
4586,11,29
4586,11,47
4587,13,108
4587,13,1056
4587,13,164
4588,14,29
4588,14,23
4589,16,29
4590,19,108
4590,19,103
4590,19,164
4591,15,110
4592,18,106
4592,18,107
4592,18,158
4592,18,114
4592,18,93
4593,16,34
4593,16,31
4593,16,257
4594,18,47
4595,17,115
4595,17,71
4596,16,436
4596,16,31
4596,16,32
4597,19,95
4597,19,38
4598,19,34
4598,19,31
4598,19,257
4598,19,38
4598,19,32
4599,11,272
4600,20,22
4600,20,182
4600,20,116
4601,13,108
4601,13,29
4601,13,171
4602,12,49
4602,12,1145
4602,12,39
4603,18,106
4603,18,75
4603,18,11
4604,20,106
4604,20,47
4605,11,6
4606,17,74
4606,17,65
4607,11,22
4607,11,477
4607,11,29
4607,11,23
4608,15,158
4609,12,1240
4609,12,149
4610,13,34
4610,13,31
4610,13,161
4610,13,28
4611,15,239
4611,15,82
4612,13,115
4612,13,246
4613,15,97
4614,12,174
4615,20,51
4615,20,53
4616,15,473
4616,15,278
4616,15,385
4616,15,96
4616,15,291
4617,12,17
4617,12,15
4617,12,11
4617,12,116
4617,12,45
4618,18,31
4618,18,32
4619,13,47
4619,13,71
4620,16,328
4620,16,149
4621,15,121
4621,15,29
4621,15,8
4621,15,11
4622,18,145
4622,18,95
4623,10,66
4624,18,6
4624,18,4
4624,18,11
4624,18,19
4625,11,733
4625,11,31
4625,11,70
4626,18,31
4627,11,467
4627,11,49
4627,11,39
4628,18,52
4628,18,50
4628,18,53
4628,18,65
4629,18,103
4629,18,29
4629,18,149
4630,19,27
4631,13,405
4631,13,17
4631,13,15
4631,13,116
4631,13,45
4632,13,11
4632,13,93
4633,19,382
4633,19,82
4633,19,71
4634,10,709
4634,10,38
4634,10,39
4635,11,9
4635,11,31
4636,17,34
4636,17,31
4637,16,174
4638,17,113
4638,17,38
4639,17,393
4640,17,49
4640,17,39
4640,17,393
4641,20,78
4641,20,402
4641,20,11
4641,20,93
4642,15,771
4642,15,140
4642,15,517
4643,12,145
4643,12,698
4643,12,448
4644,15,115
4644,15,82
4644,15,45
4645,11,529
4646,19,149
4646,19,569
4647,15,100
4647,15,224
4647,15,95
4647,15,51
4648,20,362
4648,20,321
4648,20,135
4648,20,260
4649,20,278
4649,20,116
4649,20,143
4650,19,114
4651,12,51
4652,15,78
4653,17,180
4653,17,27
4653,17,141
4654,16,29
4655,15,100
4655,15,552
4655,15,97
4656,10,107
4656,10,10
4656,10,93
4657,20,15
4657,20,39
4657,20,44
4658,14,844
4658,14,352
4659,16,384
4659,16,278
4659,16,808
4659,16,116
4660,11,113
4660,11,192
4660,11,38
4660,11,39
4661,14,47
4662,20,6
4662,20,80
4662,20,4
4662,20,11
4663,18,149
4664,16,50
4664,16,105
4665,15,71
4665,15,28
4666,14,34
4666,14,31
4667,13,45
4668,20,9
4668,20,10
4669,18,95
4670,19,29
4670,19,10
4671,11,174
4671,11,1004
4672,15,15
4672,15,183
4672,15,116
4673,16,9
4673,16,11
4674,16,27
4675,13,221
4676,20,405
4676,20,45
4677,10,282
4677,10,749
4678,20,443
4679,19,6
4679,19,4
4679,19,11
4679,19,93
4680,16,11
4681,15,27
4681,15,367
4681,15,33
4682,12,324
4682,12,149
4683,17,135
4683,17,114
4684,20,110
4684,20,113
4684,20,38
4685,18,80
4685,18,556
4686,15,11
4686,15,7
4686,15,147
4687,18,29
4688,15,248
4688,15,460
4688,15,20
4688,15,93
4689,16,34
4689,16,31
4689,16,123
4690,16,40
4690,16,83
4691,12,103
4691,12,595
4691,12,11
4691,12,93
4691,12,101
4692,18,754
4692,18,128
4692,18,96
4692,18,346
4693,16,31
4693,16,745
4694,17,9
4694,17,6
4694,17,35
4694,17,23
4694,17,47
4695,15,9
4696,17,31
4697,14,1094
4697,14,11
4697,14,71
4698,10,289
4698,10,34
4698,10,305
4698,10,31
4699,17,149
4700,19,134
4700,19,321
4700,19,525
4701,19,362
4701,19,753
4701,19,1299
4702,16,374
4702,16,115
4703,15,40
4703,15,75
4703,15,11
4704,10,33
4705,18,814
4705,18,1534
4705,18,97
4706,15,115
4707,19,130
4707,19,43
4708,14,249
4708,14,99
4708,14,772
4708,14,771
4708,14,252
4709,17,175
4709,17,382
4710,16,17
4710,16,15
4710,16,116
4710,16,12
4711,16,324
4711,16,71
4712,16,9
4713,14,29
4713,14,11
4713,14,101
4714,18,20
4714,18,31
4714,18,123
4715,12,174
4715,12,17
4715,12,15
4715,12,116
4715,12,45
4716,19,31
4717,19,9
4717,19,1013
4718,17,126
4718,17,53
4718,17,96
4719,13,106
4719,13,34
4719,13,102
4720,17,164
4720,17,11
4720,17,93
4720,17,101
4721,14,29
4721,14,23
4721,14,11
4722,19,73
4722,19,797
4722,19,38
4723,15,39
4724,15,31
4724,15,38
4725,20,845
4725,20,47
4726,17,110
4726,17,38
4726,17,480
4727,12,29
4727,12,140
4727,12,1248
4728,15,31
4729,18,29
4730,10,29
4730,10,8
4730,10,4
4730,10,149
4730,10,11
4731,15,108
4732,15,106
4733,10,98
4733,10,204
4734,18,593
4734,18,29
4734,18,101
4735,10,1151
4735,10,95
4735,10,138
4736,15,32
4736,15,34
4736,15,31
4736,15,257
4736,15,480
4737,16,442
4737,16,896
4738,13,107
4738,13,78
4739,16,108
4739,16,90
4740,19,29
4741,15,95
4742,10,1
4742,10,278
4742,10,13
4742,10,270
4743,19,38
4744,14,17
4745,20,441
4745,20,38
4745,20,39
4746,19,374
4746,19,4
4746,19,149
4746,19,324
4746,19,784
4747,12,100
4748,16,362
4748,16,108
4748,16,22
4748,16,157
4749,15,156
4749,15,430
4750,15,156
4750,15,361
4750,15,149
4750,15,152
4751,17,113
4751,17,39
4752,11,292
4752,11,183
4753,19,192
4753,19,38
4753,19,44
4754,18,31
4754,18,257
4755,17,98
4755,17,301
4755,17,33
4756,10,9
4756,10,93
4756,10,246
4756,10,233
4757,20,149
4758,17,17
4758,17,45
4759,11,114
4760,19,98
4760,19,185
4760,19,157
4761,20,308
4761,20,50
4761,20,51
4762,20,164
4762,20,374
4762,20,115
4763,19,98
4763,19,375
4764,19,103
4764,19,29
4764,19,807
4764,19,11
4765,15,74
4765,15,82
4766,20,82
4766,20,71
4767,19,119
4768,15,246
4768,15,33
4769,20,17
4770,12,303
4770,12,371
4770,12,114
4771,19,108
4772,18,212
4773,20,590
4773,20,175
4774,16,345
4774,16,16
4774,16,31
4774,16,123
4775,11,29
4775,11,11
4775,11,101
4776,19,17
4776,19,15
4777,15,108
4778,18,158
4778,18,159
4779,19,367
4780,20,11
4781,10,184
4781,10,45
4782,19,586
4782,19,20
4782,19,38
4782,19,44
4783,19,267
4783,19,38
4783,19,39
4784,15,313
4784,15,95
4784,15,703
4785,12,95
4785,12,203
4786,17,17
4786,17,45
4787,18,29
4788,17,31
4788,17,257
4788,17,246
4789,19,38
4789,19,39
4789,19,246
4790,15,150
4791,14,945
4791,14,11
4791,14,101
4792,15,17
4793,18,78
4793,18,4
4793,18,11
4794,17,174
4794,17,27
4794,17,429
4795,20,495
4795,20,158
4795,20,260
4796,13,51
4797,11,95
4797,11,96
4798,11,928
4798,11,853
4798,11,114
4799,20,50
4799,20,53
4800,15,29
4800,15,23
4800,15,101
4801,15,115
4801,15,188
4802,18,49
4802,18,431
4802,18,111
4802,18,96
4802,18,39
4803,19,34
4804,10,50
4805,15,129
4805,15,312
4805,15,95
4805,15,38
4806,19,29
4807,15,45
4807,15,377
4808,19,95
4808,19,43
4809,20,182
4809,20,17
4809,20,116
4810,10,268
4811,15,201
4811,15,103
4811,15,22
4812,19,11
4813,14,8
4813,14,324
4813,14,149
4813,14,96
4814,17,28
4815,15,11
4816,18,11
4817,16,26
4817,16,17
4817,16,15
4817,16,116
4817,16,70
4818,18,31
4819,20,11
4820,11,29
4820,11,23
4821,15,114
4822,19,17
4823,14,100
4823,14,448
4824,19,113
4824,19,38
4825,13,73
4825,13,112
4826,18,103
4826,18,29
4827,15,487
4827,15,8
4827,15,502
4828,20,34
4828,20,31
4829,13,289
4829,13,31
4830,16,17
4830,16,15
4830,16,464
4831,11,108
4831,11,29
4832,10,101
4833,19,29
4833,19,164
4833,19,11
4834,10,17
4835,17,47
4836,13,139
4836,13,73
4836,13,20
4836,13,47
4837,15,244
4837,15,175
4837,15,273
4838,17,31
4839,17,4
4840,17,108
4841,20,8
4841,20,409
4841,20,1059
4842,15,11
4842,15,7
4843,15,10
4843,15,78
4843,15,11
4843,15,82
4843,15,233
4844,16,50
4845,16,95
4845,16,38
4845,16,203
4846,10,246
4847,16,4
4847,16,11
4847,16,101
4848,17,108
4849,15,259
4849,15,501
4850,16,78
4851,10,26
4851,10,27
4851,10,28
4852,19,22
4852,19,29
4852,19,23
4853,15,127
4853,15,38
4853,15,96
4854,10,75
4854,10,4
4855,11,11
4856,18,996
4856,18,809
4856,18,101
4857,16,116
4858,11,31
4859,10,29
4859,10,115
4859,10,149
4860,17,37
4860,17,50
4860,17,39
4861,18,51
4861,18,101
4862,19,47
4862,19,75
4862,19,11
4862,19,71
4863,18,146
4863,18,321
4863,18,158
4864,15,108
4864,15,157
4864,15,554
4865,12,47
4865,12,50
4865,12,233
4866,15,34
4866,15,31
4867,17,109
4868,19,17
4869,20,293
4869,20,70
4870,13,512
4870,13,438
4870,13,4
4871,11,174
4871,11,213
4872,20,493
4872,20,278
4872,20,17
4872,20,8
4872,20,587
4873,12,213
4873,12,71
4874,19,29
4875,19,441
4875,19,38
4875,19,39
4876,10,29
4876,10,282
4876,10,82
4877,15,39
4878,19,148
4878,19,16
4879,10,663
4879,10,150
4880,10,122
4881,18,33
4881,18,390
4881,18,389
4882,16,47
4882,16,174
4882,16,769
4883,18,74
4883,18,796
4883,18,285
4883,18,82
4884,20,11
4885,14,29
4885,14,314
4885,14,10
4885,14,246
4885,14,76
4886,17,106
4886,17,34
4886,17,31
4886,17,96
4887,16,239
4887,16,747
4887,16,82
4888,20,204
4888,20,38
4889,15,174
4889,15,10
4889,15,114
4889,15,152
4889,15,150
4890,16,75
4890,16,80
4890,16,19
4890,16,28
4891,12,17
4891,12,374
4891,12,115
4891,12,150
4892,19,6
4892,19,220
4892,19,4
4893,19,29
4893,19,8
4893,19,1215
4894,19,252
4895,12,29
4895,12,164
4896,17,78
4897,15,1122
4897,15,9
4897,15,294
4898,20,49
4898,20,38
4898,20,39
4899,15,108
4900,15,95
4900,15,96
4900,15,43
4900,15,203
4901,16,29
4901,16,295
4902,10,75
4903,17,68
4903,17,358
4903,17,119
4904,14,465
4904,14,102
4904,14,55
4905,18,4
4905,18,11
4906,19,4
4907,18,95
4907,18,82
4907,18,47
4908,19,22
4909,15,351
4909,15,56
4909,15,53
4910,20,189
4910,20,82
4911,16,4
4912,18,17
4912,18,15
4912,18,45
4913,11,463
4913,11,115
4913,11,15
4913,11,116
4913,11,152
4914,12,8
4914,12,96
4914,12,1477
4915,17,174
4915,17,30
4915,17,27
4916,18,228
4916,18,95
4917,19,1254
4917,19,95
4918,10,4
4918,10,11
4919,16,663
4919,16,50
4919,16,51
4919,16,59
4920,18,6
4920,18,4
4920,18,7
4921,14,145
4921,14,463
4921,14,158
4921,14,409
4921,14,123
4922,15,34
4922,15,472
4922,15,361
4922,15,31
4923,12,98
4923,12,174
4924,20,493
4924,20,123
4924,20,602
4925,10,235
4925,10,876
4925,10,6
4925,10,4
4926,15,38
4927,10,38
4928,16,96
4928,16,654
4929,20,484
4929,20,4
4929,20,51
4929,20,114
4930,14,308
4931,14,91
4931,14,78
4932,19,11
4933,19,258
4934,10,1196
4934,10,352
4935,11,362
4935,11,937
4936,11,72
4936,11,799
4936,11,53
4937,20,139
4937,20,20
4937,20,119
4937,20,38
4937,20,44
4938,18,29
4938,18,164
4938,18,11
4938,18,101
4939,10,550
4940,10,1396
4940,10,31
4941,18,29
4942,15,103
4942,15,107
4942,15,164
4943,13,8
4943,13,682
4944,10,60
4944,10,650
4944,10,597
4944,10,583
4944,10,50
4945,19,1040
4945,19,51
4946,19,115
4947,10,31
4948,16,358
4948,16,23
4948,16,638
4949,15,192
4949,15,38
4950,13,1
4950,13,9
4950,13,268
4950,13,64
4951,20,667
4951,20,11
4952,10,80
4952,10,82
4952,10,47
4953,11,9
4954,19,221
4954,19,39
4954,19,393
4955,10,283
4955,10,31
4955,10,114
4955,10,82
4956,15,115
4956,15,116
4957,15,34
4957,15,31
4957,15,71
4958,14,293
4958,14,294
4959,16,175
4960,11,477
4960,11,29
4961,15,108
4962,18,251
4962,18,252
4962,18,741
4963,20,174
4963,20,175
4963,20,27
4964,13,98
4964,13,212
4965,20,34
4965,20,187
4965,20,93
4965,20,258
4966,16,11
4966,16,101
4967,18,181
4968,17,31
4968,17,38
4969,17,174
4969,17,51
4970,19,82
4971,18,60
4971,18,246
4972,16,102
4973,19,11
4973,19,93
4973,19,47
4974,10,151
4975,10,733
4975,10,45
4976,15,31
4977,18,29
4977,18,164
4977,18,4
4978,16,314
4978,16,328
4978,16,149
4979,20,815
4979,20,538
4979,20,97
4980,17,47
4980,17,358
4980,17,33
4981,12,490
4981,12,278
4981,12,544
4981,12,492
4981,12,499
4982,10,71
4983,12,50
4984,19,29
4984,19,115
4985,15,174
4985,15,127
4986,17,265
4986,17,17
4986,17,116
4987,17,584
4987,17,1176
4987,17,65
4988,19,372
4988,19,29
4988,19,115
4988,19,246
4989,19,11
4990,18,106
4991,11,78
4991,11,346
4992,16,358
4992,16,47
4993,18,10
4993,18,152
4994,16,39
4995,20,70
4996,12,1
4996,12,9
4996,12,11
4997,18,31
4998,20,34
4998,20,31
4999,10,6
4999,10,101
5000,17,279
5001,12,1126
5001,12,29
5002,18,174
5002,18,27
5003,18,8
5003,18,784
5003,18,149
5004,18,29
5004,18,23
5004,18,10
5004,18,11
5005,18,97
5006,15,150
5007,16,29
5007,16,11
5007,16,101
5007,16,55
5008,14,2
5009,14,201
5010,11,31
5010,11,38
5011,10,514
5012,12,105
5013,14,772
5013,14,741
5014,19,22
5015,19,29
5015,19,8
5015,19,330
5015,19,177
5016,14,100
5016,14,175
5017,17,306
5017,17,38
5017,17,39
5018,20,135
5019,12,120
5019,12,112
5019,12,70
5020,10,9
5020,10,4
5021,10,66
5021,10,55
5022,10,16
5022,10,31
5023,11,158
5024,12,34
5024,12,31
5024,12,123
5025,10,296
5025,10,31
5025,10,82
5025,10,65
5026,18,98
5026,18,363
5026,18,33
5027,11,23
5027,11,196
5028,20,38
5029,12,437
5029,12,17
5030,18,269
5030,18,34
5030,18,357
5030,18,152
5031,10,107
5031,10,78
5032,19,224
5032,19,51
5033,15,438
5033,15,2
5033,15,575
5034,18,17
5034,18,116
5035,14,175
5035,14,122
5035,14,541
5036,19,372
5036,19,29
5036,19,188
5037,13,8
5037,13,961
5037,13,149
5038,15,78
5038,15,85
5038,15,70
5039,16,31
5040,18,652
5040,18,558
5041,12,45
5042,20,4
5043,20,408
5043,20,983
5043,20,78
5043,20,93
5044,20,735
5044,20,101
5045,10,52
5045,10,37
5046,13,362
5046,13,108
5046,13,100
5046,13,97
5047,11,22
5047,11,23
5047,11,952
5047,11,309
5047,11,101
5048,19,356
5048,19,70
5049,18,108
5049,18,29
5049,18,164
5049,18,115
5050,18,47
5051,11,153
5051,11,149
5051,11,116
5052,15,472
5052,15,186
5052,15,31
5053,13,38
5053,13,39
5054,19,31
5055,19,174
5056,20,671
5056,20,148
5056,20,149
5056,20,634
5057,17,1
5057,17,202
5057,17,623
5057,17,9
5057,17,186
5058,20,17
5059,17,127
5059,17,516
5059,17,741
5060,10,29
5061,19,17
5061,19,403
5061,19,15
5061,19,116
5062,16,442
5062,16,95
5062,16,96
5063,16,29
5063,16,8
5064,20,20
5064,20,192
5064,20,38
5065,19,106
5065,19,114
5066,19,391
5066,19,76
5067,15,22
5067,15,23
5067,15,11
5068,17,114
5068,17,190
5069,11,11
5069,11,246
5069,11,101
5070,17,31
5070,17,257
5070,17,176
5071,15,114
5072,14,107
5073,14,941
5073,14,305
5073,14,151
5073,14,44
5074,20,10
5075,16,103
5075,16,126
5075,16,17
5075,16,82
5076,18,47
5077,13,584
5078,16,9
5078,16,11
5079,10,586
5079,10,31
5079,10,44
5080,18,1159
5080,18,1324
5080,18,45
5080,18,147
5081,14,29
5081,14,71
5082,18,98
5082,18,807
5082,18,395
5083,10,98
5083,10,94
5084,18,121
5084,18,115
5084,18,149
5085,16,141
5086,17,110
5086,17,38
5086,17,193
5086,17,198
5087,16,29
5087,16,11
5087,16,101
5088,10,114
5089,11,278
5090,20,289
5090,20,345
5090,20,148
5090,20,16
5091,14,4
5091,14,232
5092,10,120
5092,10,1148
5092,10,149
5092,10,464
5093,16,31
5093,16,257
5094,18,47
5095,16,192
5095,16,38
5095,16,227
5096,17,219
5096,17,142
5096,17,514
5097,16,83
5097,16,27
5098,19,4
5098,19,11
5098,19,93
5099,18,29
5099,18,11
5099,18,101
5100,16,71
5100,16,72
5100,16,213
5100,16,246
5100,16,65
5101,16,4
5101,16,11
5102,12,66
5102,12,365
5103,17,10
5103,17,93
5104,18,126
5104,18,182
5104,18,17
5104,18,15
5104,18,469
5105,15,29
5105,15,679
5105,15,70
5106,18,404
5106,18,126
5106,18,174
5106,18,633
5107,19,33
5107,19,535
5108,14,210
5108,14,160
5108,14,8
5108,14,32
5109,14,401
5109,14,782
5109,14,258
5110,18,125
5110,18,114
5111,17,53
5112,18,106
5113,19,638
5113,19,28
5114,20,23
5114,20,101
5115,17,11
5115,17,246
5115,17,101
5116,15,101
5117,17,437
5117,17,23
5117,17,11
5117,17,46
5118,14,51
5118,14,53
5119,11,663
5119,11,93
5120,15,110
5120,15,436
5120,15,38
5120,15,39
5121,10,110
5122,19,29
5122,19,101
5123,10,33
5124,10,201
5125,15,733
5126,20,9
5126,20,152
5127,11,34
5127,11,31
5127,11,102
5128,19,156
5128,19,10
5128,19,149
5128,19,114
5129,20,29
5129,20,272
5129,20,270
5130,14,9
5131,12,95
5131,12,199
5132,17,622
5132,17,39
5133,20,103
5134,14,1123
5134,14,4
5135,19,467
5135,19,49
5135,19,39
5136,15,157
5136,15,264
5137,12,27
5137,12,367
5137,12,246
5138,18,108
5138,18,828
5138,18,158
5138,18,82
5139,12,80
5139,12,11
5140,16,1044
5141,16,114
5142,17,50
5142,17,51
5142,17,264
5142,17,677
5143,19,6
5143,19,4
5143,19,11
5144,11,29
5145,19,31
5145,19,10
5146,13,45
5147,14,95
5148,16,114
5149,10,50
5150,12,210
5150,12,48
5150,12,141
5151,17,362
5151,17,29
5151,17,164
5152,16,790
5152,16,48
5153,16,175
5153,16,27
5154,16,17
5154,16,15
5154,16,116
5155,17,29
5155,17,314
5155,17,10
5155,17,4
5155,17,11
5156,15,313
5156,15,696
5156,15,296
5156,15,31
5157,17,40
5157,17,182
5157,17,17
5157,17,116
5157,17,71
5158,16,40
5158,16,23
5158,16,11
5159,20,73
5159,20,1099
5160,10,676
5160,10,34
5160,10,355
5160,10,31
5160,10,70
5161,16,325
5162,15,221
5162,15,11
5163,17,175
5163,17,27
5164,15,108
5165,10,921
5166,10,40
5166,10,380
5167,15,224
5167,15,192
5167,15,132
5168,10,34
5168,10,31
5168,10,102
5169,17,47
5169,17,29
5169,17,71
5170,14,33
5171,15,23
5172,12,51
5172,12,53
5172,12,44
5173,17,6
5173,17,15
5174,14,34
5174,14,616
5174,14,160
5174,14,349
5174,14,370
5175,15,125
5175,15,114
5176,15,80
5177,18,113
5177,18,950
5178,13,199
5178,13,96
5179,15,26
5179,15,27
5180,19,419
5180,19,149
5181,14,8
5181,14,587
5182,15,377
5183,16,484
5184,15,108
5185,17,22
5185,17,26
5185,17,23
5185,17,17
5186,20,31
5187,17,267
5187,17,38
5187,17,39
5188,18,18
5188,18,11
5188,18,147
5189,15,17
5189,15,257
5190,10,175
5191,15,175
5191,15,937
5192,18,289
5192,18,48
5193,20,224
5193,20,192
5193,20,95
5193,20,51
5194,15,47
5195,19,23
5196,17,9
5196,17,93
5197,11,9
5197,11,172
5197,11,135
5198,15,17
5199,10,122
5199,10,27
5200,12,11
5201,18,114
5202,15,192
5202,15,38
5202,15,65
5203,15,103
5203,15,11
5204,19,11
5205,16,40
5206,19,38
5207,20,29
5207,20,23
5208,15,37
5208,15,50
5209,18,881
5209,18,80
5209,18,96
5209,18,47
5210,15,244
5210,15,4
5211,15,80
5212,18,114
5213,15,34
5214,15,387
5214,15,78
5215,19,165
5215,19,38
5215,19,39
5216,11,401
5216,11,6
5216,11,78
5216,11,4
5216,11,11
5217,18,1079
5217,18,43
5218,18,219
5218,18,514
5219,15,113
5219,15,130
5219,15,95
5219,15,38
5220,20,397
5221,10,17
5221,10,70
5222,12,9
5222,12,123
5222,12,602
5223,15,29
5223,15,11
5223,15,93
5224,20,38
5225,17,101
5225,17,147
5226,16,29
5226,16,6
5226,16,87
5226,16,4
5227,20,252
5228,20,11
5228,20,101
5229,20,49
5229,20,111
5229,20,688
5230,15,442
5230,15,119
5230,15,96
5230,15,45
5231,11,1
5231,11,34
5231,11,460
5231,11,31
5232,17,108
5232,17,9
5232,17,158
5233,11,116
5234,20,29
5235,12,29
5235,12,294
5235,12,11
5235,12,320
5236,18,175
5236,18,94
5237,17,767
5237,17,17
5237,17,765
5238,17,23
5238,17,11
5238,17,93
5239,15,50
5240,16,814
5240,16,97
5241,12,29
5242,17,35
5243,15,97
5243,15,32
5244,17,27
5245,16,17
5245,16,15
5245,16,874
5246,17,90
5247,17,255
5247,17,493
5247,17,502
5248,18,144
5248,18,377
5249,14,50
5249,14,38
5249,14,39
5250,16,457
5251,14,106
5252,10,34
5252,10,175
5252,10,123
5253,18,47
5254,13,11
5255,19,38
5256,19,192
5256,19,38
5257,17,28
5258,20,39
5259,10,181
5259,10,411
5259,10,2
5260,13,39
5261,15,80
5262,12,1
5262,12,20
5262,12,437
5262,12,270
5263,17,20
5263,17,164
5264,15,49
5264,15,38
5264,15,39
5265,19,22
5265,19,29
5265,19,152
5266,20,78
5267,19,87
5267,19,4
5267,19,11
5268,12,80
5269,18,158
5269,18,10
5270,15,235
5270,15,31
5271,12,114
5271,12,766
5272,15,31
5273,20,149
5273,20,433
5274,15,889
5274,15,529
5275,16,43
5276,12,27
5277,18,31
5277,18,82
5277,18,32
5278,20,50
5279,17,113
5279,17,343
5279,17,38
5280,15,175
5281,19,20
5282,13,667
5282,13,71
5283,18,103
5283,18,33
5284,17,94
5284,17,390
5285,15,45
5286,11,31
5286,11,159
5286,11,376
5287,16,8
5287,16,4
5288,16,126
5288,16,175
5289,17,34
5289,17,880
5289,17,176
5290,10,23
5290,10,220
5290,10,4
5291,18,174
5291,18,27
5292,15,126
5292,15,175
5293,12,201
5293,12,1013
5293,12,96
5294,19,40
5295,18,158
5296,19,192
5296,19,301
5296,19,38
5296,19,39
5297,17,267
5297,17,170
5297,17,754
5298,18,43
5298,18,193
5299,18,106
5299,18,209
5300,12,27
5300,12,367
5301,16,386
5301,16,80
5302,15,156
5303,12,95
5304,15,98
5304,15,174
5304,15,50
5305,17,78
5305,17,4
5305,17,11
5306,13,149
5306,13,634
5307,20,119
5307,20,97
5308,12,174
5309,18,31
5310,19,38
5310,19,39
5311,19,27
5312,20,38
5312,20,227
5312,20,32
5313,19,17
5314,18,437
5314,18,183
5314,18,45
5315,15,99
5316,19,59
5317,17,379
5317,17,45
5318,13,31
5318,13,51
5319,17,45
5320,17,34
5320,17,355
5320,17,31
5321,15,173
5321,15,175
5322,17,29
5322,17,76
5322,17,33
5323,11,324
5323,11,93
5324,16,158
5325,11,308
5325,11,47
5326,15,48
5327,19,34
5327,19,31
5327,19,102
5328,20,5
5328,20,17
5328,20,15
5329,10,158
5330,15,807
5330,15,119
5330,15,33
5331,16,113
5331,16,38
5331,16,39
5332,16,38
5333,16,9
5334,20,236
5334,20,10
5334,20,4
5334,20,11
5335,12,20
5335,12,72
5335,12,574
5336,13,31
5336,13,168
5336,13,688
5337,11,70
5337,11,272
5337,11,1030
5338,10,255
5338,10,406
5338,10,17
5338,10,15
5339,17,29
5340,18,490
5340,18,492
5340,18,499
5340,18,530
5341,15,336
5341,15,114
5342,17,99
5343,20,34
5343,20,39
5344,13,67
5344,13,11
5344,13,101
5345,16,100
5345,16,863
5345,16,861
5346,13,106
5347,11,285
5347,11,80
5347,11,951
5347,11,82
5348,11,83
5349,19,100
5349,19,552
5349,19,170
5349,19,534
5350,18,34
5350,18,879
5350,18,31
5351,10,924
5351,10,45
5352,16,103
5352,16,38
5353,17,186
5353,17,47
5354,17,149
5354,17,177
5355,14,28
5355,14,411
5355,14,147
5356,13,90
5356,13,29
5356,13,78
5357,13,48
5357,13,301
5358,19,114
5358,19,150
5358,19,190
5359,15,23
5360,15,47
5361,12,390
5361,12,33
5362,12,182
5362,12,1121
5362,12,292
5362,12,17
5362,12,116
5363,12,108
5363,12,100
5363,12,149
5364,14,152
5364,14,514
5365,17,31
5365,17,32
5366,16,372
5366,16,29
5366,16,115
5367,13,174
5367,13,175
5368,20,27
5368,20,367
5368,20,141
5369,11,90
5369,11,29
5369,11,149
5370,20,34
5371,20,34
5371,20,31
5371,20,38
5372,18,40
5373,10,192
5373,10,38
5373,10,32
5374,15,31
5374,15,257
5374,15,32
5375,19,34
5375,19,31
5375,19,123
5375,19,246
5376,19,11
5377,11,35
5377,11,27
5378,19,75
5378,19,23
5379,13,80
5380,19,1067
5380,19,385
5380,19,116
5380,19,279
5381,10,112
5381,10,48
5382,19,38
5383,13,1
5383,13,9
5383,13,123
5383,13,602
5384,10,294
5385,16,248
5385,16,38
5386,16,41
5386,16,367
5386,16,96
5386,16,141
5387,13,29
5387,13,11
5387,13,71
5388,20,29
5388,20,31
5389,14,110
5389,14,113
5389,14,38
5390,13,29
5390,13,496
5390,13,93
5390,13,70
5391,15,362
5391,15,10
5391,15,114
5392,16,594
5392,16,50
5392,16,246
5393,18,66
5393,18,50
5394,15,29
5394,15,23
5394,15,11
5394,15,114
5394,15,101
5395,17,9
5396,11,22
5397,20,29
5398,12,9
5398,12,211
5398,12,11
5398,12,93
5399,18,23
5399,18,196
5399,18,11
5399,18,28
5400,17,256
5400,17,15
5400,17,348
5401,18,23
5401,18,11
5401,18,28
5402,13,261
5402,13,116
5403,12,649
5403,12,38
5404,17,472
5404,17,811
5405,18,29
5405,18,164
5406,18,372
5406,18,29
5406,18,4
5406,18,115
5406,18,188
5407,17,33
5408,13,51
5409,11,34
5409,11,228
5409,11,314
5409,11,246
5409,11,334
5410,17,70
5410,17,272
5410,17,270
5411,15,9
5411,15,4
5412,20,60
5412,20,31
5412,20,273
5413,20,29
5413,20,101
5414,16,149
5414,16,430
5415,19,41
5415,19,38
5415,19,39
5416,18,267
5416,18,49
5416,18,38
5416,18,39
5417,11,17
5417,11,222
5418,17,441
5418,17,50
5418,17,38
5418,17,39
5418,17,365
5419,19,66
5419,19,50
5419,19,51
5420,15,95
5420,15,43
5421,19,101
5421,19,547
5422,16,139
5422,16,20
5422,16,38
5422,16,365
5423,16,1
5423,16,17
5423,16,15
5423,16,607
5424,12,1
5424,12,126
5424,12,127
5424,12,143
5425,10,239
5425,10,285
5425,10,82
5426,16,224
5426,16,39
5427,16,239
5427,16,11
5427,16,70
5428,11,50
5428,11,179
5429,14,11
5429,14,101
5430,11,183
5430,11,11
5430,11,101
5431,15,111
5432,13,390
5432,13,33
5433,12,10
5434,16,151
5434,16,618
5435,15,129
5435,15,40
5435,15,404
5435,15,47
5436,15,34
5436,15,75
5436,15,23
5436,15,85
5436,15,258
5437,11,525
5437,11,158
5438,14,731
5439,12,39
5440,15,450
5440,15,345
5440,15,146
5441,14,34
5441,14,31
5442,19,54
5442,19,50
5443,10,429
5444,20,93
5444,20,101
5444,20,55
5445,11,192
5445,11,44
5446,17,103
5446,17,47
5447,15,218
5447,15,8
5447,15,152
5448,12,29
5448,12,23
5448,12,11
5448,12,28
5449,15,397
5450,15,11
5451,11,20
5451,11,17
5451,11,27
5451,11,15
5451,11,232
5452,13,47
5452,13,11
5452,13,76
5452,13,483
5452,13,71
5453,13,174
5454,17,960
5454,17,8
5454,17,324
5454,17,149
5454,17,96
5455,13,34
5455,13,305
5455,13,31
5455,13,102
5456,16,27
5457,20,945
5457,20,34
5457,20,31
5457,20,342
5457,20,517
5458,16,369
5458,16,93
5458,16,258
5459,15,815
5459,15,97
5460,14,34
5460,14,31
5461,17,103
5461,17,94
5461,17,749
5462,10,45
5463,20,34
5464,10,10
5464,10,78
5464,10,11
5465,10,584
5465,10,23
5465,10,122
5466,20,264
5467,18,110
5467,18,193
5468,15,28
5469,16,4
5469,16,11
5469,16,7
5469,16,101
5470,20,156
5470,20,23
5470,20,149
5470,20,430
5471,12,484
5471,12,147
5472,14,29
5472,14,293
5472,14,164
5472,14,70
5473,10,9
5473,10,8
5473,10,602
5474,16,31
5475,10,27
5475,10,367
5476,16,38
5477,17,97
5478,18,75
5478,18,8
5478,18,527
5479,20,17
5479,20,45
5480,19,384
5480,19,278
5480,19,385
5480,19,17
5481,11,29
5481,11,10
5481,11,328
5482,10,82
5483,16,772
5484,16,233
5484,16,47
5484,16,11
5484,16,869
5484,16,105
5485,18,108
5485,18,90
5486,17,254
5486,17,255
5486,17,17
5487,17,39
5488,19,45
5488,19,377
5489,17,23
5489,17,309
5489,17,28
5490,10,31
5490,10,58
5490,10,82
5491,15,107
5491,15,78
5492,13,210
5493,17,661
5493,17,80
5494,17,11
5494,17,93
5494,17,213
5495,19,38
5495,19,948
5495,19,947
5496,16,126
5496,16,469
5496,16,147
5497,12,224
5497,12,192
5498,15,1
5498,15,472
5498,15,11
5498,15,93
5499,20,278
5499,20,17
5500,16,384
5500,16,1197
5500,16,17
5501,10,95
5501,10,203
5502,16,83
5502,16,31
5503,19,39
5503,19,141
5504,19,31
5504,19,50
5504,19,47
5505,13,31
5506,20,81
5506,20,126
5506,20,1446
5506,20,765
5506,20,82
5507,12,1013
5507,12,785
5507,12,418
5508,11,120
5508,11,107
5508,11,121
5508,11,10
5508,11,78
5509,14,108
5510,11,108
5511,13,50
5512,13,29
5513,15,174
5513,15,175
5514,10,151
5514,10,31
5514,10,165
5515,20,98
5515,20,955
5516,19,31
5517,15,1
5517,15,513
5517,15,356
5517,15,65
5518,11,29
5518,11,246
5519,13,9
5520,12,594
5520,12,119
5521,15,126
5521,15,147
5522,13,23
5523,13,108
5523,13,100
5524,20,17
5525,13,460
5526,13,697
5526,13,45
5526,13,1451
5527,15,233
5528,18,120
5528,18,587
5529,17,27
5530,20,17
5530,20,216
5531,18,50
5531,18,365
5532,20,11
5533,12,17
5534,17,83
5534,17,50
5535,16,103
5536,19,586
5536,19,20
5536,19,38
5537,10,148
5537,10,149
5538,17,1122
5538,17,103
5538,17,693
5539,19,50
5540,14,111
5540,14,985
5541,19,29
5541,19,17
5541,19,10
5541,19,115
5541,19,116
5542,18,11
5542,18,47
5543,10,126
5543,10,174
5543,10,175
5544,19,33
5545,15,71
5546,14,38
5546,14,43
5547,11,293
5547,11,70
5547,11,272
5548,19,586
5548,19,38
5549,18,425
5549,18,29
5549,18,246
5550,17,9
5550,17,11
5551,10,106
5552,16,110
5552,16,195
5552,16,752
5552,16,31
5552,16,111
5553,15,9
5553,15,41
5553,15,158
5553,15,8
5554,13,9
5555,18,50
5555,18,51
5555,18,246
5556,16,829
5556,16,90
5556,16,738
5556,16,39
5557,20,33
5558,11,210
5559,20,17
5559,20,45
5560,17,116
5561,13,149
5562,16,158
5562,16,770
5563,15,74
5563,15,215
5563,15,82
5564,16,10
5564,16,628
5565,17,33
5566,15,31
5566,15,32
5567,11,174
5567,11,175
5567,11,27
5568,10,45
5569,17,606
5569,17,8
5569,17,149
5570,11,47
5570,11,71
5571,18,29
5571,18,80
5572,15,87
5572,15,11
5573,16,110
5573,16,38
5573,16,393
5574,16,29
5574,16,4
5575,14,571
5575,14,268
5576,18,82
5577,16,95
5578,18,269
5579,11,49
5579,11,38
5579,11,39
5580,10,79
5581,18,146
5581,18,158
5582,16,1363
5583,15,29
5584,19,312
5584,19,95
5585,15,870
5585,15,23
5585,15,2
5586,20,29
5586,20,75
5586,20,101
5587,19,17
5588,19,314
5588,19,213
5588,19,65
5589,10,4
5590,12,183
5591,17,312
5591,17,95
5592,16,210
5592,16,82
5593,12,182
5593,12,292
5594,16,233
5594,16,65
5594,16,295
5595,14,17
5596,16,45
5596,16,291
5597,18,239
5597,18,11
5597,18,101
5597,18,47
5598,16,40
5598,16,22
5598,16,6
5598,16,4
5598,16,7
5599,18,246
5599,18,33
5600,10,58
5601,11,108
5602,12,29
5602,12,78
5602,12,11
5603,15,29
5603,15,6
5603,15,11
5603,15,440
5604,10,116
5604,10,65
5605,16,27
5605,16,367
5606,18,50
5606,18,51
5607,13,125
5607,13,114
5608,16,80
5609,20,34
5609,20,96
5609,20,71
5610,19,38
5611,19,17
5611,19,15
5612,19,691
5612,19,95
5612,19,1269
5613,16,358
5613,16,685
5613,16,51
5613,16,96
5613,16,483
5614,15,47
5614,15,147
5615,14,158
5616,18,47
5616,18,71
5617,14,23
5617,14,101
5618,10,1122
5618,10,78
5619,12,20
5619,12,423
5619,12,31
5619,12,246
5620,18,210
5620,18,31
5621,20,248
5621,20,174
5622,19,11
5622,19,295
5623,19,40
5623,19,10
5624,13,733
5624,13,896
5624,13,45
5625,20,99
5625,20,126
5625,20,127
5625,20,179
5626,20,66
5626,20,577
5626,20,50
5626,20,53
5626,20,96
5627,15,108
5627,15,100
5628,19,282
5628,19,31
5628,19,47
5629,10,32
5629,10,149
5629,10,177
5630,12,35
5631,10,1272
5631,10,50
5631,10,246
5632,18,103
5633,16,9
5634,16,33
5635,13,484
5636,15,661
5636,15,522
5636,15,448
5636,15,158
5637,10,178
5637,10,51
5638,17,82
5638,17,47
5639,20,106
5639,20,20
5640,10,9
5641,16,213
5642,19,49
5642,19,561
5642,19,38
5642,19,39
5642,19,393
5643,18,374
5643,18,115
5643,18,149
5644,17,4
5644,17,115
5645,18,149
5646,20,328
5646,20,149
5647,18,34
5647,18,31
5647,18,93
5648,20,108
5648,20,172
5648,20,29
5649,19,1
5649,19,103
5649,19,29
5650,20,45
5651,19,11
5651,19,93
5652,16,29
5652,16,11
5652,16,93
5652,16,101
5653,11,108
5653,11,172
5653,11,376
5654,10,34
5654,10,31
5654,10,399
5654,10,370
5655,17,78
5655,17,11
5656,12,406
5656,12,292
5656,12,725
5657,11,199
5657,11,51
5657,11,38
5658,17,22
5658,17,29
5658,17,115
5658,17,188
5659,20,11
5659,20,93
5660,16,29
5660,16,164
5660,16,93
5660,16,101
5661,17,597
5661,17,50
5662,20,120
5662,20,219
5662,20,149
5662,20,152
5663,15,71
5664,20,39
5665,16,405
5665,16,17
5665,16,15
5666,16,29
5666,16,321
5666,16,114
5667,11,100
5667,11,448
5668,10,493
5668,10,17
5669,18,100
5669,18,145
5669,18,151
5670,19,71
5671,17,43
5672,20,23
5672,20,4
5672,20,11
5673,16,47
5673,16,105
5674,10,29
5674,10,23
5674,10,33
5675,17,17
5675,17,15
5676,10,25
5676,10,27
5677,12,108
5678,15,624
5678,15,116
5678,15,246
5679,15,27
5679,15,82
5680,20,29
5680,20,10
5680,20,76
5680,20,264
5681,16,105
5682,13,75
5683,17,23
5683,17,85
5684,10,103
5684,10,28
5685,17,108
5685,17,90
5685,17,439
5685,17,149
5685,17,433
5686,12,115
5686,12,116
5686,12,12
5687,14,11
5687,14,101
5688,17,35
5689,17,106
5689,17,4
5689,17,114
5690,20,34
5691,19,152
5692,13,29
5692,13,4
5692,13,11
5692,13,965
5693,19,115
5694,10,122
5694,10,27
5695,10,553
5695,10,622
5695,10,1035
5695,10,39
5696,19,34
5696,19,31
5697,14,34
5697,14,31
5698,11,29
5699,11,49
5700,15,158
5701,18,99
5701,18,127
5701,18,413
5701,18,352
5702,17,1037
5702,17,50
5702,17,246
5703,10,17
5703,10,45
5704,11,1122
5704,11,29
5704,11,10
5704,11,11
5704,11,71
5705,13,31
5706,19,80
5707,16,31
5707,16,32
5708,14,371
5708,14,114
5709,19,152
5709,19,150
5710,20,6
5710,20,4
5710,20,11
5711,13,9
5711,13,282
5711,13,16
5711,13,82
5712,13,11
5713,10,114
5714,16,114
5715,11,390
5715,11,33
5716,13,34
5716,13,31
5716,13,102
5717,15,31
5717,15,32
5718,10,288
5718,10,27
5718,10,82
5719,15,29
5719,15,50
5719,15,51
5720,11,1
5721,20,733
5721,20,879
5721,20,31
5721,20,70
5722,18,66
5722,18,174
5723,20,66
5723,20,50
5724,20,34
5724,20,31
5725,15,22
5725,15,29
5725,15,420
5725,15,295
5726,18,29
5726,18,101
5727,19,1
5727,19,11
5728,20,202
5728,20,926
5728,20,9
5728,20,147
5729,18,622
5729,18,38
5729,18,393
5730,12,550
5730,12,158
5730,12,93
5731,11,909
5732,17,4
5733,16,78
5733,16,11
5734,11,34
5735,16,6
5735,16,87
5735,16,4
5735,16,11
5736,20,17
5737,16,11
5738,10,295
5739,14,175
5740,10,106
5740,10,80
5741,19,10
5741,19,11
5741,19,114
5742,19,6
5742,19,4
5742,19,11
5743,16,149
5744,13,34
5745,16,108
5746,16,85
5746,16,114
5747,17,29
5747,17,149
5748,10,829
5748,10,626
5749,16,23
5749,16,114
5749,16,101
5749,16,190
5750,11,17
5750,11,261
5750,11,116
5751,18,113
5751,18,431
5751,18,38
5751,18,39
5752,13,283
5752,13,82
5753,20,78
5754,17,90
5754,17,302
5754,17,32
5755,13,132
5755,13,51
5756,19,108
5756,19,149
5757,18,38
5757,18,39
5758,19,231
5758,19,228
5758,19,122
5759,14,158
5759,14,449
5759,14,346
5760,14,172
5761,15,83
5761,15,82
5762,16,9
5763,17,11
5763,17,101
5764,15,590
5764,15,27
5764,15,359
5765,20,31
5766,19,31
5767,13,628
5768,17,99
5768,17,126
5769,16,29
5769,16,23
5769,16,164
5770,17,4
5770,17,11
5771,10,100
5772,15,178
5772,15,173
5772,15,175
5773,17,101
5774,19,94
5774,19,390
5774,19,389
5775,18,207
5775,18,29
5776,19,22
5776,19,235
5776,19,115
5777,10,23
5778,18,11
5778,18,679
5779,15,29
5779,15,101
5780,11,72
5780,11,331
5781,14,29
5781,14,71
5782,19,103
5782,19,390
5783,19,220
5784,10,103
5784,10,22
5784,10,93
5784,10,101
5785,18,31
5785,18,38
5785,18,32
5786,18,108
5786,18,185
5786,18,94
5787,19,78
5788,18,108
5788,18,207
5789,12,362
5789,12,108
5790,12,113
5790,12,38
5791,18,98
5791,18,204
5791,18,247
5792,15,114
5793,12,23
5793,12,4
5793,12,11
5793,12,7
5793,12,101
5794,19,9
5794,19,172
5794,19,454
5795,15,95
5796,12,17
5797,15,100
5798,16,126
5798,16,27
5799,12,337
5799,12,72
5799,12,507
5799,12,738
5800,11,263
5801,17,11
5802,15,80
5802,15,82
5803,18,31
5803,18,38
5804,19,108
5805,15,141
5806,15,101
5807,17,110
5807,17,113
5807,17,38
5808,16,29
5808,16,115
5808,16,76
5808,16,188
5809,11,108
5809,11,49
5809,11,39
5809,11,141
5810,18,6
5810,18,4
5810,18,11
5811,17,48
5811,17,116
5811,17,143
5812,20,29
5812,20,23
5812,20,101
5812,20,511
5813,16,586
5813,16,113
5813,16,44
5814,17,11
5815,19,9
5815,19,10
5815,19,64
5815,19,491
5816,15,48
5817,15,114
5818,19,38
5818,19,39
5819,19,99
5819,19,127
5819,19,516
5820,15,51
5821,10,9
5821,10,10
5821,10,123
5822,19,597
5822,19,50
5822,19,886
5823,15,378
5823,15,29
5823,15,10
5824,15,671
5824,15,149
5824,15,430
5824,15,634
5825,10,29
5825,10,17
5825,10,184
5826,16,34
5826,16,31
5826,16,123
5827,13,115
5827,13,48
5827,13,774
5828,17,443
5829,12,17
5830,10,78
5830,10,70
5831,18,158
5831,18,135
5832,20,130
5832,20,38
5833,19,108
5833,19,29
5834,19,170
5834,19,39
5835,16,493
5835,16,278
5835,16,492
5836,17,49
5836,17,39
5837,19,106
5838,14,96
5839,10,11
5840,20,29
5840,20,6
5840,20,4
5840,20,11
5840,20,7
5841,19,123
5842,14,29
5842,14,8
5843,14,387
5843,14,78
5843,14,11
5844,14,145
5844,14,135
5844,14,716
5845,19,94
5846,13,27
5846,13,179
5847,19,20
5847,19,47
5848,15,9
5848,15,11
5849,13,1339
5849,13,124
5850,17,106
5850,17,34
5850,17,31
5850,17,123
5851,18,156
5851,18,3
5851,18,438
5852,17,381
5852,17,27
5852,17,82
5853,15,132
5853,15,51
5853,15,53
5853,15,234
5854,19,661
5854,19,35
5855,15,31
5855,15,160
5855,15,176
5855,15,480
5856,10,110
5856,10,198
5856,10,560
5857,11,228
5858,19,23
5858,19,85
5858,19,152
5858,19,150
5859,20,4
5859,20,85
5859,20,101
5860,10,126
5860,10,173
5860,10,175
5861,18,29
5861,18,374
5861,18,115
5861,18,891
5862,20,584
5863,19,45
5864,17,174
5864,17,30
5864,17,122
5864,17,82
5865,10,246
5865,10,65
5865,10,147
5866,18,101
5867,20,60
5867,20,11
5868,19,151
5868,19,111
5868,19,38
5869,12,34
5869,12,20
5869,12,31
5870,10,51
5870,10,53
5871,16,6
5871,16,4
5872,17,11
5872,17,93
5872,17,47
5873,18,98
5873,18,214
5874,19,95
5875,20,29
5875,20,4
5876,18,156
5876,18,8
5876,18,409
5877,17,604
5878,18,98
5878,18,213
5878,18,33
5879,11,514
5880,16,31
5881,18,113
5881,18,20
5881,18,38
5882,16,150
5883,17,45
5884,16,31
5885,19,1105
5885,19,175
5885,19,764
5886,17,108
5887,11,584
5888,19,174
5888,19,28
5889,19,110
5889,19,31
5889,19,111
5889,19,38
5890,18,113
5890,18,192
5890,18,51
5891,16,29
5891,16,220
5891,16,809
5891,16,149
5892,15,27
5892,15,143
5892,15,147
5893,19,224
5893,19,192
5893,19,38
5894,15,11
5895,19,110
5895,19,169
5895,19,553
5895,19,43
5896,18,283
5896,18,285
5896,18,82
5897,16,11
5898,10,23
5898,10,11
5899,20,22
5899,20,29
5899,20,101
5900,18,17
5900,18,690
5901,19,29
5901,19,31
5901,19,328
5901,19,177
5902,17,97
5902,17,532
5902,17,1026
5902,17,1261
5902,17,1533
5903,17,175
5903,17,27
5904,19,94
5904,19,115
5905,11,34
5905,11,149
5906,19,524
5906,19,564
5906,19,39
5907,12,28
5907,12,147
5907,12,47
5907,12,71
5908,10,29
5908,10,11
5908,10,101
5909,19,15
5910,15,112
5910,15,27
5911,20,726
5912,17,38
5913,11,23
5913,11,101
5914,11,39
5914,11,141
5915,12,324
5915,12,784
5916,12,221
5916,12,31
5917,17,27
5917,17,11
5918,16,27
5918,16,47
5919,20,103
5919,20,82
5920,15,29
5920,15,38
5921,18,47
5922,11,896
5922,11,45
5922,11,377
5923,18,308
5923,18,627
5924,20,17
5925,17,29
5926,16,960
5926,16,523
5926,16,149
5927,17,4
5927,17,7
5928,17,71
5928,17,29
5928,17,11
5928,17,28
5929,18,115
5929,18,1034
5930,17,622
5930,17,38
5930,17,39
5930,17,528
5931,16,535
5932,17,367
5932,17,47
5933,18,115
5934,20,130
5934,20,132
5935,15,11
5935,15,28
5936,20,4
5936,20,11
5937,17,362
5937,17,113
5938,18,108
5938,18,90
5939,20,31
5939,20,353
5939,20,38
5939,20,32
5940,18,27
5940,18,768
5941,17,254
5941,17,17
5941,17,11
5941,17,45
5941,17,291
5942,18,17
5942,18,116
5943,12,103
5943,12,29
5943,12,4
5944,14,38
5945,18,597
5945,18,50
5946,20,23
5946,20,314
5946,20,28
5947,19,202
5947,19,70
5948,15,41
5948,15,29
5948,15,23
5949,18,28
5949,18,24
5949,18,26
5949,18,179
5950,19,103
5950,19,33
5951,12,824
5951,12,306
5951,12,132
5951,12,51
5951,12,38
5952,18,54
5952,18,141
5952,18,143
5953,12,4
5953,12,149
5954,16,17
5954,16,116
5955,20,31
5956,11,81
5956,11,11
5957,18,29
5957,18,10
5957,18,149
5957,18,48
5957,18,114
5958,17,80
5959,17,107
5959,17,8
5960,18,51
5961,19,98
5961,19,94
5961,19,448
5962,11,375
5962,11,97
5962,11,532
5963,16,246
5963,16,213
5964,20,372
5964,20,6
5964,20,228
5964,20,4
5964,20,7
5965,12,149
5965,12,150
5966,20,103
5966,20,29
5966,20,11
5966,20,93
5967,10,441
5967,10,38
5967,10,39
5968,18,23
5969,10,29
5970,20,103
5970,20,20
5971,20,169
5971,20,306
5971,20,10
5971,20,51
5972,17,120
5972,17,156
5972,17,148
5972,17,602
5972,17,93
5973,16,362
5973,16,108
5973,16,944
5974,19,1182
5974,19,10
5974,19,294
5974,19,71
5975,15,114
5976,16,368
5976,16,4
5976,16,11
5977,10,29
5978,20,80
5978,20,233
5979,11,812
5979,11,182
5979,11,15
5979,11,116
5980,19,146
5980,19,158
5981,11,51
5982,20,175
5982,20,541
5982,20,27
5982,20,359
5983,16,51
5983,16,38
5984,18,33
5985,15,71
5986,16,340
5986,16,367
5987,14,31
5987,14,38
5988,19,51
5989,19,82
5990,18,281
5990,18,82
5991,11,845
5991,11,215
5992,16,290
5992,16,48
5993,13,22
5993,13,182
5993,13,45
5994,11,135
5995,19,48
5996,18,108
5996,18,700
5996,18,171
5996,18,1532
5997,17,255
5997,17,17
5998,11,17
5998,11,45
5999,11,218
6000,12,114
6000,12,569
6001,15,218
6001,15,493
6001,15,4
6002,12,144
6003,14,98
6003,14,204
6004,13,139
6004,13,655
6005,17,48
6005,17,119
6006,18,29
6007,17,17
6008,20,27
6008,20,82
6009,16,41
6009,16,17
6010,16,85
6010,16,125
6011,15,67
6011,15,29
6011,15,10
6011,15,8
6011,15,246
6012,16,22
6012,16,29
6012,16,31
6012,16,491
6012,16,149
6013,20,17
6014,10,209
6014,10,101
6015,20,126
6015,20,314
6015,20,147
6016,20,578
6016,20,27
6017,20,31
6017,20,78
6018,17,29
6018,17,20
6018,17,386
6019,12,174
6020,10,129
6020,10,31
6020,10,102
6020,10,480
6021,15,255
6021,15,17
6022,20,80
6022,20,71
6023,10,23
6024,20,439
6024,20,170
6024,20,31
6024,20,328
6024,20,149
6025,10,321
6025,10,158
6025,10,10
6026,16,375
6027,19,182
6027,19,116
6028,10,9
6028,10,4
6029,19,661
6029,19,308
6030,11,254
6030,11,292
6031,18,224
6031,18,192
6031,18,51
6031,18,740
6031,18,97
6032,16,17
6033,17,156
6033,17,29
6033,17,328
6034,19,697
6034,19,17
6034,19,45
6035,14,9
6035,14,11
6035,14,93
6036,15,158
6036,15,15
6037,14,27
6037,14,39
6037,14,141
6038,15,47
6039,14,103
6039,14,10
6039,14,4
6039,14,149
6039,14,70
6040,17,32
6040,17,34
6040,17,31
6040,17,38
6040,17,480
6041,15,29
6041,15,278
6041,15,17
6041,15,10
6041,15,116
6042,18,29
6042,18,10
6042,18,82
6042,18,429
6043,14,121
6043,14,78
6043,14,11
6043,14,682
6044,15,40
6044,15,54
6044,15,37
6045,14,48
6046,10,106
6046,10,239
6046,10,728
6046,10,114
6047,16,442
6047,16,96
6047,16,549
6048,18,27
6048,18,141
6049,10,100
6050,19,27
6050,19,141
6051,16,6
6052,14,385
6052,14,17
6052,14,116
6053,18,103
6053,18,246
6053,18,33
6054,14,501
6055,17,49
6055,17,50
6055,17,246
6056,11,38
6056,11,39
6056,11,393
6057,18,114
6058,16,192
6058,16,38
6059,15,224
6060,20,9
6061,19,20
6061,19,38
6062,18,848
6062,18,97
6063,11,178
6063,11,27
6063,11,111
6063,11,51
6063,11,96
6064,19,41
6064,19,493
6064,19,45
6064,19,279
6065,19,29
6066,17,17
6067,16,108
6068,20,95
6069,12,141
6070,15,17
6070,15,45
6071,11,11
6072,18,213
6072,18,71
6073,19,121
6073,19,422
6073,19,717
6074,19,75
6074,19,101
6075,15,83
6075,15,50
6076,19,38
6077,19,17
6078,16,259
6078,16,501
6078,16,78
6078,16,520
6079,13,490
6079,13,810
6080,16,733
6080,16,356
6080,16,45
6081,20,23
6081,20,10
6082,20,51
6082,20,114
6083,19,115
6084,16,31
6085,18,50
6086,10,278
6086,10,499
6087,16,20
6087,16,382
6087,16,95
6088,20,390
6089,10,47
6090,11,174
6090,11,27
6091,16,10
6091,16,328
6092,13,126
6092,13,70
6092,13,529
6092,13,291
6093,10,49
6093,10,38
6093,10,393
6094,18,11
6094,18,101
6095,10,31
6095,10,37
6095,10,102
6095,10,50
6096,19,940
6096,19,385
6097,15,301
6097,15,38
6098,19,9
6099,20,113
6099,20,38
6100,10,75
6100,10,55
6101,12,1
6101,12,4
6101,12,150
6102,15,1
6102,15,9
6102,15,96
6103,13,31
6104,16,100
6104,16,34
6104,16,31
6104,16,135
6104,16,96
6105,11,38
6105,11,43
6106,15,589
6106,15,484
6106,15,232
6107,13,854
6107,13,126
6107,13,175
6108,12,50
6108,12,51
6109,19,31
6110,12,473
6110,12,93
6111,11,174
6112,12,17
6112,12,573
6113,15,6
6113,15,4
6114,10,31
6114,10,193
6115,18,384
6115,18,278
6115,18,116
6116,19,1
6116,19,460
6116,19,892
6117,14,108
6117,14,246
6118,11,29
6119,20,43
6120,19,108
6120,19,82
6121,20,373
6121,20,29
6122,10,121
6122,10,9
6122,10,210
6122,10,399
6122,10,123
6123,17,31
6124,15,116
6125,18,95
6125,18,694
6125,18,51
6126,19,242
6126,19,260
6127,14,108
6127,14,90
6128,15,85
6128,15,93
6129,16,108
6130,16,66
6130,16,50
6131,18,6
6131,18,4
6131,18,11
6132,12,294
6132,12,93
6132,12,65
6133,19,29
6133,19,11
6134,15,34
6134,15,31
6135,16,121
6135,16,31
6135,16,10
6135,16,78
6135,16,8
6136,19,29
6137,19,34
6137,19,31
6138,17,82
6138,17,39
6139,14,29
6139,14,284
6139,14,76
6140,15,10
6140,15,4
6140,15,11
6140,15,114
6140,15,190
6141,20,148
6141,20,324
6141,20,149
6141,20,514
6142,17,108
6143,10,114
6144,19,829
6144,19,108
6144,19,128
6144,19,82
6144,19,39
6145,19,624
6145,19,17
6145,19,15
6145,19,116
6146,15,9
6146,15,512
6147,16,71
6148,18,552
6148,18,321
6148,18,158
6148,18,554
6149,18,484
6149,18,132
6149,18,51
6150,19,124
6150,19,7
6150,19,114
6150,19,190
6151,19,11
6151,19,295
6152,10,314
6152,10,65
6153,16,43
6154,17,98
6154,17,112
6154,17,127
6154,17,1012
6155,17,192
6155,17,132
6156,16,17
6156,16,261
6156,16,45
6157,18,889
6157,18,529
6158,20,490
6158,20,278
6158,20,529
6159,14,251
6159,14,741
6160,12,1211
6160,12,23
6161,18,100
6161,18,346
6162,19,82
6162,19,47
6163,19,78
6163,19,11
6164,20,29
6164,20,10
6165,20,121
6165,20,212
6166,16,164
6166,16,101
6167,20,29
6168,12,108
6168,12,90
6169,20,103
6169,20,149
6169,20,294
6170,20,484
6170,20,51
6170,20,53
6170,20,576
6171,15,6
6171,15,4
6171,15,11
6172,12,108
6172,12,29
6173,15,753
6173,15,100
6174,16,34
6174,16,113
6174,16,130
6174,16,38
6175,16,98
6175,16,807
6176,17,34
6176,17,31
6176,17,294
6176,17,70
6176,17,272
6177,10,149
6178,13,108
6178,13,525
6179,19,38
6179,19,39
6180,20,4
6181,11,697
6181,11,61
6181,11,531
6181,11,45
6182,16,6
6182,16,4
6182,16,147
6183,18,38
6183,18,39
6184,17,311
6184,17,95
6184,17,43
6185,20,38
6186,18,47
6187,17,29
6187,17,23
6187,17,17
6187,17,11
6188,18,29
6188,18,388
6189,11,301
6190,15,27
6191,10,255
6191,10,278
6191,10,498
6191,10,17
6191,10,261
6192,17,17
6192,17,116
6193,19,116
6194,12,396
6194,12,114
6195,19,29
6195,19,11
6195,19,101
6196,18,4
6196,18,212
6196,18,11
6197,18,29
6197,18,23
6197,18,11
6198,15,247
6199,16,313
6199,16,95
6200,19,156
6200,19,29
6200,19,361
6200,19,149
6201,19,101
6202,10,9
6202,10,1000
6202,10,114
6203,19,113
6203,19,38
6204,20,113
6204,20,38
6204,20,972
6205,18,31
6206,15,108
6206,15,90
6206,15,155
6207,12,8
6208,11,156
6208,11,439
6208,11,462
6208,11,149
6209,15,108
6209,15,164
6209,15,171
6210,13,17
6210,13,15
6211,16,121
6211,16,78
6212,15,126
6213,10,199
6213,10,1178
6213,10,931
6214,15,943
6214,15,151
6214,15,1202
6214,15,223
6215,16,31
6215,16,123
6216,10,17
6216,10,116
6217,17,114
6218,16,218
6218,16,9
6219,13,38
6220,15,31
6221,20,239
6221,20,67
6221,20,11
6221,20,70
6222,15,471
6222,15,98
6222,15,204
6223,18,80
6223,18,165
6224,16,165
6224,16,598
6225,14,501
6225,14,78
6225,14,520
6226,14,863
6226,14,126
6226,14,82
6227,20,38
6227,20,141
6228,16,95
6229,18,4
6229,18,11
6230,15,337
6230,15,308
6230,15,50
6231,20,50
6232,10,186
6232,10,31
6232,10,47
6233,16,152
6234,15,9
6234,15,2
6235,12,368
6236,11,116
6237,19,125
6237,19,114
6238,14,268
6238,14,70
6238,14,272
6239,15,912
6239,15,114
6240,13,405
6240,13,17
6241,18,210
6241,18,31
6242,15,29
6243,15,38
6243,15,246
6244,20,106
6244,20,11
6245,15,29
6246,12,845
6247,15,463
6247,15,29
6248,10,105
6249,17,108
6249,17,100
6249,17,321
6249,17,525
6250,17,1044
6250,17,924
6250,17,897
6251,18,296
6251,18,176
6251,18,246
6251,18,216
6252,12,28
6252,12,126
6252,12,147
6253,13,126
6254,18,31
6254,18,48
6255,11,158
6255,11,346
6256,13,9
6256,13,8
6257,18,99
6257,18,545
6257,18,126
6257,18,51
6257,18,55
6258,17,108
6258,17,29
6259,19,156
6259,19,148
6259,19,149
6259,19,96
6260,17,9
6260,17,11
6260,17,70
6261,17,29
6261,17,4
6261,17,11
6262,19,29
6262,19,10
6263,16,47
6264,18,95
6264,18,38
6265,16,156
6265,16,31
6266,19,31
6267,14,39
6268,19,9
6269,12,17
6270,19,385
6271,13,263
6272,18,11
6272,18,101
6273,14,47
6274,16,39
6274,16,393
6275,15,1
6275,15,460
6276,14,31
6276,14,32
6277,14,80
6277,14,114
6277,14,28
6278,18,71
6278,18,213
6278,18,28
6279,10,161
6280,18,228
6280,18,158
6280,18,505
6281,18,156
6281,18,29
6281,18,10
6281,18,8
6282,17,757
6282,17,448
6282,17,1020
6282,17,1035
6282,17,38
6283,17,29
6283,17,78
6283,17,11
6284,15,113
6284,15,130
6284,15,38
6285,17,6
6285,17,4
6285,17,11
6285,17,19
6286,17,27
6287,16,472
6287,16,31
6287,16,123
6288,19,11
6288,19,101
6289,16,29
6289,16,11
6290,17,17
6290,17,27
6291,19,49
6291,19,38
6291,19,39
6292,15,68
6292,15,888
6292,15,51
6292,15,28
6293,13,108
6293,13,29
6293,13,10
6294,13,219
6294,13,152
6295,11,31
6295,11,95
6295,11,38
6295,11,43
6296,17,44
6296,17,365
6297,18,1092
6297,18,17
6297,18,117
6298,15,90
6298,15,10
6298,15,115
6299,19,31
6299,19,123
6300,10,71
6300,10,174
6300,10,246
6300,10,213
6300,10,233
6301,13,490
6301,13,278
6301,13,45
6302,16,162
6303,11,38
6304,12,9
6305,20,29
6305,20,23
6306,12,22
6306,12,23
6306,12,101
6307,10,103
6308,17,174
6309,13,90
6309,13,115
6309,13,116
6310,16,422
6310,16,78
6310,16,402
6311,16,29
6311,16,23
6312,18,362
6312,18,289
6312,18,148
6312,18,32
6313,15,34
6313,15,123
6314,20,173
6314,20,174
6314,20,175
6314,20,57
6314,20,314
6315,18,108
6315,18,157
6316,17,50
6317,12,29
6317,12,38
6318,18,221
6318,18,103
6319,16,211
6319,16,95
6320,10,145
6320,10,9
6320,10,237
6320,10,39
6321,20,98
6321,20,337
6321,20,27
6322,13,100
6322,13,31
6322,13,38
6323,17,38
6323,17,39
6324,19,175
6325,20,6
6325,20,4
6325,20,11
6325,20,93
6326,11,31
6327,20,373
6327,20,29
6328,17,282
6328,17,382
6328,17,96
6329,16,98
6329,16,247
6330,15,153
6330,15,374
6330,15,115
6330,15,149
6330,15,324
6331,17,442
6331,17,146
6331,17,158
6331,17,96
6332,19,4
6332,19,11
6333,19,754
6333,19,39
6334,15,362
6334,15,700
6334,15,115
6335,20,126
6335,20,174
6335,20,70
6336,16,39
6337,20,387
6337,20,78
6337,20,4
6338,16,108
6338,16,164
6338,16,157
6339,12,31
6339,12,102
6340,17,2
6340,17,114
6341,16,33
6342,16,175
6343,16,493
6344,11,201
6344,11,103
6345,18,106
6346,19,411
6346,19,27
6347,16,23
6347,16,10
6348,10,31
6348,10,119
6349,19,31
6350,19,97
6351,12,174
6352,11,9
6352,11,498
6353,19,31
6353,19,246
6354,15,256
6355,10,235
6355,10,236
6355,10,790
6356,17,293
6357,11,248
6357,11,174
6358,10,1077
6358,10,53
6358,10,234
6358,10,464
6359,19,113
6359,19,38
6360,19,149
6360,19,433
6361,19,113
6361,19,38
6362,17,4
6362,17,639
6363,14,355
6364,10,66
6364,10,50
6364,10,51
6365,12,34
6365,12,31
6365,12,27
6366,16,101
6367,13,484
6367,13,738
6367,13,50
6367,13,51
6367,13,119
6368,13,52
6369,20,126
6369,20,4
6369,20,679
6370,17,108
6370,17,82
6371,12,29
6371,12,23
6371,12,2
6371,12,11
6371,12,679
6372,10,6
6372,10,4
6372,10,11
6373,17,999
6373,17,17
6374,15,372
6374,15,29
6374,15,115
6374,15,188
6375,20,108
6375,20,100
6375,20,555
6376,13,9
6377,16,29
6377,16,328
6377,16,32
6378,14,146
6378,14,158
6379,20,177
6380,10,4
6380,10,114
6381,20,139
6381,20,113
6382,20,22
6382,20,23
6382,20,314
6382,20,65
6383,10,175
6383,10,27
6384,19,34
6384,19,31
6384,19,102
6385,16,570
6386,20,221
6387,15,87
6387,15,4
6388,18,933
6389,19,212
6389,19,682
6390,16,83
6390,16,50
6390,16,51
6390,16,677
6391,10,4
6392,12,162
6393,10,34
6393,10,31
6393,10,399
6393,10,123
6394,12,204
6395,11,119
6396,19,82
6397,18,11
6398,19,22
6398,19,29
6398,19,23
6399,18,27
6400,19,1040
6400,19,51
6401,19,66
6401,19,411
6402,17,233
6403,15,23
6403,15,101
6404,16,59
6404,16,11
6405,15,115
6406,12,162
6406,12,80
6406,12,376
6406,12,951
6406,12,82
6407,15,1
6407,15,34
6407,15,268
6407,15,31
6408,19,324
6408,19,149
6408,19,418
6409,17,22
6409,17,490
6409,17,493
6409,17,278
6409,17,116
6410,11,87
6410,11,4
6410,11,11
6411,18,186
6411,18,326
6412,11,204
6413,15,35
6414,17,205
6414,17,114
6415,17,124
6415,17,302
6415,17,114
6416,14,17
6416,14,38
6416,14,45
6417,16,81
6417,16,6
6417,16,4
6418,16,31
6419,11,175
6420,16,8
6420,16,682
6421,14,75
6421,14,15
6422,14,113
6423,17,108
6423,17,90
6423,17,149
6424,10,51
6425,15,34
6425,15,31
6426,20,283
6426,20,210
6426,20,82
6427,10,4
6427,10,965
6427,10,875
6428,18,106
6428,18,34
6428,18,31
6428,18,32
6429,11,968
6429,11,95
6429,11,132
6429,11,199
6430,20,162
6430,20,78
6430,20,11
6431,11,37
6431,11,51
6432,16,95
6432,16,825
6433,19,82
6434,20,82
6435,18,34
6435,18,31
6436,12,74
6437,10,68
6437,10,35
6438,15,29
6438,15,328
6438,15,32
6439,11,1316
6440,16,66
6440,16,50
6441,17,17
6442,13,484
6442,13,205
6442,13,4
6442,13,234
6442,13,190
6443,16,156
6443,16,9
6443,16,123
6444,18,29
6444,18,256
6444,18,149
6444,18,11
6444,18,294
6445,19,38
6445,19,39
6446,16,8
6446,16,1232
6447,15,114
6447,15,569
6448,18,108
6449,20,114
6450,19,4
6450,19,11
6451,14,106
6451,14,74
6452,11,337
6453,20,139
6454,17,101
6454,17,47
6455,12,484
6455,12,23
6455,12,50
6455,12,51
6456,20,854
6456,20,175
6456,20,123
6457,19,103
6457,19,20
6457,19,114
6458,14,80
6459,15,110
6459,15,149
6460,10,29
6460,10,164
6461,16,50
6461,16,51
6461,16,96
6462,17,29
6462,17,47
6463,10,83
6463,10,174
6463,10,45
6463,10,377
6464,18,146
6464,18,327
6464,18,149
6464,18,96
6465,17,757
6465,17,39
6466,12,110
6466,12,760
6466,12,931
6466,12,38
6467,16,529
6468,16,17
6468,16,15
6468,16,116
6468,16,45
6468,16,377
6469,15,29
6469,15,809
6470,12,108
6471,10,362
6471,10,108
6471,10,565
6471,10,171
6471,10,297
6472,11,1386
6472,11,11
6473,16,282
6473,16,82
6474,14,47
6475,15,17
6476,10,328
6476,10,149
6477,15,542
6477,15,543
6477,15,302
6477,15,114
6478,11,102
6479,16,1490
6479,16,1195
6480,20,134
6480,20,95
6480,20,96
6481,19,132
6481,19,51
6482,12,289
6482,12,927
6483,11,22
6483,11,215
6483,11,2
6484,18,23
6485,19,31
6486,16,17
6486,16,27
6487,17,11
6487,17,101
6488,15,71
6488,15,29
6488,15,10
6488,15,115
6488,15,295
6489,17,155
6489,17,112
6489,17,27
6489,17,679
6489,17,33
6490,17,20
6490,17,31
6490,17,154
6491,12,293
6491,12,432
6491,12,294
6492,12,103
6493,13,29
6494,20,175
6495,11,236
6495,11,2
6495,11,7
6496,20,4
6497,17,103
6497,17,48
6497,17,47
6498,16,41
6498,16,78
6498,16,4
6499,13,490
6499,13,493
6499,13,278
6499,13,499
6500,15,98
6500,15,363
6500,15,301
6501,18,282
6501,18,82
6502,20,33
6503,19,100
6503,19,119
6504,15,235
6504,15,354
6505,16,38
6505,16,39
6506,16,98
6506,16,33
6507,15,26
6507,15,27
6508,11,450
6508,11,358
6509,17,47
6510,18,254
6510,18,255
6510,18,182
6510,18,17
6510,18,71
6511,19,106
6511,19,10
6511,19,208
6512,13,80
6512,13,47
6513,19,624
6513,19,17
6513,19,48
6513,19,116
6514,10,29
6514,10,149
6514,10,70
6515,10,27
6516,17,1188
6516,17,162
6516,17,352
6516,17,70
6516,17,32
6517,10,427
6518,16,29
6519,20,31
6519,20,32
6520,20,6
6520,20,4
6521,19,31
6522,10,4
6523,14,239
6524,19,321
6525,13,872
6525,13,126
6525,13,28
6526,15,29
6526,15,15
6527,17,174
6527,17,27
6528,11,593
6528,11,29
6528,11,101
6529,12,17
6530,18,4
6530,18,149
6531,11,772
6531,11,251
6532,19,83
6532,19,112
6533,16,224
6533,16,192
6533,16,38
6533,16,227
6534,10,384
6534,10,278
6535,18,255
6535,18,116
6536,10,31
6536,10,38
6537,20,301
6537,20,33
6538,13,172
6539,16,278
6539,16,17
6539,16,116
6540,20,889
6541,19,9
6541,19,55
6542,15,22
6542,15,23
6542,15,11
6543,19,8
6543,19,149
6544,10,306
6545,10,17
6545,10,45
6546,15,29
6546,15,17
6546,15,15
6546,15,116
6547,10,525
6547,10,395
6547,10,817
6548,13,20
6548,13,192
6549,16,235
6549,16,1461
6550,16,100
6550,16,567
6550,16,525
6550,16,448
6550,16,528
6551,18,469
6552,16,9
6552,16,512
6552,16,4
6553,12,29
6554,18,114
6554,18,190
6555,18,80
6555,18,82
6556,20,108
6557,20,164
6557,20,78
6557,20,11
6557,20,93
6557,20,101
6558,10,47
6559,20,29
6559,20,10
6560,15,151
6560,15,111
6561,18,108
6561,18,171
6562,11,801
6562,11,28
6563,15,175
6563,15,764
6564,20,29
6564,20,4
6565,18,103
6565,18,82
6566,16,95
6566,16,38
6566,16,43
6567,20,223
6568,16,11
6568,16,114
6568,16,101
6569,17,1
6569,17,416
6569,17,93
6569,17,70
6570,15,10
6570,15,115
6570,15,4
6570,15,101
6571,10,200
6571,10,6
6571,10,4
6571,10,11
6571,10,19
6572,17,4
6573,17,39
6574,17,114
6575,19,37
6575,19,50
6576,19,29
6576,19,164
6577,15,604
6577,15,37
6577,15,50
6578,20,50
6579,19,114
6580,15,1012
6580,15,96
6581,13,113
6581,13,343
6581,13,38
6582,18,8
6582,18,324
6583,19,94
6583,19,389
6584,19,50
6584,19,51
6585,15,38
6586,18,175
6586,18,314
6587,14,259
6587,14,78
6588,12,289
6588,12,333
6588,12,31
6588,12,123
6589,20,103
6589,20,38
6589,20,33
6590,19,31
6591,11,321
6591,11,935
6592,16,108
6592,16,10
6593,11,897
6593,11,45
6594,10,1
6594,10,10
6594,10,4
6595,11,566
6595,11,1140
6595,11,95
6595,11,825
6596,13,1
6596,13,472
6596,13,10
6597,13,909
6598,18,98
6598,18,214
6598,18,247
6599,11,38
6600,13,103
6600,13,662
6600,13,29
6601,10,126
6601,10,357
6601,10,20
6601,10,152
6601,10,469
6602,16,925
6603,19,293
6603,19,70
6604,18,17
6604,18,116
6605,15,100
6605,15,442
6606,11,82
6607,17,108
6607,17,185
6607,17,710
6608,16,17
6609,11,29
6609,11,11
6610,10,11
6611,18,106
6611,18,23
6612,17,174
6612,17,777
6613,13,98
6613,13,214
6614,16,162
6614,16,78
6614,16,427
6614,16,82
6615,18,231
6615,18,561
6615,18,285
6615,18,534
6616,18,4
6617,12,106
6618,20,11
6618,20,47
6619,18,41
6619,18,11
6619,18,116
6620,20,127
6620,20,17
6620,20,27
6621,19,108
6621,19,157
6622,12,34
6622,12,31
6623,15,397
6623,15,29
6623,15,23
6624,15,126
6624,15,174
6624,15,175
6625,14,11
6625,14,93
6626,13,15
6626,13,261
6626,13,116
6627,18,108
6627,18,171
6627,18,935
6628,16,50
6629,13,148
6629,13,149
6630,16,17
6630,16,27
6631,11,210
6631,11,78
6631,11,409
6632,10,33
6633,11,192
6633,11,227
6634,12,212
6634,12,82
6635,19,235
6635,19,23
6635,19,147
6636,16,27
6636,16,105
6637,20,17
6638,17,249
6638,17,174
6638,17,127
6638,17,37
6638,17,28
6639,11,17
6640,13,192
6641,18,213
6642,19,80
6642,19,546
6643,10,831
6643,10,50
6644,18,299
6644,18,31
6644,18,111
6645,11,31
6645,11,48
6645,11,32
6646,17,34
6646,17,31
6646,17,176
6647,15,10
6647,15,71
6648,10,40
6648,10,103
6649,13,29
6649,13,11
6650,20,114
6651,11,6
6651,11,4
6651,11,28
6652,15,38
6653,12,108
6653,12,100
6653,12,552
6653,12,525
6653,12,246
6654,16,106
6655,17,29
6655,17,420
6655,17,246
6655,17,71
6656,17,43
6656,17,193
6657,18,54
6657,18,51
6658,15,29
6658,15,4
6658,15,115
6658,15,114
6659,15,47
6660,16,479
6660,16,31
6660,16,158
6660,16,160
6660,16,480
6661,16,108
6662,10,306
6662,10,199
6662,10,985
6663,18,145
6663,18,151
6664,17,174
6664,17,175
6665,10,34
6665,10,31
6665,10,246
6666,19,118
6667,18,174
6667,18,35
6668,15,147
6669,11,78
6669,11,4
6670,11,31
6671,16,35
6672,15,50
6672,15,71
6673,19,22
6673,19,10
6673,19,101
6674,17,29
6674,17,115
6675,17,115
6675,17,188
6676,14,472
6677,16,733
6677,16,356
6677,16,896
6678,17,162
6678,17,78
6679,19,182
6679,19,17
6679,19,45
6680,16,38
6680,16,96
6680,16,32
6681,12,17
6681,12,45
6682,18,31
6682,18,123
6683,20,23
6683,20,11
6683,20,101
6684,18,33
6685,19,108
6685,19,114
6686,19,106
6686,19,11
6686,19,114
6687,15,188
6687,15,115
6687,15,152
6687,15,154
6688,16,22
6688,16,2
6688,16,114
6689,12,490
6689,12,278
6690,16,31
6690,16,10
6690,16,11
6690,16,71
6691,12,113
6691,12,132
6691,12,38
6691,12,43
6691,12,198
6692,18,897
6693,13,49
6693,13,39
6694,10,114
6695,17,29
6695,17,10
6695,17,78
6696,20,26
6696,20,228
6696,20,27
6697,17,31
6698,18,115
6698,18,188
6699,11,31
6700,15,210
6700,15,80
6700,15,59
6701,15,29
6701,15,20
6701,15,256
6701,15,38
6702,19,362
6702,19,11
6703,10,29
6704,17,124
6704,17,125
6704,17,114
6705,15,17
6706,15,103
6706,15,29
6706,15,93
6707,11,54
6707,11,56
6708,11,17
6708,11,15
6708,11,261
6709,12,22
6709,12,23
6709,12,2
6709,12,11
6710,11,82
6711,20,113
6711,20,558
6711,20,38
6712,14,98
6712,14,301
6713,10,132
6713,10,38
6714,18,11
6714,18,454
6714,18,573
6715,18,29
6715,18,23
6715,18,65
6716,17,75
6716,17,672
6716,17,2
6716,17,149
6717,16,192
6718,14,78
6718,14,11
6719,16,34
6719,16,31
6719,16,123
6720,11,10
6721,18,78
6722,20,50
6723,16,31
6724,19,43
6725,14,95
6726,10,23
6726,10,28
6727,17,33
6728,15,47
6729,20,83
6729,20,47
6730,20,29
6730,20,93
6731,17,31
6732,16,29
6733,11,298
6733,11,99
6733,11,380
6733,11,946
6733,11,902
6734,19,90
6735,11,80
6736,16,103
6736,16,29
6736,16,11
6737,15,38
6737,15,43
6738,20,47
6738,20,147
6739,20,116
6740,14,9
6741,18,6
6741,18,80
6741,18,4
6741,18,11
6742,14,192
6742,14,31
6742,14,32
6743,20,4
6743,20,115
6744,11,200
6744,11,9
6744,11,96
6744,11,232
6745,19,254
6745,19,255
6745,19,17
6746,12,17
6746,12,116
6746,12,279
6747,13,355
6747,13,31
6748,14,17
6748,14,15
6749,18,95
6750,20,146
6750,20,158
6750,20,8
6750,20,751
6751,13,149
6752,16,29
6752,16,114
6752,16,82
6753,18,47
6754,11,38
6755,10,17
6755,10,45
6756,10,114
6756,10,71
6757,10,35
6757,10,47
6758,17,46
6759,10,574
6760,18,156
6760,18,75
6760,18,619
6761,19,34
6761,19,31
6761,19,160
6761,19,193
6762,14,573
6762,14,15
6762,14,530
6763,19,10
6764,19,6
6764,19,4
6764,19,11
6765,10,78
6765,10,4
6765,10,82
6766,10,402
6766,10,11
6766,10,93
6767,18,106
6767,18,642
6768,19,97
6769,10,17
6770,12,9
6770,12,64
6770,12,11
6771,15,321
6771,15,260
6772,14,29
6773,19,110
6773,19,38
6774,20,23
6774,20,101
6775,15,664
6775,15,151
6775,15,95
6776,18,11
6777,19,50
6777,19,51
6778,16,82
6779,15,38
6779,15,39
6779,15,141
6780,17,50
6781,20,38
6781,20,82
6781,20,96
6782,15,164
6783,16,29
6784,20,17
6784,20,4
6785,17,17
6785,17,27
6786,17,106
6786,17,31
6786,17,177
6787,19,101
6788,10,50
6788,10,51
6789,19,103
6789,19,1272
6789,19,848
6790,10,186
6790,10,641
6790,10,31
6791,16,82
6792,14,29
6792,14,10
6792,14,294
6793,17,27
6793,17,141
6793,17,179
6794,17,584
6794,17,1176
6795,17,23
6795,17,655
6795,17,11
6795,17,19
6795,17,511
6796,10,151
6796,10,38
6797,16,545
6797,16,37
6797,16,483
6797,16,105
6798,11,1410
6798,11,95
6798,11,346
6799,16,29
6799,16,388
6800,12,48
6800,12,33
6801,11,174
6802,17,39
6803,18,467
6803,18,830
6803,18,38
6803,18,39
6804,19,285
6804,19,141
6805,15,40
6805,15,293
6805,15,294
6806,16,195
6806,16,752
6806,16,111
6806,16,38
6807,10,4
6808,11,718
6808,11,11
6808,11,93
6809,20,95
6809,20,138
6810,16,101
6811,18,50
6811,18,51
6812,19,487
6812,19,9
6812,19,8
6813,15,736
6813,15,17
6813,15,15
6813,15,116
6814,19,218
6814,19,181
6815,11,15
6815,11,116
6816,14,22
6816,14,29
6816,14,23
6817,11,11
6818,10,31
6819,16,98
6820,11,146
6820,11,158
6820,11,502
6820,11,71
6821,17,20
6821,17,114
6822,19,103
6822,19,14
6822,19,82
6823,19,10
6824,20,493
6824,20,529
6825,20,221
6825,20,17
6825,20,15
6826,10,31
6827,14,47
6828,14,8
6828,14,4
6828,14,7
6829,11,38
6829,11,39
6830,18,78
6831,17,174
6831,17,180
6831,17,27
6832,18,66
6832,18,174
6832,18,246
6833,11,17
6833,11,27
6834,11,17
6834,11,27
6835,13,114
6836,11,81
6836,11,427
6837,15,108
6837,15,100
6837,15,554
6838,18,298
6838,18,175
6839,10,115
6839,10,188
6840,16,4
6841,18,9
6841,18,172
6842,19,66
6843,12,50
6843,12,51
6844,15,23
6845,19,491
6846,18,113
6847,17,29
6847,17,164
6848,15,224
6848,15,192
6848,15,38
6848,15,227
6849,18,9
6849,18,208
6849,18,159
6850,10,100
6850,10,525
6850,10,817
6850,10,96
6851,20,31
6852,15,156
6852,15,1127
6852,15,149
6852,15,258
6853,20,81
6853,20,74
6853,20,82
6854,16,94
6854,16,38
6855,18,501
6856,16,22
6856,16,29
6856,16,11
6856,16,101
6857,17,31
6858,17,105
6859,16,68
6859,16,55
6860,10,17
6861,13,9
6861,13,864
6861,13,509
6862,15,442
6863,18,31
6864,20,4
6865,12,17
6866,18,289
6866,18,31
6867,17,68
6867,17,888
6867,17,51
6868,17,945
6868,17,570
6869,19,11
6870,20,430
6870,20,634
6871,20,29
6871,20,11
6871,20,71
6872,20,5
6872,20,15
6872,20,45
6873,20,50
6874,19,450
6874,19,146
6875,16,23
6875,16,11
6875,16,150
6876,19,95
6876,19,138
6877,17,39
6878,20,772
6879,12,183
6879,12,806
6879,12,1001
6880,15,106
6880,15,114
6881,18,120
6881,18,121
6881,18,160
6881,18,59
6882,15,277
6882,15,9
6883,20,106
6883,20,11
6884,12,8
6885,14,71
6885,14,29
6885,14,23
6885,14,10
6885,14,147
6886,18,924
6886,18,897
6886,18,45
6887,10,82
6888,11,288
6888,11,95
6888,11,703
6889,20,108
6889,20,90
6889,20,171
6890,17,31
6891,17,29
6891,17,209
6892,15,17
6892,15,15
6892,15,13
6893,17,31
6893,17,111
6894,17,31
6894,17,257
6895,14,697
6895,14,17
6895,14,47
6896,19,70
6896,19,71
6897,18,37
6897,18,50
6897,18,51
6898,19,114
6899,11,116
6900,17,282
6900,17,1372
6901,18,199
6901,18,132
6901,18,51
6901,18,750
6902,16,106
6902,16,148
6902,16,149
6902,16,119
6903,19,75
6903,19,72
6903,19,27
6903,19,71
6904,16,31
6905,10,83
6905,10,20
6906,16,158
6906,16,92
6907,15,31
6908,18,70
6908,18,65
6909,16,218
6909,16,29
6909,16,954
6909,16,8
6909,16,114
6910,19,29
6910,19,11
6911,17,29
6911,17,20
6912,18,11
6913,15,253
6913,15,17
6913,15,27
6914,16,10
6914,16,912
6914,16,114
6915,18,29
6915,18,11
6915,18,101
6916,12,624
6916,12,116
6917,12,16
6917,12,31
6917,12,102
6918,18,8
6919,13,74
6919,13,82
6920,16,15
6920,16,45
6921,17,381
6921,17,293
6921,17,27
6921,17,70
6922,15,213
6922,15,71
6923,13,66
6923,13,52
6923,13,358
6923,13,50
6923,13,51
6924,15,128
6924,15,82
6924,15,749
6925,20,16
6925,20,31
6926,12,17
6926,12,45
6927,17,113
6927,17,130
6927,17,445
6927,17,38
6928,12,98
6928,12,491
6929,15,9
6929,15,92
6930,14,788
6930,14,308
6930,14,105
6931,16,5
6931,16,965
6931,16,116
6931,16,246
6932,12,493
6932,12,278
6932,12,116
6933,12,600
6933,12,427
6933,12,11
6934,11,213
6935,20,38
6935,20,43
6936,15,98
6936,15,174
6936,15,737
6936,15,749
6937,17,22
6937,17,23
6938,16,34
6938,16,31
6938,16,102
6939,16,31
6940,18,82
6941,15,94
6941,15,642
6942,16,224
6942,16,192
6942,16,38
6943,15,308
6943,15,50
6944,20,108
6945,10,103
6945,10,48
6946,10,40
6947,15,4
6947,15,11
6948,16,221
6948,16,74
6948,16,951
6948,16,82
6949,19,130
6949,19,443
6949,19,43
6950,12,293
6950,12,294
6950,12,70
6950,12,270
6951,15,181
6951,15,47
6952,12,375
6952,12,70
6953,15,113
6953,15,130
6953,15,38
6954,10,241
6954,10,6
6954,10,4
6954,10,11
6955,15,108
6955,15,10
6955,15,76
6956,16,249
6956,16,772
6956,16,991
6956,16,252
6957,17,38
6957,17,39
6958,18,182
6958,18,17
6959,16,174
6959,16,314
6959,16,213
6960,15,97
6961,16,106
6962,15,748
6962,15,359
6963,17,31
6964,19,8
6964,19,96
6965,18,11
6966,19,146
6966,19,158
6967,15,17
6968,20,139
6968,20,20
6969,14,172
6970,15,29
6971,12,174
6971,12,175
6972,14,97
6973,14,11
6974,20,156
6974,20,462
6974,20,10
6974,20,149
6975,16,224
6975,16,192
6975,16,38
6975,16,39
6976,18,148
6976,18,149
6977,17,29
6978,15,287
6978,15,101
6979,10,80
6979,10,82
6980,17,420
6980,17,115
6980,17,33
6981,18,115
6982,19,106
6982,19,2
6983,18,9
6984,16,100
6984,16,525
6984,16,817
6985,13,223
6986,15,17
6987,14,45
6988,17,22
6988,17,29
6989,18,20
6989,18,47
6990,10,81
6990,10,4
6990,10,208
6990,10,11
6991,16,239
6991,16,283
6991,16,82
6992,10,625
6993,16,11
6993,16,101
6994,13,427
6995,17,49
6995,17,622
6995,17,38
6995,17,39
6996,17,984
6996,17,26
6996,17,690
6997,20,39
6997,20,393
6998,20,149
6998,20,11
6999,14,8
6999,14,1232
6999,14,1215
7000,12,374
7001,17,22
7001,17,29
7002,17,29
7003,11,221
7003,11,537
7004,11,45
7005,13,20
7005,13,51
7006,15,278
7006,15,116
7006,15,117
7007,20,94
7007,20,611
7008,12,568
7008,12,4
7008,12,190
7008,12,547
7009,20,662
7009,20,115
7010,19,531
7011,16,106
7012,17,182
7012,17,17
7013,18,17
7013,18,15
7014,15,940
7014,15,17
7015,19,31
7015,19,32
7016,19,106
7017,15,59
7018,15,441
7018,15,49
7018,15,300
7018,15,393
7018,15,528
7019,18,98
7019,18,228
7020,18,381
7020,18,27
7020,18,82
7021,19,37
7021,19,48
7021,19,39
7022,10,34
7022,10,14
7023,15,98
7023,15,204
7024,11,733
7024,11,31
7024,11,896
7025,10,17
7026,16,29
7026,16,10
7027,11,361
7027,11,409
7027,11,128
7027,11,114
7027,11,1076
7028,19,38
7028,19,39
7029,14,962
7029,14,324
7029,14,149
7029,14,96
7030,18,114
7031,18,278
7032,10,31
7032,10,257
7033,11,17
7034,18,100
7034,18,1118
7034,18,525
7034,18,96
7034,18,750
7035,10,156
7035,10,148
7035,10,31
7035,10,149
7036,19,465
7036,19,31
7036,19,123
7037,10,404
7037,10,175
7038,17,408
7038,17,493
7039,19,31
7039,19,149
7040,17,9
7041,19,1228
7041,19,43
7042,18,472
7043,18,99
7043,18,29
7043,18,147
7044,17,11
7045,19,29
7045,19,164
7046,16,4
7046,16,11
7047,19,122
7047,19,27
7047,19,51
7048,17,95
7048,17,1086
7049,15,106
7049,15,41
7049,15,4
7049,15,114
7050,19,312
7050,19,303
7050,19,95
7050,19,414
7051,15,34
7052,19,34
7052,19,31
7052,19,257
7053,18,31
7053,18,44
7054,13,29
7055,12,484
7055,12,23
7056,18,1
7056,18,472
7056,18,31
7057,19,17
7057,19,27
7058,12,221
7058,12,53
7059,18,101
7059,18,55
7060,12,467
7060,12,49
7060,12,38
7060,12,39
7060,12,393
7061,16,156
7061,16,462
7061,16,148
7061,16,149
7062,19,27
7062,19,141
7063,16,108
7064,15,282
7064,15,908
7064,15,128
7064,15,82
7065,15,9
7066,19,31
7067,20,29
7067,20,23
7067,20,420
7068,18,29
7068,18,115
7068,18,188
7069,18,34
7069,18,31
7070,20,34
7070,20,31
7070,20,257
7070,20,123
7071,15,34
7071,15,31
7071,15,102
7072,16,65
7073,15,294
7073,15,369
7073,15,246
7074,12,254
7074,12,437
7074,12,379
7075,19,80
7075,19,114
7075,19,453
7076,17,777
7076,17,38
7077,19,10
7077,19,70
7077,19,272
7078,18,22
7078,18,23
7078,18,2
7079,17,34
7079,17,210
7079,17,31
7079,17,257
7080,19,17
7081,17,9
7082,16,103
7083,17,182
7083,17,116
7083,17,246
7084,15,82
7085,12,574
7086,19,60
7086,19,51
7087,17,23
7087,17,115
7088,18,23
7089,18,351
7089,18,98
7089,18,237
7089,18,50
7090,19,50
7091,16,204
7091,16,11
7091,16,101
7092,18,80
7092,18,71
7093,10,4
7093,10,11
7094,12,145
7094,12,313
7094,12,696
7094,12,646
7095,17,80
7096,14,352
7096,14,143
7097,20,873
7097,20,96
7098,14,386
7098,14,11
7099,18,50
7099,18,51
7099,18,53
7100,12,1025
7100,12,113
7100,12,130
7100,12,38
7101,20,17
7102,11,29
7102,11,501
7103,17,82
7104,18,396
7104,18,29
7104,18,4
7104,18,93
7105,15,34
7106,16,93
7107,11,48
7108,13,586
7108,13,38
7108,13,43
7109,18,174
7109,18,175
7110,10,500
7110,10,119
7111,16,314
7111,16,420
7111,16,188
7112,19,182
7112,19,17
7112,19,45
7113,12,10
7113,12,11
7114,13,106
7115,19,174
7115,19,38
7115,19,39
7116,13,156
7116,13,257
7116,13,370
7117,15,31
7118,15,74
7118,15,14
7118,15,82
7119,20,79
7119,20,105
7120,20,411
7120,20,37
7120,20,50
7121,14,293
7121,14,369
7122,10,132
7123,10,224
7123,10,38
7124,17,107
7124,17,29
7124,17,78
7124,17,93
7125,17,4
7125,17,11
7126,11,95
7126,11,505
7127,10,460
7128,13,100
7129,18,31
7129,18,257
7129,18,745
7130,16,34
7130,16,31
7130,16,116
7131,10,31
7131,10,123
7132,10,21
7132,10,183
7132,10,806
7132,10,45
7133,14,29
7133,14,115
7133,14,149
7134,20,47
7134,20,68
7134,20,410
7134,20,65
7134,20,71
7135,13,31
7136,19,426
7136,19,4
7136,19,101
7137,15,108
7137,15,90
7137,15,39
7138,10,584
7138,10,473
7138,10,939
7138,10,175
7138,10,764
7139,10,1
7139,10,416
7139,10,140
7139,10,93
7140,11,213
7140,11,65
7140,11,28
7141,16,373
7141,16,294
7142,10,9
7142,10,11
7142,10,93
7143,19,248
7144,19,80
7145,15,29
7146,18,34
7146,18,31
7146,18,257
7147,12,1073
7147,12,132
7147,12,953
7148,17,38
7148,17,39
7148,17,141
7149,15,6
7149,15,78
7149,15,4
7150,15,248
7150,15,390
7150,15,33
7151,19,351
7151,19,47
7152,16,231
7152,16,115
7152,16,96
7153,13,491
7153,13,883
7153,13,70
7153,13,884
7154,14,182
7154,14,115
7154,14,116
7155,13,146
7155,13,935
7156,16,48
7156,16,28
7157,12,29
7158,17,108
7158,17,29
7158,17,374
7159,16,82
7160,12,103
7161,20,289
7161,20,31
7162,20,11
7163,18,192
7163,18,31
7163,18,165
7163,18,38
7164,19,235
7164,19,80
7164,19,82
7164,19,47
7165,19,114
7166,12,8
7166,12,149
7167,19,26
7167,19,114
7168,10,128
7169,12,22
7169,12,23
7170,10,29
7171,15,995
7172,11,17
7173,18,80
7174,18,101
7175,17,10
7175,17,115
7176,15,298
7177,11,153
7177,11,29
7177,11,149
7178,10,34
7179,10,4
7179,10,208
7179,10,11
7180,17,175
7180,17,763
7180,17,96
7181,14,248
7181,14,33
7182,18,8
7183,19,103
7183,19,386
7184,20,11
7184,20,101
7185,18,264
7185,18,33
7186,20,38
7186,20,39
7187,18,321
7187,18,158
7187,18,260
7188,18,106
7188,18,22
7188,18,397
7188,18,2
7188,18,114
7189,11,23
7189,11,11
7189,11,101
7189,11,549
7190,18,232
7190,18,549
7191,18,29
7192,16,174
7193,15,17
7193,15,115
7193,15,116
7194,11,1
7195,10,107
7195,10,11
7195,10,71
7196,10,4
7196,10,11
7197,10,110
7197,10,1432
7197,10,113
7197,10,43
7198,16,40
7198,16,103
7199,19,594
7200,16,29
7200,16,484
7200,16,95
7201,16,210
7202,19,278
7202,19,96
7203,16,80
7203,16,47
7204,15,113
7204,15,38
7205,10,27
7205,10,1330
7206,19,103
7206,19,71
7207,12,306
7207,12,2
7207,12,132
7208,16,182
7208,16,17
7208,16,116
7208,16,834
7209,16,15
7209,16,96
7210,16,235
7210,16,353
7211,17,34
7211,17,31
7212,15,379
7212,15,1324
7212,15,45
7213,16,124
7213,16,853
7213,16,302
7213,16,114
7214,16,158
7215,12,108
7215,12,90
7216,10,390
7216,10,31
7216,10,246
7217,20,534
7217,20,8
7217,20,1232
7217,20,82
7218,15,39
7219,18,298
7219,18,70
7219,18,272
7220,17,463
7220,17,152
7221,19,113
7221,19,192
7221,19,38
7222,18,27
7223,12,113
7223,12,38
7223,12,528
7224,16,358
7224,16,48
7224,16,47
7225,15,45
7226,19,95
7226,19,96
7227,17,29
7227,17,809
7227,17,963
7227,17,607
7228,16,82
7229,18,17
7229,18,27
7229,18,50
7230,13,302
7230,13,114
7231,17,15
7231,17,45
7232,17,114
7233,18,85
7234,16,1170
7234,16,111
7235,20,384
7235,20,278
7235,20,385
7235,20,27
7236,17,80
7237,20,31
7238,10,254
7238,10,17
7238,10,183
7238,10,45
7239,17,50
7239,17,38
7239,17,213
7240,17,47
7241,10,158
7241,10,135
7242,14,121
7242,14,6
7242,14,78
7242,14,4
7242,14,8
7243,16,405
7243,16,45
7244,20,116
7245,16,308
7245,16,37
7245,16,50
7246,15,31
7246,15,123
7247,16,221
7248,17,78
7249,18,148
7249,18,149
7250,11,23
7251,17,9
7252,17,73
7252,17,80
7253,20,182
7253,20,17
7253,20,115
7253,20,116
7254,20,377
7254,20,120
7254,20,457
7254,20,758
7254,20,45
7255,10,945
7255,10,93
7256,18,87
7256,18,4
7257,10,20
7258,20,96
7259,14,771
7259,14,127
7259,14,516
7260,16,11
7260,16,101
7261,10,106
7261,10,667
7262,15,38
7263,16,98
7263,16,33
7264,19,218
7264,19,9
7264,19,11
7265,10,23
7265,10,28
7266,16,80
7267,15,6
7267,15,208
7268,15,757
7268,15,199
7269,16,828
7269,16,82
7270,14,34
7270,14,619
7270,14,264
7271,15,33
7272,14,11
7272,14,93
7273,18,507
7273,18,38
7273,18,39
7274,16,45
7275,12,113
7276,20,6
7276,20,4
7276,20,7
7277,10,4
7277,10,11
7278,20,463
7278,20,152
7278,20,150
7279,10,175
7280,14,27
7281,11,255
7282,11,6
7282,11,856
7282,11,101
7283,14,8
7283,14,11
7284,16,50
7284,16,213
7285,14,220
7286,18,337
7286,18,23
7286,18,50
7287,20,87
7287,20,80
7287,20,4
7287,20,11
7288,20,29
7288,20,246
7288,20,628
7289,11,47
7290,20,1098
7290,20,463
7290,20,29
7290,20,10
7290,20,149
7291,20,29
7291,20,101
7292,17,29
7293,16,114
7294,12,17
7295,14,712
7295,14,47
7296,15,22
7296,15,372
7296,15,188
7297,10,51
7298,12,29
7298,12,78
7298,12,65
7299,14,404
7299,14,126
7299,14,175
7300,18,10
7301,19,386
7302,18,15
7302,18,7
7303,16,652
7303,16,111
7304,17,83
7304,17,27
7305,11,103
7305,11,537
7305,11,561
7305,11,119
7306,12,100
7307,10,34
7307,10,31
7307,10,123
7308,18,95
7309,10,1188
7309,10,1040
7309,10,1054
7310,18,146
7310,18,160
7311,17,256
7311,17,115
7311,17,149
7311,17,374
7312,11,31
7312,11,1156
7313,20,20
7313,20,51
7313,20,93
7314,17,145
7314,17,111
7314,17,976
7314,17,39
7315,12,11
7316,16,4
7316,16,85
7317,17,106
7317,17,23
7318,15,1
7318,15,270
7319,11,183
7320,10,50
7320,10,51
7321,10,29
7322,20,90
7322,20,149
7323,12,29
7323,12,600
7323,12,427
7323,12,82
7324,18,148
7324,18,149
7324,18,514
7325,14,95
7325,14,316
7325,14,138
7326,17,17
7326,17,15
7326,17,116
7326,17,377
7327,16,50
7328,16,31
7328,16,14
7328,16,58
7329,14,106
7329,14,114
7330,19,31
7331,19,114
7332,16,174
7332,16,27
7333,10,23
7334,20,584
7335,20,390
7335,20,33
7336,20,333
7336,20,31
7336,20,419
7337,15,23
7337,15,11
7338,10,220
7338,10,150
7339,18,522
7339,18,158
7340,16,62
7341,13,23
7341,13,213
7342,17,1010
7342,17,115
7342,17,116
7343,19,522
7343,19,321
7343,19,158
7344,13,667
7344,13,215
7344,13,147
7345,15,29
7345,15,51
7346,10,22
7346,10,372
7346,10,29
7346,10,188
7347,18,103
7347,18,29
7347,18,23
7347,18,11
7347,18,101
7348,13,298
7348,13,381
7348,13,1030
7349,11,53
7350,10,412
7351,14,17
7351,14,15
7351,14,116
7352,11,110
7352,11,113
7352,11,38
7352,11,96
7353,10,726
7353,10,34
7353,10,355
7353,10,31
7354,18,174
7354,18,35
7355,11,356
7356,15,17
7356,15,15
7357,10,405
7357,10,45
7358,20,1105
7358,20,175
7359,20,397
7359,20,29
7359,20,23
7359,20,164
7359,20,93
7360,18,124
7360,18,4
7360,18,114
7361,15,29
7362,18,156
7362,18,148
7362,18,361
7362,18,149
7363,10,175
7364,10,17
7364,10,246
7365,13,794
7365,13,293
7365,13,616
7365,13,31
7366,15,210
7366,15,159
7366,15,1459
7366,15,93
7367,18,31
7367,18,78
7367,18,11
7368,15,568
7368,15,10
7368,15,4
7368,15,114
7368,15,190
7369,18,192
7369,18,43
7370,19,4
7371,15,221
7371,15,436
7371,15,34
7371,15,31
7371,15,193
7372,10,735
7372,10,17
7373,10,83
7373,10,282
7373,10,82
7374,10,116
7374,10,96
7374,10,1511
7375,15,153
7375,15,22
7375,15,149
7376,11,490
7376,11,278
7377,20,23
7377,20,28
7378,15,113
7378,15,445
7378,15,38
7378,15,43
7379,20,31
7380,15,328
7380,15,71
7381,11,27
7382,15,94
7382,15,390
7382,15,749
7383,15,31
7384,14,501
7384,14,11
7385,15,106
7385,15,114
7385,15,742
7386,16,34
7386,16,176
7386,16,165
7386,16,258
7387,19,293
7387,19,272
7388,16,100
7388,16,555
7389,14,1
7389,14,9
7389,14,602
7389,14,547
7389,14,998
7390,20,224
7390,20,192
7391,19,158
7391,19,96
7392,16,89
7392,16,92
7393,20,11
7394,16,9
7395,16,17
7396,20,426
7396,20,29
7396,20,4
7397,18,210
7397,18,31
7398,16,395
7398,16,595
7398,16,11
7398,16,119
7398,16,654
7399,17,121
7399,17,78
7399,17,869
7400,15,259
7400,15,31
7400,15,70
7400,15,272
7401,17,596
7402,19,9
7402,19,31
7403,20,2
7403,20,114
7404,17,166
7404,17,228
7404,17,82
7405,11,47
7405,11,29
7405,11,75
7405,11,71
7406,17,17
7406,17,45
7407,20,114
7408,19,20
7408,19,50
7409,15,17
7410,19,108
7411,14,27
7412,13,50
7413,10,106
7413,10,114
7414,20,175
7414,20,33
7415,19,20
7416,17,4
7416,17,11
7417,16,17
7417,16,15
7418,15,31
7418,15,10
7418,15,70
7419,16,66
7419,16,83
7419,16,484
7419,16,27
7420,13,151
7421,15,106
7421,15,26
7421,15,27
7421,15,28
7422,17,27
7423,17,10
7424,13,17
7424,13,116
7425,13,11
7426,17,10
7426,17,93
7427,11,11
7428,18,29
7429,19,246
7429,19,33
7430,11,200
7430,11,236
7430,11,15
7430,11,45
7431,13,23
7431,13,31
7432,14,29
7433,17,29
7433,17,23
7434,15,52
7434,15,50
7435,13,100
7435,13,371
7435,13,114
7436,12,463
7436,12,459
7436,12,149
7437,19,114
7437,19,246
7438,10,20
7438,10,31
7439,18,17
7439,18,27
7440,12,234
7441,17,51
7441,17,39
7442,20,158
7442,20,193
7443,20,156
7443,20,462
7443,20,148
7443,20,305
7443,20,149
7444,14,111
7444,14,38
7445,19,358
7445,19,80
7446,18,78
7446,18,11
7447,19,110
7447,19,721
7447,19,43
7448,13,33
7448,13,404
7448,13,701
7449,20,66
7449,20,50
7449,20,51
7450,20,31
7450,20,32
7451,10,103
7452,16,45
7452,16,377
7453,18,149
7454,13,98
7454,13,771
7455,16,726
7455,16,34
7455,16,31
7456,16,98
7456,16,214
7457,16,23
7457,16,2
7457,16,11
7458,11,337
7458,11,80
7459,17,185
7459,17,777
7460,13,186
7460,13,47
7461,17,108
7462,17,253
7462,17,15
7462,17,246
7463,20,95
7464,11,11
7465,20,267
7465,20,38
7466,15,94
7466,15,390
7467,17,106
7468,18,183
7469,19,29
7469,19,76
7470,19,148
7470,19,149
7471,17,220
7472,20,114
7473,18,66
7473,18,50
7473,18,51
7474,19,73
7474,19,126
7474,19,529
7475,17,31
7475,17,123
7476,13,103
7476,13,4
7476,13,11
7476,13,93
7477,17,29
7477,17,164
7477,17,10
7477,17,93
7478,18,29
7478,18,23
7479,10,210
7480,15,9
7480,15,35
7480,15,31
7481,18,172
7481,18,491
7482,10,17
7482,10,45
7483,14,115
7483,14,116
7484,20,390
7484,20,33
7485,16,31
7485,16,32
7486,12,31
7487,11,8
7487,11,149
7488,17,25
7488,17,27
7488,17,367
7488,17,1407
7489,16,29
7490,15,158
7490,15,96
7491,10,15
7491,10,183
7491,10,116
7492,15,174
7492,15,27
7493,19,98
7493,19,248
7493,19,174
7494,16,594
7494,16,96
7495,19,17
7496,14,186
7496,14,31
7496,14,17
7496,14,27
7496,14,279
7497,19,11
7498,11,95
7499,16,90
7499,16,114
7500,16,493
7500,16,278
7500,16,492
7501,19,172
7501,19,491
7502,16,442
7502,16,38
7502,16,96
7503,10,94
7504,12,20
7505,10,29
7505,10,164
7505,10,10
7505,10,8
7506,11,294
7507,18,80
7508,18,174
7509,20,847
7509,20,97
7510,15,29
7510,15,71
7511,18,114
7511,18,232
7512,20,114
7513,14,1
7513,14,9
7514,11,74
7514,11,285
7514,11,82
7515,19,29
7516,18,78
7516,18,11
7516,18,101
7517,11,524
7518,15,1
7518,15,174
7519,19,11
7520,12,10
7520,12,71
7521,12,367
7521,12,869
7522,15,100
7522,15,448
7522,15,443
7522,15,38
7523,17,116
7524,17,174
7524,17,27
7524,17,367
7525,11,210
7525,11,159
7525,11,82
7526,14,144
7527,19,294
7527,19,232
7527,19,547
7528,16,72
7528,16,47
7529,18,192
7529,18,227
7530,15,20
7530,15,23
7531,18,78
7531,18,1178
7531,18,273
7532,13,328
7533,19,174
7533,19,33
7534,15,115
7534,15,188
7535,20,164
7535,20,11
7535,20,93
7536,13,102
7537,17,148
7537,17,149
7538,10,34
7538,10,31
7539,19,103
7539,19,72
7539,19,80
7539,19,53
7540,16,51
7541,16,34
7541,16,345
7541,16,31
7541,16,71
7542,18,82
7543,12,112
7543,12,122
7544,18,33
7545,13,129
7545,13,113
7545,13,38
7546,16,207
7546,16,263
7547,17,208
7547,17,11
7548,12,1234
7549,17,17
7550,10,17
7550,10,116
7551,17,4
7552,18,86
7552,18,83
7552,18,84
7552,18,11
7552,18,71
7553,12,33
7554,14,278
7554,14,492
7555,20,17
7556,15,74
7556,15,80
7556,15,82
7557,15,108
7557,15,115
7557,15,149
7558,16,620
7558,16,45
7558,16,377
7559,19,93
7559,19,101
7560,15,9
7560,15,31
7561,18,100
7561,18,525
7561,18,1026
7561,18,1055
7561,18,96
7562,19,27
7563,16,1
7563,16,472
7563,16,78
7563,16,70
7564,15,29
7564,15,23
7564,15,101
7565,18,31
7566,13,20
7567,16,29
7567,16,6
7567,16,4
7567,16,11
7568,15,29
7569,19,116
7570,11,100
7570,11,555
7570,11,525
7570,11,382
7571,15,103
7571,15,114
7572,11,40
7572,11,23
7573,10,195
7573,10,51
7573,10,96
7574,15,107
7574,15,11
7574,15,93
7575,14,49
7575,14,65
7575,14,393
7576,12,158
7576,12,427
7577,20,98
7577,20,174
7578,18,103
7578,18,149
7578,18,161
7578,18,47
7579,13,34
7579,13,926
7580,19,589
7580,19,20
7580,19,728
7580,19,232
7581,16,29
7581,16,470
7582,13,105
7583,20,901
7584,16,82
7585,18,550
7585,18,90
7585,18,233
7585,18,1093
7585,18,1463
7586,18,49
7586,18,111
7586,18,141
7587,10,220
7588,18,172
7589,16,8
7590,20,174
7590,20,35
7590,20,469
7591,20,27
7591,20,141
7592,17,10
7592,17,4
7592,17,149
7592,17,256
7593,14,97
7594,17,422
7594,17,11
7595,18,29
7595,18,220
7596,16,402
7596,16,93
7597,16,293
7598,11,108
7598,11,397
7598,11,115
7599,10,98
7599,10,363
7599,10,214
7600,19,85
7600,19,11
7601,15,114
7601,15,464
7602,12,278
7602,12,406
7602,12,498
7603,10,29
7603,10,115
7604,20,251
7604,20,252
7605,16,29
7605,16,23
7606,19,116
7606,19,246
7607,15,466
7607,15,281
7607,15,114
7607,15,82
7608,18,282
7608,18,285
7608,18,82
7609,20,129
7609,20,29
7610,13,27
7610,13,367
7611,20,135
7612,13,298
7612,13,901
7612,13,1404
7612,13,70
7613,11,80
7613,11,4
7614,20,23
7614,20,85
7614,20,11
7615,16,17
7615,16,45
7616,11,34
7616,11,472
7616,11,31
7617,16,33
7618,20,50
7618,20,152
7619,18,38
7620,11,156
7620,11,148
7621,12,182
7621,12,345
7621,12,257
7622,20,146
7623,16,40
7623,16,4
7623,16,302
7623,16,11
7623,16,93
7624,18,81
7624,18,4
7624,18,11
7625,15,31
7626,12,233
7627,15,5
7627,15,17
7627,15,15
7627,15,45
7628,14,17
7629,18,11
7629,18,114
7630,20,221
7630,20,34
7631,10,478
7631,10,3
7631,10,232
7632,15,166
7632,15,317
7632,15,95
7632,15,765
7632,15,43
7633,10,87
7633,10,4
7633,10,11
7634,18,457
7634,18,10
7634,18,45
7635,16,477
7635,16,29
7635,16,4
7635,16,115
7636,17,51
7637,16,23
7638,16,10
7638,16,328
7639,15,148
7639,15,149
7640,17,103
7640,17,29
7641,15,201
7641,15,29
7642,15,111
7642,15,119
7643,15,9
7643,15,8
7643,15,149
7643,15,294
7644,15,100
7644,15,525
7645,12,29
7645,12,78
7645,12,11
7645,12,101
7646,19,772
7646,19,174
7646,19,214
7647,14,361
7647,14,31
7648,19,124
7648,19,234
7649,12,671
7650,15,93
7651,17,27
7652,20,93
7653,16,221
7653,16,31
7654,10,568
7654,10,4
7654,10,114
7655,17,149
7656,11,725
7657,18,248
7657,18,41
7657,18,174
7657,18,429
7658,15,31
7659,17,463
7659,17,29
7659,17,8
7659,17,502
7660,18,174
7660,18,213
7661,11,87
7661,11,31
7661,11,4
7662,16,108
7662,16,171
7663,11,460
7664,18,17
7664,18,27
7665,13,397
7665,13,1042
7666,12,23
7666,12,11
7667,18,1
7667,18,4
7668,13,11
7668,13,114
7668,13,119
7669,12,22
7669,12,29
7669,12,23
7669,12,10
7669,12,101
7670,10,47
7671,20,33
7672,19,9
7673,19,107
7673,19,10
7673,19,8
7673,19,93
7674,15,460
7674,15,220
7674,15,31
7674,15,314
7675,18,81
7675,18,162
7675,18,4
7676,19,103
7676,19,714
7676,19,48
7676,19,33
7677,10,17
7677,10,573
7678,20,115
7678,20,116
7679,18,29
7680,12,4
7681,19,49
7681,19,38
7681,19,393
7682,10,285
7682,10,159
7683,19,257
7683,19,32
7684,16,17
7684,16,15
7685,16,622
7685,16,38
7685,16,39
7686,15,103
7686,15,29
7686,15,147
7687,15,395
7687,15,119
7687,15,96
7688,16,108
7688,16,650
7688,16,328
7689,20,17
7690,11,31
7690,11,102
7690,11,749
7690,11,32
7691,18,71
7691,18,31
7691,18,177
7692,18,98
7693,19,23
7694,11,17
7694,11,261
7695,10,723
7695,10,29
7695,10,149
7695,10,157
7696,19,267
7696,19,49
7696,19,39
7696,19,141
7697,12,166
7697,12,10
7697,12,115
7697,12,958
7698,13,29
7698,13,23
7699,11,8
7699,11,149
7699,11,93
7700,16,29
7700,16,93
7701,14,564
7701,14,935
7702,20,34
7702,20,31
7703,19,684
7703,19,47
7704,12,174
7705,16,192
7705,16,38
7705,16,96
7706,17,114
7707,14,210
7707,14,58
7708,15,50
7709,10,43
7710,11,1141
7710,11,294
7710,11,246
7710,11,65
7711,16,9
7712,16,9
7712,16,2
7712,16,11
7712,16,213
7713,18,11
7713,18,93
7714,12,313
7714,12,534
7714,12,158
7715,10,324
7715,10,149
7716,15,282
7716,15,314
7717,12,169
7717,12,29
7717,12,360
7718,15,192
7718,15,797
7718,15,227
7718,15,1072
7719,15,700
7719,15,372
7719,15,4
7719,15,115
7720,10,78
7721,18,80
7721,18,47
7722,16,8
7723,12,120
7723,12,9
7723,12,164
7723,12,59
7724,13,98
7724,13,214
7724,13,247
7725,11,652
7725,11,39
7726,17,29
7726,17,164
7727,19,925
7727,19,50
7728,15,151
7729,13,98
7729,13,375
7729,13,204
7730,16,175
7731,15,200
7731,15,428
7731,15,4
7731,15,11
7731,15,232
7732,17,106
7732,17,29
7732,17,484
7732,17,10
7732,17,234
7733,17,108
7733,17,9
7733,17,149
7733,17,119
7734,10,103
7734,10,20
7734,10,96
7735,12,1
7735,12,821
7736,17,174
7736,17,213
7737,17,17
7737,17,184
7738,18,31
7738,18,123
7739,18,90
7739,18,29
7740,17,493
7740,17,216
7741,13,283
7741,13,210
7741,13,31
7741,13,58
7742,15,139
7742,15,20
7742,15,47
7743,14,787
7743,14,50
7744,10,224
7744,10,132
7745,16,29
7746,14,676
7746,14,1033
7746,14,353
7746,14,658
7746,14,70
7747,15,52
7747,15,37
7748,12,29
7748,12,23
7748,12,295
7749,19,41
7749,19,17
7750,20,255
7750,20,17
7751,15,9
7751,15,335
7752,10,324
7752,10,96
7753,12,795
7753,12,9
7754,20,82
7755,16,406
7755,16,15
7755,16,116
7756,12,48
7756,12,119
7756,12,273
7757,13,17
7757,13,116
7757,13,45
7758,14,182
7758,14,17
7759,13,38
7760,20,11
7760,20,93
7761,15,158
7761,15,427
7762,20,1
7763,16,410
7763,16,31
7764,14,10
7764,14,149
7764,14,93
7765,20,224
7765,20,192
7766,12,308
7766,12,50
7766,12,11
7767,17,35
7768,20,110
7768,20,132
7768,20,111
7768,20,51
7769,18,129
7769,18,103
7770,16,114
7771,16,82
7772,11,31
7772,11,111
7772,11,1472
7772,11,39
7773,13,6
7773,13,4
7773,13,212
7773,13,11
7774,15,38
7774,15,39
7775,15,95
7775,15,43
7776,10,45
7777,15,108
7777,15,90
7777,15,283
7777,15,82
7778,20,22
7778,20,115
7779,15,224
7779,15,552
7779,15,95
7780,16,22
7780,16,29
7780,16,115
7780,16,116
7781,17,34
7781,17,31
7781,17,32
7782,15,411
7782,15,53
7783,12,202
7783,12,512
7783,12,8
7783,12,256
7784,18,29
7784,18,78
7785,10,31
7785,10,70
7786,19,29
7786,19,31
7787,17,308
7787,17,50
7787,17,51
7788,15,48
7788,15,93
7789,20,124
7789,20,302
7789,20,114
7790,18,23
7791,18,372
7791,18,29
7791,18,4
7792,14,11
7792,14,101
7793,19,29
7793,19,164
7793,19,246
7794,10,114
7795,18,443
7795,18,39
7796,18,809
7796,18,374
7796,18,149
7796,18,96
7796,18,628
7797,11,384
7797,11,385
7798,18,116
7798,18,573
7799,10,152
7799,10,150
7800,20,4
7801,19,11
7801,19,177
7802,19,148
7802,19,16
7803,16,29
7803,16,2
7804,12,33
7804,12,390
7804,12,31
7804,12,38
7804,12,32
7805,17,50
7805,17,38
7805,17,483
7806,17,94
7806,17,642
7807,12,723
7807,12,108
7807,12,90
7808,15,29
7808,15,10
7808,15,51
7808,15,53
7809,11,289
7809,11,439
7809,11,148
7809,11,16
7809,11,11
7810,20,33
7811,16,83
7811,16,308
7811,16,199
7811,16,50
7811,16,51
7812,10,9
7813,13,625
7814,12,1168
7814,12,49
7814,12,170
7814,12,1329
7815,11,255
7815,11,182
7815,11,17
7815,11,116
7816,14,202
7816,14,23
7816,14,61
7817,13,681
7818,10,112
7818,10,174
7818,10,233
7819,20,214
7820,20,29
7820,20,23
7821,10,34
7821,10,31
7822,19,1
7822,19,235
7822,19,608
7823,17,39
7824,15,294
7825,12,31
7825,12,257
7825,12,140
7825,12,123
7826,15,110
7826,15,95
7826,15,38
7826,15,43
7827,15,82
7827,15,47
7828,16,29
7828,16,93
7829,19,17
7830,10,152
7831,19,8
7831,19,324
7831,19,149
7832,11,110
7832,11,34
7832,11,1100
7832,11,31
7832,11,102
7833,11,584
7834,19,156
7834,19,31
7834,19,619
7835,12,729
7835,12,113
7835,12,894
7835,12,38
7836,15,129
7836,15,98
7836,15,363
7836,15,33
7837,17,1
7837,17,107
7837,17,9
7838,11,27
7838,11,187
7838,11,179
7839,16,115
7840,10,27
7840,10,359
7840,10,82
7841,18,11
7841,18,70
7842,20,313
7842,20,698
7842,20,256
7842,20,734
7842,20,32
7843,15,31
7843,15,48
7843,15,38
7844,19,283
7845,17,129
7845,17,362
7845,17,503
7845,17,443
7846,17,100
7846,17,146
7846,17,158
7846,17,935
7847,10,100
7847,10,145
7847,10,31
7848,14,743
7848,14,487
7848,14,8
7849,19,160
7850,17,108
7850,17,155
7850,17,164
7851,16,17
7851,16,116
7852,16,145
7852,16,1093
7852,16,158
7853,18,231
7853,18,119
7854,20,35
7854,20,27
7855,14,50
7856,17,522
7856,17,158
7856,17,4
7857,14,31
7857,14,443
7857,14,38
7857,14,193
7858,14,39
7859,15,125
7859,15,114
7860,17,467
7860,17,39
7861,16,267
7861,16,300
7861,16,111
7861,16,38
7861,16,141
7862,14,27
7862,14,367
7863,11,23
7863,11,511
7864,18,493
7865,19,175
7865,19,524
7865,19,626
7865,19,39
7866,15,17
7866,15,15
7866,15,183
7866,15,45
7867,11,857
7868,18,11
7869,19,29
7869,19,10
7869,19,11
7870,13,31
7870,13,352
7871,20,379
7871,20,17
7871,20,45
7871,20,377
7872,17,11
7873,17,80
7874,11,20
7874,11,627
7874,11,47
7875,12,17
7875,12,233
7876,18,174
7876,18,35
7877,20,182
7877,20,17
7877,20,45
7878,18,372
7878,18,115
7878,18,96
7879,10,108
7879,10,100
7880,16,20
7881,18,35
7882,15,846
7882,15,193
7882,15,32
7883,19,1
7883,19,244
7884,12,219
7884,12,6
7885,18,34
7885,18,31
7885,18,102
7885,18,119
7886,15,29
7886,15,23
7887,20,108
7887,20,100
7888,15,149
7889,13,31
7889,13,17
7889,13,38
7889,13,45
7890,19,11
7891,17,450
7891,17,31
7891,17,158
7891,17,91
7891,17,427
7892,17,672
7892,17,328
7892,17,149
7892,17,1473
7893,17,18
7893,17,6
7893,17,4
7894,14,48
7894,14,33
7895,11,23
7895,11,10
7895,11,114
7895,11,152
7895,11,150
7896,17,913
7896,17,113
7896,17,31
7897,16,17
7898,19,31
7899,19,11
7899,19,101
7900,18,647
7900,18,39
7901,20,98
7901,20,94
7902,20,889
7902,20,17
7903,16,312
7903,16,1490
7903,16,443
7903,16,1086
7903,16,131
7904,17,103
7904,17,83
7904,17,164
7904,17,102
7905,13,87
7905,13,4
7905,13,11
7906,19,49
7906,19,151
7906,19,27
7906,19,111
7907,11,29
7907,11,10
7908,10,23
7908,10,150
7909,15,78
7909,15,11
7910,15,106
7911,15,219
7911,15,4
7911,15,208
7911,15,310
7912,15,294
7913,17,287
7913,17,11
7913,17,93
7914,18,15
7914,18,45
7915,18,17
7915,18,15
7916,10,292
7916,10,17
7917,19,11
7917,19,93
7918,16,50
7919,11,106
7919,11,34
7919,11,29
7919,11,10
7919,11,101
7920,17,829
7920,17,90
7920,17,1039
7920,17,430
7920,17,39
7921,15,75
7921,15,10
7921,15,114
7921,15,101
7922,15,100
7922,15,552
7922,15,283
7922,15,314
7923,19,9
7924,15,324
7925,19,321
7925,19,534
7925,19,135
7926,10,593
7926,10,101
7926,10,65
7927,10,47
7927,10,28
7928,16,282
7928,16,737
7928,16,82
7928,16,246
7928,16,551
7929,12,174
7929,12,33
7930,13,210
7930,13,78
7930,13,600
7931,18,103
7931,18,27
7931,18,119
7931,18,232
7932,20,1040
7932,20,50
7933,19,82
7934,15,108
7934,15,29
7935,15,50
7936,17,247
7937,17,45
7938,11,108
7939,18,50
7940,10,527
7941,19,20
7941,19,114
7942,17,192
7942,17,38
7943,17,1490
7943,17,443
7944,10,653
7944,10,49
7944,10,561
7944,10,39
7945,14,112
7945,14,122
7945,14,768
7946,19,218
7946,19,34
7946,19,75
7946,19,292
7946,19,370
7947,16,34
7947,16,31
7948,15,17
7948,15,27
7949,15,1
7949,15,235
7949,15,8
7949,15,418
7950,11,23
7950,11,694
7951,12,126
7951,12,175
7951,12,492
7951,12,70
7951,12,1030
7952,12,108
7952,12,90
7952,12,599
7952,12,31
7953,14,6
7953,14,4
7954,13,48
7955,20,34
7956,15,31
7957,15,460
7958,12,9
7959,18,52
7959,18,50
7960,20,50
7960,20,53
7961,15,90
7961,15,306
7962,13,34
7962,13,31
7963,20,210
7963,20,509
7964,16,174
7964,16,175
7964,16,127
7964,16,27
7964,16,65
7965,15,38
7965,15,44
7966,10,42
7966,10,95
7966,10,119
7967,16,221
7967,16,51
7967,16,53
7968,15,27
7968,15,2
7968,15,179
7969,14,29
7969,14,101
7970,15,1
7970,15,8
7971,11,16
7971,11,31
7972,18,108
7973,11,589
7973,11,51
7973,11,39
7974,17,134
7974,17,95
7974,17,138
7975,18,4
7975,18,28
7976,20,9
7977,14,165
7977,14,47
7978,20,448
7978,20,273
7979,15,114
7980,15,113
7980,15,38
7981,19,108
7981,19,177
7982,10,26
7982,10,27
7982,10,179
7983,15,17
7983,15,15
7983,15,183
7984,11,442
7984,11,96
7985,19,156
7985,19,430
7986,13,801
7986,13,23
7986,13,658
7986,13,71
7987,11,33
7988,10,145
7988,10,120
7988,10,151
7988,10,170
7988,10,111
7989,20,126
7990,19,34
7990,19,31
7990,19,257
7991,19,31
7992,13,34
7992,13,102
7993,19,4
7993,19,114
7994,14,835
7994,14,27
7994,14,141
7995,15,374
7995,15,149
7996,12,1
7996,12,59
7997,16,294
7998,10,99
7998,10,126
7998,10,35
7998,10,517
7999,18,23
7999,18,309
7999,18,101
7999,18,188
8000,17,29
8000,17,23
8000,17,101
8001,20,34
8001,20,355
8002,20,17
8002,20,11
8002,20,70
8003,10,50
8004,19,114
8005,12,108
8005,12,29
8005,12,157
8006,12,17
8006,12,15
8007,10,94
8008,15,29
8008,15,119
8008,15,38
8009,19,293
8009,19,70
8010,17,103
8010,17,232
8011,14,29
8011,14,158
8011,14,78
8012,18,17
8012,18,15
8013,18,32
8014,12,115
8014,12,149
8015,18,139
8015,18,51
8016,15,45
8017,17,17
8017,17,27
8018,11,114
8019,11,22
8019,11,374
8019,11,149
8020,10,97
8021,16,589
8021,16,719
8021,16,96
8022,12,17
8023,15,29
8023,15,101
8024,10,78
8024,10,4
8024,10,11
8025,11,324
8025,11,149
8026,16,1104
8026,16,175
8027,11,283
8027,11,9
8027,11,172
8027,11,282
8028,13,98
8028,13,97
8029,19,185
8029,19,96
8030,17,38
8030,17,39
8031,10,185
8031,10,76
8031,10,389
8032,19,34
8032,19,31
8033,20,82
8034,18,94
8035,20,100
8035,20,525
8036,20,149
8037,15,111
8038,16,644
8039,10,255
8039,10,544
8039,10,17
8039,10,117
8040,16,192
8040,16,38
8041,13,278
8041,13,17
8042,20,114
8043,17,11
8044,17,27
8044,17,47
8045,19,9
8045,19,715
8045,19,158
8045,19,346
8046,10,31
8047,13,213
8048,17,34
8048,17,31
8049,19,87
8049,19,4
8050,19,31
8050,19,745
8050,19,154
8051,10,54
8051,10,38
8051,10,44
8052,10,50
8053,20,59
8053,20,11
8054,17,54
8054,17,126
8054,17,31
8054,17,51
8054,17,53
8055,11,33
8056,17,108
8056,17,29
8057,20,529
8058,13,174
8058,13,35
8059,14,17
8059,14,45
8059,14,377
8060,19,113
8060,19,760
8061,10,17
8061,10,45
8062,15,11
8062,15,96
8063,15,108
8064,15,753
8064,15,95
8065,16,38
8065,16,39
8066,10,839
8066,10,652
8066,10,610
8067,19,34
8067,19,31
8067,19,177
8068,11,17
8068,11,222
8068,11,367
8068,11,45
8069,18,65
8070,10,158
8070,10,260
8071,20,27
8071,20,50
8072,15,498
8072,15,1388
8073,20,95
8074,17,253
8074,17,17
8075,18,39
8076,17,158
8077,13,95
8077,13,43
8078,11,75
8079,19,22
8079,19,2
8079,19,85
8079,19,114
8080,19,29
8080,19,115
8081,17,37
8081,17,51
8082,11,107
8082,11,70
8083,18,83
8083,18,27
8084,15,27
8085,20,1
8086,12,78
8086,12,11
8087,20,47
8088,17,95
8089,10,22
8089,10,115
8089,10,116
8090,16,113
8090,16,20
8090,16,38
8091,13,49
8091,13,39
8092,14,746
8092,14,17
8092,14,71
8093,18,78
8093,18,4
8094,16,129
8094,16,372
8095,17,82
8096,18,52
8096,18,23
8096,18,27
8096,18,50
8096,18,179
8097,20,192
8098,18,857
8098,18,16
8098,18,483
8099,18,100
8099,18,321
8099,18,135
8099,18,1181
8099,18,505
8100,10,15
8100,10,45
8101,17,2
8101,17,11
8101,17,93
8102,19,29
8103,14,27
8103,14,65
8103,14,768
8104,16,23
8104,16,28
8105,15,29
8105,15,23
8106,10,47
8106,10,71
8107,11,20
8107,11,777
8108,17,33
8108,17,389
8109,11,15
8110,16,9
8111,13,108
8112,16,27
8113,14,99
8113,14,126
8113,14,147
8114,19,126
8114,19,29
8115,20,83
8115,20,174
8115,20,112
8116,20,490
8116,20,493
8116,20,278
8116,20,492
8116,20,117
8117,17,51
8117,17,38
8117,17,44
8118,17,100
8118,17,321
8118,17,843
8118,17,935
8119,13,52
8119,13,50
8120,15,278
8121,18,34
8121,18,733
8121,18,31
8122,15,31
8122,15,38
8122,15,32
8123,11,106
8124,19,586
8124,19,192
8124,19,577
8124,19,1072
8125,18,27
8126,14,278
8126,14,834
8127,10,34
8127,10,293
8127,10,31
8127,10,294
8127,10,70
8128,20,97
8129,20,29
8129,20,152
8130,13,107
8130,13,11
8131,11,9
8131,11,23
8131,11,125
8132,18,463
8132,18,10
8132,18,8
8133,10,23
8133,10,101
8134,13,726
8134,13,31
8134,13,102
8135,15,38
8135,15,39
8136,19,107
8136,19,8
8136,19,11
8137,14,625
8137,14,490
8137,14,278
8137,14,492
8137,14,499
8138,16,20
8138,16,44
8139,11,80
8140,20,34
8140,20,258
8141,16,74
8141,16,77
8141,16,69
8141,16,71
8142,12,142
8142,12,412
8142,12,143
8143,15,80
8143,15,82
8144,19,293
8144,19,294
8145,19,441
8145,19,596
8145,19,49
8145,19,38
8145,19,39
8146,17,199
8147,15,29
8147,15,164
8148,15,40
8149,12,95
8150,10,158
8150,10,82
8151,18,31
8152,18,115
8153,17,257
8154,15,158
8154,15,135
8155,20,345
8155,20,31
8155,20,257
8156,10,696
8156,10,91
8157,11,792
8158,10,146
8158,10,158
8158,10,119
8158,10,82
8158,10,233
8159,19,9
8159,19,64
8159,19,93
8159,19,527
8160,20,114
8161,15,38
8162,13,34
8163,17,103
8164,11,218
8164,11,269
8164,11,438
8165,10,52
8165,10,51
8166,13,548
8166,13,51
8167,13,248
8168,10,22
8168,10,620
8169,10,115
8170,19,34
8170,19,174
8170,19,175
8171,10,218
8171,10,9
8171,10,11
8172,17,83
8172,17,70
8172,17,47
8173,14,4
8173,14,11
8173,14,93
8174,14,108
8174,14,29
8175,15,29
8175,15,164
8175,15,11
8175,15,96
8176,18,31
8176,18,257
8177,18,305
8177,18,324
8177,18,96
8178,16,108
8179,20,599
8179,20,31
8179,20,257
8180,20,40
8180,20,47
8181,19,95
8181,19,138
8182,15,80
8182,15,71
8183,18,10
8183,18,78
8183,18,11
8184,17,29
8184,17,115
8185,16,158
8186,15,11
8187,12,470
8187,12,588
8187,12,681
8188,15,23
8188,15,55
8189,18,31
8190,15,121
8190,15,78
8190,15,92
8191,19,175
8192,18,298
8192,18,70
8193,15,9
8193,15,228
8194,10,691
8194,10,38
8195,10,27
8195,10,38
8195,10,141
8196,13,23
8196,13,925
8196,13,51
8197,12,962
8197,12,328
8197,12,149
8198,17,129
8198,17,20
8198,17,47
8199,20,82
8200,12,854
8200,12,175
8200,12,918
8201,10,110
8201,10,38
8202,15,502
8202,15,114
8203,20,890
8204,12,292
8204,12,183
8205,14,337
8205,14,1180
8205,14,50
8205,14,51
8206,15,405
8206,15,15
8207,14,100
8208,17,95
8208,17,203
8209,15,31
8210,16,4
8210,16,11
8211,12,123
8212,14,27
8212,14,141
8212,14,47
8213,17,113
8213,17,43
8213,17,560
8214,20,296
8214,20,509
8215,13,49
8215,13,39
8216,10,586
8216,10,423
8216,10,192
8216,10,227
8217,15,31
8218,10,106
8219,10,29
8220,15,68
8220,15,213
8220,15,483
8220,15,71
8221,18,116
8222,18,34
8222,18,186
8222,18,31
8223,17,39
8224,13,27
8224,13,33
8225,11,535
8226,14,209
8227,16,1
8227,16,126
8227,16,70
8228,13,235
8228,13,29
8228,13,48
8228,13,101
8228,13,147
8229,16,4
8229,16,11
8230,10,11
8230,10,71
8231,18,17
8231,18,279
8232,15,190
8233,13,17
8233,13,116
8233,13,216
8234,20,26
8234,20,17
8234,20,27
8235,20,37
8235,20,51
8235,20,53
8236,13,48
8237,15,124
8237,15,114
8238,15,34
8238,15,31
8238,15,366
8239,10,845
8240,15,29
8240,15,93
8241,19,51
8241,19,53
8242,17,29
8243,13,210
8244,18,129
8244,18,29
8244,18,11
8245,12,52
8245,12,597
8245,12,50
8246,19,218
8246,19,11
8247,13,472
8247,13,31
8248,20,103
8248,20,420
8248,20,10
8248,20,11
8248,20,295
8249,10,31
8249,10,32
8250,20,1
8250,20,4
8250,20,836
8251,11,103
8251,11,164
8251,11,264
8252,15,493
8252,15,278
8252,15,544
8253,17,29
8254,17,1140
8254,17,95
8255,20,944
8255,20,108
8256,20,60
8257,10,29
8257,10,78
8258,17,303
8258,17,95
8259,16,103
8259,16,314
8259,16,65
8260,19,29
8261,13,108
8261,13,100
8262,17,50
8263,11,195
8264,14,387
8264,14,121
8264,14,4
8264,14,346
8265,10,50
8265,10,51
8266,20,59
8266,20,11
8267,12,553
8267,12,1035
8267,12,38
8267,12,39
8268,15,31
8268,15,32
8269,17,107
8269,17,9
8269,17,158
8269,17,8
8269,17,93
8270,18,879
8270,18,31
8271,15,303
8271,15,95
8272,14,156
8272,14,149
8273,19,34
8273,19,355
8273,19,31
8273,19,356
8274,10,8
8274,10,82
8275,19,80
8276,15,9
8277,16,29
8278,16,22
8278,16,149
8278,16,101
8278,16,177
8279,10,293
8279,10,294
8280,11,145
8281,20,667
8281,20,11
8281,20,82
8281,20,101
8282,13,572
8282,13,31
8282,13,70
8282,13,906
8283,20,51
8284,13,484
8284,13,114
8284,13,644
8285,11,186
8285,11,11
8286,11,29
8286,11,78
8286,11,334
8287,18,108
8287,18,31
8287,18,328
8287,18,149
8288,18,6
8288,18,4
8289,11,221
8289,11,116
8290,18,27
8290,18,141
8291,19,108
8291,19,29
8291,19,10
8291,19,246
8292,18,10
8293,13,17
8293,13,45
8294,15,124
8294,15,114
8295,14,259
8295,14,78
8295,14,11
8296,12,250
8296,12,249
8297,19,4
8297,19,11
8298,10,34
8298,10,78
8298,10,352
8298,10,258
8299,12,372
8299,12,29
8299,12,10
8299,12,4
8300,10,47
8300,10,641
8300,10,233
8301,15,108
8301,15,171
8302,10,792
8303,20,810
8303,20,493
8303,20,278
8303,20,117
8303,20,529
8304,15,29
8305,11,23
8305,11,11
8306,15,49
8306,15,39
8306,15,141
8307,15,22
8307,15,29
8307,15,23
8308,13,20
8308,13,2
8308,13,85
8308,13,101
8309,18,851
8309,18,38
8309,18,141
8310,20,38
8310,20,39
8310,20,141
8311,20,126
8311,20,27
8311,20,51
8311,20,47
8312,16,76
8312,16,188
8313,15,625
8313,15,490
8313,15,493
8313,15,499
8313,15,116
8314,17,112
8315,14,38
8315,14,97
8316,19,201
8316,19,103
8317,10,5
8317,10,253
8317,10,45
8318,13,205
8318,13,114
8318,13,309
8319,16,34
8319,16,16
8319,16,31
8320,16,38
8320,16,39
8320,16,393
8321,19,385
8321,19,116
8322,19,4
8322,19,11
8323,10,26
8323,10,23
8323,10,27
8324,19,33
8325,10,17
8326,18,86
8326,18,6
8326,18,80
8326,18,11
8326,18,869
8327,11,50
8327,11,51
8327,11,53
8327,11,1084
8328,10,244
8328,10,50
8329,11,27
8329,11,141
8330,11,584
8330,11,939
8330,11,768
8331,10,467
8331,10,49
8331,10,38
8331,10,39
8332,19,387
8332,19,6
8332,19,4
8332,19,208
8332,19,454
8333,17,175
8334,19,1
8334,19,85
8334,19,11
8334,19,71
8335,14,29
8335,14,11
8336,12,153
8336,12,149
8336,12,154
8337,13,29
8337,13,149
8337,13,11
8338,18,193
8338,18,32
8339,18,293
8339,18,294
8340,10,26
8340,10,93
8340,10,684
8341,18,17
8342,17,220
8342,17,61
8342,17,350
8343,18,113
8343,18,130
8344,17,82
8345,15,29
8345,15,672
8345,15,149
8345,15,114
8346,17,98
8346,17,213
8346,17,535
8347,16,34
8347,16,257
8348,15,31
8349,17,9
8349,17,59
8350,19,337
8350,19,83
8350,19,51
8351,11,277
8351,11,23
8351,11,119
8352,13,733
8352,13,732
8352,13,20
8353,17,446
8353,17,149
8353,17,430
8353,17,634
8354,13,224
8354,13,20
8354,13,423
8354,13,797
8355,20,98
8355,20,247
8355,20,301
8356,17,29
8356,17,23
8356,17,157
8357,14,43
8357,14,560
8358,11,103
8358,11,47
8359,13,29
8360,18,108
8360,18,100
8360,18,552
8360,18,321
8361,19,23
8361,19,50
8362,16,386
8363,19,135
8364,10,106
8365,16,4
8365,16,11
8366,18,114
8367,15,27
8368,15,333
8368,15,1002
8368,15,115
8369,11,372
8369,11,4
8369,11,149
8369,11,11
8370,17,47
8370,17,83
8370,17,70
8370,17,71
8371,10,15
8371,10,116
8371,10,117
8372,19,11
8372,19,70
8373,15,31
8373,15,38
8373,15,44
8374,11,54
8374,11,367
8375,11,15
8375,11,183
8375,11,116
8376,17,11
8377,16,90
8377,16,155
8377,16,29
8377,16,10
8378,10,29
8378,10,23
8378,10,11
8379,20,51
8379,20,119
8380,14,465
8380,14,31
8380,14,399
8381,10,651
8381,10,96
8382,19,178
8382,19,53
8383,15,107
8383,15,233
8384,17,741
8384,17,33
8385,17,29
8385,17,23
8386,14,857
8386,14,82
8387,19,822
8387,19,9
8387,19,35
8387,19,629
8388,18,392
8388,18,1004
8388,18,51
8389,17,90
8389,17,228
8390,18,134
8390,18,317
8390,18,95
8391,14,786
8391,14,124
8391,14,114
8392,11,83
8392,11,1060
8392,11,20
8393,18,119
8393,18,213
8394,18,172
8394,18,912
8395,19,34
8395,19,27
8396,17,95
8396,17,1086
8396,17,765
8396,17,705
8397,10,151
8398,19,17
8398,19,348
8399,16,103
8399,16,94
8400,19,11
8400,19,101
8401,17,460
8401,17,31
8401,17,149
8402,13,108
8402,13,642
8402,13,97
8403,16,182
8403,16,17
8403,16,403
8404,13,298
8404,13,293
8404,13,70
8405,19,29
8405,19,164
8406,14,293
8406,14,1110
8406,14,523
8406,14,352
8407,13,484
8407,13,23
8407,13,51
8407,13,28
8408,12,34
8408,12,186
8408,12,31
8408,12,102
8409,16,340
8409,16,51
8410,16,34
8410,16,31
8410,16,353
8411,17,43
8412,20,23
8412,20,324
8412,20,149
8412,20,150
8413,15,9
8414,11,97
8414,11,435
8415,15,11
8416,19,108
8416,19,145
8417,20,437
8417,20,17
8417,20,15
8418,13,843
8418,13,158
8418,13,449
8419,10,48
8420,19,31
8421,15,33
8422,15,231
8422,15,29
8422,15,11
8422,15,114
8423,10,108
8424,11,47
8425,20,50
8425,20,51
8426,16,224
8426,16,192
8426,16,227
8427,19,878
8427,19,498
8427,19,348
8427,19,116
8427,19,71
8428,10,80
8429,18,103
8429,18,33
8430,13,98
8430,13,375
8430,13,204
8431,15,139
8432,17,80
8433,18,442
8433,18,4
8433,18,119
8434,20,33
8435,15,29
8435,15,164
8436,19,34
8436,19,31
8437,12,9
8437,12,93
8438,11,88
8439,19,27
8440,15,20
8440,15,38
8441,18,149
8442,18,83
8442,18,82
8443,18,386
8443,18,47
8444,15,174
8445,16,52
8445,16,27
8446,18,34
8446,18,31
8446,18,70
8447,16,667
8447,16,482
8448,19,207
8448,19,46
8448,19,28
8449,19,49
8449,19,709
8449,19,622
8449,19,38
8449,19,39
8450,12,108
8450,12,172
8450,12,285
8451,13,17
8451,13,261
8452,14,115
8452,14,116
8452,14,529
8453,11,584
8454,12,11
8455,20,90
8455,20,246
8456,17,41
8456,17,17
8457,11,524
8457,11,39
8458,15,590
8458,15,27
8458,15,367
8459,17,108
8459,17,164
8459,17,157
8460,10,221
8460,10,558
8460,10,688
8461,10,404
8461,10,174
8461,10,175
8462,16,17
8463,14,78
8464,15,20
8465,18,590
8466,11,98
8466,11,174
8466,11,175
8467,17,9
8467,17,29
8467,17,75
8467,17,10
8468,15,98
8468,15,363
8468,15,214
8469,14,114
8470,15,255
8470,15,437
8470,15,379
8471,19,103
8472,15,4
8472,15,212
8472,15,11
8473,17,17
8473,17,694
8474,13,788
8474,13,192
8474,13,50
8475,17,106
8475,17,114
8476,18,207
8476,18,29
8476,18,314
8476,18,246
8477,18,80
8477,18,11
8478,18,78
8478,18,310
8478,18,346
8479,11,113
8479,11,38
8479,11,43
8480,14,158
8480,14,11
8481,19,31
8481,19,45
8482,18,51
8483,16,289
8483,16,82
8484,12,2
8484,12,28
8485,14,103
8485,14,31
8485,14,32
8486,12,31
8487,18,17
8487,18,15
8488,20,65
8488,20,47
8488,20,264
8488,20,677
8488,20,246
8489,18,259
8489,18,31
8489,18,51
8489,18,70
8490,20,328
8490,20,149
8491,16,34
8491,16,31
8491,16,102
8491,16,123
8492,12,103
8492,12,9
8493,20,50
8494,16,473
8495,10,17
8495,10,1129
8496,10,26
8496,10,27
8496,10,65
8496,10,28
8497,20,34
8497,20,385
8497,20,31
8497,20,177
8498,15,65
8498,15,33
8499,14,37
8499,14,51
8500,10,47
8501,16,14
8501,16,82
8502,11,54
8502,11,51
8502,11,53
8503,17,29
8503,17,87
8503,17,4
8504,15,100
8504,15,448
8505,19,421
8505,19,108
8505,19,650
8505,19,119
8506,16,516
8506,16,741
8507,10,404
8507,10,174
8507,10,175
8507,10,386
8508,16,148
8508,16,599
8508,16,149
8509,16,120
8509,16,219
8509,16,59
8510,16,47
8510,16,105
8511,14,34
8511,14,31
8511,14,123
8511,14,70
8511,14,272
8512,18,312
8512,18,100
8512,18,448
8513,13,17
8514,17,110
8514,17,1081
8514,17,203
8514,17,138
8515,19,106
8515,19,78
8515,19,114
8516,11,386
8516,11,273
8517,10,15
8517,10,183
8518,16,26
8518,16,6
8518,16,17
8518,16,232
8519,19,108
8519,19,297
8520,17,964
8520,17,70
8521,16,98
8521,16,94
8521,16,247
8521,16,96
8522,10,103
8523,17,502
8524,19,201
8525,18,278
8525,18,117
8526,15,47
8527,16,960
8527,16,4
8527,16,149
8527,16,115
8527,16,328
8528,16,9
8528,16,35
8529,20,40
8529,20,47
8530,16,293
8530,16,154
8531,16,52
8531,16,50
8531,16,51
8532,10,27
8533,19,108
8533,19,41
8534,11,50
8534,11,51
8534,11,246
8535,13,49
8535,13,561
8536,20,29
8536,20,4
8537,12,27
8537,12,367
8538,17,29
8538,17,361
8538,17,149
8539,18,103
8539,18,828
8539,18,310
8540,15,87
8540,15,4
8541,15,103
8542,11,17
8543,18,29
8544,10,54
8544,10,51
8545,19,175
8545,19,17
8545,19,171
8546,16,177
8547,15,158
8548,20,108
8548,20,381
8548,20,382
8548,20,82
8549,19,111
8550,19,29
8550,19,93
8551,16,728
8551,16,114
8552,12,37
8552,12,50
8552,12,51
8553,18,103
8553,18,47
8554,20,80
8555,19,246
8555,19,39
8556,18,718
8556,18,29
8556,18,165
8556,18,11
8557,11,182
8557,11,437
8557,11,379
8557,11,45
8558,18,278
8558,18,116
8558,18,117
8559,12,22
8559,12,17
8559,12,116
8560,20,29
8561,16,106
8561,16,71
8562,13,20
8562,13,246
8562,13,43
8563,10,38
8564,19,100
8564,19,448
8564,19,935
8565,19,4
8565,19,11
8566,19,6
8566,19,4
8567,12,78
8568,10,47
8569,16,17
8569,16,15
8569,16,116
8569,16,45
8570,11,426
8570,11,235
8570,11,372
8570,11,324
8571,15,74
8571,15,122
8571,15,82
8572,16,4
8572,16,11
8573,17,31
8573,17,1270
8573,17,38
8573,17,193
8574,17,106
8575,10,10
8575,10,11
8576,19,108
8576,19,553
8577,19,9
8577,19,11
8578,20,34
8578,20,31
8579,20,1
8579,20,20
8579,20,268
8580,14,114
8581,10,34
8581,10,11
8582,14,123
8582,14,234
8582,14,644
8583,14,6
8583,14,75
8583,14,31
8583,14,4
8584,16,98
8585,10,584
8586,12,288
8586,12,158
8586,12,82
8586,12,246
8586,12,65
8587,10,185
8587,10,479
8587,10,395
8588,14,34
8588,14,31
8588,14,349
8588,14,258
8588,14,44
8589,10,851
8589,10,100
8589,10,325
8589,10,97
8590,13,28
8591,16,114
8592,17,113
8592,17,38
8593,11,17
8594,20,31
8594,20,32
8595,16,114
8596,20,27
8596,20,45
8597,20,613
8597,20,79
8597,20,574
8597,20,71
8598,18,174
8598,18,411
8598,18,213
8599,10,107
8599,10,1013
8599,10,8
8599,10,149
8599,10,514
8600,18,661
8600,18,33
8601,15,1
8601,15,16
8601,15,31
8602,14,17
8603,18,114
8604,18,108
8605,20,202
8605,20,35
8606,16,103
8607,10,98
8607,10,375
8608,19,17
8608,19,27
8609,19,278
8609,19,498
8609,19,152
8610,19,95
8610,19,38
8611,13,189
8611,13,126
8611,13,96
8612,12,268
8612,12,4
8613,10,31
8614,10,61
8614,10,377
8615,18,29
8615,18,23
8616,19,112
8616,19,119
8616,19,71
8617,20,58
8617,20,294
8617,20,135
8617,20,82
8617,20,427
8618,20,8
8618,20,4
8618,20,324
8619,18,386
8619,18,11
8619,18,47
8620,18,29
8620,18,11
8621,11,175
8621,11,27
8622,13,6
8622,13,1449
8623,16,31
8624,10,29
8624,10,23
8625,20,103
8625,20,80
8625,20,11
8625,20,51
8626,18,259
8626,18,70
8627,17,17
8628,12,147
8629,16,265
8629,16,531
8630,13,100
8630,13,96
8631,20,29
8631,20,10
8631,20,78
8631,20,8
8632,19,786
8632,19,425
8633,18,501
8634,16,111
8634,16,82
8634,16,39
8634,16,96
8635,19,23
8636,20,107
8636,20,65
8637,15,22
8637,15,114
8638,10,29
8638,10,115
8639,10,11
8639,10,47
8640,17,6
8640,17,114
8641,19,31
8642,11,514
8643,19,114
8643,19,96
8644,17,115
8645,11,182
8645,11,17
8646,20,151
8646,20,31
8646,20,335
8647,11,9
8647,11,8
8647,11,1232
8648,15,116
8649,18,50
8649,18,51
8650,17,1106
8650,17,35
8650,17,308
8650,17,50
8651,16,174
8651,16,33
8652,20,448
8652,20,443
8653,19,9
8653,19,355
8653,19,161
8654,10,218
8654,10,17
8655,19,28
8656,10,108
8656,10,157
8657,17,246
8657,17,213
8658,17,87
8658,17,4
8658,17,11
8659,19,29
8659,19,80
8659,19,513
8660,16,255
8660,16,75
8661,20,148
8661,20,31
8662,11,696
8662,11,95
8663,15,49
8663,15,314
8663,15,754
8663,15,38
8663,15,39
8664,16,113
8665,18,11
8666,19,40
8667,18,112
8667,18,122
8667,18,17
8668,14,1116
8668,14,27
8669,16,221
8669,16,40
8669,16,1131
8670,18,93
8671,18,90
8671,18,155
8672,11,762
8672,11,27
8672,11,96
8673,15,106
8673,15,695
8673,15,114
8674,11,255
8674,11,544
8674,11,17
8674,11,116
8675,10,99
8675,10,127
8675,10,516
8675,10,741
8675,10,1205
8676,10,149
8677,19,597
8677,19,37
8677,19,50
8677,19,51
8677,19,53
8678,18,51
8678,18,96
8678,18,644
8679,16,501
8679,16,158
8679,16,849
8680,19,80
8680,19,101
8681,10,807
8681,10,749
8682,11,4
8682,11,93
8683,19,101
8684,20,17
8684,20,184
8684,20,758
8685,19,372
8685,19,29
8685,19,115
8686,13,31
8686,13,353
8687,14,268
8688,18,17
8688,18,15
8688,18,116
8689,10,54
8689,10,174
8690,10,20
8690,10,938
8690,10,95
8691,19,20
8691,19,17
8691,19,15
8691,19,38
8692,15,29
8693,17,113
8693,17,760
8693,17,1152
8693,17,38
8693,17,468
8694,20,95
8694,20,199
8694,20,38
8694,20,203
8695,13,157
8695,13,33
8696,18,98
8696,18,204
8696,18,1135
8697,18,158
8697,18,427
8697,18,346
8698,17,38
8698,17,39
8699,10,463
8699,10,41
8699,10,149
8699,10,96
8699,10,152
8700,12,27
8701,10,711
8701,10,108
8701,10,157
8702,17,568
8702,17,114
8703,10,29
8703,10,23
8703,10,11
8703,10,101
8703,10,147
8704,15,47
8705,10,387
8705,10,89
8705,10,242
8705,10,4
8705,10,11
8706,18,113
8706,18,130
8706,18,38
8706,18,43
8707,10,261
8707,10,116
8708,15,224
8708,15,192
8709,19,29
8710,17,96
8710,17,147
8711,20,209
8712,16,17
8712,16,28
8713,20,56
8713,20,31
8713,20,376
8714,20,4
8714,20,11
8714,20,150
8715,17,11
8716,16,147
8717,10,100
8717,10,158
8717,10,135
8717,10,82
8718,13,127
8718,13,31
8718,13,159
8718,13,716
8719,20,158
8720,20,38
8720,20,39
8721,18,850
8721,18,158
8721,18,91
8722,10,9
8722,10,8
8723,17,108
8724,15,372
8724,15,720
8724,15,4
8724,15,115
8724,15,188
8725,18,152
8726,17,34
8726,17,156
8726,17,31
8726,17,11
8726,17,177
8727,19,108
8728,20,31
8729,15,121
8729,15,210
8729,15,78
8729,15,85
8729,15,11
8730,16,17
8731,13,158
8731,13,135
8732,17,23
8733,13,586
8733,13,73
8733,13,314
8733,13,38
8733,13,227
8734,16,11
8734,16,93
8735,20,8
8736,19,49
8736,19,754
8736,19,38
8736,19,39
8737,15,146
8737,15,158
8738,18,829
8738,18,108
8738,18,90
8739,16,209
8739,16,11
8739,16,101
8740,18,17
8741,20,248
8741,20,174
8742,17,17
8743,10,47
8744,20,47
8745,18,47
8746,18,27
8746,18,380
8746,18,658
8746,18,70
8747,20,174
8748,14,29
8748,14,4
8749,16,11
8749,16,70
8750,13,29
8751,16,372
8751,16,29
8751,16,188
8752,15,1210
8752,15,484
8752,15,27
8752,15,51
8753,11,29
8753,11,23
8754,15,34
8754,15,465
8754,15,355
8754,15,31
8754,15,123
8755,15,156
8755,15,328
8755,15,149
8756,10,51
8756,10,114
8756,10,82
8757,14,348
8757,14,45
8758,10,694
8758,10,234
8758,10,114
8759,11,213
8759,11,65
8760,18,110
8760,18,904
8760,18,1103
8760,18,38
8760,18,43
8761,16,441
8761,16,49
8761,16,39
8762,15,22
8762,15,29
8762,15,23
8762,15,11
8763,18,748
8763,18,17
8763,18,45
8764,11,22
8764,11,397
8765,13,45
8765,13,233
8766,18,39
8767,17,298
8767,17,293
8767,17,19
8768,17,6
8768,17,11
8768,17,93
8769,20,174
8769,20,367
8770,14,20
8770,14,47
8771,20,224
8771,20,797
8772,11,4
8772,11,208
8772,11,11
8773,18,29
8773,18,228
8773,18,78
8773,18,294
8773,18,71
8774,15,110
8774,15,113
8774,15,43
8775,15,31
8776,19,38
8776,19,39
8777,16,584
8778,15,20
8778,15,51
8778,15,53
8779,12,272
8779,12,377
8780,10,192
8780,10,227
8780,10,1072
8781,12,182
8781,12,183
8782,11,306
8782,11,132
8782,11,51
8783,20,255
8783,20,294
8784,19,29
8784,19,150
8785,18,66
8785,18,174
8785,18,50
8785,18,246
8785,18,213
8786,15,41
8786,15,151
8786,15,31
8786,15,38
8787,19,99
8787,19,126
8787,19,175
8787,19,17
8788,12,255
8788,12,17
8788,12,222
8788,12,261
8789,15,114
8790,16,27
8791,20,97
8792,19,29
8793,19,437
8794,20,166
8794,20,29
8794,20,10
8794,20,284
8795,15,34
8795,15,31
8796,10,121
8796,10,29
8797,20,4
8797,20,11
8798,19,45
8799,17,130
8799,17,192
8799,17,227
8799,17,559
8800,18,29
8801,15,405
8801,15,17
8801,15,116
8801,15,45
8801,15,377
8802,13,114
8803,18,385
8803,18,116
8804,17,31
8804,17,356
8804,17,246
8805,16,116
8806,19,34
8806,19,31
8806,19,32
8807,17,146
8807,17,158
8807,17,540
8808,11,175
8809,19,179
8810,17,390
8810,17,33
8811,14,31
8812,20,233
8813,10,1155
8813,10,29
8813,10,285
8814,20,29
8814,20,78
8815,16,95
8815,16,43
8816,11,121
8817,18,22
8817,18,29
8817,18,23
8817,18,11
8818,12,357
8818,12,20
8819,15,549
8820,13,17
8821,18,66
8822,15,98
8822,15,827
8823,17,1010
8823,17,1069
8824,20,97
8824,20,532
8825,15,586
8825,15,38
8825,15,972
8826,12,218
8826,12,9
8827,19,9
8828,18,27
8829,18,114
8830,19,195
8830,19,479
8831,15,31
8831,15,642
8831,15,32
8832,15,210
8833,15,108
8833,15,164
8833,15,246
8834,10,27
8834,10,367
8834,10,141
8835,13,278
8836,18,115
8836,18,97
8836,18,1498
8837,19,182
8837,19,278
8838,17,10
8839,16,442
8839,16,119
8839,16,768
8840,10,23
8840,10,70
8841,15,78
8841,15,4
8842,18,4
8842,18,11
8843,17,29
8844,10,175
8845,19,48
8846,19,121
8846,19,146
8847,16,43
8848,17,90
8848,17,439
8848,17,29
8848,17,32
8849,12,232
8849,12,14
8849,12,246
8849,12,547
8849,12,101
8850,19,34
8850,19,31
8850,19,102
8851,12,110
8851,12,113
8851,12,43
8851,12,193
8851,12,1107
8852,17,9
8853,10,17
8853,10,27
8854,15,90
8854,15,158
8855,14,23
8855,14,11
8856,19,29
8856,19,10
8856,19,115
8857,17,487
8857,17,8
8857,17,330
8858,20,48
8859,17,313
8859,17,696
8859,17,359
8859,17,154
8860,17,31
8861,10,303
8861,10,696
8861,10,95
8861,10,740
8862,12,278
8862,12,17
8863,16,522
8863,16,158
8863,16,4
8864,10,108
8864,10,100
8865,18,114
8866,12,29
8866,12,10
8866,12,294
8866,12,11
8867,18,17
8868,16,101
8869,20,20
8869,20,308
8869,20,11
8870,11,934
8870,11,70
8871,17,159
8872,14,17
8872,14,45
8873,15,67
8873,15,74
8873,15,285
8874,20,11
8875,10,255
8875,10,175
8875,10,17
8875,10,61
8875,10,407
8876,20,29
8876,20,314
8877,18,100
8878,15,29
8878,15,115
8879,16,28
8879,16,11
8879,16,511
8880,16,130
8880,16,20
8880,16,38
8881,20,213
8882,14,103
8882,14,386
8882,14,75
8883,11,447
8883,11,313
8883,11,696
8883,11,937
8883,11,39
8884,15,491
8885,10,149
8885,10,116
8886,17,38
8887,16,292
8887,16,45
8887,16,65
8888,12,17
8889,12,524
8889,12,39
8890,17,23
8890,17,10
8890,17,125
8890,17,114
8891,10,34
8891,10,31
8891,10,349
8892,20,205
8892,20,234
8892,20,114
8893,17,29
8893,17,115
8894,15,87
8894,15,80
8894,15,4
8895,15,293
8895,15,31
8896,15,29
8896,15,164
8896,15,93
8897,15,608
8897,15,20
8898,11,103
8898,11,140
8899,11,915
8899,11,604
8899,11,174
8899,11,72
8900,19,182
8900,19,278
8900,19,116
8901,10,260
8902,19,99
8903,16,472
8903,16,35
8903,16,31
8903,16,491
8903,16,71
8904,18,97
8905,20,17
8905,20,21
8905,20,246
8906,19,82
8907,17,48
8907,17,141
8907,17,28
8908,10,101
8909,18,38
8910,16,33
8911,14,158
8911,14,135
8911,14,96
8912,13,124
8912,13,125
8912,13,114
8913,11,87
8913,11,11
8913,11,93
8914,11,34
8914,11,102
8914,11,213
8915,16,262
8915,16,213
8916,14,15
8916,14,261
8916,14,116
8917,20,163
8917,20,113
8917,20,38
8918,17,29
8918,17,149
8919,11,25
8919,11,27
8920,17,108
8920,17,103
8921,10,22
8921,10,23
8921,10,101
8922,15,1
8922,15,268
8923,13,31
8923,13,258
8924,14,108
8924,14,29
8924,14,23
8925,12,641
8925,12,17
8926,17,23
8926,17,114
8927,14,40
8927,14,75
8927,14,93
8928,15,336
8928,15,10
8928,15,114
8929,20,22
8929,20,23
8930,15,100
8930,15,555
8930,15,1296
8930,15,525
8931,12,4
8932,14,31
8932,14,82
8933,11,733
8934,18,100
8934,18,525
8935,16,224
8935,16,192
8935,16,797
8936,20,21
8936,20,116
8936,20,117
8937,19,242
8938,13,22
8938,13,85
8938,13,352
8938,13,45
8939,18,4
8940,18,94
8940,18,390
8940,18,642
8941,12,116
8942,11,27
8943,16,27
8944,17,33
8945,17,9
8945,17,93
8945,17,47
8946,13,113
8946,13,192
8946,13,38
8947,13,54
8947,13,44
8948,13,11
8948,13,101
8949,16,100
8949,16,158
8949,16,1181
8949,16,505
8950,17,50
8950,17,11
8951,20,158
8951,20,427
8952,12,467
8952,12,38
8953,17,34
8953,17,31
8954,19,152
8955,19,22
8955,19,29
8955,19,23
8955,19,11
8955,19,101
8956,18,438
8956,18,246
8957,15,31
8958,16,103
8958,16,9
8958,16,402
8958,16,11
8958,16,93
8959,17,426
8959,17,4
8959,17,11
8960,10,278
8960,10,17
8961,12,545
8961,12,37
8961,12,51
8961,12,55
8962,17,98
8963,16,164
8963,16,10
8964,13,116
8965,18,250
8965,18,252
8966,15,80
8967,11,95
8967,11,203
8968,16,40
8968,16,483
8968,16,71
8969,18,29
8969,18,23
8970,16,139
8970,16,47
8971,14,1
8971,14,232
8971,14,547
8972,15,6
8972,15,4
8973,17,152
8974,16,306
8975,15,50
8976,15,733
8976,15,17
8977,18,278
8977,18,35
8977,18,385
8978,10,281
8978,10,82
8979,16,114
8979,16,569
8980,11,1303
8980,11,220
8980,11,152
8980,11,150
8981,11,11
8982,15,308
8983,17,186
8983,17,358
8983,17,82
8984,18,17
8985,10,733
8985,10,48
8985,10,352
8986,20,584
8987,17,74
8987,17,285
8987,17,82
8988,15,114
8989,14,174
8989,14,175
8990,13,146
8990,13,702
8990,13,82
8990,13,96
8991,17,110
8991,17,130
8991,17,38
8992,19,29
8993,18,698
8993,18,31
8993,18,553
8993,18,433
8994,18,78
8994,18,59
8994,18,11
8995,11,182
8995,11,261
8995,11,116
8996,13,126
8997,20,107
8997,20,29
8997,20,93
8997,20,246
8998,11,101
8999,17,182
8999,17,183
8999,17,45
9000,10,82
9001,11,51
9001,11,677
9002,19,45
9002,19,377
9003,10,255
9003,10,17
9003,10,27
9004,17,27
9004,17,141
9005,16,82
9006,14,90
9006,14,121
9006,14,31
9006,14,257
9006,14,32
9007,19,38
9007,19,39
9008,12,98
9008,12,301
9009,20,246
9009,20,291
9010,18,51
9011,16,95
9012,19,103
9012,19,114
9012,19,93
9013,13,40
9014,10,108
9014,10,90
9015,10,298
9016,20,94
9016,20,642
9017,19,8
9018,17,9
9018,17,1013
9019,12,600
9020,12,41
9020,12,594
9020,12,38
9021,18,340
9021,18,60
9021,18,650
9021,18,50
9021,18,53
9022,18,23
9023,16,397
9023,16,23
9023,16,10
9023,16,2
9023,16,11
9024,20,29
9025,10,148
9025,10,149
9026,19,663
9027,16,362
9027,16,476
9027,16,97
9028,11,31
9028,11,32
9029,15,17
9029,15,115
9030,18,40
9030,18,46
9031,16,641
9032,15,186
9032,15,268
9032,15,256
9033,11,11
9033,11,71
9034,15,23
9034,15,11
9035,12,34
9035,12,31
9036,16,754
9036,16,39
9037,13,282
9037,13,82
9038,13,362
9038,13,248
9038,13,174
9038,13,33
9039,20,174
9040,15,303
9040,15,448
9040,15,154
9041,16,1424
9041,16,175
9041,16,541
9042,18,306
9043,14,27
9043,14,367
9043,14,141
9044,19,47
9044,19,105
9045,19,136
9045,19,95
9045,19,452
9045,19,138
9046,14,741
9046,14,33
9047,13,9
9048,13,78
9048,13,717
9048,13,11
9049,19,100
9049,19,95
9050,20,110
9050,20,113
9050,20,38
9050,20,198
9051,16,108
9051,16,29
9051,16,23
9052,13,308
9052,13,37
9052,13,51
9052,13,508
9053,15,9
9053,15,821
9053,15,10
9053,15,491
9054,10,175
9055,16,73
9055,16,114
9056,17,113
9057,15,210
9057,15,419
9058,10,422
9058,10,11
9058,10,93
9059,15,301
9060,15,47
9061,20,221
9061,20,47
9062,14,40
9062,14,17
9062,14,15
9062,14,183
9062,14,116
9063,15,38
9063,15,39
9064,18,71
9065,18,733
9065,18,513
9066,11,29
9066,11,264
9066,11,55
9066,11,483
9067,15,278
9067,15,116
9068,14,50
9069,16,290
9069,16,27
9070,18,11
9070,18,101
9071,19,80
9071,19,246
9071,19,65
9071,19,47
9072,14,148
9072,14,149
9073,12,8
9073,12,149
9074,16,8
9074,16,587
9075,16,134
9075,16,158
9075,16,95
9075,16,96
9076,19,17
9077,11,17
9077,11,27
9078,19,221
9078,19,34
9078,19,31
9078,19,376
9079,10,22
9079,10,29
9079,10,23
9079,10,101
9080,14,11
9081,13,960
9081,13,8
9081,13,324
9081,13,149
9082,20,31
9083,10,718
9083,10,29
9084,11,78
9084,11,93
9085,17,9
9086,11,33
9087,13,107
9087,13,78
9088,11,49
9088,11,393
9089,15,78
9089,15,85
9090,10,865
9090,10,97
9091,18,97
9091,18,532
9092,17,6
9092,17,4
9092,17,123
9092,17,152
9092,17,547
9093,14,283
9094,10,47
9094,10,71
9095,18,38
9096,17,119
9097,16,100
9097,16,449
9098,16,246
9098,16,33
9099,18,29
9099,18,314
9099,18,1223
9100,19,664
9100,19,441
9100,19,34
9100,19,447
9101,15,106
9101,15,51
9101,15,96
9102,17,114
9102,17,71
9103,20,29
9103,20,149
9103,20,232
9104,13,34
9104,13,31
9105,10,11
9106,16,261
9107,13,146
9107,13,158
9107,13,8
9107,13,96
9108,10,37
9108,10,50
9108,10,246
9109,14,285
9110,16,293
9110,16,31
9110,16,11
9110,16,70
9110,16,258
9111,18,110
9112,20,158
9112,20,78
9112,20,95
9112,20,82
9112,20,203
9113,16,17
9113,16,15
9114,11,234
9115,17,303
9115,17,114
9115,17,643
9116,13,293
9116,13,294
9117,15,50
9117,15,53
9118,12,478
9118,12,6
9119,18,40
9120,18,31
9121,11,54
9121,11,51
9122,20,224
9122,20,227
9123,16,504
9123,16,158
9123,16,505
9124,20,110
9124,20,97
9125,15,78
9126,14,45
9126,14,377
9127,14,51
9128,20,29
9129,20,48
9129,20,33
9130,15,11
9131,16,11
9132,11,29
9132,11,628
9133,18,488
9133,18,8
9133,18,330
9134,18,314
9134,18,38
9134,18,39
9135,18,80
9136,17,4
9136,17,11
9136,17,101
9137,19,299
9137,19,39
9138,10,298
9138,10,31
9138,10,294
9139,14,113
9139,14,130
9139,14,468
9139,14,560
9140,10,29
9140,10,33
9141,14,17
9141,14,115
9141,14,116
9142,10,114
9143,17,857
9143,17,951
9143,17,82
9144,10,507
9144,10,53
9144,10,246
9145,19,375
9146,10,22
9146,10,17
9146,10,101
9146,10,45
9147,19,51
9147,19,53
9148,14,29
9148,14,11
9149,17,45
9150,11,11
9151,18,192
9151,18,38
9152,20,22
9152,20,11
9152,20,309
9153,10,106
9153,10,48
9153,10,114
9154,18,367
9155,12,17
9155,12,45
9156,10,98
9156,10,174
9157,18,23
9157,18,101
9157,18,28
9158,18,31
9159,19,149
9160,10,649
9160,10,112
9160,10,83
9160,10,285
9160,10,82
9161,19,324
9161,19,152
9162,20,537
9162,20,48
9163,13,718
9163,13,4
9163,13,165
9163,13,11
9163,13,93
9164,16,393
9165,12,6
9165,12,4
9165,12,7
9166,15,1
9166,15,155
9166,15,29
9166,15,10
9167,15,202
9167,15,172
9167,15,212
9167,15,744
9168,17,9
9169,11,504
9169,11,134
9169,11,451
9169,11,505
9170,20,293
9170,20,294
9171,12,98
9171,12,27
9172,16,192
9172,16,31
9173,17,108
9173,17,100
9173,17,525
9174,15,126
9174,15,83
9174,15,308
9175,19,439
9175,19,149
9176,15,17
9177,17,967
9177,17,132
9177,17,1178
9177,17,273
9178,18,326
9178,18,479
9178,18,38
9178,18,96
9179,15,499
9180,15,224
9180,15,192
9180,15,1073
9180,15,38
9180,15,227
9181,16,224
9181,16,192
9181,16,38
9182,18,31
9183,18,664
9184,20,97
9185,17,15
9185,17,45
9186,18,121
9186,18,11
9187,17,49
9187,17,780
9187,17,39
9188,16,29
9188,16,17
9188,16,10
9188,16,149
9188,16,116
9189,11,17
9190,20,149
9190,20,82
9191,19,11
9191,19,82
9192,15,404
9192,15,175
9193,12,580
9193,12,191
9193,12,50
9194,17,9
9194,17,78
9195,20,114
9196,10,29
9197,14,31
9197,14,32
9198,11,27
9198,11,51
9199,18,284
9199,18,82
9200,17,51
9201,16,31
9202,12,102
9203,20,34
9203,20,31
9204,18,4
9204,18,11
9204,18,7
9205,14,31
9206,16,34
9206,16,660
9206,16,1175
9206,16,31
9206,16,15
9207,20,90
9208,14,1151
9208,14,95
9209,18,126
9210,17,148
9210,17,672
9210,17,328
9210,17,149
9211,19,298
9212,17,38
9212,17,39
9213,16,1
9213,16,34
9214,16,174
9214,16,246
9214,16,213
9215,12,49
9215,12,207
9215,12,38
9215,12,39
9216,17,114
9216,17,569
9216,17,1009
9217,19,29
9218,18,108
9218,18,672
9218,18,149
9218,18,430
9219,12,82
9220,18,27
9221,16,11
9222,13,17
9222,13,15
9222,13,116
9223,17,363
9223,17,214
9223,17,247
9223,17,301
9224,16,248
9224,16,174
9225,19,108
9226,18,107
9226,18,210
9226,18,158
9227,18,49
9228,14,145
9228,14,151
9229,14,27
9229,14,141
9230,20,428
9230,20,4
9231,14,34
9231,14,31
9231,14,15
9231,14,454
9231,14,114
9232,16,220
9232,16,114
9232,16,152
9233,18,71
9234,16,210
9234,16,282
9235,17,149
9236,15,484
9236,15,132
9236,15,694
9236,15,234
9237,16,22
9237,16,29
9237,16,23
9238,18,29
9238,18,147
9239,17,175
9240,16,34
9240,16,31
9240,16,28
9241,19,107
9241,19,8
9241,19,4
9241,19,93
9242,14,175
9243,12,754
9243,12,39
9244,11,33
9245,15,606
9245,15,361
9245,15,10
9245,15,111
9245,15,39
9246,18,470
9246,18,79
9246,18,105
9247,20,124
9247,20,114
9248,13,384
9248,13,278
9248,13,17
9249,20,100
9249,20,696
9249,20,199
9250,13,29
9250,13,4
9250,13,11
9250,13,93
9251,10,298
9251,10,844
9251,10,378
9252,18,156
9252,18,149
9252,18,430
9252,18,634
9253,17,98
9253,17,174
9253,17,314
9254,17,652
9254,17,756
9255,11,29
9255,11,23
9256,19,29
9256,19,263
9256,19,47
9257,10,175
9257,10,633
9258,15,34
9258,15,398
9258,15,31
9259,15,584
9260,16,278
9260,16,116
9260,16,45
9260,16,291
9261,15,95
9262,12,91
9262,12,208
9262,12,82
9263,15,47
9263,15,32
9264,16,17
9265,11,1449
9265,11,147
9266,17,314
9266,17,246
9266,17,213
9267,16,192
9267,16,227
9267,16,1173
9268,18,98
9268,18,301
9269,18,38
9269,18,39
9269,18,141
9270,15,158
9270,15,135
9270,15,260
9271,15,74
9271,15,285
9271,15,82
9272,19,98
9272,19,65
9273,16,95
9273,16,138
9274,17,308
9274,17,50
9275,15,321
9275,15,158
9275,15,8
9275,15,785
9275,15,96
9276,20,126
9276,20,23
9276,20,367
9276,20,105
9277,17,31
9278,12,9
9278,12,161
9279,13,9
9279,13,211
9280,14,302
9280,14,114
9281,12,158
9281,12,135
9282,18,147
9283,11,37
9283,11,583
9283,11,51
9284,10,87
9284,10,4
9284,10,11
9285,18,29
9286,13,48
9287,11,182
9287,11,17
9287,11,15
9287,11,70
9288,16,6
9288,16,4
9289,20,98
9289,20,119
9289,20,96
9289,20,53
9290,18,754
9290,18,39
9291,15,396
9291,15,114
9292,16,29
9292,16,164
9292,16,171
9293,12,34
9294,19,661
9294,19,103
9295,16,129
9295,16,1326
9295,16,38
9295,16,39
9296,18,11
9297,18,3
9297,18,11
9297,18,232
9298,12,220
9298,12,114
9299,11,887
9299,11,917
9300,13,34
9300,13,31
9301,20,50
9301,20,51
9301,20,53
9302,20,124
9302,20,114
9303,15,73
9303,15,23
9303,15,101
9304,13,384
9304,13,278
9304,13,498
9305,15,50
9305,15,38
9306,12,29
9306,12,65
9307,20,45
9308,13,333
9308,13,111
9308,13,39
9309,20,29
9309,20,115
9309,20,93
9309,20,188
9310,18,29
9310,18,10
9311,16,78
9311,16,374
9311,16,152
9312,19,23
9313,20,9
9314,15,31
9315,20,199
9315,20,51
9315,20,43
9316,20,9
9316,20,31
9316,20,11
9317,11,27
9318,19,697
9318,19,17
9319,10,17
9320,19,29
9320,19,113
9320,19,43
9321,14,273
9321,14,639
9322,13,34
9322,13,174
9322,13,31
9323,11,285
9324,10,129
9324,10,103
9324,10,33
9325,15,38
9326,15,103
9326,15,470
9326,15,33
9327,16,8
9328,11,34
9328,11,31
9328,11,38
9329,17,114
9330,20,29
9330,20,502
9331,20,108
9332,17,66
9332,17,50
9333,20,113
9333,20,192
9333,20,38
9333,20,44
9334,19,29
9334,19,10
9335,14,803
9335,14,376
9336,15,122
9336,15,50
9337,16,80
9338,13,33
9339,17,103
9339,17,11
9339,17,101
9340,20,772
9340,20,771
9340,20,127
9340,20,741
9341,10,697
9341,10,17
9341,10,233
9342,17,67
9342,17,164
9342,17,70
9343,15,29
9343,15,33
9344,15,29
9344,15,17
9344,15,115
9344,15,38
9344,15,188
9345,15,51
9345,15,549
9346,17,24
9346,17,27
9347,19,31
9348,10,129
9348,10,29
9348,10,749
9349,19,191
9349,19,51
9349,19,71
9350,20,278
9350,20,385
9351,16,4
9351,16,115
9352,11,34
9352,11,31
9352,11,335
9353,15,490
9353,15,499
9354,18,50
9354,18,51
9354,18,53
9355,20,34
9355,20,31
9355,20,102
9356,11,94
9356,11,612
9357,17,4
9357,17,149
9358,17,40
9358,17,410
9358,17,186
9359,20,158
9360,17,283
9361,15,467
9361,15,49
9361,15,38
9361,15,39
9362,19,479
9362,19,158
9363,15,17
9363,15,279
9364,17,924
9364,17,45
9364,17,377
9365,15,386
9365,15,245
9365,15,746
9366,19,447
9366,19,561
9366,19,780
9366,19,39
9367,15,124
9367,15,4
9367,15,114
9368,13,162
9368,13,11
9369,18,22
9369,18,23
9370,20,111
9371,10,106
9371,10,55
9372,13,38
9372,13,39
9373,15,9
9374,19,38
9374,19,39
9375,17,283
9375,17,78
9375,17,509
9376,10,106
9376,10,114
9377,17,45
9378,13,4
9378,13,11
9379,14,26
9379,14,28
9380,20,23
9381,12,9
9382,16,382
9383,19,110
9383,19,126
9383,19,31
9383,19,50
9383,19,483
9384,14,146
9384,14,158
9384,14,294
9385,18,224
9386,13,586
9386,13,38
9387,17,107
9387,17,78
9387,17,8
9387,17,682
9388,18,231
9388,18,60
9388,18,47
9389,18,31
9390,15,106
9390,15,410
9390,15,71
9391,17,924
9391,17,17
9391,17,15
9391,17,116
9392,13,17
9393,18,315
9393,18,38
9393,18,198
9394,20,8
9395,15,106
9396,14,414
9397,20,95
9397,20,43
9398,20,593
9398,20,29
9398,20,10
9398,20,246
9399,20,29
9400,17,593
9400,17,29
9400,17,11
9400,17,101
9401,19,91
9401,19,242
9401,19,11
9402,19,33
9403,19,172
9404,15,94
9404,15,390
9405,18,115
9406,16,6
9406,16,4
9406,16,48
9407,11,39
9408,16,129
9408,16,103
9409,10,50
9410,18,174
9410,18,27
9411,15,175
9411,15,27
9412,17,108
9412,17,34
9412,17,31
9412,17,27
9413,20,755
9413,20,114
9414,13,537
9414,13,119
9415,18,9
9415,18,10
9416,11,32
9417,20,108
9418,14,40
9418,14,386
9418,14,11
9418,14,47
9419,14,186
9419,14,35
9420,14,174
9420,14,35
9421,17,87
9421,17,4
9422,17,83
9422,17,29
9422,17,6
9422,17,4
9422,17,190
9423,18,98
9423,18,214
9423,18,247
9423,18,301
9424,16,17
9424,16,149
9424,16,352
9424,16,45
9425,15,404
9425,15,174
9425,15,175
9425,15,27
9426,15,78
9427,12,362
9427,12,872
9427,12,28
9428,20,358
9428,20,20
9429,11,108
9429,11,1436
9429,11,634
9430,19,23
9430,19,4
9430,19,11
9430,19,71
9431,19,129
9431,19,375
9432,15,10
9432,15,152
9432,15,150
9433,11,114
9434,19,586
9434,19,20
9434,19,423
9434,19,132
9435,16,29
9435,16,672
9435,16,11
9436,12,477
9436,12,4
9436,12,11
9436,12,101
9437,17,34
9437,17,186
9437,17,31
9437,17,102
9438,18,95
9438,18,452
9438,18,51
9439,18,17
9439,18,15
9439,18,116
9440,10,103
9440,10,185
9441,10,98
9441,10,204
9442,12,46
9442,12,96
9442,12,546
9443,15,29
9443,15,10
9444,16,17
9445,20,490
9445,20,278
9446,12,149
9447,16,49
9447,16,38
9447,16,39
9448,15,29
9448,15,11
9449,15,78
9450,18,114
9451,15,27
9452,11,95
9453,15,224
9453,15,192
9453,15,38
9454,11,9
9454,11,10
9455,13,321
9455,13,158
9455,13,160
9455,13,260
9455,13,193
9456,20,324
9457,15,31
9457,15,246
9458,10,476
9458,10,1490
9458,10,131
9458,10,97
9459,14,570
9459,14,50
9460,20,477
9460,20,29
9460,20,10
9461,11,17
9461,11,116
9461,11,45
9462,11,23
9462,11,309
9463,15,416
9463,15,8
9464,19,27
9465,14,672
9465,14,17
9465,14,116
9466,11,27
9467,12,35
9467,12,179
9468,20,80
9469,12,9
9469,12,172
9470,10,27
9471,11,34
9471,11,39
9472,17,29
9472,17,188
9473,16,29
9473,16,11
9473,16,101
9474,17,625
9474,17,17
9474,17,492
9474,17,499
9474,17,529
9475,18,9
9475,18,11
9476,15,111
9476,15,38
9477,15,106
9477,15,103
9477,15,114
9478,20,122
9479,16,108
9479,16,90
9479,16,10
9480,11,100
9480,11,525
9481,15,49
9481,15,39
9482,18,71
9483,18,629
9484,16,236
9484,16,232
9485,19,277
9485,19,8
9485,19,310
9486,19,561
9486,19,38
9487,17,110
9487,17,38
9487,17,707
9488,19,34
9488,19,31
9489,18,218
9489,18,6
9489,18,4
9489,18,11
9489,18,7
9490,18,29
9491,10,1
9491,10,99
9491,10,126
9491,10,356
9492,16,17
9493,18,82
9494,16,802
9495,12,9
9495,12,10
9495,12,260
9496,19,9
9496,19,512
9496,19,8
9496,19,4
9497,18,29
9497,18,115
9498,16,102
9499,10,182
9499,10,17
9499,10,15
9500,15,174
9500,15,27
9500,15,179
9501,20,27
9502,15,95
9503,19,210
9503,19,32
9504,18,23
9504,18,4
9504,18,309
9505,12,145
9505,12,158
9505,12,260
9506,16,266
9506,16,75
9506,16,23
9506,16,2
9506,16,28
9507,18,29
9508,16,208
9508,16,11
9509,19,27
9509,19,367
9509,19,141
9510,11,276
9510,11,186
9510,11,20
9510,11,358
9510,11,47
9511,20,1149
9512,19,139
9512,19,20
9512,19,51
9512,19,96
9513,15,53
9514,13,31
9515,12,599
9515,12,31
9515,12,353
9516,16,106
9516,16,47
9517,10,321
9517,10,479
9517,10,92
9517,10,193
9517,10,32
9518,19,9
9519,17,11
9519,17,101
9520,18,27
9521,19,29
9521,19,78
9522,18,114
9523,15,9
9523,15,1280
9524,13,31
9524,13,47
9525,17,11
9525,17,101
9526,18,34
9526,18,465
9526,18,335
9527,17,412
9528,16,186
9528,16,355
9528,16,692
9529,19,28
9529,19,23
9529,19,234
9529,19,309
9529,19,147
9530,16,106
9531,13,192
9531,13,82
9532,13,23
9532,13,11
9533,10,95
9533,10,138
9534,19,17
9534,19,27
9535,13,43
9536,17,945
9537,19,31
9537,19,257
9538,18,39
9539,18,29
9539,18,23
9540,17,185
9540,17,33
9541,12,411
9541,12,27
9542,15,29
9542,15,23
9542,15,101
9543,16,17
9544,15,34
9544,15,31
9544,15,102
9545,16,10
9545,16,213
9546,17,27
9547,16,11
9548,18,34
9548,18,381
9548,18,31
9548,18,27
9548,18,411
9549,18,103
9549,18,29
9550,19,221
9550,19,228
9550,19,116
9550,19,45
9551,19,100
9551,19,135
9551,19,935
9551,19,959
9552,16,182
9552,16,116
9552,16,117
9553,10,97
9554,19,27
9554,19,367
9555,20,373
9555,20,164
9555,20,31
9555,20,10
9556,17,718
9556,17,4
9557,17,78
9557,17,4
9557,17,11
9558,11,80
9558,11,264
9559,16,80
9559,16,951
9559,16,93
9560,20,50
9560,20,51
9560,20,53
9561,20,9
9561,20,17
9561,20,11
9562,13,23
9562,13,1004
9563,15,4
9563,15,11
9564,18,594
9564,18,119
9565,11,17
9566,19,314
9566,19,65
9567,16,17
9568,15,32
9568,15,149
9568,15,177
9569,20,11
9569,20,82
9570,16,95
9570,16,199
9570,16,138
9571,19,65
9571,19,147
9572,16,43
9573,18,11
9574,20,10
9574,20,4
9574,20,11
9575,13,29
9576,20,62
9576,20,98
9576,20,314
9576,20,119
9576,20,213
9577,10,98
9577,10,301
9578,10,29
9579,18,251
9579,18,252
9579,18,741
9580,20,113
9580,20,38
9581,16,139
9581,16,11
9581,16,47
9582,15,224
9582,15,192
9582,15,38
9582,15,227
9583,12,4
9583,12,11
9584,20,186
9584,20,31
9585,18,29
9585,18,115
9586,12,162
9586,12,732
9586,12,80
9586,12,82
9587,18,50
9588,15,119
9589,17,103
9590,15,9
9591,17,218
9591,17,493
9591,17,544
9591,17,116
9591,17,117
9592,13,84
9592,13,71
9593,12,379
9594,10,372
9594,10,6
9594,10,2
9595,13,106
9595,13,22
9595,13,163
9595,13,205
9595,13,114
9596,10,45
9597,13,34
9598,17,114
9599,20,23
9599,20,85
9599,20,11
9600,17,8
9601,12,277
9601,12,145
9601,12,151
9601,12,96
9602,13,27
9603,13,29
9603,13,114
9603,13,569
9604,20,1139
9604,20,185
9604,20,164
9605,15,11
9606,14,1141
9606,14,294
9607,14,17
9608,13,429
9609,13,8
9609,13,48
9610,10,29
9610,10,246
9610,10,65
9610,10,295
9611,15,146
9611,15,158
9611,15,82
9612,20,17
9612,20,15
9612,20,45
9613,17,174
9613,17,65
9614,17,218
9614,17,181
9615,10,31
9616,12,442
9616,12,11
9616,12,96
9617,15,17
9618,18,22
9618,18,23
9618,18,309
9619,11,210
9620,17,10
9620,17,4
9621,13,249
9621,13,252
9622,16,164
9622,16,11
9623,16,17
9624,15,254
9624,15,17
9624,15,116
9624,15,96
9624,15,117
9625,18,37
9626,17,110
9626,17,38
9626,17,39
9627,16,8
9627,16,324
9627,16,246
9627,16,152
9628,19,201
9628,19,29
9629,17,66
9629,17,50
9629,17,483
9629,17,28
9630,18,8
9630,18,527
9631,10,589
9631,10,51
9632,16,267
9632,16,27
9632,16,141
9633,15,33
9634,19,17
9634,19,367
9634,19,45
9634,19,141
9635,18,450
9635,18,158
9636,16,4
9637,19,17
9637,19,21
9638,15,114
9638,15,569
9639,15,47
9640,18,29
9640,18,420
9641,11,405
9641,11,286
9641,11,45
9642,10,1158
9642,10,9
9642,10,29
9642,10,11
9643,20,114
9644,11,938
9645,18,926
9645,18,147
9646,20,1024
9646,20,962
9646,20,501
9647,17,103
9647,17,733
9648,10,31
9649,12,51
9649,12,53
9650,16,241
9650,16,78
9651,15,175
9652,18,4
9652,18,114
9652,18,190
9653,17,20
9653,17,517
9654,18,548
9654,18,51
9654,18,1173
9655,13,218
9655,13,235
9656,20,27
9656,20,246
9657,17,11
9657,17,152
9657,17,150
9658,18,50
9658,18,51
9659,19,420
9659,19,10
9659,19,11
9660,20,108
9660,20,90
9660,20,148
9661,16,22
9661,16,4
9661,16,7
9662,16,11
9663,11,896
9663,11,45
9664,18,4
9664,18,212
9664,18,11
9665,15,139
9665,15,20
9666,17,11
9667,10,181
9667,10,4
9668,11,106
9669,11,38
9669,11,43
9670,11,121
9670,11,501
9670,11,78
9671,19,60
9671,19,79
9671,19,105
9672,12,1323
9672,12,192
9673,18,150
9674,13,283
9674,13,29
9674,13,82
9675,10,108
9676,15,9
9676,15,960
9676,15,149
9676,15,96
9677,10,17
9677,10,348
9678,15,163
9678,15,10
9678,15,376
9679,12,103
9679,12,29
9679,12,164
9680,17,27
9681,10,108
9682,20,22
9682,20,29
9682,20,23
9682,20,149
9683,15,256
9683,15,4
9683,15,149
9684,20,29
9685,19,108
9686,17,484
9687,18,610
9687,18,38
9688,16,145
9688,16,151
9688,16,111
9688,16,1043
9689,11,9
9689,11,683
9690,19,27
9691,15,65
9692,18,108
9693,10,17
9694,15,210
9694,15,419
9695,15,790
9695,15,27
9696,10,27
9696,10,141
9697,15,108
9697,15,29
9697,15,11
9698,18,671
9698,18,149
9698,18,430
9698,18,634
9699,17,47
9700,16,1
9700,16,9
9701,13,82
9702,15,490
9703,15,114
9703,15,190
9704,20,34
9704,20,31
9705,13,45
9706,19,146
9706,19,50
9707,17,95
9707,17,452
9707,17,51
9707,17,203
9708,12,219
9708,12,4
9709,17,6
9709,17,4
9710,11,220
9710,11,152
9711,15,17
9711,15,27
9712,15,78
9712,15,93
9713,13,145
9714,15,479
9714,15,480
9715,10,23
9715,10,328
9715,10,309
9716,17,4
9716,17,11
9716,17,223
9716,17,47
9717,15,34
9717,15,31
9718,14,158
9718,14,346
9719,16,34
9719,16,31
9719,16,32
9720,15,17
9720,15,348
9721,14,149
9721,14,497
9722,12,174
9722,12,308
9723,17,6
9723,17,4
9723,17,11
9724,16,71
9725,17,221
9725,17,39
9726,15,17
9726,15,115
9726,15,15
9726,15,116
9727,19,246
9728,17,472
9728,17,31
9729,10,584
9729,10,122
9729,10,31
9729,10,768
9730,19,106
9730,19,85
9730,19,114
9730,19,569
9731,17,192
9731,17,44
9732,19,17
9733,15,624
9733,15,182
9733,15,116
9734,17,31
9734,17,395
9735,19,4
9735,19,114
9735,19,190
9736,17,192
9737,15,448
9738,17,49
9738,17,113
9738,17,38
9739,17,98
9739,17,214
9739,17,246
9739,17,749
9740,11,6
9741,17,8
9741,17,152
9742,17,9
9743,17,85
9743,17,529
9744,11,174
9744,11,246
9745,12,224
9745,12,967
9745,12,132
9746,15,289
9746,15,38
9746,15,44
9746,15,32
9747,19,34
9747,19,123
9748,13,23
9748,13,48
9748,13,11
9748,13,101
9749,17,34
9749,17,31
9750,16,27
9751,19,283
9752,20,40
9752,20,71
9753,16,26
9753,16,27
9753,16,37
9753,16,51
9754,15,1286
9754,15,97
9755,12,23
9756,15,82
9757,20,487
9757,20,527
9758,17,210
9758,17,59
9759,14,114
9760,14,158
9761,16,29
9762,18,38
9763,13,17
9763,13,15
9764,16,735
9764,16,667
9764,16,23
9765,10,765
9765,10,149
9765,10,320
9766,15,34
9766,15,355
9766,15,349
9766,15,102
9766,15,258
9767,10,23
9767,10,80
9767,10,114
9768,20,103
9768,20,10
9768,20,85
9768,20,152
9768,20,76
9769,20,103
9770,15,100
9770,15,134
9770,15,303
9770,15,525
9770,15,95
9771,14,9
9771,14,150
9772,13,85
9773,18,463
9773,18,29
9773,18,148
9773,18,621
9773,18,152
9774,11,490
9774,11,9
9774,11,1291
9775,18,100
9776,18,293
9776,18,31
9776,18,294
9776,18,320
9777,16,9
9777,16,172
9778,20,175
9778,20,17
9778,20,116
9779,13,490
9779,13,493
9779,13,492
9779,13,117
9780,12,50
9780,12,51
9780,12,483
9780,12,627
9781,12,31
9782,19,113
9782,19,38
9783,17,156
9783,17,151
9783,17,430
9784,18,9
9785,17,126
9785,17,386
9785,17,127
9785,17,82
9786,10,634
9787,13,108
9787,13,149
9788,18,743
9788,18,527
9789,20,50
9790,11,192
9790,11,38
9791,15,113
9791,15,38
9791,15,39
9792,15,83
9793,16,115
9794,20,27
9794,20,50
9794,20,65
9795,16,490
9796,19,87
9796,19,4
9796,19,11
9797,17,50
9798,17,152
9799,20,362
9799,20,29
9800,11,733
9800,11,31
9800,11,352
9801,14,98
9802,11,95
9803,20,4
9804,13,101
9805,11,49
9805,11,39
9806,16,289
9806,16,31
9807,16,29
9807,16,4
9807,16,188
9808,15,61
9809,15,443
9810,10,9
9810,10,82
9810,10,70
9811,16,31
9811,16,32
9812,15,50
9813,20,23
9814,13,103
9814,13,52
9815,18,33
9816,19,23
9816,19,101
9817,15,35
9817,15,27
9818,19,51
9818,19,53
9818,19,644
9819,17,282
9819,17,82
9820,11,442
9820,11,29
9820,11,31
9821,18,156
9821,18,462
9822,19,717
9822,19,11
9822,19,7
9822,19,101
9823,17,283
9823,17,82
9824,18,321
9824,18,260
9825,12,53
9825,12,644
9826,12,22
9826,12,23
9826,12,80
9826,12,85
9826,12,274
9827,19,9
9827,19,8
9828,19,9
9829,14,4
9829,14,28
9830,18,324
9831,16,74
9831,16,82
9832,15,72
9832,15,53
9833,14,108
9833,14,29
9834,10,29
9834,10,497
9835,10,29
9835,10,115
9836,16,114
9836,16,190
9837,10,98
9837,10,50
9837,10,213
9838,11,174
9838,11,26
9838,11,179
9839,20,1201
9839,20,23
9839,20,115
9839,20,149
9840,10,671
9840,10,430
9841,11,961
9841,11,149
9842,20,113
9842,20,38
9843,11,9
9844,15,34
9844,15,31
9845,18,78
9846,20,259
9846,20,15
9846,20,70
9847,17,201
9847,17,10
9847,17,11
9848,18,537
9848,18,714
9849,17,239
9850,15,114
9851,19,78
9851,19,11
9852,17,126
9852,17,127
9852,17,119
9852,17,284
9852,17,912
9853,20,17
9854,10,103
9854,10,174
9855,12,442
9855,12,41
9855,12,31
9855,12,96
9856,11,27
9856,11,367
9857,10,31
9858,18,31
9858,18,370
9859,10,27
9860,18,174
9860,18,72
9860,18,28
9861,14,17
9861,14,45
9862,12,1514
9862,12,434
9863,11,248
9863,11,174
9864,20,82
9865,17,23
9866,15,23
9867,15,589
9867,15,27
9867,15,51
9868,18,17
9868,18,531
9869,19,355
9869,19,102
9870,10,298
9871,11,103
9872,12,108
9872,12,109
9873,13,22
9873,13,29
9873,13,246
9874,15,103
9875,18,961
9875,18,328
9876,12,27
9877,10,268
9877,10,177
9878,15,31
9878,15,111
9878,15,39
9879,10,145
9879,10,1175
9879,10,49
9879,10,38
9879,10,39
9880,19,166
9880,19,264
9881,11,9
9881,11,8
9881,11,502
9881,11,11
9882,12,1440
9882,12,479
9882,12,443
9882,12,43
9883,15,98
9884,11,9
9884,11,223
9885,11,1032
9885,11,59
9886,18,29
9886,18,11
9886,18,65
9886,18,33
9887,20,502
9887,20,114
9888,19,100
9888,19,503
9889,18,78
9889,18,70
9890,13,126
9890,13,147
9891,20,31
9892,18,43
9893,17,22
9893,17,23
9893,17,952
9893,17,2
9893,17,11
9894,10,158
9895,17,38
9895,17,39
9896,17,156
9896,17,8
9896,17,149
9896,17,808
9897,19,45
9898,11,460
9898,11,892
9899,10,40
9899,10,714
9899,10,48
9900,10,17
9900,10,15
9901,13,22
9901,13,23
9902,16,114
9903,17,90
9903,17,10
9904,17,11
9905,10,17
9905,10,531
9905,10,65
9906,19,4
9906,19,7
9907,15,1
9907,15,356
9908,16,282
9908,16,82
9909,13,498
9909,13,17
9909,13,348
9909,13,116
9910,13,223
9910,13,682
9911,18,23
9911,18,11
9912,13,304
9912,13,114
9913,11,37
9913,11,132
9913,11,50
9913,11,53
9914,14,9
9914,14,954
9915,16,282
9915,16,342
9916,17,33
9917,14,9
9917,14,211
9918,15,147
9919,18,372
9919,18,29
9919,18,4
9920,17,56
9920,17,158
9920,17,95
9920,17,199
9920,17,371
9921,19,49
9921,19,561
9921,19,622
9921,19,38
9921,19,39
9922,16,158
9922,16,115
9922,16,135
9923,20,127
9923,20,27
9923,20,65
9924,11,17
9924,11,15
9925,11,129
9925,11,537
9925,11,714
9926,20,60
9926,20,390
9926,20,667
9926,20,119
9926,20,33
9927,12,10
9928,11,101
9929,20,126
9929,20,641
9929,20,713
9929,20,119
9929,20,96
9930,16,372
9930,16,29
9930,16,6
9930,16,10
9930,16,4
9931,18,9
9931,18,172
9932,17,293
9932,17,294
9933,17,11
9934,14,110
9934,14,443
9934,14,131
9934,14,119
9934,14,96
9935,16,854
9935,16,855
9936,16,29
9936,16,4
9937,20,114
9938,15,792
9939,17,289
9939,17,31
9940,15,87
9940,15,746
9940,15,4
9941,19,100
9941,19,554
9942,10,11
9942,10,101
9943,20,22
9943,20,23
9943,20,140
9943,20,11
9943,20,101
9944,16,80
9944,16,82
9945,17,100
9945,17,555
9945,17,554
9946,19,210
9946,19,31
9947,20,34
9947,20,31
9947,20,335
9948,18,108
9949,20,31
9950,13,822
9950,13,377
9951,17,34
9951,17,126
9951,17,228
9951,17,411
9951,17,27
9952,14,114
9953,18,122
9953,18,51
9954,17,31
9954,17,193
9955,10,165
9955,10,93
9956,10,340
9956,10,174
9956,10,53
9957,12,218
9958,17,31
9959,15,103
9959,15,29
9959,15,164
9959,15,101
9960,17,95
9961,15,34
9961,15,31
9962,16,108
9962,16,321
9963,12,129
9963,12,434
9964,16,158
9965,10,679
9965,10,19
9965,10,47
9966,14,255
9967,20,100
9967,20,525
9968,14,463
9968,14,8
9968,14,149
9969,12,29
9970,10,255
9970,10,17
9970,10,15
9970,10,116
9971,20,210
9971,20,78
9971,20,101
9972,15,31
9972,15,45
9973,15,578
9973,15,570
9973,15,50
9974,12,108
9975,13,11
9976,20,29
9976,20,228
9976,20,10
9976,20,11
9976,20,101
9977,17,17
9977,17,15
9977,17,45
9978,18,113
9978,18,38
9979,12,493
9979,12,492
9980,10,47
9981,10,43
9982,20,95
9982,20,43
9983,15,115
9983,15,33
9984,12,41
9984,12,39
9985,13,50
9986,14,103
9986,14,20
9987,11,375
9987,11,185
9987,11,33
9988,19,490
9988,19,255
9988,19,278
9988,19,17
9988,19,529
9989,14,27
9989,14,141
9990,17,83
9990,17,51
9991,16,27
9991,16,61
9991,16,46
9992,20,38
9992,20,39
9993,12,59
9994,17,928
9994,17,114
9995,17,22
9995,17,397
9995,17,29
9996,12,29
9996,12,10
9996,12,11
9997,11,82
9998,18,129
9998,18,381
9998,18,382
9998,18,82
9999,16,29
9999,16,23
9999,16,4
9999,16,11
9999,16,7
10000,17,23
10000,17,4
10000,17,11
10001,15,78
10001,15,4
10002,16,29
10002,16,94
10003,18,490
10003,18,278
10003,18,116
10004,10,321
10004,10,564
10004,10,246
10005,17,221
10005,17,106
10005,17,103
10005,17,386
10006,18,69
10007,14,101
10008,19,20
10008,19,667
10009,15,33
10009,15,642
10009,15,32
10010,19,39
10011,15,20
10011,15,170
10011,15,37
10011,15,165
10011,15,38
10012,17,34
10013,19,11
10014,11,283
10015,16,17
10016,16,74
10016,16,951
10017,17,426
10017,17,29
10018,15,4
10018,15,11
10019,19,20
10019,19,95
10020,15,110
10020,15,780
10020,15,176
10020,15,393
10021,13,1051
10021,13,116
10021,13,117
10022,16,17
10022,16,27
10023,17,103
10023,17,101
10024,18,169
10024,18,23
10024,18,10
10024,18,149
10025,15,75
10025,15,801
10025,15,246
10026,11,95
10027,13,34
10027,13,292
10027,13,45
10028,10,95
10029,19,829
10029,19,427
10029,19,128
10029,19,346
10030,11,121
10030,11,29
10031,15,23
10031,15,11
10031,15,101
10032,15,477
10032,15,10
10032,15,11
10033,18,158
10033,18,135
10033,18,260
10034,11,379
10034,11,352
10034,11,116
10035,16,267
10035,16,820
10035,16,326
10035,16,609
10035,16,111
10036,18,11
10036,18,101
10037,17,29
10038,16,17
10038,16,37
10039,12,221
10039,12,60
10039,12,82
10040,12,80
10041,17,183
10041,17,116
10042,10,9
10042,10,149
10043,17,4
10044,17,17
10045,19,51
10046,16,10
10046,16,115
10047,15,116
10047,15,573
10048,10,1
10048,10,235
10049,19,51
10050,18,113
10050,18,20
10050,18,130
10051,13,848
10051,13,909
10052,20,126
10052,20,122
10052,20,141
10053,15,636
10053,15,448
10053,15,158
10053,15,95
10054,17,17
10054,17,15
10055,16,31
10055,16,38
10056,11,29
10056,11,295
10057,11,277
10057,11,60
10057,11,38
10057,11,39
10058,11,74
10058,11,83
10058,11,82
10059,13,22
10059,13,397
10059,13,29
10059,13,23
10060,18,213
10061,20,442
10061,20,42
10061,20,119
10062,20,50
10063,15,23
10063,15,11
10064,10,95
10065,18,26
10065,18,72
10065,18,28
10066,19,143
10067,19,29
10067,19,4
10067,19,115
10068,16,4
10068,16,11
10069,10,31
10070,13,31
10071,17,175
10072,19,17
10072,19,45
10073,10,478
10073,10,783
10073,10,232
10074,10,43
10075,16,15
10075,16,116
10076,18,34
10076,18,31
10076,18,39
10077,11,50
10077,11,677
10077,11,71
10078,16,103
10078,16,47
10079,12,124
10079,12,6
10079,12,4
10079,12,302
10079,12,190
10080,18,372
10080,18,29
10080,18,147
10081,18,208
10081,18,11
10082,19,145
10082,19,151
10082,19,158
10082,19,260
10083,13,100
10084,11,29
10084,11,10
10084,11,11
10085,20,771
10085,20,293
10085,20,70
10086,18,34
10086,18,31
10086,18,123
10086,18,213
10087,17,31
10087,17,257
10088,16,31
10089,15,1436
10089,15,149
10090,12,71
10091,11,10
10091,11,115
10091,11,149
10092,11,34
10092,11,31
10093,10,450
10093,10,522
10093,10,158
10094,16,108
10095,19,903
10095,19,31
10095,19,257
10096,17,182
10096,17,17
10096,17,116
10096,17,45
10096,17,1507
10097,11,23
10097,11,101
10098,12,4
10099,18,33
10100,12,78
10101,19,20
10101,19,53
10101,19,38
10102,18,29
10102,18,23
10102,18,274
10103,10,23
10103,10,11
10103,10,101
10104,15,175
10105,19,147
10106,17,192
10106,17,38
10107,19,29
10107,19,10
10107,19,71
10108,18,59
10109,12,142
10109,12,143
10109,12,71
10110,18,78
10110,18,4
10111,16,29
10112,18,29
10112,18,101
10113,12,147
10114,12,9
10114,12,614
10115,11,106
10115,11,303
10115,11,14
10115,11,114
10116,11,97
10117,14,34
10117,14,292
10117,14,31
10117,14,45
10118,16,174
10118,16,51
10118,16,96
10118,16,511
10119,17,103
10119,17,33
10120,18,31
10121,19,108
10122,15,1465
10122,15,443
10122,15,750
10122,15,32
10123,12,522
10123,12,501
10123,12,520
10123,12,325
10124,10,39
10124,10,1065
10125,20,39
10126,15,34
10126,15,31
10127,12,156
10128,10,2
10128,10,114
10128,10,569
10128,10,766
10129,18,248
10130,18,372
10130,18,278
10130,18,17
10130,18,93
10130,18,101
10131,17,149
10132,13,192
10132,13,1073
10132,13,39
10133,15,29
10133,15,23
10133,15,420
10133,15,101
10134,16,37
10135,16,661
10135,16,8
10136,12,239
10137,17,103
10138,10,107
10138,10,78
10138,10,11
10139,10,11
10139,10,101
10140,18,248
10140,18,185
10140,18,33
10141,19,156
10141,19,148
10141,19,149
10142,16,11
10143,19,71
10144,11,426
10144,11,477
10144,11,4
10144,11,7
10145,19,11
10145,19,101
10146,13,103
10146,13,78
10146,13,11
10147,19,1306
10148,15,278
10148,15,116
10148,15,117
10149,20,239
10149,20,162
10149,20,47
10150,11,182
10151,18,33
10152,10,29
10153,13,108
10153,13,321
10153,13,135
10153,13,260
10153,13,433
10154,10,186
10154,10,358
10154,10,47
10155,15,50
10156,16,220
10156,16,256
10156,16,152
10157,19,110
10157,19,1151
10157,19,95
10157,19,721
10157,19,43
10158,15,48
10158,15,119
10158,15,677
10158,15,681
10159,10,29
10160,20,41
10160,20,11
10161,14,9
10161,14,80
10162,11,11
10162,11,93
10163,16,23
10163,16,232
10163,16,19
10164,11,95
10164,11,721
10164,11,43
10165,19,80
10166,17,47
10167,14,22
10167,14,29
10167,14,164
10167,14,71
10168,17,33
10169,16,11
10170,19,17
10170,19,27
10170,19,116
10171,17,47
10172,11,34
10172,11,31
10173,19,34
10173,19,65
10174,20,71
10174,20,177
10175,18,17
10176,19,148
10176,19,960
10176,19,4
10176,19,149
10176,19,115
10177,18,78
10177,18,4
10177,18,11
10178,10,47
10179,18,22
10179,18,11
10179,18,70
10179,18,101
10180,10,11
10181,11,156
10181,11,149
10182,10,1126
10182,10,29
10182,10,149
10183,11,47
10184,18,11
10185,15,149
10185,15,430
10186,15,4
10187,19,490
10187,19,492
10188,20,34
10188,20,107
10188,20,31
10188,20,11
10188,20,203
10189,12,4
10189,12,93
10190,15,158
10190,15,78
10191,13,78
10192,20,29
10192,20,10
10193,14,220
10194,14,126
10194,14,50
10194,14,51
10194,14,365
10195,18,29
10195,18,10
10195,18,152
10195,18,514
10196,11,31
10197,12,29
10197,12,4
10198,11,29
10199,10,512
10199,10,149
10200,16,490
10200,16,493
10200,16,1291
10201,15,933
10201,15,45
10202,10,490
10203,15,74
10203,15,80
10203,15,82
10204,19,107
10205,16,40
10205,16,48
10206,10,17
10206,10,15
10206,10,183
10206,10,116
10207,12,103
10207,12,29
10208,18,375
10208,18,470
10209,17,10
10209,17,152
10209,17,150
10210,16,106
10210,16,283
10210,16,47
10211,18,114
10212,11,218
10212,11,9
10213,20,9
10213,20,8
10213,20,409
10214,12,80
10214,12,951
10214,12,82
10215,11,89
10215,11,121
10216,16,17
10217,12,15
10218,10,235
10218,10,10
10219,19,158
10219,19,78
10219,19,223
10219,19,93
10219,19,682
10220,17,224
10221,13,148
10221,13,149
10222,17,9
10222,17,11
10223,11,164
10223,11,11
10224,17,182
10224,17,17
10225,13,28
10225,13,147
10226,17,8
10226,17,324
10226,17,149
10227,18,11
10228,16,20
10228,16,192
10228,16,972
10228,16,227
10229,17,448
10229,17,114
10230,10,158
10230,10,82
10231,18,106
10231,18,73
10231,18,244
10232,10,90
10232,10,169
10232,10,149
10233,10,282
10233,10,82
10234,16,113
10234,16,38
10235,18,503
10235,18,448
10236,16,113
10236,16,38
10236,16,528
10237,14,1016
10237,14,114
10237,14,575
10238,11,70
10238,11,71
10239,15,38
10240,18,1
10240,18,4
10241,16,1
10241,16,29
10241,16,17
10241,16,10
10242,15,40
10242,15,103
10243,11,29
10244,20,29
10244,20,158
10245,16,116
10246,11,17
10246,11,116
10247,16,9
10248,19,40
10249,18,80
10249,18,4
10250,17,31
10251,14,149
10252,10,17
10252,10,27
10252,10,279
10253,19,172
10253,19,147
10254,17,255
10254,17,182
10254,17,384
10254,17,116
10255,17,94
10255,17,827
10255,17,911
10256,16,1070
10256,16,149
10256,16,152
10256,16,514
10257,18,4
10257,18,11
10258,14,269
10258,14,177
10259,16,31
10259,16,353
10260,20,100
10260,20,448
10261,11,322
10261,11,324
10261,11,149
10262,16,11
10262,16,150
10263,19,340
10263,19,50
10263,19,51
10263,19,53
10264,12,34
10264,12,31
10264,12,159
10264,12,376
10265,14,124
10265,14,114
10266,19,479
10266,19,27
10267,16,561
10267,16,39
10268,18,10
10268,18,246
10269,17,1
10269,17,6
10269,17,4
10269,17,11
10270,15,34
10270,15,31
10270,15,177
10271,11,254
10271,11,17
10271,11,183
10271,11,116
10272,17,103
10272,17,802
10272,17,165
10272,17,232
10273,10,1170
10273,10,38
10274,15,746
10275,11,108
10275,11,164
10276,15,98
10276,15,94
10276,15,611
10276,15,642
10277,15,23
10277,15,2
10277,15,11
10278,11,98
10278,11,375
10278,11,174
10278,11,27
10278,11,70
10279,18,1044
10279,18,356
10279,18,896
10280,18,335
10281,17,80
10282,10,401
10282,10,8
10282,10,4
10282,10,7
10283,11,47
10284,11,29
10284,11,294
10285,19,11
10285,19,70
10286,11,472
10286,11,31
10286,11,165
10287,17,170
10287,17,38
10287,17,97
10288,15,661
10288,15,31
10288,15,246
10289,12,87
10289,12,4
10289,12,11
10289,12,19
10290,15,188
10291,18,34
10291,18,31
10292,20,465
10292,20,31
10293,12,108
10294,16,362
10294,16,29
10295,13,22
10295,13,29
10295,13,23
10296,19,1
10296,19,8
10296,19,587
10297,12,152
10298,16,108
10299,16,80
10300,20,82
10301,18,185
10301,18,33
10302,10,200
10302,10,232
10302,10,71
10303,10,218
10303,10,9
10303,10,1350
10304,13,103
10305,15,51
10305,15,840
10306,17,156
10306,17,9
10306,17,864
10307,15,103
10307,15,47
10308,17,149
10309,10,70
10309,10,270
10310,11,781
10310,11,484
10310,11,353
10310,11,132
10310,11,51
10311,11,34
10311,11,31
10311,11,27
10312,10,255
10312,10,17
10312,10,573
10313,11,31
10314,18,9
10314,18,29
10315,20,29
10316,11,75
10316,11,11
10316,11,119
10317,10,74
10317,10,422
10317,10,11
10317,10,93
10318,16,158
10319,14,31
10319,14,1550
10319,14,38
10320,16,248
10320,16,174
10321,16,95
10322,13,29
10322,13,10
10322,13,115
10322,13,47
10323,20,78
10323,20,352
10323,20,45
10324,11,101
10325,17,552
10325,17,525
10325,17,1055
10326,13,108
10327,12,1
10328,16,50
10328,16,65
10329,10,62
10329,10,174
10329,10,314
10329,10,246
10330,18,47
10331,14,373
10331,14,29
10332,19,156
10332,19,149
10333,11,31
10334,18,99
10334,18,799
10335,20,110
10335,20,113
10335,20,38
10336,12,253
10336,12,182
10336,12,736
10336,12,17
10336,12,15
10337,18,11
10337,18,82
10337,18,101
10337,18,65
10338,16,114
10338,16,71
10339,10,38
10339,10,1381
10340,19,35
10341,17,27
10341,17,179
10342,17,29
10342,17,55
10342,17,47
10343,19,78
10344,18,49
10344,18,754
10344,18,39
10345,13,38
10345,13,39
10346,16,999
10346,16,21
10346,16,183
10346,16,45
10347,13,903
10347,13,244
10347,13,126
10347,13,652
10347,13,127
10348,19,9
10348,19,123
10349,15,38
10349,15,39
10349,15,246
10350,16,8
10350,16,149
10351,18,9
10351,18,11
10352,17,17
10353,15,29
10353,15,115
10353,15,246
10354,15,108
10354,15,246
10355,18,174
10355,18,38
10355,18,45
10356,14,29
10356,14,23
10357,12,126
10357,12,70
10358,17,11
10358,17,101
10359,16,151
10360,19,103
10360,19,48
10361,10,175
10362,20,192
10362,20,38
10363,12,390
10363,12,246
10363,12,65
10364,19,149
10364,19,177
10365,16,100
10366,15,145
10366,15,120
10366,15,151
10366,15,111
10366,15,39
10367,13,9
10367,13,602
10368,17,123
10369,15,17
10369,15,27
10370,15,108
10371,17,85
10371,17,93
10372,17,175
10372,17,97
10373,11,9
10373,11,78
10374,18,78
10374,18,785
10375,13,490
10375,13,499
10376,10,98
10377,16,192
10378,12,33
10379,18,107
10379,18,158
10379,18,160
10380,11,293
10380,11,294
10381,13,278
10382,13,749
10382,13,32
10383,11,487
10383,11,278
10383,11,8
10384,10,66
10384,10,50
10385,15,68
10385,15,262
10385,15,101
10385,15,47
10386,20,85
10386,20,11
10386,20,101
10387,18,9
10388,12,126
10388,12,883
10388,12,65
10389,16,484
10389,16,51
10390,20,38
10391,11,50
10391,11,840
10392,16,113
10392,16,38
10393,10,103
10394,12,9
10395,20,33
10396,18,47
10396,18,662
10396,18,11
10396,18,71
10397,12,175
10397,12,407
10398,19,17
10399,18,660
10399,18,31
10399,18,116
10400,15,126
10400,15,658
10400,15,70
10401,16,121
10401,16,158
10401,16,78
10402,10,33
10403,15,795
10403,15,793
10403,15,608
10404,19,4
10404,19,11
10405,18,73
10405,18,20
10406,20,108
10407,18,34
10407,18,31
10407,18,14
10407,18,32
10408,16,34
10408,16,31
10409,18,93
10409,18,79
10410,12,108
10410,12,171
10411,18,1044
10411,18,733
10411,18,896
10412,12,7
10412,12,529
10413,17,71
10414,12,52
10414,12,50
10414,12,246
10415,18,80
10415,18,114
10415,18,82
10415,18,76
10416,13,340
10416,13,23
10416,13,53
10416,13,96
10417,11,15
10417,11,116
10417,11,12
10418,17,100
10418,17,134
10418,17,303
10418,17,1130
10418,17,95
10419,20,90
10419,20,106
10420,16,50
10420,16,51
10421,15,31
10421,15,102
10422,18,29
10422,18,27
10422,18,51
10422,18,96
10423,10,98
10423,10,301
10424,20,113
10424,20,130
10424,20,294
10424,20,38
10425,20,172
10425,20,31
10425,20,71
10426,15,78
10426,15,93
10427,15,110
10427,15,193
10428,19,500
10428,19,807
10429,15,103
10429,15,126
10430,12,82
10431,17,4
10431,17,11
10432,19,158
10432,19,328
10432,19,294
10433,18,110
10433,18,97
10434,14,149
10435,20,95
10436,19,1047
10436,19,107
10436,19,29
10436,19,11
10437,15,6
10437,15,80
10437,15,11
10437,15,114
10437,15,190
10438,12,149
10438,12,433
10439,17,114
10440,11,9
10441,15,11
10442,16,95
10443,10,100
10443,10,1338
10443,10,448
10443,10,861
10444,16,113
10445,17,27
10446,19,103
10446,19,33
10447,17,236
10447,17,910
10447,17,11
10448,12,11
10449,19,941
10449,19,20
10449,19,296
10449,19,95
10449,19,137
10450,14,98
10450,14,213
10450,14,65
10451,18,113
10451,18,130
10451,18,38
10452,17,11
10452,17,93
10453,10,28
10453,10,93
10453,10,607
10454,18,17
10455,16,224
10455,16,192
10455,16,132
10455,16,227
10456,11,269
10456,11,11
10457,15,156
10457,15,1148
10457,15,149
10457,15,96
10458,17,31
10458,17,14
10458,17,152
10459,19,108
10459,19,29
10459,19,553
10460,17,83
10460,17,27
10460,17,82
10461,15,10
10462,19,81
10462,19,869
10462,19,82
10463,13,11
10463,13,101
10464,16,300
10464,16,111
10464,16,38
10465,16,113
10465,16,132
10465,16,38
10466,18,40
10466,18,4
10466,18,11
10467,10,27
10468,11,824
10468,11,113
10468,11,721
10469,16,246
10469,16,45
10470,17,9
10470,17,8
10470,17,4
10471,20,34
10472,20,38
10472,20,39
10473,15,115
10473,15,116
10474,20,470
10474,20,263
10474,20,76
10475,18,49
10475,18,39
10475,18,393
10476,16,60
10477,14,114
10478,18,6
10478,18,11
10479,16,149
10480,19,29
10480,19,93
10481,17,1220
10481,17,31
10481,17,745
10482,17,73
10482,17,65
10483,17,100
10483,17,555
10484,17,594
10484,17,192
10484,17,38
10485,20,22
10485,20,17
10485,20,115
10486,15,845
10486,15,47
10487,13,185
10487,13,754
10487,13,483
10487,13,39
10488,18,375
10488,18,749
10489,20,108
10489,20,90
10490,11,470
10490,11,1445
10491,19,106
10491,19,119
10492,15,191
10492,15,51
10493,11,814
10493,11,98
10493,11,97
10494,16,29
10494,16,10
10494,16,8
10494,16,149
10494,16,324
10495,10,20
10495,10,38
10496,16,35
10496,16,23
10496,16,64
10497,18,29
10497,18,114
10498,18,78
10499,12,27
10499,12,685
10500,17,445
10501,18,47
10501,18,71
10502,20,185
10502,20,33
10503,17,6
10503,17,4
10503,17,11
10503,17,93
10504,15,155
10505,10,158
10505,10,754
10505,10,260
10506,15,23
10507,19,624
10507,19,17
10508,11,35
10509,17,34
10509,17,31
10510,13,9
10510,13,11
10511,17,17
10512,12,810
10512,12,493
10512,12,278
10513,10,68
10513,10,262
10513,10,47
10514,12,1
10514,12,487
10515,17,174
10515,17,27
10515,17,367
10516,15,113
10516,15,38
10517,19,120
10517,19,303
10517,19,95
10517,19,825
10518,18,23
10518,18,85
10519,10,99
10519,10,413
10520,17,441
10520,17,49
10520,17,39
10521,19,174
10521,19,27
10521,19,28
10522,15,283
10523,16,108
10523,16,246
10524,18,315
10524,18,113
10524,18,38
10524,18,43
10524,18,246
10525,10,31
10526,17,101
10527,18,228
10527,18,443
10527,18,119
10527,18,38
10527,18,750
10528,20,404
10528,20,1178
10528,20,51
10529,15,98
10529,15,174
10529,15,214
10530,20,113
10531,11,114
10532,13,118
10532,13,20
10532,13,27
10532,13,412
10533,12,95
10533,12,371
10533,12,203
10534,18,82
10535,15,153
10535,15,278
10535,15,17
10535,15,116
10535,15,45
10536,17,38
10536,17,750
10537,11,298
10538,17,145
10538,17,151
10538,17,95
10539,14,107
10539,14,258
10540,16,29
10540,16,33
10541,11,589
10541,11,23
10541,11,782
10541,11,114
10541,11,232
10542,16,93
10543,20,2
10544,18,10
10544,18,4
10544,18,82
10545,17,31
10545,17,257
10545,17,32
10546,14,108
10546,14,29
10546,14,294
10547,17,439
10547,17,149
10548,10,1007
10548,10,59
10548,10,223
10549,15,9
10549,15,4
10549,15,59
10549,15,11
10550,11,34
10550,11,31
10550,11,257
10551,19,9
10551,19,663
10551,19,11
10551,19,223
10552,15,51
10553,13,80
10553,13,4
10553,13,11
10554,17,113
10554,17,130
10554,17,132
10554,17,198
10555,17,23
10555,17,4
10555,17,7
10555,17,147
10556,14,278
10556,14,544
10556,14,17
10556,14,117
10557,16,95
10557,16,132
10557,16,199
10557,16,51
10557,16,203
10558,20,31
10559,16,114
10559,16,39
10560,19,9
10561,17,114
10562,17,23
10563,20,31
10564,15,108
10564,15,90
10565,10,132
10565,10,51
10566,20,111
10566,20,39
10567,10,218
10567,10,940
10568,16,108
10568,16,164
10568,16,628
10569,10,822
10569,10,9
10569,10,172
10569,10,821
10570,12,50
10570,12,681
10571,19,9
10571,19,164
10572,19,72
10573,11,52
10573,11,314
10573,11,27
10573,11,51
10574,13,312
10574,13,95
10575,12,125
10575,12,114
10576,17,17
10577,17,308
10577,17,51
10578,17,108
10579,16,27
10579,16,246
10580,15,174
10580,15,246
10581,17,11
10581,17,7
10582,19,772
10582,19,991
10582,19,127
10582,19,246
10583,19,26
10583,19,23
10583,19,27
10584,15,9
10584,15,962
10584,15,149
10584,15,93
10585,10,1
10585,10,811
10585,10,416
10586,10,501
10586,10,70
10587,17,1067
10587,17,175
10587,17,17
10587,17,27
10587,17,246
10588,14,78
10588,14,258
10589,20,29
10589,20,149
10590,11,9
10591,12,285
10592,20,182
10592,20,17
10592,20,261
10592,20,116
10593,19,27
10594,12,120
10594,12,59
10595,15,31
10596,17,586
10596,17,119
10596,17,38
10597,20,29
10597,20,10
10597,20,101
10597,20,71
10598,15,20
10599,19,27
10600,15,20
10601,11,29
10601,11,23
10602,18,313
10602,18,158
10603,17,34
10603,17,80
10603,17,376
10604,13,11
10605,11,90
10605,11,31
10605,11,82
10606,13,733
10606,13,896
10606,13,1001
10607,17,277
10607,17,442
10607,17,82
10607,17,96
10607,17,233
10608,20,29
10608,20,10
10608,20,115
10608,20,188
10609,19,1061
10610,18,107
10610,18,78
10610,18,11
10610,18,93
10611,15,5
10611,15,255
10611,15,4
10611,15,116
10612,13,52
10613,14,51
10614,17,29
10614,17,23
10614,17,11
10614,17,101
10615,15,97
10616,10,29
10616,10,433
10617,10,82
10618,15,23
10618,15,10
10618,15,101
10619,16,67
10619,16,933
10619,16,50
10619,16,51
10620,10,126
10620,10,17
10621,16,113
10621,16,192
10621,16,38
10622,15,832
10622,15,51
10622,15,114
10623,20,214
10624,17,29
10624,17,11
10624,17,93
10625,17,113
10625,17,130
10625,17,38
10625,17,43
10626,12,100
10626,12,448
10627,20,99
10627,20,771
10627,20,516
10628,20,95
10629,10,17
10630,15,164
10630,15,31
10631,14,529
10632,13,253
10632,13,15
10632,13,45
10633,11,39
10634,19,17
10635,15,29
10636,15,4
10636,15,11
10637,20,11
10637,20,295
10638,17,99
10638,17,160
10638,17,27
10638,17,141
10639,10,372
10639,10,29
10639,10,115
10639,10,188
10640,20,29
10640,20,20
10640,20,4
10641,14,29
10641,14,10
10642,13,115
10642,13,246
10643,12,27
10644,12,10
10644,12,208
10644,12,246
10645,14,794
10645,14,1295
10645,14,293
10645,14,70
10645,14,270
10646,11,160
10646,11,4
10646,11,11
10647,10,31
10647,10,491
10648,12,29
10648,12,149
10649,13,113
10649,13,721
10649,13,38
10649,13,43
10650,12,29
10650,12,321
10650,12,78
10650,12,11
10650,12,93
10651,16,96
10652,17,110
10652,17,193
10653,10,313
10653,10,95
10654,18,754
10654,18,39
10655,19,29
10655,19,4
10655,19,246
10656,19,17
10656,19,261
10656,19,45
10657,20,122
10657,20,27
10658,12,65
10658,12,429
10659,14,663
10659,14,31
10660,18,477
10660,18,29
10660,18,10
10660,18,4
10660,18,93
10661,19,999
10661,19,1526
10661,19,15
10661,19,183
10662,16,1105
10662,16,175
10663,17,51
10663,17,576
10664,10,38
10665,20,119
10666,18,11
10666,18,93
10667,20,9
10667,20,223
10668,12,259
10668,12,78
10668,12,70
10669,19,396
10670,18,601
10671,17,108
10671,17,156
10671,17,148
10671,17,328
10671,17,149
10672,10,98
10672,10,94
10673,12,38
10674,17,71
10674,17,70
10674,17,574
10674,17,55
10675,10,202
10675,10,373
10675,10,9
10675,10,31
10676,15,442
10676,15,38
10676,15,96
10677,11,209
10677,11,510
10677,11,11
10677,11,101
10677,11,47
10678,15,73
10678,15,20
10679,17,51
10679,17,53
10680,15,34
10680,15,355
10680,15,423
10680,15,31
10680,15,257
10681,13,108
10682,15,442
10682,15,115
10682,15,119
10683,18,29
10683,18,23
10683,18,14
10683,18,114
10684,15,312
10684,15,95
10684,15,137
10685,20,9
10686,19,29
10686,19,23
10686,19,101
10687,16,1
10688,18,29
10688,18,4
10689,17,34
10689,17,29
10689,17,175
10689,17,31
10690,13,373
10691,10,94
10691,10,301
10692,16,45
10693,16,87
10693,16,4
10693,16,11
10694,17,29
10694,17,10
10694,17,4
10694,17,177
10695,16,437
10695,16,268
10695,16,620
10696,20,6
10696,20,438
10696,20,717
10696,20,149
10696,20,152
10697,18,113
10697,18,95
10697,18,445
10697,18,43
10697,18,560
10698,20,9
10698,20,1000
10698,20,2
10698,20,547
10699,19,192
10700,10,672
10700,10,1039
10700,10,149
10701,15,174
10701,15,35
10701,15,96
10702,10,108
10702,10,119
10702,10,749
10703,16,98
10703,16,94
10704,20,51
10705,20,31
10705,20,257
10706,11,110
10706,11,312
10706,11,95
10706,11,43
10707,11,34
10707,11,78
10707,11,93
10707,11,258
10708,14,228
10708,14,95
10709,10,908
10709,10,310
10710,20,210
10710,20,4
10710,20,11
10711,14,153
10711,14,148
10711,14,1453
10712,11,116
10713,14,174
10713,14,17
10714,17,22
10715,11,10
10715,11,78
10715,11,246
10716,20,34
10716,20,172
10716,20,31
10716,20,491
10717,19,105
10718,11,933
10718,11,23
10718,11,51
10719,20,29
10720,16,185
10721,20,132
10722,11,113
10722,11,38
10723,11,29
10724,15,31
10724,15,38
10724,15,141
10725,10,210
10725,10,31
10725,10,65
10726,15,29
10726,15,188
10727,19,22
10727,19,29
10727,19,23
10727,19,28
10728,17,82
10728,17,47
10729,13,17
10729,13,15
10730,11,17
10730,11,684
10731,13,693
10731,13,15
10732,13,97
10733,16,301
10734,17,31
10735,20,550
10735,20,158
10736,14,174
10736,14,33
10737,10,39
10737,10,393
10738,19,103
10738,19,2
10738,19,149
10739,11,174
10739,11,26
10739,11,27
10740,17,45
10741,16,207
10741,16,314
10741,16,11
10741,16,246
10741,16,65
10742,17,251
10742,17,741
10743,17,586
10743,17,38
10744,17,372
10744,17,29
10744,17,115
10744,17,188
10745,18,151
10745,18,618
10745,18,32
10746,18,34
10746,18,486
10746,18,31
10746,18,335
10747,18,231
10747,18,911
10748,13,278
10749,15,771
10750,18,17
10751,18,51
10752,15,158
10753,10,278
10753,10,35
10753,10,517
10753,10,469
10754,15,224
10755,15,108
10755,15,314
10756,14,11
10757,16,118
10757,16,27
10758,10,22
10758,10,23
10759,17,712
10759,17,174
10759,17,60
10759,17,933
10760,12,31
10760,12,119
10761,19,82
10762,10,22
10762,10,6
10762,10,4
10762,10,28
10763,20,126
10763,20,432
10763,20,32
10764,15,9
10764,15,102
10765,17,281
10765,17,282
10765,17,395
10766,19,108
10766,19,566
10767,15,82
10768,12,108
10768,12,29
10769,16,103
10769,16,186
10769,16,47
10770,18,108
10770,18,90
10771,16,23
10771,16,11
10771,16,101
10772,18,255
10772,18,17
10772,18,15
10772,18,116
10773,19,116
10773,19,71
10774,14,20
10774,14,38
10775,11,172
10775,11,39
10776,18,103
10776,18,29
10776,18,75
10776,18,10
10776,18,232
10777,20,182
10777,20,17
10777,20,116
10778,17,250
10778,17,252
10779,15,6
10779,15,4
10779,15,11
10780,19,625
10780,19,9
10781,15,370
10782,19,20
10782,19,47
10783,10,29
10783,10,20
10783,10,31
10783,10,414
10783,10,114
10784,20,522
10785,19,34
10785,19,31
10786,16,31
10787,13,387
10787,13,89
10787,13,219
10787,13,208
10788,15,38
10789,16,156
10789,16,149
10790,19,113
10790,19,95
10790,19,137
10790,19,138
10791,10,9
10791,10,152
10791,10,150
10792,18,108
10793,16,174
10793,16,204
10794,16,100
10794,16,95
10794,16,359
10795,11,127
10795,11,385
10795,11,1230
10795,11,352
10796,11,878
10796,11,182
10796,11,29
10797,15,1075
10797,15,292
10797,15,160
10797,15,1270
10798,15,103
10798,15,11
10798,15,101
10799,18,22
10799,18,29
10799,18,7
10800,12,110
10800,12,1036
10801,17,397
10801,17,29
10801,17,23
10802,17,39
10803,11,531
10804,18,33
10805,15,22
10805,15,115
10805,15,116
10805,15,12
10806,15,29
10806,15,23
10807,19,130
10807,19,1018
10807,19,445
10808,11,29
10808,11,628
10809,19,174
10810,19,348
10810,19,116
10811,20,231
10811,20,119
10812,18,622
10812,18,38
10812,18,39
10813,15,101
10814,18,561
10814,18,113
10814,18,38
10815,20,566
10815,20,95
10816,16,106
10816,16,358
10816,16,20
10817,19,23
10818,13,711
10818,13,108
10818,13,157
10819,15,4
10819,15,11
10820,11,122
10821,18,95
10822,14,17
10822,14,45
10823,16,10
10824,16,17
10824,16,15
10825,19,27
10826,15,153
10826,15,17
10826,15,573
10827,16,23
10828,17,66
10828,17,174
10828,17,50
10828,17,51
10828,17,105
10829,13,889
10830,13,29
10830,13,4
10831,18,50
10831,18,51
10832,19,1
10832,19,442
10832,19,9
10832,19,8
10832,19,96
10833,18,255
10833,18,17
10834,15,22
10834,15,29
10834,15,114
10835,20,386
10835,20,80
10835,20,119
10835,20,82
10836,19,105
10837,11,251
10837,11,252
10837,11,741
10838,13,80
10838,13,82
10839,10,4
10839,10,93
10840,11,97
10841,16,113
10841,16,38
10842,19,7
10843,18,245
10843,18,1018
10844,16,29
10845,18,103
10845,18,29
10845,18,164
10845,18,284
10845,18,93
10846,16,224
10846,16,41
10846,16,192
10846,16,38
10846,16,39
10847,11,642
10847,11,722
10848,18,106
10848,18,114
10849,20,108
10849,20,109
10850,17,15
10850,17,45
10851,20,29
10851,20,209
10851,20,11
10851,20,101
10852,20,11
10853,20,620
10853,20,45
10854,15,31
10855,18,130
10855,18,38
10856,19,98
10856,19,1444
10856,19,1297
10857,14,41
10857,14,17
10858,16,182
10858,16,17
10859,19,10
10860,19,17
10861,15,174
10861,15,37
10861,15,50
10862,13,34
10862,13,175
10862,13,123
10863,15,9
10863,15,4
10864,10,31
10865,11,20
10865,11,114
10866,12,71
10867,17,174
10867,17,50
10868,19,71
10869,15,66
10869,15,83
10869,15,27
10869,15,50
10870,15,111
10871,19,152
10872,15,308
10872,15,51
10873,14,218
10874,20,437
10874,20,116
10875,15,442
10875,15,500
10875,15,127
10875,15,683
10875,15,119
10876,15,103
10876,15,23
10877,19,71
10878,10,37
10879,13,98
10879,13,771
10879,13,737
10880,11,107
10880,11,78
10880,11,11
10880,11,93
10881,20,23
10881,20,2
10881,20,11
10881,20,28
10882,20,31
10882,20,149
10883,17,11
10884,15,106
10884,15,114
10885,18,29
10885,18,164
10885,18,246
10886,11,29
10886,11,47
10887,15,59
10888,15,29
10888,15,10
10889,20,4
10890,15,1226
10890,15,130
10890,15,445
10891,17,8
10891,17,246
10892,18,17
10892,18,183
10892,18,45
10893,19,1500
10893,19,29
10893,19,148
10893,19,149
10893,19,352
10894,19,395
10895,11,11
10896,14,422
10896,14,11
10896,14,93
10897,14,368
10897,14,4
10898,19,282
10898,19,31
10898,19,212
10899,16,29
10899,16,11
10900,20,103
10900,20,33
10901,20,50
10901,20,38
10902,19,80
10903,18,29
10903,18,115
10903,18,149
10904,15,23
10904,15,638
10905,12,46
10906,20,47
10906,20,29
10906,20,71
10907,16,29
10907,16,4
10908,19,756
10908,19,38
10908,19,39
10909,17,98
10909,17,500
10909,17,667
10909,17,11
10909,17,101
10910,18,107
10910,18,164
10910,18,78
10910,18,93
10911,17,23
10912,18,29
10912,18,33
10913,15,9
10914,19,158
10914,19,32
10915,17,98
10915,17,363
10915,17,919
10915,17,247
10916,17,29
10916,17,4
10916,17,11
10917,15,37
10917,15,51
10917,15,53
10918,17,158
10918,17,346
10919,10,315
10919,10,113
10919,10,1066
10919,10,316
10919,10,43
10920,19,358
10920,19,600
10920,19,789
10921,13,490
10921,13,499
10921,13,530
10922,16,9
10922,16,8
10923,13,126
10923,13,47
10924,18,145
10924,18,442
10924,18,151
10924,18,160
10924,18,96
10925,13,718
10925,13,80
10925,13,47
10926,11,29
10926,11,149
10926,11,514
10927,13,256
10927,13,324
10928,15,106
10928,15,114
10928,15,71
10929,10,43
10930,16,493
10930,16,492
10930,16,116
10931,15,149
10932,13,697
10932,13,17
10932,13,531
10932,13,45
10933,19,47
10933,19,249
10933,19,233
10934,16,185
10934,16,33
10935,18,37
10935,18,50
10936,19,22
10936,19,29
10936,19,2
10936,19,85
10937,12,213
10938,12,17
10938,12,531
10939,15,158
10939,15,260
10940,18,11
10941,16,39
10942,17,1077
10942,17,4
10942,17,11
10942,17,93
10943,15,47
10944,17,67
10944,17,107
10945,16,29
10946,18,1016
10946,18,6
10946,18,428
10946,18,4
10947,15,103
10947,15,29
10947,15,11
10948,16,8
10948,16,502
10948,16,409
10949,20,27
10950,11,9
10950,11,11
10950,11,93
10951,11,182
10951,11,70
10951,11,45
10951,11,377
10952,12,928
10952,12,120
10952,12,6
10952,12,4
10952,12,147
10953,18,110
10954,15,31
10955,11,108
10955,11,371
10955,11,114
10956,15,221
10956,15,108
10956,15,48
10957,11,326
10957,11,20
10957,11,38
10957,11,43
10958,10,114
10958,10,569
10959,12,103
10959,12,232
10960,18,182
10960,18,15
10961,14,210
10962,16,37
10962,16,51
10963,14,78
10963,14,11
10964,12,186
10964,12,82
10964,12,47
10965,19,32
10966,18,108
10966,18,29
10967,14,99
10967,14,33
10968,17,90
10968,17,29
10969,18,145
10969,18,151
10969,18,96
10970,11,95
10971,20,80
10971,20,274
10972,20,110
10972,20,31
10972,20,937
10973,14,78
10973,14,101
10974,19,1030
10975,17,66
10975,17,37
10976,15,29
10977,13,129
10977,13,9
10977,13,78
10978,14,23
10978,14,101
10979,19,437
10979,19,11
10980,16,100
10980,16,97
10981,10,372
10981,10,29
10981,10,1376
10981,10,115
10981,10,188
10982,10,411
10982,10,50
10982,10,51
10982,10,47
10983,11,9
10984,19,34
10984,19,794
10984,19,31
10985,20,50
10985,20,47
10986,10,34
10986,10,619
10987,19,158
10987,19,135
10988,12,27
10989,13,80
10990,18,90
10990,18,164
10991,18,309
10992,15,218
10992,15,9
10992,15,17
10992,15,511
10993,20,148
10993,20,361
10993,20,149
10994,11,282
10994,11,82
10995,19,29
10995,19,11
10995,19,101
10996,11,29
10997,10,98
10997,10,500
10997,10,94
10998,20,114
10999,12,29
11000,14,29
11001,18,561
11001,18,38
11001,18,39
11001,18,393
11002,14,1019
11002,14,53
11002,14,246
11003,15,172
11003,15,29
11003,15,140
11004,15,379
11004,15,17
11004,15,70
11004,15,45
11005,13,17
11005,13,27
11005,13,71
11006,15,376
11007,16,103
11008,16,110
11008,16,192
11008,16,443
11008,16,38
11009,12,38
11010,17,386
11010,17,87
11010,17,61
11010,17,93
11011,11,386
11012,16,1054
11013,14,27
11013,14,19
11013,14,179
11014,19,301
11015,18,110
11015,18,192
11015,18,111
11016,10,147
11017,13,375
11017,13,204
11018,12,71
11019,18,396
11019,18,114
11020,20,29
11021,11,23
11022,16,11
11023,16,209
11023,16,10
11024,12,2
11024,12,114
11025,15,5
11025,15,98
11025,15,375
11025,15,17
11026,19,99
11026,19,404
11027,16,103
11028,18,501
11028,18,8
11028,18,324
11028,18,149
11029,16,17
11029,16,116
11030,18,31
11030,18,115
11030,18,39
11031,18,31
11031,18,216
11032,20,48
11033,13,313
11033,13,696
11033,13,158
11033,13,95
11033,13,505
11034,11,82
11034,11,346
11035,12,29
11036,16,9
11037,20,47
11038,12,108
11038,12,185
11038,12,33
11039,20,218
11040,15,129
11040,15,186
11041,16,4
11041,16,11
11041,16,273
11042,18,34
11042,18,663
11042,18,355
11042,18,31
11043,20,135
11044,16,23
11044,16,11
11044,16,101
11045,10,6
11045,10,78
11045,10,4
11045,10,11
11046,14,29
11046,14,93
11047,15,106
11047,15,11
11047,15,47
11048,13,223
11049,11,29
11050,17,35
11050,17,51
11050,17,179
11051,19,23
11051,19,11
11052,18,246
11052,18,213
11053,20,121
11054,18,78
11054,18,93
11055,18,80
11056,16,6
11056,16,4
11057,20,34
11057,20,20
11057,20,123
11058,10,158
11058,10,4
11059,19,22
11059,19,23
11059,19,101
11060,16,17
11060,16,45
11061,17,248
11061,17,174
11061,17,429
11062,12,502
11062,12,114
11063,15,95
11063,15,132
11064,14,10
11064,14,114
11065,13,22
11065,13,29
11065,13,23
11066,15,17
11067,17,34
11068,17,235
11068,17,85
11069,13,29
11069,13,149
11070,18,748
11070,18,17
11070,18,15
11070,18,45
11071,12,156
11071,12,462
11071,12,409
11071,12,464
11072,16,115
11073,18,372
11073,18,29
11073,18,115
11074,20,384
11074,20,45
11075,18,239
11076,13,1093
11076,13,158
11076,13,451
11077,19,110
11077,19,38
11077,19,193
11078,14,99
11078,14,47
11079,11,47
11079,11,71
11080,16,107
11080,16,93
11081,11,568
11081,11,29
11081,11,10
11081,11,11
11081,11,114
11082,17,11
11082,17,93
11083,10,854
11083,10,175
11083,10,31
11083,10,1054
11083,10,527
11084,18,9
11085,10,213
11086,20,34
11086,20,49
11086,20,44
11087,15,174
11087,15,175
11088,15,72
11088,15,23
11088,15,4
11088,15,11
11088,15,93
11089,15,29
11089,15,10
11090,12,393
11090,12,561
11090,12,264
11090,12,39
11090,12,528
11091,14,29
11092,10,94
11093,18,50
11094,15,174
11094,15,175
11094,15,57
11095,15,103
11095,15,161
11096,11,358
11096,11,10
11097,15,37
11098,11,114
11099,15,254
11099,15,255
11099,15,182
11099,15,17
11099,15,116
11100,16,362
11100,16,103
11100,16,29
11100,16,152
11101,11,29
11102,18,146
11102,18,158
11102,18,838
11103,16,29
11103,16,628
11104,17,859
11104,17,493
11104,17,278
11104,17,544
11104,17,116
11105,12,960
11105,12,8
11105,12,324
11105,12,149
11106,12,178
11106,12,484
11106,12,27
11106,12,51
11107,10,29
11107,10,65
11108,16,281
11109,17,213
11109,17,71
11110,14,304
11110,14,114
11111,13,757
11111,13,1035
11112,15,265
11112,15,697
11112,15,385
11112,15,17
11112,15,531
11113,19,584
11113,19,473
11113,19,1176
11114,15,26
11114,15,23
11114,15,11
11115,20,47
11115,20,83
11115,20,20
11115,20,28
11116,16,29
11116,16,115
11117,13,129
11117,13,31
11118,19,146
11118,19,321
11118,19,158
11118,19,128
11118,19,849
11119,10,53
11120,10,51
11120,10,644
11120,10,147
11121,17,9
11121,17,11
11122,14,11
11122,14,246
11123,15,29
11123,15,246
11124,12,757
11124,12,49
11124,12,778
11125,17,174
11125,17,65
11126,18,684
11127,15,498
11127,15,17
11128,16,33
11129,17,888
11129,17,23
11129,17,11
11130,15,145
11130,15,31
11131,20,1
11131,20,73
11132,12,83
11132,12,27
11132,12,50
11132,12,768
11133,20,145
11133,20,1024
11133,20,151
11133,20,464
11134,12,27
11134,12,367
11135,10,484
11135,10,149
11135,10,51
11135,10,114
11136,19,356
11136,19,494
11136,19,270
11137,17,231
11137,17,96
11138,17,146
11139,19,484
11139,19,51
11140,19,397
11140,19,23
11141,18,27
11142,11,99
11142,11,27
11142,11,937
11143,20,9
11143,20,29
11143,20,10
11143,20,11
11144,12,110
11144,12,38
11145,20,108
11145,20,171
11146,17,49
11146,17,754
11146,17,39
11147,11,100
11147,11,448
11148,15,1
11148,15,85
11149,11,52
11149,11,50
11149,11,53
11150,16,31
11150,16,193
11151,10,22
11151,10,29
11151,10,6
11151,10,4
11152,14,108
11152,14,95
11152,14,135
11152,14,935
11153,18,90
11153,18,160
11154,14,278
11154,14,17
11154,14,116
11155,16,29
11155,16,295
11156,12,115
11156,12,188
11157,16,490
11157,16,278
11158,18,22
11158,18,17
11159,18,278
11159,18,116
11159,18,530
11160,13,175
11160,13,764
11161,13,174
11161,13,27
11162,20,495
11162,20,522
11162,20,158
11163,17,29
11163,17,228
11163,17,246
11164,20,1116
11164,20,17
11165,11,522
11165,11,479
11165,11,158
11166,17,735
11166,17,17
11166,17,15
11167,16,20
11168,17,98
11169,16,283
11169,16,82
11169,16,32
11170,16,31
11171,10,29
11172,10,9
11173,20,4
11173,20,11
11174,20,371
11175,20,866
11175,20,31
11175,20,399
11175,20,165
11176,18,1
11177,20,34
11177,20,31
11178,20,754
11178,20,38
11179,19,113
11179,19,38
11180,10,114
11181,17,175
11181,17,31
11182,12,7
11182,12,96
11183,15,157
11184,16,127
11185,15,29
11185,15,10
11185,15,11
11185,15,101
11186,10,9
11186,10,101
11187,13,192
11187,13,111
11188,20,119
11188,20,97
11189,15,442
11189,15,192
11189,15,96
11190,17,283
11190,17,159
11191,12,73
11191,12,20
11191,12,47
11192,15,78
11192,15,101
11193,12,27
11194,18,610
11194,18,39
11195,17,439
11195,17,29
11195,17,374
11195,17,328
11195,17,149
11196,10,39
11197,10,912
11198,19,403
11198,19,15
11198,19,116
11199,12,17
11200,15,83
11200,15,17
11201,13,4
11201,13,114
11202,15,155
11202,15,11
11203,18,529
11204,15,108
11204,15,29
11204,15,164
11204,15,10
11205,18,514
11205,18,495
11205,18,9
11205,18,158
11205,18,433
11206,16,29
11206,16,85
11206,16,11
11207,19,490
11207,19,512
11207,19,328
11208,18,108
11209,15,17
11209,15,246
11210,17,1005
11210,17,231
11210,17,60
11210,17,119
11211,17,11
11211,17,147
11212,16,110
11212,16,38
11213,16,29
11213,16,11
11213,16,123
11213,16,454
11214,14,120
11214,14,34
11214,14,160
11214,14,692
11215,20,34
11215,20,156
11215,20,31
11215,20,149
11215,20,430
11216,20,108
11217,16,362
11217,16,108
11218,17,41
11218,17,192
11218,17,38
11219,20,8
11220,14,513
11221,20,17
11222,19,34
11222,19,31
11222,19,893
11223,19,22
11223,19,29
11223,19,23
11223,19,149
11223,19,11
11224,17,113
11225,10,108
11226,13,616
11226,13,31
11226,13,370
11227,11,108
11227,11,100
11227,11,540
11228,12,404
11229,13,49
11229,13,830
11229,13,39
11230,11,129
11230,11,103
11230,11,11
11231,19,756
11231,19,39
11232,20,223
11232,20,47
11233,10,1
11233,10,416
11234,20,9
11234,20,220
11234,20,150
11235,15,8
11235,15,149
11236,15,182
11236,15,17
11236,15,183
11236,15,45
11237,20,29
11237,20,23
11237,20,517
11238,19,103
11238,19,93
11239,17,49
11239,17,39
11240,12,116
11241,13,372
11241,13,115
11241,13,149
11241,13,328
11241,13,116
11242,12,98
11242,12,921
11242,12,204
11243,18,491
11244,19,55
11245,20,151
11245,20,31
11245,20,193
11246,16,98
11246,16,282
11246,16,737
11247,15,22
11247,15,23
11247,15,11
11247,15,28
11248,10,108
11248,10,171
11249,11,221
11249,11,103
11250,19,172
11250,19,174
11251,18,11
11252,16,594
11252,16,27
11252,16,119
11253,11,697
11254,15,31
11254,15,82
11255,10,863
11255,10,449
11255,10,861
11256,11,17
11256,11,27
11256,11,33
11257,11,34
11257,11,866
11257,11,268
11257,11,31
11257,11,123
11258,10,147
11259,17,124
11259,17,29
11260,19,114
11261,15,174
11261,15,27
11261,15,116
11262,12,114
11262,12,71
11263,10,83
11263,10,27
11264,10,31
11265,17,71
11266,15,17
11266,15,116
11267,12,22
11267,12,29
11267,12,4
11268,11,51
11269,15,50
11270,10,162
11271,19,4
11271,19,11
11272,18,78
11273,10,182
11273,10,17
11273,10,80
11273,10,4
11273,10,15
11274,18,182
11274,18,17
11274,18,216
11275,13,278
11275,13,385
11275,13,355
11275,13,331
11276,20,174
11276,20,65
11276,20,33
11277,10,450
11277,10,146
11277,10,158
11278,14,897
11278,14,45
11279,18,220
11280,18,94
11280,18,76
11281,12,1
11281,12,29
11282,12,54
11282,12,51
11282,12,53
11283,15,106
11283,15,114
11284,10,29
11284,10,51
11284,10,234
11285,18,158
11285,18,135
11286,13,103
11286,13,29
11287,19,201
11287,19,164
11288,15,111
11289,16,31
11289,16,257
11290,20,4
11290,20,440
11290,20,71
11291,17,65
11292,20,753
11292,20,100
11292,20,321
11292,20,505
11293,16,1
11293,16,353
11294,15,54
11294,15,37
11295,11,34
11295,11,398
11295,11,399
11295,11,123
11296,20,246
11297,18,301
11297,18,38
11298,15,132
11298,15,51
11298,15,44
11299,20,1338
11299,20,103
11299,20,294
11300,17,112
11300,17,122
11300,17,738
11300,17,82
11300,17,238
11301,20,259
11301,20,293
11301,20,523
11301,20,154
11302,15,174
11302,15,23
11303,16,116
11304,20,11
11305,15,115
11306,18,108
11306,18,171
11306,18,157
11307,20,944
11307,20,108
11308,19,29
11308,19,809
11308,19,360
11308,19,149
11309,20,34
11309,20,93
11309,20,70
11309,20,258
11310,13,402
11310,13,11
11310,13,93
11311,19,85
11311,19,101
11312,20,283
11312,20,31
11312,20,82
11313,20,20
11313,20,11
11313,20,38
11314,18,37
11314,18,50
11315,16,282
11315,16,285
11315,16,82
11316,15,29
11316,15,101
11317,19,169
11317,19,29
11318,15,235
11318,15,1461
11318,15,513
11318,15,548
11319,20,228
11319,20,815
11319,20,97
11320,11,31
11321,10,94
11321,10,612
11322,17,50
11322,17,51
11323,15,11
11323,15,101
11324,16,662
11324,16,29
11324,16,23
11324,16,27
11324,16,71
11325,16,17
11325,16,741
11325,16,179
11326,18,34
11326,18,355
11326,18,31
11326,18,356
11326,18,123
11327,17,17
11327,17,45
11328,15,1004
11328,15,50
11328,15,51
11329,16,10
11329,16,115
11330,10,863
11330,10,31
11331,12,9
11332,10,147
11333,20,29
11333,20,314
11334,19,83
11334,19,174
11334,19,27
11335,20,152
11336,18,8
11337,20,50
11338,16,114
11339,17,192
11339,17,38
11340,10,114
11341,20,361
11341,20,149
11342,17,182
11342,17,17
11342,17,15
11342,17,116
11343,11,158
11343,11,160
11344,12,772
11344,12,991
11344,12,252
11344,12,741
11345,12,124
11345,12,114
11346,19,345
11346,19,148
11346,19,374
11347,11,404
11348,20,374
11348,20,734
11348,20,149
11349,20,37
11349,20,51
11350,10,34
11350,10,258
11351,20,1116
11351,20,255
11351,20,17
11351,20,116
11352,17,844
11352,17,175
11353,17,248
11353,17,33
11354,18,181
11354,18,15
11354,18,116
11354,18,179
11355,15,29
11355,15,71
11356,13,47
11357,16,95
11358,10,11
11359,16,29
11359,16,4
11359,16,115
11360,12,17
11361,17,199
11361,17,452
11361,17,51
11361,17,44
11362,19,100
11362,19,126
11362,19,175
11363,15,130
11363,15,20
11363,15,38
11364,16,31
11365,11,144
11365,11,45
11366,17,586
11366,17,938
11366,17,95
11367,12,204
11368,16,29
11368,16,93
11369,20,1170
11369,20,31
11369,20,111
11369,20,38
11369,20,246
11370,19,25
11370,19,26
11370,19,27
11370,19,28
11371,15,17
11371,15,116
11372,18,31
11372,18,168
11373,14,179
11374,11,17
11375,10,315
11375,10,43
11376,15,11
11377,18,300
11377,18,111
11377,18,39
11378,18,35
11379,10,11
11379,10,93
11380,12,493
11380,12,278
11380,12,499
11380,12,116
11381,19,82
11381,19,509
11382,16,414
11382,16,114
11383,18,201
11384,11,100
11384,11,158
11384,11,95
11384,11,135
11385,18,303
11385,18,95
11385,18,371
11385,18,114
11385,18,203
11386,11,113
11386,11,38
11387,11,385
11387,11,116
11388,20,27
11389,20,950
11389,20,38
11390,12,78
11390,12,11
11391,16,9
11391,16,11
11392,20,315
11392,20,113
11392,20,192
11392,20,38
11392,20,43
11393,10,17
11393,10,45
11394,16,5
11394,16,255
11394,16,379
11394,16,45
11395,19,1
11395,19,270
11396,12,108
11396,12,100
11397,12,74
11397,12,419
11398,16,34
11398,16,186
11398,16,31
11398,16,1378
11399,13,29
11399,13,10
11399,13,1114
11400,12,175
11401,16,17
11401,16,116
11401,16,96
11402,11,9
11402,11,268
11403,19,395
11403,19,119
11403,19,114
11403,19,28
11404,18,207
11404,18,27
11405,11,221
11405,11,33
11406,13,23
11406,13,47
11407,20,255
11407,20,17
11407,20,27
11407,20,141
11408,16,442
11408,16,11
11408,16,96
11408,16,119
11409,20,174
11409,20,37
11410,17,108
11410,17,29
11410,17,78
11411,20,23
11411,20,2
11411,20,101
11412,15,27
11412,15,50
11412,15,51
11413,13,34
11413,13,31
11414,10,4
11414,10,11
11415,15,100
11415,15,815
11415,15,38
11415,15,97
11416,19,8
11416,19,324
11417,16,71
11418,10,845
11419,19,22
11419,19,23
11420,15,139
11420,15,20
11420,15,38
11421,12,405
11421,12,17
11421,12,183
11421,12,11
11421,12,93
11422,10,31
11423,20,201
11424,17,11
11425,11,525
11425,11,1026
11425,11,97
11426,15,108
11426,15,525
11427,15,156
11427,15,1002
11427,15,149
11428,11,108
11428,11,29
11428,11,628
11429,20,108
11430,15,31
11431,20,158
11432,11,9
11432,11,59
11433,15,106
11434,14,31
11435,12,27
11436,19,93
11437,10,29
11437,10,17
11437,10,115
11437,10,116
11438,10,50
11439,14,218
11439,14,1350
11439,14,147
11440,12,96
11441,15,108
11442,10,27
11443,19,80
11443,19,11
11444,17,31
11445,17,224
11446,15,6
11446,15,88
11446,15,4
11446,15,11
11447,16,248
11447,16,429
11448,12,139
11448,12,20
11449,11,1292
11450,15,4
11451,20,26
11451,20,50
11452,17,696
11452,17,158
11452,17,149
11452,17,114
11452,17,246
11453,12,650
11453,12,328
11453,12,149
11454,13,31
11455,15,29
11455,15,33
11456,10,172
11457,16,98
11457,16,168
11458,13,652
11458,13,648
11458,13,762
11458,13,39
11459,18,37
11459,18,53
11460,12,183
11460,12,116
11461,19,202
11461,19,1281
11461,19,268
11461,19,491
11461,19,884
11462,10,298
11462,10,70
11462,10,272
11463,11,221
11463,11,31
11463,11,353
11463,11,96
11463,11,70
11464,16,113
11464,16,38
11465,18,103
11466,12,175
11466,12,27
11467,15,98
11467,15,174
11467,15,204
11468,11,25
11468,11,26
11468,11,27
11468,11,141
11468,11,28
11469,14,23
11470,10,130
11470,10,20
11470,10,38
11471,12,4
11471,12,232
11472,14,905
11472,14,1324
11472,14,352
11472,14,45
11473,18,27
11474,12,31
11475,17,768
11476,11,126
11476,11,174
11477,10,6
11477,10,78
11477,10,4
11477,10,11
11477,10,93
11478,17,38
11478,17,39
11479,20,358
11480,19,40
11480,19,1122
11480,19,23
11481,13,1385
11481,13,82
11482,18,498
11482,18,17
11482,18,403
11482,18,116
11483,17,268
11484,17,593
11484,17,246
11484,17,101
11485,12,859
11485,12,278
11485,12,17
11485,12,774
11485,12,45
11486,17,108
11486,17,112
11486,17,82
11487,20,48
11488,19,29
11488,19,11
11489,15,29
11490,20,110
11490,20,38
11490,20,43
11491,12,34
11491,12,31
11492,11,158
11492,11,325
11493,18,94
11493,18,611
11494,17,29
11494,17,420
11494,17,295
11495,20,467
11495,20,49
11495,20,39
11496,10,321
11496,10,158
11496,10,135
11496,10,82
11497,10,282
11497,10,82
11498,20,108
11498,20,90
11498,20,246
11499,18,9
11499,18,268
11500,18,115
11501,17,31
11502,16,193
11503,19,130
11503,19,132
11503,19,51
11503,19,38
11503,19,198
11504,17,26
11505,17,192
11505,17,51
11505,17,38
11506,20,39
11507,19,110
11507,19,311
11507,19,1154
11507,19,43
11508,15,115
11508,15,116
11509,20,289
11509,20,31
11509,20,353
11510,20,372
11510,20,23
11510,20,115
11511,12,124
11511,12,853
11511,12,114
11512,20,501
11512,20,10
11512,20,8
11512,20,149
11512,20,324
11513,10,465
11513,10,31
11513,10,102
11514,15,450
11514,15,158
11515,20,311
11515,20,113
11515,20,38
11516,11,120
11516,11,210
11516,11,419
11517,19,17
11517,19,15
11518,18,162
11518,18,9
11518,18,29
11518,18,101
11519,12,23
11519,12,149
11519,12,177
11520,10,29
11520,10,484
11520,10,10
11520,10,4
11521,18,29
11521,18,11
11521,18,119
11522,11,173
11522,11,57
11522,11,175
11523,16,108
11523,16,321
11523,16,171
11524,12,298
11525,10,477
11525,10,11
11526,15,367
11526,15,141
11526,15,33
11527,17,9
11527,17,4
11528,20,160
11528,20,165
11529,15,8
11529,15,1232
11530,10,103
11530,10,158
11531,20,529
11531,20,47
11532,10,313
11532,10,95
11532,10,32
11533,11,597
11533,11,37
11533,11,132
11534,10,23
11535,20,100
11536,11,98
11536,11,94
11536,11,301
11537,16,27
11538,18,534
11538,18,4
11538,18,212
11539,17,32
11540,14,814
11540,14,815
11541,15,889
11541,15,529
11542,16,9
11542,16,35
11542,16,2
11543,10,397
11543,10,1412
11544,18,426
11544,18,6
11544,18,4
11545,19,108
11546,17,255
11546,17,6
11546,17,4
11546,17,7
11547,18,31
11548,17,484
11548,17,302
11548,17,234
11548,17,575
11549,13,115
11550,11,29
11550,11,78
11550,11,70
11551,20,158
11552,12,81
11552,12,663
11552,12,212
11552,12,11
11552,12,93
11553,19,239
11553,19,82
11554,13,51
11554,13,76
11554,13,677
11555,17,248
11555,17,174
11556,10,375
11556,10,152
11557,19,17
11557,19,725
11557,19,45
11557,19,377
11558,15,110
11558,15,103
11558,15,38
11559,20,312
11559,20,95
11560,10,9
11560,10,172
11560,10,78
11560,10,64
11561,15,23
11562,10,116
11563,11,51
11564,15,82
11565,13,178
11565,13,174
11565,13,27
11565,13,51
11566,18,49
11566,18,39
11566,18,707
11567,12,1040
11567,12,96
11568,14,11
11569,18,31
11569,18,95
11570,15,17
11570,15,15
11570,15,116
11571,19,174
11571,19,37
11571,19,50
11572,20,285
11572,20,80
11572,20,82
11573,19,34
11573,19,31
11573,19,165
11574,16,221
11574,16,28
11575,11,29
11576,18,779
11576,18,38
11577,13,27
11577,13,848
11578,10,33
11579,20,17
11580,18,29
11580,18,4
11580,18,152
11581,16,584
11582,13,78
11583,14,34
11583,14,186
11583,14,355
11583,14,31
11584,17,108
11584,17,718
11584,17,1144
11585,10,75
11586,12,214
11587,13,218
11587,13,9
11588,10,293
11588,10,70
11588,10,270
11589,17,108
11589,17,90
11589,17,158
11589,17,65
11590,20,29
11590,20,809
11590,20,78
11591,16,1011
11591,16,51
11591,16,232
11591,16,147
11592,17,235
11592,17,85
11592,17,101
11593,17,667
11593,17,119
11594,13,75
11595,15,163
11595,15,448
11596,11,283
11596,11,82
11597,18,1297
11598,11,20
11599,20,460
11600,11,1032
11600,11,159
11601,16,126
11601,16,460
11601,16,20
11602,13,172
11603,14,71
11604,19,606
11604,19,361
11604,19,96
11605,11,80
11606,14,108
11607,14,516
11608,19,106
11608,19,105
11609,11,355
11609,11,257
11609,11,14
11610,17,85
11610,17,101
11611,16,308
11611,16,95
11611,16,452
11612,15,681
11613,15,108
11614,20,802
11614,20,55
11615,14,584
11615,14,1176
11616,16,20
11616,16,31
11617,19,31
11618,18,35
11619,15,522
11619,15,326
11619,15,31
11619,15,480
11620,19,215
11620,19,48
11621,10,385
11622,11,108
11623,17,29
11624,11,60
11624,11,429
11625,10,115
11626,20,126
11626,20,64
11626,20,11
11627,20,95
11628,10,82
11629,10,37
11630,11,210
11630,11,376
11631,19,158
11631,19,95
11632,20,218
11632,20,547
11633,18,249
11633,18,772
11633,18,127
11634,10,632
11634,10,822
11635,10,147
11636,20,82
11637,10,387
11637,10,210
11637,10,585
11637,10,433
11638,10,106
11638,10,73
11639,16,1267
11639,16,9
11639,16,186
11640,13,400
11641,18,152
11642,12,11
11643,12,312
11643,12,95
11644,11,107
11644,11,9
11644,11,8
11645,19,470
11646,12,6
11646,12,547
11647,15,772
11648,14,31
11648,14,102
11649,16,584
11649,16,1176
11650,19,322
11650,19,8
11651,15,38
11651,15,39
11652,18,11
11653,11,1
11654,14,143
11655,18,17
11656,12,1044
11656,12,733
11656,12,356
11657,16,500
11657,16,94
11658,10,529
11659,16,185
11659,16,247
11659,16,301
11660,20,34
11661,16,108
11662,18,127
11662,18,413
11663,18,33
11664,20,94
11665,16,126
11665,16,72
11666,13,182
11666,13,268
11667,14,60
11667,14,119
11667,14,116
11668,11,235
11668,11,244
11669,13,48
11670,18,81
11670,18,103
11670,18,47
11671,19,20
11671,19,203
11672,13,210
11672,13,288
11672,13,16
11672,13,58
11672,13,509
11673,17,106
11675,15,50
11675,15,51
11676,17,593
11677,18,51
11677,18,264
11678,12,31
11678,12,78
11678,12,135
11678,12,93
11679,10,29
11679,10,93
11680,18,66
11680,18,31
11681,16,108
11682,13,477
11682,13,115
11682,13,188
11683,20,41
11683,20,60
11683,20,119
11683,20,96
11684,18,98
11684,18,126
11684,18,771
11684,18,214
11685,10,20
11686,18,324
11687,17,652
11687,17,44
11688,13,897
11688,13,45
11689,12,130
11689,12,43
11690,15,1341
11690,15,617
11690,15,177
11691,18,312
11691,18,95
11692,17,82
11693,16,1
11693,16,1213
11693,16,70
11693,16,272
11694,14,771
11695,11,9
11696,17,108
11696,17,82
11696,17,935
11697,12,358
11697,12,20
11698,16,34
11698,16,465
11698,16,31
11698,16,349
11699,20,115
11700,10,51
11700,10,483
11701,13,1104
11701,13,844
11701,13,175
11701,13,279
11702,11,34
11702,11,31
11703,20,604
11703,20,50
11704,16,114
11705,17,126
11705,17,70
11706,20,34
11706,20,31
11707,11,158
11707,11,135
11707,11,260
11708,14,20
11708,14,513
11709,18,372
11709,18,10
11709,18,4
11710,15,51
11710,15,1187
11711,10,9
11712,20,6
11713,20,47
11714,20,121
11714,20,522
11714,20,4
11715,16,1078
11715,16,8
11715,16,330
11716,15,285
11716,15,82
11717,11,283
11717,11,210
11717,11,58
11717,11,82
11718,20,35
11718,20,17
11718,20,222
11719,12,303
11719,12,95
11720,13,106
11721,15,82
11722,11,4
11722,11,85
11723,13,58
11723,13,82
11723,13,792
11724,15,29
11724,15,321
11724,15,78
11725,15,175
11725,15,764
11726,16,244
11727,17,259
11727,17,78
11727,17,70
11728,18,95
11728,18,1086
11729,17,129
11729,17,450
11729,17,715
11730,19,493
11730,19,278
11730,19,544
11731,15,460
11731,15,152
11731,15,273
11731,15,837
11732,13,78
11733,18,115
11733,18,188
11734,18,6
11735,12,51
11736,10,115
11737,10,17
11737,10,21
11738,20,390
11738,20,33
11739,11,937
11740,20,192
11740,20,227
11741,11,15
11742,18,162
11742,18,78
11743,13,3
11743,13,268
11744,11,254
11744,11,806
11745,13,20
11745,13,95
11745,13,1269
11746,20,312
11747,13,34
11747,13,355
11747,13,31
11748,19,796
11748,19,285
11748,19,951
11748,19,82
11749,10,103
11750,15,260
11750,15,521
11751,19,2
11751,19,85
11752,14,289
11752,14,491
11753,14,312
11753,14,97
11754,12,80
11754,12,28
11755,11,71
11755,11,28
11756,12,257
11757,10,249
11757,10,186
11758,14,490
11758,14,255
11758,14,4
11759,12,35
11759,12,27
11759,12,141
11759,12,233
11760,13,20
11761,17,246
11761,17,203
11762,15,34
11762,15,176
11762,15,165
11763,11,8
11764,20,181
11765,19,98
11765,19,475
11766,15,29
11766,15,274
11767,15,442
11767,15,146
11767,15,96
11768,10,53
11769,12,242
11769,12,78
11769,12,346
11770,16,52
11771,16,20
11771,16,50
11772,10,172
11772,10,142
11773,10,260
11774,18,80
11775,10,405
11775,10,725
11775,10,897
11775,10,13
11776,18,221
11776,18,34
11777,19,78
11778,18,771
11778,18,247
11779,16,31
11780,17,51
11780,17,38
11781,19,175
11782,13,87
11782,13,4
11782,13,11
11783,17,771
11783,17,246
11784,12,9
11785,11,610
11786,12,550
11786,12,1260
11787,10,93
11788,10,33
11789,18,788
11789,18,186
11790,10,175
11790,10,768
11791,18,324
11792,17,201
11792,17,831
11792,17,50
11793,12,8
11793,12,744
11794,15,78
11794,15,70
11795,17,188
11796,15,460
11796,15,513
11797,18,106
11798,18,845
11799,11,38
11799,11,39
11800,17,80
11801,16,411
11801,16,213
11802,17,676
11802,17,293
11802,17,70
11803,13,623
11803,13,9
11804,10,1444
11804,10,1297
11804,10,65
11805,12,321
11805,12,135
11806,11,103
11806,11,164
11807,16,204
11808,10,47
11809,19,596
11810,12,40
11811,12,17
11811,12,15
11812,20,8
11812,20,527
11813,16,31
11814,19,6
11815,18,965
11816,19,82
11817,17,9
11818,11,40
11818,11,47
11819,15,593
11819,15,101
11820,11,37
11821,19,52
11821,19,597
11821,19,50
11822,14,109
11823,12,108
11823,12,29
11824,15,231
11825,15,130
11825,15,38
11826,10,9
11826,10,172
11827,20,221
11827,20,47
11828,16,9
11829,17,106
11829,17,114
11830,14,250
11830,14,249
11830,14,772
11830,14,252
11831,20,163
11831,20,376
11832,11,34
11832,11,31
11832,11,370
11833,16,17
11834,15,235
11834,15,85
11835,10,66
11836,10,144
11837,17,9
11838,16,696
11838,16,95
11839,15,162
11839,15,31
11839,15,78
11839,15,159
11839,15,82
11840,19,386
11841,14,17
11841,14,15
11841,14,116
11841,14,45
11842,14,47
11842,14,29
11842,14,48
11842,14,28
11843,20,79
11844,18,34
11844,18,31
11844,18,257
11845,14,941
11845,14,38
11845,14,39
11846,10,294
11846,10,246
11847,10,869
11848,19,74
11848,19,951
11848,19,82
11849,13,27
11850,19,463
11851,13,132
11851,13,51
11852,10,98
11852,10,127
11853,10,17
11853,10,61
11854,15,9
11855,20,17
11856,16,248
11857,10,45
11858,17,17
11859,12,34
11859,12,31
11860,16,410
11860,16,228
11860,16,71
11861,18,31
11862,15,31
11863,11,29
11863,11,204
11863,11,11
11863,11,101
11864,14,48
11864,14,28
11865,13,40
11865,13,20
11865,13,71
11866,16,23
11866,16,11
11867,15,29
11868,18,174
11868,18,50
11869,20,48
11869,20,28
11870,18,37
11870,18,50
11870,18,55
11871,18,308
11871,18,132
11872,17,29
11872,17,765
11872,17,1248
11873,17,34
11874,18,78
11874,18,4
11875,12,1
11875,12,270
11876,20,34
11876,20,49
11876,20,385
11876,20,398
11877,11,20
11877,11,47
11878,11,95
11878,11,138
11879,14,96
11880,15,121
11880,15,514
11881,17,313
11881,17,696
11881,17,353
11882,13,733
11882,13,20
11882,13,427
11882,13,45
11883,11,378
11883,11,293
11883,11,70
11884,19,845
11885,15,54
11886,17,106
11886,17,80
11887,15,30
11888,19,147
11889,14,100
11889,14,554
11890,15,108
11891,10,108
11891,10,100
11891,10,561
11892,10,51
11892,10,38
11892,10,55
11893,17,37
11893,17,50
11894,15,158
11895,16,438
11896,15,386
11896,15,31
11897,16,17
11898,16,175
11899,18,98
11899,18,204
11900,20,543
11900,20,114
11901,12,127
11901,12,31
11901,12,161
11901,12,82
11901,12,509
11902,20,893
11903,15,31
11904,10,29
11905,10,122
11906,20,940
11907,10,8
11907,10,324
11907,10,149
11908,15,145
11908,15,282
11909,18,386
11909,18,14
11910,15,35
11911,19,98
11911,19,301
11912,20,73
11912,20,20
11913,13,108
11914,19,589
11915,20,584
11915,20,17
11916,20,31
11916,20,734
11916,20,745
11917,13,493
11917,13,384
11918,11,28
11919,17,1061
11919,17,501
11919,17,8
11919,17,502
11920,12,595
11920,12,301
11920,12,246
11920,12,65
11921,14,404
11921,14,175
11922,17,44
11922,17,227
11923,15,1
11923,15,1083
11923,15,8
11924,19,17
11924,19,531
11925,19,81
11925,19,158
11925,19,82
11926,19,23
11926,19,101
11927,15,473
11928,20,26
11928,20,761
11928,20,101
11929,14,731
11929,14,837
11930,17,35
11930,17,27
11930,17,246
11931,14,11
11932,17,103
11932,17,80
11932,17,635
11933,17,17
11933,17,116
11934,13,51
11935,19,37
11936,14,283
11936,14,285
11937,11,100
11938,10,103
11939,14,787
11940,11,11
11941,19,185
11942,13,172
11943,20,11
11944,11,17
11945,20,239
11946,19,1113
11946,19,780
11946,19,558
11947,11,162
11947,11,1384
11947,11,376
11947,11,82
11948,19,9
11949,18,175
11950,15,95
11950,15,138
11951,15,283
11951,15,509
11952,13,175
11952,13,658
11953,15,9
11953,15,11
11954,20,134
11954,20,303
11955,11,1
11955,11,31
11956,16,40
11957,17,31
11958,10,196
11958,10,46
11959,17,100
11959,17,134
11960,20,152
11961,14,9
11961,14,31
11962,10,185
11962,10,33
11963,16,213
11964,10,289
11964,10,34
11964,10,32
11965,16,105
11966,10,175
11967,16,78
11968,16,957
11969,16,192
11969,16,32
11970,12,74
11970,12,285
11970,12,82
11971,20,158
11972,18,172
11972,18,142
11972,18,225
11973,18,234
11974,16,126
11974,16,127
11974,16,65
11975,18,105
11975,18,119
11975,18,681
11976,15,101
11977,19,126
11978,12,733
11978,12,811
11978,12,70
11979,15,34
11979,15,355
11979,15,31
11980,18,78
11980,18,101
11981,13,201
11982,17,210
11982,17,32
11983,10,159
11984,17,20
11984,17,353
11985,10,282
11985,10,82
11986,14,115
11987,12,649
11988,15,34
11988,15,102
11989,17,31
11990,14,53
11991,10,372
11991,10,115
11992,15,115
11993,11,96
11994,11,182
11994,11,61
11994,11,15
11995,11,175
11996,13,107
11996,13,78
11997,15,17
11997,15,27
11998,16,47
11999,12,8
12000,10,1000
12000,10,211
12000,10,8
12000,10,409
12000,10,59
12001,15,400
12001,15,472
12001,15,176
12002,10,31
12003,15,1078
12003,15,8
12003,15,330
12004,10,590
12004,10,27
12005,10,31
12005,10,353
12006,16,443
12007,10,126
12007,10,210
12007,10,70
12007,10,32
12008,12,100
12009,11,301
12010,20,905
12010,20,293
12010,20,70
12011,18,58
12012,11,512
12013,20,145
12013,20,31
12013,20,754
12014,16,50
12015,17,732
12015,17,217
12015,17,427
12015,17,82
12015,17,627
12016,14,34
12016,14,31
12017,17,527
12018,20,34
12018,20,176
12018,20,335
12019,17,359
12019,17,927
12020,15,298
12021,19,426
12021,19,7
12022,20,17
12023,14,1106
12023,14,337
12024,10,74
12024,10,951
12024,10,82
12025,14,17
12025,14,15
12026,10,82
12027,13,218
12027,13,220
12027,13,629
12028,12,293
12028,12,70
12028,12,270
12029,13,90
12029,13,497
12030,18,466
12030,18,82
12031,10,78
12032,15,340
12032,15,50
12032,15,51
12032,15,53
12033,19,296
12033,19,14
12034,17,239
12034,17,358
12035,20,308
12036,10,303
12036,10,643
12037,11,584
12037,11,1176
12038,19,33
12039,18,90
12039,18,31
12040,15,175
12040,15,918
12040,15,141
12041,19,185
12042,17,31
12042,17,32
12043,15,121
12043,15,11
12044,14,289
12044,14,31
12045,18,537
12046,13,150
12047,16,34
12047,16,121
12048,10,17
12048,10,4
12048,10,15
12049,11,185
12049,11,777
12050,16,119
12051,19,173
12051,19,175
12052,11,357
12053,17,100
12054,14,175
12054,14,918
12055,15,20
12055,15,28
12056,17,219
12056,17,302
12056,17,152
12056,17,150
12057,12,15
12058,15,47
12059,17,31
12060,13,730
12060,13,20
12060,13,95
12061,19,78
12062,14,917
12063,16,95
12064,15,34
12064,15,31
12064,15,123
12065,15,27
12065,15,28
12066,15,17
12067,20,856
12068,10,110
12069,15,305
12069,15,479
12069,15,31
12069,15,445
12070,20,696
12070,20,282
12071,11,294
12072,16,620
12072,16,45
12073,19,108
12073,19,33
12074,19,294
12074,19,101
12075,13,29
12075,13,4
12076,16,60
12077,14,252
12077,14,741
12078,11,1
12078,11,9
12079,12,22
12079,12,17
12080,11,82
12081,10,196
12081,10,46
12082,12,219
12082,12,514
12083,14,283
12084,15,594
12084,15,17
12084,15,119
12084,15,233
12085,10,239
12086,16,50
12086,16,28
12087,16,94
12087,16,390
12087,16,642
12088,13,90
12089,19,218
12090,15,27
12091,18,333
12091,18,148
12091,18,815
12092,15,129
12092,15,94
12093,19,490
12093,19,278
12093,19,774
12094,19,98
12094,19,771
12095,20,283
12096,17,282
12097,19,175
12098,10,100
12098,10,552
12098,10,525
12099,17,221
12099,17,48
12100,12,73
12101,10,384
12101,10,278
12101,10,385
12102,16,27
12103,15,98
12104,10,47
12105,10,17
12105,10,116
12105,10,45
12106,19,498
12107,14,20
12108,17,106
12108,17,37
12108,17,132
12109,17,269
12109,17,152
12109,17,150
12110,18,224
12110,18,306
12110,18,132
12111,12,411
12111,12,517
12111,12,213
12112,11,321
12112,11,158
12113,15,20
12114,11,29
12114,11,101
12115,11,621
12115,11,152
12115,11,150
12116,18,19
12116,18,28
12117,20,145
12117,20,843
12117,20,260
12118,20,1003
12118,20,799
12119,20,116
12119,20,246
12120,14,17
12121,18,228
12121,18,102
12122,12,101
12123,16,285
12123,16,411
12123,16,46
12123,16,957
12124,19,139
12125,13,195
12126,18,48
12127,16,294
12128,10,100
12129,16,282
12130,11,448
12131,18,108
12131,18,562
12131,18,171
12132,10,37
12133,19,106
12133,19,47
12134,17,68
12134,17,6
12134,17,80
12134,17,4
12135,16,94
12135,16,97
12135,16,429
12136,10,283
12137,11,172
12138,15,246
12138,15,32
12139,20,426
12139,20,477
12139,20,29
12140,10,175
12141,20,115
12142,11,121
12142,11,59
12143,18,119
12144,16,8
12145,18,506
12146,17,55
12146,17,33
12147,12,584
12147,12,768
12148,14,336
12148,14,128
12149,17,110
12149,17,950
12150,14,244
12151,11,360
12151,11,549
12152,13,70
12153,20,901
12153,20,293
12153,20,70
12154,19,210
12154,19,437
12155,14,476
12155,14,97
12156,11,155
12156,11,1125
12157,11,584
12157,11,667
12157,11,33
12158,19,1
12159,19,47
12160,17,73
12160,17,20
12160,17,569
12161,15,29
12161,15,4
12162,19,164
12162,19,188
12163,12,98
12163,12,38
12164,13,106
12165,11,1092
12165,11,282
12166,11,55
12167,12,23
12167,12,37
12168,15,460
12168,15,31
12168,15,513
12169,15,287
12170,11,121
12170,11,585
12171,16,207
12172,14,47
12173,16,31
12173,16,71
12174,13,78
12174,13,4
12175,20,90
12176,19,163
12176,19,58
12176,19,376
12177,10,120
12178,17,110
12178,17,1100
12178,17,43
12179,15,788
12179,15,27
12180,20,73
12180,20,147
12181,18,458
12181,18,29
12181,18,10
12181,18,78
12182,11,182
12182,11,15
12183,19,147
12184,17,47
12185,11,278
12185,11,884
12185,11,529
12186,13,29
12186,13,213
12187,19,681
12188,11,34
12188,11,618
12189,14,51
12190,15,65
12191,19,31
12192,13,186
12192,13,31
12193,18,883
12193,18,517
12193,18,70
12193,18,469
12194,19,34
12195,20,31
12196,17,407
12197,13,313
12197,13,696
12198,14,23
12199,14,82
12199,14,320
12200,10,4
12200,10,114
12201,19,576
12202,18,314
12203,14,150
12203,14,28
12204,14,90
12204,14,95
12204,14,70
12204,14,272
12205,20,106
12205,20,80
12205,20,2
12206,10,82
12207,13,106
12207,13,80
12207,13,47
12208,17,162
12208,17,288
12208,17,78
12209,10,574
12210,18,108
12210,18,100
12210,18,554
12211,15,522
12212,18,48
12212,18,39
12213,16,158
12214,15,95
12214,15,138
12215,19,37
12216,11,80
12216,11,82
12217,14,45
12218,19,473
12218,19,33
12219,18,1005
12220,11,34
12220,11,99
12220,11,186
12220,11,31
12220,11,177
12221,18,94
12221,18,642
12222,17,40
12222,17,29
12222,17,23
12223,14,98
12223,14,204
12223,14,48
12224,12,120
12224,12,437
12224,12,8
12224,12,64
12224,12,59
12225,18,196
12225,18,574
12226,11,218
12227,18,596
12227,18,52
12227,18,50
12228,17,289
12228,17,345
12228,17,148
12228,17,31
12229,18,9
12229,18,211
12230,10,20
12230,10,31
12230,10,82
12231,15,428
12231,15,4
12231,15,11
12231,15,114
12232,16,9
12232,16,171
12233,16,439
12234,17,106
12234,17,114
12235,18,733
12235,18,896
12236,15,355
12236,15,177
12237,13,175
12238,12,175
12239,20,859
12239,20,278
12239,20,279
12240,17,312
12240,17,443
12241,12,172
12241,12,175
12241,12,252
12242,11,255
12242,11,17
12243,15,34
12243,15,419
12243,15,78
12244,20,108
12244,20,22
12245,12,632
12246,16,31
12247,10,162
12248,17,4
12249,12,31
12250,16,625
12250,16,278
12251,20,375
12251,20,185
12251,20,777
12252,18,87
12252,18,11
12253,11,148
12253,11,257
12254,14,487
12254,14,8
12254,14,114
12254,14,742
12255,13,31
12256,13,34
12256,13,160
12256,13,376
12257,15,17
12257,15,15
12258,20,162
12258,20,733
12259,20,232
12260,16,844
12260,16,175
12261,16,108
12261,16,100
12261,16,525
12262,13,134
12262,13,95
12262,13,705
12263,20,828
12263,20,294
12264,16,32
12265,13,9
12266,17,491
12267,17,358
12267,17,75
12267,17,55
12268,17,41
12268,17,95
12268,17,138
12269,13,681
12270,15,593
12270,15,29
12270,15,71
12271,19,82
12271,19,509
12272,13,29
12272,13,101
12273,16,98
12273,16,375
12273,16,31
12274,15,213
12275,15,103
12275,15,248
12276,20,34
12277,16,108
12278,20,404
12278,20,175
12278,20,17
12279,13,88
12279,13,7
12280,14,100
12280,14,321
12280,14,135
12281,13,160
12281,13,102
12282,17,190
12283,16,733
12283,16,896
12283,16,45
12283,16,377
12284,18,108
12285,13,29
12286,15,192
12286,15,38
12287,10,31
12287,10,1209
12287,10,38
12287,10,1245
12288,20,269
12289,15,132
12290,17,108
12290,17,90
12290,17,169
12290,17,157
12291,11,493
12291,11,278
12291,11,117
12292,14,130
12292,14,468
12293,11,583
12293,11,51
12294,12,34
12294,12,355
12295,15,4
12295,15,7
12295,15,152
12296,12,9
12297,13,900
12297,13,96
12298,12,82
12299,10,99
12300,18,126
12300,18,105
12301,18,324
12302,16,115
12302,16,188
12303,17,820
12303,17,31
12303,17,27
12303,17,111
12303,17,480
12304,17,31
12304,17,349
12304,17,70
12305,15,293
12305,15,70
12306,16,493
12307,19,17
12307,19,116
12307,19,45
12308,15,9
12309,17,9
12310,14,45
12310,14,377
12311,14,31
12311,14,177
12312,10,108
12312,10,90
12313,20,6
12313,20,78
12313,20,302
12314,13,34
12314,13,31
12314,13,32
12315,10,47
12316,11,210
12317,15,210
12317,15,386
12318,19,132
12319,20,53
12320,13,95
12321,17,80
12322,19,172
12323,19,235
12323,19,513
12323,19,114
12324,15,115
12325,14,321
12326,15,1122
12326,15,863
12326,15,185
12326,15,460
12326,15,513
12327,16,232
12328,11,163
12328,11,696
12328,11,82
12329,18,43
12330,17,215
12331,17,1321
12331,17,771
12331,17,301
12331,17,535
12332,18,70
12333,19,108
12334,15,589
12334,15,95
12334,15,452
12334,15,554
12335,10,39
12336,18,10
12337,18,38
12338,19,98
12339,19,45
12340,15,487
12340,15,9
12341,17,404
12341,17,126
12342,12,412
12343,18,80
12344,15,29
12345,11,129
12346,10,214
12346,10,246
12347,17,661
12347,17,17
12348,19,108
12349,18,10
12349,18,85
12350,17,429
12351,17,901
12351,17,616
12351,17,31
12352,16,845
12353,11,75
12353,11,268
12353,11,965
12354,20,108
12354,20,321
12354,20,158
12355,19,248
12355,19,48
12356,18,38
12356,18,39
12357,15,50
12358,13,1
12358,13,85
12359,17,78
12359,17,8
12359,17,784
12359,17,514
12360,18,100
12360,18,552
12361,13,108
12361,13,321
12362,20,71
12363,19,289
12363,19,31
12364,18,1283
12364,18,85
12365,18,345
12365,18,210
12366,19,472
12366,19,31
12366,19,349
12367,16,119
12368,18,63
12368,18,17
12369,11,352
12369,11,70
12370,15,285
12370,15,159
12371,15,282
12371,15,80
12371,15,71
12372,17,35
12373,14,6
12373,14,75
12373,14,4
12373,14,7
12374,12,248
12375,20,246
12376,16,204
12377,12,107
12378,20,31
12379,19,17
12379,19,116
12380,15,201
12381,19,429
12382,16,374
12382,16,149
12383,11,152
12384,17,114
12385,12,375
12386,17,17
12386,17,216
12387,15,857
12387,15,46
12388,14,34
12388,14,96
12388,14,177
12389,19,121
12389,19,454
12390,16,164
12391,14,845
12392,16,54
12392,16,127
12392,16,143
12393,10,771
12393,10,517
12394,15,192
12394,15,779
12395,13,66
12395,13,53
12396,12,1286
12396,12,97
12397,19,106
12397,19,114
12398,15,256
12399,13,108
12399,13,90
12400,18,546
12401,17,139
12401,17,113
12401,17,20
12402,14,419
12402,14,237
12402,14,376
12402,14,982
12403,19,1027
12404,20,34
12404,20,31
12404,20,176
12405,18,31
12405,18,257
12406,16,941
12406,16,1529
12406,16,313
12406,16,762
12407,19,185
12407,19,33
12408,10,9
12408,10,80
12409,16,31
12410,14,121
12411,10,93
12412,19,493
12412,19,116
12412,19,246
12413,18,31
12413,18,123
12414,16,82
12415,14,9
12415,14,29
12415,14,188
12416,19,522
12416,19,158
12416,19,4
12417,18,9
12417,18,96
12418,15,78
12418,15,93
12418,15,334
12419,12,484
12419,12,51
12419,12,234
12420,15,47
12421,20,298
12421,20,29
12422,10,45
12423,11,5
12423,11,624
12423,11,116
12423,11,12
12424,12,111
12424,12,39
12425,12,70
12425,12,884
12425,12,71
12426,19,256
12427,18,268
12427,18,187
12428,16,529
12429,17,87
12429,17,78
12430,11,289
12430,11,31
12430,11,32
12431,18,48
12431,18,111
12431,18,193
12432,16,106
12433,12,175
12433,12,119
12434,20,1530
12434,20,278
12435,13,112
12436,18,108
12436,18,34
12436,18,171
12437,12,74
12437,12,80
12438,16,175
12439,10,70
12439,10,1054
12439,10,238
12440,18,152
12441,10,29
12441,10,101
12442,19,9
12443,12,106
12443,12,34
12444,18,53
12444,18,560
12445,16,375
12445,16,126
12445,16,127
12446,18,192
12446,18,227
12447,19,17
12448,17,38
12449,13,108
12450,20,1078
12450,20,17
12450,20,15
12451,13,34
12451,13,678
12451,13,257
12451,13,376
12452,11,50
12453,11,165
12454,18,4
12454,18,114
12454,18,190
12455,19,220
12455,19,514
12456,20,189
12456,20,126
12456,20,82
12457,19,244
12457,19,70
12458,20,87
12458,20,4
12459,15,108
12459,15,164
12459,15,157
12460,18,108
12461,15,75
12461,15,101
12462,12,31
12463,15,1
12463,15,9
12463,15,1449
12464,18,100
12464,18,135
12465,10,34
12465,10,355
12465,10,31
12465,10,349
12466,18,412
12467,15,165
12467,15,152
12468,19,29
12468,19,80
12468,19,71
12469,15,76
12469,15,65
12469,15,749
12470,11,950
12471,20,67
12471,20,70
12471,20,272
12472,18,82
12472,18,519
12473,18,967
12473,18,1072
12474,20,367
12475,13,269
12475,13,152
12475,13,150
12476,14,35
12477,12,1065
12478,10,17
12479,14,202
12479,14,9
12479,14,172
12479,14,821
12480,19,72
12480,19,101
12481,13,355
12481,13,491
12481,13,973
12482,11,376
12482,11,258
12483,20,53
12484,17,4
12484,17,11
12485,18,34
12485,18,31
12486,20,100
12486,20,155
12486,20,135
12486,20,260
12487,12,282
12487,12,1370
12488,17,6
12489,19,1
12489,19,9
12489,19,126
12489,19,268
12490,16,29
12490,16,23
12491,14,152
12491,14,147
12492,18,90
12493,17,152
12493,17,150
12494,12,390
12494,12,33
12495,16,97
12496,15,298
12496,15,584
12496,15,1176
12497,11,376
12497,11,82
12498,20,108
12499,19,257
12499,19,82
12500,15,78
12500,15,70
12501,15,34
12501,15,210
12501,15,58
12501,15,102
12502,20,47
12503,12,34
12504,14,235
12504,14,285
12504,14,82
12505,14,126
12505,14,96
12506,18,277
12506,18,82
12507,14,31
12507,14,123
12508,13,106
12508,13,186
12509,11,31
12509,11,32
12510,20,97
12511,10,257
12511,10,82
12511,10,213
12512,12,98
12512,12,94
12512,12,615
12512,12,389
12513,19,34
12513,19,31
12514,14,6
12514,14,78
12514,14,4
12514,14,212
12515,18,909
12516,11,210
12516,11,714
12516,11,48
12517,19,221
12517,19,103
12518,15,29
12518,15,76
12519,15,40
12520,14,106
12521,16,110
12521,16,760
12521,16,257
12521,16,32
12522,11,20
12522,11,256
12523,16,99
12523,16,126
12523,16,633
12524,20,12
12525,11,149
12525,11,150
12525,11,514
12526,18,774
12526,18,116
12527,10,1400
12527,10,123
12528,19,397
12528,19,29
12528,19,157
12528,19,628
12529,13,34
12529,13,16
12530,14,31
12530,14,44
12531,17,103
12531,17,93
12532,13,1019
12532,13,139
12532,13,340
12532,13,113
12532,13,38
12533,18,479
12533,18,31
12533,18,734
12533,18,32
12534,11,103
12535,10,50
12535,10,365
12536,10,175
12537,17,162
12537,17,78
12538,15,278
12538,15,64
12539,16,27
12540,10,34
12540,10,31
12540,10,102
12541,15,34
12541,15,31
12542,17,162
12542,17,101
12543,11,1114
12544,15,115
12545,11,47
12545,11,112
12545,11,681
12546,10,82
12547,10,303
12547,10,95
12548,11,47
12549,10,22
12549,10,73
12549,10,571
12550,20,29
12550,20,76
12551,17,492
12551,17,499
12552,12,456
12552,12,95
12552,12,43
12553,13,126
12553,13,470
12554,16,9
12554,16,8
12555,10,367
12555,10,141
12556,16,108
12557,10,4
12558,15,139
12558,15,20
12558,15,47
12559,15,1500
12559,15,182
12559,15,328
12559,15,324
12559,15,116
12560,18,100
12560,18,825
12560,18,505
12561,17,20
12561,17,31
12561,17,123
12562,19,129
12562,19,17
12563,16,47
12563,16,105
12564,16,202
12564,16,744
12565,17,98
12566,11,9
12567,18,278
12567,18,116
12568,13,126
12568,13,53
12569,17,113
12569,17,38
12570,15,34
12570,15,349
12571,16,129
12571,16,175
12572,19,22
12573,16,31
12574,11,26
12574,11,27
12574,11,28
12575,15,10
12576,18,490
12576,18,278
12576,18,492
12576,18,96
12577,10,589
12577,10,114
12578,10,98
12579,20,224
12580,19,17
12581,15,362
12581,15,108
12581,15,1251
12581,15,157
12582,10,476
12582,10,865
12582,10,38
12582,10,97
12582,10,435
12583,17,106
12583,17,996
12583,17,225
12584,19,17
12584,19,117
12585,16,29
12585,16,115
12586,16,31
12586,16,27
12586,16,193
12587,11,103
12587,11,358
12587,11,93
12588,12,103
12588,12,372
12588,12,10
12588,12,115
12589,14,40
12589,14,103
12589,14,4
12589,14,11
12590,16,31
12591,15,29
12591,15,23
12592,17,1
12592,17,73
12592,17,472
12592,17,31
12592,17,123
12593,15,65
12593,15,33
12594,16,29
12595,19,218
12596,17,108
12596,17,10
12597,20,27
12598,11,98
12598,11,96
12599,13,110
12599,13,113
12599,13,444
12599,13,38
12600,17,42
12600,17,246
12600,17,213
12600,17,28
12601,18,1
12601,18,70
12601,18,272
12602,10,87
12602,10,4
12602,10,11
12603,16,465
12603,16,863
12603,16,31
12604,12,6
12604,12,4
12605,17,48
12605,17,43
12606,11,1122
12606,11,29
12606,11,11
12607,14,110
12607,14,113
12607,14,760
12608,11,113
12608,11,38
12608,11,246
12609,15,669
12609,15,51
12609,15,53
12609,15,234
12609,15,644
12610,19,298
12610,19,126
12610,19,293
12610,19,70
12611,11,75
12611,11,4
12611,11,208
12612,17,103
12613,20,29
12614,19,881
12614,19,23
12615,15,18
12615,15,235
12615,15,184
12616,17,113
12616,17,132
12616,17,51
12617,18,121
12617,18,4
12617,18,11
12618,18,11
12618,18,47
12619,16,174
12619,16,39
12620,13,846
12620,13,558
12620,13,97
12620,13,532
12621,18,29
12621,18,93
12621,18,246
12622,18,100
12622,18,522
12623,17,29
12624,19,34
12624,19,31
12624,19,82
12625,16,945
12625,16,9
12625,16,746
12626,17,95
12626,17,43
12627,16,221
12627,16,113
12627,16,610
12627,16,38
12627,16,749
12628,20,11
12628,20,93
12628,20,47
12629,15,23
12629,15,11
12629,15,152
12629,15,150
12629,15,28
12630,20,106
12630,20,114
12631,10,4
12631,10,28
12632,18,17
12632,18,27
12632,18,15
12633,13,221
12633,13,129
12633,13,47
12634,16,721
12634,16,43
12635,20,1067
12635,20,175
12635,20,27
12636,20,29
12636,20,188
12637,12,29
12637,12,116
12637,12,152
12638,15,29
12638,15,1211
12639,16,31
12640,15,1
12640,15,29
12640,15,6
12640,15,4
12640,15,270
12641,17,66
12641,17,50
12641,17,365
12642,13,31
12642,13,356
12643,10,210
12643,10,58
12643,10,11
12643,10,47
12644,18,108
12645,11,106
12646,17,110
12646,17,362
12646,17,43
12647,14,103
12647,14,65
12648,14,4
12648,14,11
12649,11,9
12649,11,11
12650,14,94
12650,14,389
12651,12,255
12651,12,17
12651,12,222
12652,12,255
12652,12,183
12652,12,261
12653,20,20
12653,20,31
12654,19,259
12654,19,11
12655,16,29
12656,20,174
12656,20,27
12656,20,367
12656,20,141
12657,17,584
12657,17,70
12658,10,49
12658,10,38
12659,14,151
12659,14,618
12660,18,10
12660,18,8
12660,18,149
12661,14,97
12662,20,111
12662,20,39
12663,17,98
12663,17,174
12663,17,214
12664,15,10
12664,15,149
12665,16,31
12665,16,257
12666,10,31
12667,16,38
12667,16,39
12668,14,22
12668,14,23
12669,20,29
12669,20,164
12669,20,115
12670,15,39
12671,12,709
12671,12,95
12671,12,43
12672,17,17
12672,17,15
12672,17,116
12673,15,82
12674,14,49
12674,14,39
12674,14,393
12675,17,890
12675,17,33
12676,17,78
12677,16,734
12677,16,115
12677,16,149
12677,16,328
12678,16,185
12678,16,94
12678,16,390
12679,14,172
12679,14,774
12679,14,557
12680,16,51
12680,16,549
12681,20,50
12682,17,23
12682,17,47
12683,13,108
12684,12,103
12684,12,29
12684,12,158
12684,12,10
12684,12,82
12685,11,524
12685,11,38
12685,11,39
12686,15,23
12686,15,328
12686,15,149
12687,10,10
12687,10,149
12687,10,114
12688,10,29
12688,10,293
12688,10,10
12688,10,294
12689,17,119
12689,17,96
12690,16,108
12690,16,90
12690,16,115
12691,15,108
12692,18,156
12692,18,148
12692,18,610
12692,18,149
12693,15,31
12693,15,102
12694,17,174
12694,17,175
12694,17,27
12694,17,412
12695,10,9
12696,15,31
12697,11,17
12697,11,27
12698,16,239
12699,13,110
12699,13,38
12700,18,463
12700,18,152
12700,18,514
12701,16,182
12701,16,379
12701,16,17
12701,16,15
12701,16,45
12702,13,17
12702,13,183
12703,15,10
12704,16,22
12704,16,29
12705,18,29
12705,18,33
12706,16,139
12706,16,11
12707,16,112
12708,13,103
12708,13,80
12709,11,40
12709,11,17
12709,11,71
12710,17,50
12710,17,51
12711,15,45
12712,11,94
12712,11,115
12712,11,119
12712,11,642
12713,12,1327
12713,12,149
12713,12,141
12714,16,23
12714,16,114
12715,16,22
12715,16,410
12715,16,684
12715,16,71
12716,15,108
12716,15,90
12717,14,156
12717,14,148
12717,14,149
12718,18,1210
12718,18,23
12718,18,51
12719,10,22
12719,10,29
12719,10,717
12719,10,11
12720,16,114
12721,17,285
12721,17,80
12721,17,600
12721,17,482
12721,17,82
12722,12,1029
12722,12,1190
12722,12,68
12722,12,84
12722,12,71
12723,13,39
12724,13,80
12725,15,29
12725,15,148
12725,15,115
12725,15,114
12726,20,85
12726,20,125
12726,20,114
12726,20,569
12726,20,766
12727,19,175
12728,17,114
12729,15,31
12729,15,32
12730,11,17
12730,11,348
12730,11,45
12731,10,15
12732,10,164
12732,10,149
12733,18,11
12734,17,1
12734,17,93
12735,13,108
12735,13,100
12735,13,164
12736,16,110
12736,16,151
12736,16,38
12736,16,1043
12737,16,29
12737,16,546
12738,18,152
12738,18,150
12739,19,86
12739,19,106
12739,19,68
12739,19,186
12739,19,47
12740,14,487
12740,14,186
12741,20,149
12741,20,152
12741,20,514
12742,16,114
12743,20,11
12744,16,103
12744,16,98
12744,16,33
12745,19,306
12745,19,199
12745,19,132
12745,19,452
12746,15,199
12746,15,51
12747,13,119
12747,13,79
12748,13,23
12749,17,39
12750,15,235
12750,15,29
12751,19,20
12751,19,38
12752,12,9
12752,12,11
12753,17,34
12753,17,31
12754,14,33
12755,18,201
12755,18,29
12755,18,93
12756,12,35
12756,12,19
12757,18,437
12757,18,10
12757,18,4
12758,20,9
12758,20,8
12759,10,181
12759,10,4
12760,12,51
12760,12,53
12761,20,126
12761,20,174
12761,20,127
12762,19,10
12762,19,114
12763,15,23
12763,15,11
12763,15,1316
12764,16,979
12764,16,27
12764,16,44
12765,17,34
12765,17,31
12765,17,257
12766,11,17
12766,11,45
12767,16,108
12767,16,90
12767,16,164
12768,10,155
12768,10,29
12769,14,49
12769,14,39
12769,14,393
12770,20,80
12770,20,246
12771,10,174
12772,10,31
12772,10,38
12773,19,337
12773,19,50
12774,18,108
12774,18,90
12774,18,171
12775,17,20
12776,16,29
12776,16,4
12776,16,101
12777,11,186
12777,11,20
12777,11,23
12777,11,96
12778,20,107
12778,20,210
12779,17,437
12779,17,17
12779,17,620
12779,17,15
12779,17,116
12780,14,103
12780,14,38
12780,14,39
12781,19,174
12781,19,35
12781,19,127
12782,20,545
12782,20,996
12782,20,912
12782,20,114
12783,13,50
12784,17,17
12784,17,15
12784,17,116
12785,15,1040
12785,15,20
12785,15,115
12785,15,15
12785,15,70
12786,17,589
12786,17,51
12787,15,51
12787,15,53
12788,20,27
12788,20,179
12789,18,534
12789,18,17
12790,17,1
12791,10,31
12792,12,11
12792,12,105
12793,15,31
12793,15,158
12793,15,160
12793,15,366
12793,15,346
12794,13,865
12794,13,38
12794,13,97
12795,19,108
12796,17,29
12796,17,23
12796,17,101
12797,15,175
12797,15,27
12798,19,11
12798,19,101
12799,19,17
12799,19,15
12799,19,11
12800,13,17
12800,13,27
12801,20,174
12802,18,31
12803,12,124
12803,12,114
12804,17,39
12805,11,34
12805,11,31
12806,20,27
12806,20,684
12807,16,17
12807,16,45
12808,17,443
12808,17,97
12809,13,11
12809,13,101
12810,18,522
12810,18,158
12810,18,260
12811,16,29
12811,16,23
12812,18,78
12813,16,400
12813,16,31
12813,16,82
12814,15,29
12814,15,114
12814,15,101
12814,15,65
12815,19,27
12816,12,31
12816,12,257
12817,18,192
12817,18,38
12817,18,227
12818,18,174
12818,18,35
12819,15,98
12820,13,103
12820,13,358
12820,13,4
12820,13,38
12821,15,51
12821,15,38
12822,16,113
12822,16,38
12822,16,43
12823,11,174
12824,18,23
12824,18,17
12825,20,103
12825,20,386
12825,20,164
12825,20,11
12825,20,93
12826,17,31
12827,19,11
12827,19,101
12828,18,174
12828,18,33
12829,13,936
12829,13,281
12829,13,82
12830,13,126
12830,13,175
12830,13,883
12831,12,106
12832,20,49
12832,20,95
12832,20,199
12832,20,51
12832,20,39
12833,15,31
12834,16,17
12834,16,15
12835,15,126
12835,15,175
12835,15,127
12835,15,246
12836,16,31
12837,16,387
12837,16,4
12837,16,11
12838,12,103
12838,12,513
12838,12,658
12839,20,80
12839,20,11
12839,20,101
12840,20,11
12840,20,70
12841,10,108
12841,10,185
12841,10,297
12841,10,1264
12842,15,269
12842,15,218
12842,15,31
12842,15,438
12843,16,397
12843,16,10
12844,20,116
12844,20,33
12845,19,22
12845,19,29
12845,19,115
12846,18,149
12846,18,50
12846,18,469
12847,16,9
12848,17,718
12848,17,80
12849,20,524
12849,20,38
12849,20,39
12849,20,97
12850,17,175
12850,17,541
12851,16,66
12851,16,174
12852,10,158
12852,10,765
12852,10,135
12852,10,260
12853,10,397
12853,10,23
12853,10,114
12854,18,6
12854,18,4
12855,18,11
12855,18,70
12856,14,31
12857,19,113
12857,19,721
12857,19,38
12857,19,43
12858,16,162
12858,16,80
12858,16,11
12859,10,108
12859,10,90
12859,10,11
12860,16,245
12860,16,23
12860,16,27
12861,17,80
12862,20,10
12863,11,283
12863,11,534
12863,11,58
12863,11,82
12864,14,255
12864,14,17
12864,14,70
12865,15,108
12866,15,39
12867,20,124
12867,20,114
12868,19,396
12868,19,114
12869,19,34
12869,19,31
12869,19,123
12870,10,1288
12870,10,51
12870,10,38
12871,15,289
12871,15,31
12872,16,108
12872,16,11
12873,16,221
12873,16,9
12873,16,8
12873,16,11
12874,16,1098
12874,16,463
12874,16,10
12874,16,152
12875,17,29
12875,17,115
12876,19,29
12876,19,149
12877,10,27
12877,10,367
12878,12,1
12878,12,268
12878,12,70
12879,17,11
12880,10,108
12880,10,171
12880,10,260
12880,10,505
12881,15,314
12881,15,33
12882,20,31
12883,11,265
12883,11,17
12883,11,27
12884,16,463
12884,16,328
12885,19,4
12885,19,11
12886,11,293
12886,11,70
12886,11,71
12887,17,174
12887,17,179
12888,19,121
12888,19,29
12888,19,31
12888,19,149
12888,19,32
12889,17,10
12890,17,568
12890,17,114
12891,11,29
12891,11,220
12891,11,256
12891,11,149
12892,11,17
12893,19,29
12893,19,390
12894,12,11
12895,12,78
12896,12,47
12896,12,71
12897,10,9
12897,10,29
12897,10,31
12897,10,149
12898,15,11
12899,11,155
12899,11,562
12899,11,171
12899,11,10
12900,11,17
12901,18,108
12902,19,73
12902,19,1386
12902,19,11
12902,19,93
12903,18,110
12903,18,38
12903,18,43
12904,10,17
12904,10,116
12905,17,33
12906,15,132
12906,15,38
12907,18,108
12908,16,80
12909,19,23
12909,19,47
12910,16,175
12910,16,31
12911,19,110
12911,19,664
12911,19,31
12911,19,300
12911,19,39
12912,15,71
12913,11,106
12913,11,73
12913,11,20
12913,11,635
12914,15,86
12914,15,80
12914,15,4
12915,10,115
12915,10,553
12916,16,148
12916,16,149
12916,16,152
12916,16,150
12917,15,174
12917,15,27
12918,13,175
12918,13,1052
12919,15,103
12919,15,246
12919,15,65
12919,15,33
12920,19,31
12920,19,111
12920,19,38
12920,19,43
12921,13,255
12921,13,17
12922,18,29
12923,20,255
12923,20,17
12923,20,261
12923,20,45
12924,20,134
12924,20,146
12924,20,260
12925,16,31
12926,18,72
12926,18,37
12926,18,50
12927,19,38
12927,19,39
12928,15,22
12928,15,11
12929,15,93
12930,18,397
12930,18,149
12931,13,49
12931,13,382
12931,13,1065
12932,18,37
12932,18,50
12933,19,153
12933,19,374
12933,19,149
12934,20,921
12934,20,204
12934,20,246
12935,20,114
12936,16,23
12936,16,510
12936,16,28
12937,15,130
12937,15,43
12938,17,80
12939,10,253
12939,10,17
12939,10,183
12940,19,321
12940,19,158
12941,17,71
12942,18,114
12943,11,432
12943,11,374
12943,11,328
12943,11,149
12944,10,232
12945,19,92
12945,19,11
12946,18,108
12946,18,134
12946,18,1021
12947,18,98
12947,18,737
12948,16,220
12948,16,621
12948,16,152
12949,15,108
12950,18,1151
12950,18,95
12950,18,96
12951,14,17
12952,11,108
12952,11,90
12953,20,9
12953,20,29
12954,19,17
12954,19,116
12955,16,31
12956,14,6
12956,14,4
12957,15,116
12958,17,38
12959,10,31
12960,17,29
12960,17,109
12960,17,10
12960,17,115
12961,16,17
12962,15,103
12963,16,29
12963,16,11
12963,16,93
12964,12,9
12964,12,11
12965,20,22
12965,20,23
12966,20,9
12966,20,246
12967,13,17
12967,13,183
12968,16,78
12968,16,4
12969,20,113
12969,20,130
12969,20,760
12969,20,38
12970,13,31
12971,14,23
12971,14,101
12972,14,9
12972,14,59
12972,14,96
12972,14,1049
12973,19,11
12973,19,114
12973,19,125
12973,19,147
12974,19,228
12974,19,31
12975,19,100
12975,19,228
12975,19,448
12975,19,119
12976,20,10
12977,19,1
12977,19,400
12977,19,34
12977,19,472
12978,18,282
12978,18,82
12979,19,106
12979,19,228
12979,19,4
12979,19,114
12980,20,235
12980,20,4
12980,20,11
12981,15,103
12981,15,31
12982,19,50
12982,19,51
12983,17,239
12983,17,395
12984,16,4
12984,16,11
12985,16,17
12986,12,11
12986,12,101
12987,14,114
12987,14,206
12988,10,832
12988,10,484
12988,10,234
12989,17,463
12989,17,220
12989,17,149
12989,17,152
12990,19,31
12991,20,9
12991,20,161
12991,20,150
12992,13,810
12992,13,278
12992,13,544
12993,18,34
12993,18,31
12994,15,149
12995,17,71
12996,18,40
12996,18,17
12996,18,11
12997,12,572
12997,12,51
12998,16,108
12999,15,185
13000,18,34
13000,18,31
13000,18,123
13001,15,493
13001,15,15
13001,15,96
13002,15,282
13002,15,82
13003,15,11
13004,15,103
13004,15,244
13005,20,29
13005,20,650
13005,20,115
13006,15,11
13007,16,49
13007,16,38
13007,16,39
13008,15,6
13008,15,236
13008,15,4
13009,18,62
13009,18,98
13009,18,127
13009,18,1108
13010,14,29
13010,14,115
13011,20,39
13012,20,29
13012,20,78
13013,18,27
13014,18,29
13015,19,29
13016,19,29
13016,19,119
13017,17,113
13017,17,38
13017,17,560
13018,18,29
13018,18,101
13019,13,257
13019,13,93
13020,20,17
13021,15,31
13021,15,65
13022,18,23
13022,18,122
13022,18,141
13023,15,29
13023,15,116
13024,15,66
13024,15,126
13024,15,174
13024,15,483
13025,18,108
13025,18,29
13025,18,360
13026,10,253
13026,10,17
13026,10,15
13026,10,45
13027,10,29
13027,10,23
13028,10,126
13028,10,27
13029,13,38
13029,13,39
13030,14,27
13031,14,149
13032,15,9
13032,15,29
13032,15,8
13033,16,51
13033,16,886
13034,20,130
13034,20,132
13034,20,38
13035,11,6
13035,11,23
13035,11,4
13035,11,85
13035,11,11
13036,20,31
13036,20,32
13037,16,256
13037,16,183
13037,16,152
13038,16,29
13038,16,246
13039,17,38
13039,17,65
13040,20,34
13040,20,465
13040,20,355
13040,20,423
13040,20,102
13041,11,11
13042,14,174
13042,14,17
13042,14,27
13043,17,169
13043,17,439
13043,17,23
13043,17,328
13044,12,423
13044,12,192
13044,12,132
13044,12,38
13044,12,227
13045,18,103
13045,18,11
13045,18,47
13046,17,95
13046,17,96
13046,17,203
13047,20,29
13047,20,11
13048,16,289
13048,16,31
13049,17,17
13050,11,31
13050,11,160
13050,11,38
13050,11,193
13051,20,484
13051,20,23
13052,19,29
13052,19,228
13052,19,85
13053,20,29
13053,20,321
13053,20,146
13053,20,158
13053,20,135
13054,20,221
13054,20,8
13055,15,4
13055,15,11
13056,10,34
13056,10,32
13057,18,4
13058,20,29
13058,20,10
13059,16,6
13059,16,4
13060,11,148
13060,11,115
13060,11,149
13060,11,70
13061,12,174
13062,10,67
13062,10,103
13062,10,29
13062,10,101
13063,16,224
13063,16,49
13063,16,192
13063,16,39
13064,17,4
13064,17,11
13064,17,114
13065,17,207
13065,17,246
13065,17,33
13066,16,78
13066,16,4
13066,16,11
13067,16,49
13067,16,39
13068,16,17
13068,16,27
13069,16,23
13069,16,17
13069,16,27
13069,16,46
13069,16,71
13070,19,29
13070,19,115
13071,20,100
13071,20,525
13071,20,1185
13071,20,1150
13072,16,175
13073,16,66
13073,16,50
13074,19,29
13075,17,27
13075,17,50
13076,18,50
13076,18,53
13076,18,246
13076,18,483
13077,18,4
13077,18,11
13078,11,87
13078,11,4
13078,11,11
13079,20,11
13080,15,23
13080,15,28
13081,19,27
13082,15,9
13082,15,11
13083,10,66
13083,10,50
13083,10,38
13084,15,114
13085,20,74
13085,20,80
13085,20,82
13085,20,71
13086,16,145
13086,16,922
13086,16,4
13086,16,39
13087,18,4
13087,18,11
13088,17,889
13088,17,17
13089,15,248
13089,15,429
13089,15,33
13090,12,151
13090,12,111
13091,18,113
13091,18,130
13091,18,38
13092,13,15
13093,15,34
13093,15,31
13094,18,312
13094,18,95
13094,18,138
13095,10,255
13095,10,182
13095,10,17
13096,18,534
13096,18,78
13096,18,212
13097,16,491
13097,16,883
13097,16,246
13097,16,70
13097,16,884
13098,11,34
13098,11,31
13099,10,158
13100,10,404
13100,10,698
13100,10,175
13100,10,27
13100,10,1209
13101,11,406
13101,11,17
13101,11,183
13101,11,45
13102,17,924
13102,17,403
13102,17,45
13102,17,377
13103,14,103
13103,14,29
13103,14,149
13104,19,597
13104,19,583
13104,19,50
13105,20,29
13106,12,23
13106,12,11
13107,17,29
13108,11,31
13108,11,93
13109,15,23
13109,15,50
13110,14,100
13111,20,115
13111,20,116
13112,11,439
13112,11,149
13113,17,328
13113,17,149
13114,14,119
13115,19,108
13115,19,90
13115,19,164
13116,14,158
13116,14,160
13117,18,174
13117,18,35
13118,20,124
13118,20,114
13118,20,190
13119,19,9
13120,16,103
13120,16,33
13121,11,81
13121,11,217
13121,11,115
13121,11,11
13121,11,82
13122,19,183
13122,19,116
13123,20,29
13123,20,11
13123,20,93
13124,13,17
13124,13,15
13125,16,98
13126,10,17
13126,10,142
13127,18,29
13128,11,29
13128,11,38
13128,11,33
13129,16,62
13129,16,98
13130,20,29
13131,10,49
13131,10,38
13131,10,39
13131,10,393
13132,17,17
13133,13,158
13134,15,15
13134,15,116
13134,15,216
13135,20,146
13135,20,158
13136,16,38
13137,18,34
13137,18,31
13137,18,65
13138,20,38
13139,11,23
13139,11,11
13139,11,101
13140,16,49
13140,16,393
13141,14,9
13141,14,2
13142,11,95
13142,11,96
13143,16,308
13143,16,51
13144,11,114
13145,19,23
13145,19,147
13146,11,807
13146,11,119
13146,11,246
13147,20,31
13147,20,300
13147,20,111
13147,20,38
13148,17,11
13148,17,93
13148,17,101
13148,17,246
13149,17,106
13149,17,101
13150,19,246
13150,19,65
13151,11,71
13152,18,22
13152,18,23
13152,18,11
13153,19,697
13153,19,17
13153,19,45
13153,19,143
13154,19,94
13155,12,103
13155,12,47
13156,11,17
13156,11,27
13156,11,180
13157,15,390
13157,15,33
13158,17,38
13159,18,82
13160,17,31
13161,15,23
13161,15,28
13162,19,34
13162,19,465
13162,19,31
13162,19,123
13163,20,29
13163,20,11
13164,15,146
13164,15,282
13164,15,78
13164,15,11
13165,16,312
13165,16,97
13166,15,50
13167,14,48
13167,14,11
13167,14,70
13167,14,119
13167,14,529
13168,15,34
13168,15,17
13168,15,61
13169,17,114
13170,15,220
13170,15,10
13170,15,152
13171,15,477
13171,15,29
13172,10,50
13173,18,31
13173,18,32
13174,13,11
13175,19,537
13175,19,119
13176,15,38
13176,15,39
13177,16,31
13178,12,362
13178,12,29
13178,12,7
13179,10,172
13179,10,29
13179,10,285
13179,10,376
13180,17,212
13180,17,11
13181,19,29
13181,19,17
13181,19,115
13181,19,116
13182,20,151
13182,20,830
13183,11,108
13184,20,175
13185,11,246
13185,11,33
13186,13,31
13186,13,32
13187,16,174
13187,16,27
13188,10,11
13189,15,162
13189,15,11
13190,11,17
13191,12,372
13191,12,29
13192,14,95
13192,14,765
13193,16,73
13193,16,358
13193,16,47
13194,19,29
13194,19,23
13195,19,29
13195,19,4
13196,20,900
13196,20,96
13197,15,514
13197,15,120
13197,15,149
13197,15,65
13197,15,433
13198,19,10
13198,19,115
13198,19,33
13199,19,108
13200,11,362
13200,11,31
13200,11,257
13200,11,32
13201,14,9
13202,16,23
13202,16,78
13202,16,11
13203,19,27
13204,15,287
13204,15,246
13205,17,106
13205,17,4
13205,17,114
13206,19,362
13206,19,493
13206,19,278
13207,19,98
13207,19,214
13208,10,324
13209,17,66
13209,17,52
13209,17,186
13209,17,53
13210,19,66
13210,19,31
13210,19,483
13211,12,362
13211,12,108
13212,10,29
13212,10,11
13212,10,65
13213,13,17
13214,15,10
13215,10,174
13215,10,39
13216,10,103
13216,10,248
13216,10,33
13217,14,26
13217,14,27
13217,14,51
13217,14,28
13218,16,17
13218,16,45
13219,20,73
13219,20,114
13219,20,742
13220,12,246
13220,12,101
13221,19,31
13221,19,395
13221,19,119
13222,10,351
13222,10,23
13223,16,108
13223,16,149
13224,17,174
13225,11,50
13225,11,38
13225,11,213
13226,11,289
13226,11,333
13226,11,34
13226,11,156
13226,11,31
13227,14,210
13227,14,80
13227,14,59
13228,11,11
13229,12,22
13229,12,397
13229,12,23
13230,11,362
13230,11,23
13230,11,11
13231,20,50
13231,20,38
13232,10,255
13232,10,733
13232,10,1001
13233,17,404
13233,17,175
13234,19,80
13235,10,27
13235,10,517
13236,11,1122
13236,11,29
13236,11,164
13236,11,10
13237,17,27
13237,17,685
13238,14,1196
13238,14,352
13239,10,1
13239,10,472
13239,10,31
13240,16,82
13240,16,114
13241,18,33
13241,18,148
13241,18,71
13242,16,116
13243,13,45
13244,18,100
13244,18,448
13245,19,108
13246,17,484
13246,17,51
13246,17,644
13247,20,108
13247,20,165
13248,10,17
13248,10,116
13249,10,296
13249,10,95
13249,10,43
13250,16,33
13251,12,108
13251,12,29
13251,12,31
13252,15,522
13252,15,158
13252,15,366
13252,15,4
13253,19,145
13253,19,114
13253,19,39
13253,19,82
13254,19,300
13254,19,111
13254,19,59
13255,11,967
13255,11,314
13255,11,132
13256,16,385
13256,16,17
13257,18,27
13257,18,179
13258,17,27
13258,17,96
13259,19,192
13259,19,38
13260,10,833
13260,10,31
13261,10,114
13261,10,190
13262,11,62
13262,11,119
13263,10,103
13263,10,11
13264,13,29
13264,13,324
13264,13,149
13265,18,174
13265,18,35
13265,18,27
13266,14,98
13266,14,204
13267,16,1
13267,16,594
13267,16,42
13267,16,10
13267,16,45
13268,15,115
13268,15,116
13268,15,96
13269,15,66
13269,15,52
13269,15,51
13270,12,1452
13270,12,9
13271,18,113
13271,18,688
13272,12,100
13272,12,525
13273,18,17
13274,20,15
13275,17,33
13276,11,10
13277,10,209
13277,10,101
13278,18,390
13278,18,33
13279,20,4
13279,20,11
13279,20,101
13280,15,33
13281,16,153
13281,16,439
13281,16,149
13282,12,361
13282,12,8
13282,12,149
13282,12,96
13282,12,464
13283,15,4
13283,15,183
13283,15,116
13284,19,78
13284,19,11
13285,19,395
13286,20,107
13286,20,101
13286,20,587
13287,12,148
13287,12,149
13288,17,29
13288,17,149
13289,16,409
13289,16,11
13289,16,93
13290,15,29
13291,19,47
13292,18,29
13292,18,115
13293,18,34
13294,11,4
13295,15,29
13295,15,23
13295,15,234
13295,15,114
13295,15,19
13296,19,22
13296,19,17
13296,19,116
13297,13,145
13297,13,462
13297,13,111
13297,13,39
13298,13,224
13298,13,192
13298,13,132
13298,13,38
13299,18,32
13299,18,149
13299,18,177
13300,20,108
13300,20,148
13300,20,328
13301,13,22
13301,13,169
13301,13,23
13302,19,231
13302,19,119
13302,19,213
13303,11,98
13303,11,363
13304,19,314
13305,20,29
13305,20,11
13305,20,51
13306,15,40
13306,15,47
13307,19,106
13307,19,572
13307,19,31
13307,19,38
13308,19,282
13308,19,17
13308,19,96
13309,19,174
13309,19,27
13310,15,15
13310,15,183
13311,16,174
13311,16,33
13312,19,17
13312,19,27
13313,19,49
13313,19,38
13313,19,39
13313,19,141
13314,16,116
13314,16,806
13314,16,377
13315,19,151
13315,19,31
13316,16,22
13316,16,397
13316,16,29
13317,19,300
13317,19,111
13317,19,38
13317,19,39
13318,19,29
13318,19,11
13319,18,108
13319,18,156
13319,18,328
13319,18,149
13320,10,29
13320,10,149
13321,16,152
13321,16,150
13322,16,278
13322,16,17
13322,16,116
13322,16,557
13323,11,80
13324,17,253
13324,17,17
13325,17,114
13326,19,90
13327,20,362
13327,20,108
13328,10,139
13328,10,20
13329,19,282
13329,19,58
13329,19,951
13329,19,82
13329,19,246
13330,19,799
13330,19,51
13330,19,119
13331,11,29
13331,11,672
13332,16,27
13333,18,27
13333,18,38
13333,18,141
13334,20,66
13334,20,52
13334,20,50
13334,20,51
13335,12,253
13335,12,17
13335,12,15
13336,15,23
13336,15,2
13336,15,114
13337,14,114
13338,12,103
13339,16,174
13339,16,27
13339,16,179
13340,16,17
13340,16,116
13340,16,529
13341,16,26
13341,16,27
13342,11,100
13342,11,956
13342,11,97
13343,10,27
13343,10,38
13344,20,108
13345,10,372
13345,10,29
13345,10,10
13345,10,11
13345,10,7
13346,17,114
13347,18,68
13347,18,262
13347,18,23
13348,20,38
13348,20,39
13349,18,11
13350,16,17
13350,16,116
13351,16,110
13351,16,38
13352,16,34
13352,16,31
13352,16,370
13353,20,662
13353,20,29
13353,20,440
13354,20,29
13354,20,164
13355,18,17
13356,14,31
13357,16,4
13357,16,11
13358,15,149
13358,15,294
13359,20,311
13359,20,1154
13359,20,113
13359,20,43
13360,16,372
13360,16,29
13360,16,4
13360,16,149
13360,16,152
13361,19,95
13361,19,598
13361,19,43
13362,10,568
13362,10,31
13362,10,114
13362,10,190
13363,16,175
13364,15,38
13364,15,39
13365,12,51
13366,20,622
13366,20,38
13366,20,39
13367,13,54
13367,13,17
13368,20,71
13368,20,31
13368,20,17
13368,20,116
13368,20,32
13369,10,255
13369,10,17
13370,16,115
13371,17,50
13371,17,51
13372,17,23
13373,17,49
13373,17,38
13373,17,39
13374,18,361
13374,18,149
13375,20,29
13375,20,150
13376,11,397
13376,11,1121
13376,11,116
13377,16,108
13378,11,22
13378,11,114
13379,16,95
13379,16,38
13380,17,302
13380,17,114
13381,13,322
13381,13,501
13381,13,8
13382,10,27
13383,20,358
13384,16,108
13384,16,90
13384,16,306
13384,16,10
13385,16,132
13386,17,114
13387,15,11
13387,15,70
13388,17,4
13388,17,11
13389,19,40
13389,19,29
13389,19,71
13390,19,23
13390,19,952
13390,19,309
13391,10,215
13391,10,1306
13392,15,490
13392,15,493
13392,15,278
13392,15,499
13393,19,23
13393,19,114
13393,19,569
13394,19,113
13394,19,130
13394,19,468
13395,17,10
13395,17,115
13396,17,112
13396,17,175
13396,17,122
13396,17,17
13397,16,27
13398,11,20
13398,11,132
13398,11,38
13398,11,114
13399,17,1
13399,17,29
13399,17,31
13400,20,6
13400,20,4
13401,11,49
13401,11,647
13401,11,38
13401,11,39
13402,16,733
13402,16,31
13402,16,45
13403,17,90
13403,17,373
13403,17,246
13404,18,34
13404,18,31
13404,18,714
13405,18,11
13406,19,106
13406,19,797
13406,19,114
13406,19,28
13407,15,928
13407,15,95
13407,15,38
13408,10,98
13408,10,301
13409,18,38
13409,18,39
13410,18,78
13410,18,4
13410,18,208
13411,12,9
13412,15,201
13412,15,174
13413,19,66
13413,19,50
13413,19,246
13414,16,146
13414,16,158
13415,15,17
13415,15,27
13416,10,34
13416,10,292
13416,10,183
13416,10,123
13416,10,45
13417,11,71
13418,10,38
13418,10,39
13419,17,303
13419,17,1183
13419,17,158
13419,17,135
13420,19,40
13421,16,29
13421,16,390
13421,16,264
13421,16,33
13422,11,113
13422,11,130
13422,11,43
13423,18,17
13424,11,180
13424,11,27
13425,17,73
13425,17,20
13426,15,31
13426,15,32
13427,20,113
13427,20,38
13428,12,26
13428,12,27
13428,12,51
13429,10,80
13430,17,23
13430,17,309
13431,17,278
13431,17,17
13432,11,265
13432,11,17
13433,17,1
13433,17,472
13433,17,29
13434,18,27
13435,19,174
13435,19,763
13436,15,31
13436,15,27
13436,15,38
13437,18,11
13437,18,70
13438,19,385
13438,19,17
13438,19,683
13439,14,106
13440,20,1162
13440,20,28
13440,20,51
13440,20,147
13441,10,293
13441,10,294
13441,10,369
13441,10,70
13441,10,370
13442,16,83
13443,20,31
13444,14,17
13444,14,115
13444,14,116
13445,20,31
13445,20,233
13446,19,127
13446,19,38
13446,19,96
13447,15,29
13448,13,23
13448,13,114
13448,13,101
13449,20,4
13449,20,468
13450,16,108
13451,11,175
13451,11,916
13452,17,10
13452,17,152
13453,19,31
13454,12,11
13455,18,362
13455,18,114
13455,18,246
13455,18,766
13456,19,34
13456,19,472
13456,19,361
13456,19,31
13457,18,456
13457,18,43
13458,15,34
13458,15,854
13458,15,855
13458,15,175
13458,15,31
13459,14,80
13459,14,46
13459,14,101
13460,20,29
13460,20,115
13460,20,188
13461,16,31
13462,12,156
13462,12,149
13462,12,430
13463,16,37
13463,16,65
13464,19,31
13465,14,17
13465,14,573
13466,13,121
13466,13,427
13466,13,11
13466,13,32
13467,18,20
13467,18,95
13467,18,203
13468,16,98
13468,16,500
13468,16,807
13468,16,94
13468,16,96
13469,11,39
13469,11,365
13470,15,87
13471,12,278
13471,12,17
13471,12,348
13472,11,38
13473,18,38
13474,11,11
13475,15,107
13475,15,78
13475,15,11
13475,15,93
13476,12,126
13476,12,175
13476,12,937
13477,15,31
13478,18,100
13478,18,158
13479,11,1500
13479,11,29
13479,11,148
13479,11,149
13479,11,352
13480,11,108
13481,19,396
13481,19,114
13482,12,11
13483,15,17
13483,15,261
13484,10,77
13484,10,71
13485,15,29
13485,15,93
13485,15,101
13486,12,6
13486,12,17
13486,12,4
13486,12,183
13487,12,17
13488,11,34
13488,11,660
13488,11,115
13488,11,116
13489,17,151
13490,19,511
13490,19,71
13490,19,28
13491,13,175
13491,13,65
13492,20,146
13492,20,321
13492,20,849
13493,11,221
13493,11,189
13493,11,381
13493,11,382
13493,11,31
13494,10,20
13494,10,80
13494,10,47
13495,20,119
13496,20,390
13496,20,33
13497,20,17
13497,20,45
13498,10,38
13498,10,39
13499,17,175
13499,17,27
13499,17,980
13500,10,49
13500,10,31
13500,10,38
13500,10,39
13501,12,82
13502,11,20
13502,11,38
13503,20,29
13503,20,23
13503,20,101
13503,20,150
13504,12,29
13504,12,31
13504,12,115
13504,12,261
13504,12,116
13505,13,114
13506,12,75
13506,12,11
13507,17,38
13507,17,39
13508,13,31
13508,13,78
13508,13,11
13508,13,93
13509,17,87
13509,17,4
13509,17,11
13510,14,52
13510,14,50
13511,18,114
13512,13,31
13513,10,23
13514,10,593
13514,10,29
13514,10,164
13514,10,628
13515,17,4
13515,17,93
13516,20,387
13516,20,78
13516,20,4
13517,16,103
13517,16,11
13518,16,90
13518,16,169
13519,18,112
13519,18,17
13519,18,96
13520,19,162
13520,19,159
13520,19,908
13520,19,82
13520,19,346
13521,12,29
13521,12,102
13522,19,2
13522,19,11
13523,12,66
13523,12,23
13524,16,31
13525,20,522
13525,20,158
13526,18,31
13527,20,78
13528,17,289
13528,17,164
13528,17,31
13529,19,22
13529,19,116
13529,19,45
13530,18,22
13530,18,23
13530,18,2
13530,18,85
13530,18,11
13531,15,141
13532,17,31
13532,17,123
13533,17,152
13533,17,150
13534,16,8
13535,17,43
13535,17,227
13536,11,34
13536,11,174
13536,11,31
13536,11,28
13537,13,174
13538,17,31
13539,17,108
13539,17,439
13539,17,149
13540,13,17
13540,13,15
13540,13,183
13540,13,116
13541,18,390
13541,18,33
13542,20,83
13542,20,308
13543,18,80
13543,18,47
13544,11,321
13545,10,145
13545,10,151
13545,10,947
13546,11,78
13546,11,4
13546,11,208
13546,11,11
13547,14,29
13548,17,31
13548,17,618
13549,11,29
13549,11,149
13549,11,38
13550,15,33
13551,14,90
13551,14,29
13552,16,90
13552,16,22
13552,16,94
13552,16,642
13553,11,73
13553,11,186
13553,11,20
13554,16,29
13555,19,98
13555,19,174
13555,19,65
13556,16,29
13556,16,23
13557,12,29
13557,12,23
13557,12,101
13558,11,34
13558,11,31
13559,18,23
13559,18,51
13560,15,83
13560,15,50
13561,17,103
13561,17,2
13561,17,549
13562,18,11
13562,18,101
13563,12,174
13563,12,175
13563,12,541
13563,12,980
13564,10,103
13564,10,11
13565,16,108
13565,16,90
13565,16,29
13565,16,628
13566,16,116
13567,19,201
13567,19,29
13568,12,23
13568,12,10
13569,10,524
13569,10,38
13570,20,17
13570,20,15
13570,20,183
13571,15,40
13571,15,6
13571,15,4
13572,19,20
13572,19,342
13572,19,412
13573,17,39
13574,14,100
13575,13,78
13576,12,1
13576,12,17
13576,12,8
13576,12,279
13577,15,29
13577,15,10
13578,20,149
13579,11,27
13579,11,51
13580,16,31
13580,16,102
13580,16,116
13581,16,293
13581,16,294
13581,16,70
13582,12,289
13582,12,103
13582,12,29
13582,12,4
13583,18,113
13583,18,132
13583,18,38
13584,11,31
13584,11,51
13585,11,59
13585,11,82
13586,14,289
13586,14,90
13586,14,439
13586,14,149
13586,14,177
13587,13,126
13587,13,835
13588,17,34
13588,17,31
13588,17,366
13589,15,149
13590,19,31
13591,18,60
13591,18,263
13591,18,119
13591,18,46
13592,12,437
13592,12,17
13592,12,15
13592,12,806
13593,15,114
13594,16,31
13594,16,123
13595,20,103
13595,20,149
13595,20,11
13595,20,161
13596,11,239
13596,11,186
13596,11,95
13596,11,82
13597,14,877
13597,14,328
13597,14,149
13598,20,29
13598,20,374
13598,20,149
13599,20,1152
13599,20,38
13599,20,43
13600,20,73
13600,20,20
13600,20,47
13601,10,224
13601,10,38
13601,10,227
13602,18,158
13602,18,10
13602,18,78
13602,18,8
13602,18,82
13603,19,29
13604,16,52
13604,16,484
13604,16,51
13604,16,53
13605,20,155
13605,20,172
13605,20,1111
13605,20,912
13606,14,29
13606,14,23
13607,18,22
13607,18,29
13607,18,23
13607,18,10
13608,12,38
13609,16,106
13609,16,23
13609,16,80
13609,16,2
13609,16,453
13610,16,47
13610,16,71
13611,14,34
13612,10,90
13613,20,49
13613,20,111
13613,20,39
13614,11,103
13614,11,38
13614,11,246
13615,20,411
13615,20,246
13616,11,158
13616,11,427
13617,13,11
13618,12,124
13618,12,114
13618,12,190
13619,15,114
13619,15,190
13620,16,31
13621,18,108
13621,18,90
13622,15,110
13622,15,436
13622,15,38
13623,17,108
13623,17,90
13623,17,29
13624,11,126
13624,11,411
13624,11,923
13625,20,236
13625,20,4
13625,20,114
13625,20,190
13626,17,17
13626,17,183
13627,11,31
13627,11,27
13627,11,28
13628,20,113
13628,20,38
13629,15,17
13630,10,106
13630,10,73
13630,10,276
13630,10,20
13630,10,47
13631,18,11
13631,18,7
13632,10,175
13632,10,27
13633,11,83
13633,11,287
13634,16,463
13634,16,29
13634,16,437
13634,16,10
13634,16,961
13635,13,38
13636,10,103
13636,10,38
13636,10,33
13637,16,34
13638,12,6
13638,12,11
13639,15,29
13639,15,78
13639,15,4
13640,12,115
13641,16,854
13641,16,175
13641,16,918
13642,17,50
13643,15,601
13643,15,152
13643,15,232
13643,15,19
13644,20,29
13644,20,115
13645,14,4
13645,14,11
13646,17,31
13646,17,11
13646,17,114
13646,17,47
13647,15,47
13648,19,878
13648,19,1121
13648,19,115
13648,19,116
13649,17,476
13649,17,846
13649,17,865
13649,17,97
13650,14,426
13650,14,477
13650,14,29
13650,14,246
13651,14,31
13652,14,98
13652,14,363
13652,14,214
13652,14,301
13653,10,5
13653,10,182
13653,10,17
13653,10,15
13653,10,184
13654,18,11
13655,11,116
13655,11,529
13655,11,117
13656,10,110
13656,10,443
13656,10,237
13656,10,97
13657,17,175
13657,17,314
13657,17,65
13658,17,98
13658,17,99
13658,17,1379
13659,10,11
13659,10,93
13660,16,9
13660,16,8
13661,15,98
13661,15,214
13662,16,34
13662,16,31
13663,15,103
13663,15,228
13663,15,33
13664,19,596
13664,19,47
13665,16,182
13665,16,292
13665,16,17
13665,16,15
13666,16,182
13666,16,17
13666,16,15
13667,14,149
13667,14,433
13668,20,255
13668,20,17
13668,20,183
13669,20,33
13670,17,254
13670,17,292
13670,17,17
13670,17,45
13670,17,529
13671,11,11
13672,12,98
13672,12,247
13673,18,31
13674,15,146
13674,15,843
13674,15,324
13674,15,149
13674,15,96
13675,13,151
13675,13,111
13676,10,114
13676,10,246
13677,13,23
13677,13,33
13678,15,34
13678,15,31
13678,15,349
13678,15,352
13679,16,29
13679,16,10
13679,16,4
13679,16,78
13679,16,11
13680,15,1
13680,15,268
13680,15,256
13681,20,23
13681,20,232
13682,16,26
13682,16,367
13682,16,684
13683,11,31
13683,11,123
13684,12,441
13684,12,49
13684,12,31
13684,12,111
13684,12,39
13685,18,207
13685,18,38
13686,15,1390
13686,15,103
13686,15,29
13687,16,98
13687,16,500
13687,16,94
13688,10,9
13689,16,103
13690,15,100
13690,15,114
13691,20,95
13691,20,43
13691,20,39
13692,19,192
13692,19,38
13692,19,227
13693,19,29
13693,19,115
13694,13,45
13695,15,31
13696,19,11
13696,19,101
13697,10,34
13697,10,156
13697,10,672
13697,10,149
13698,10,11
13698,10,93
13699,19,110
13700,16,38
13701,14,35
13701,14,23
13701,14,517
13701,14,179
13702,20,29
13703,16,107
13703,16,682
13704,15,9
13705,20,753
13705,20,134
13705,20,158
13705,20,325
13706,11,4
13706,11,11
13706,11,93
13707,20,103
13708,16,34
13708,16,31
13708,16,176
13709,12,8
13709,12,527
13710,11,568
13710,11,220
13710,11,4
13710,11,114
13711,16,10
13712,10,1433
13712,10,174
13712,10,355
13713,16,95
13713,16,43
13714,13,1116
13714,13,405
13714,13,498
13714,13,17
13714,13,27
13715,16,152
13716,16,115
13717,16,375
13717,16,113
13717,16,97
13718,19,441
13718,19,38
13719,16,99
13720,18,23
13720,18,510
13720,18,47
13721,11,437
13721,11,806
13721,11,45
13722,19,1
13722,19,47
13723,16,9
13723,16,29
13723,16,10
13723,16,8
13724,18,153
13724,18,22
13724,18,149
13725,14,80
13725,14,4
13726,15,47
13727,19,29
13727,19,10
13727,19,701
13728,19,429
13728,19,33
13729,18,289
13729,18,235
13729,18,148
13730,17,31
13730,17,314
13731,11,95
13731,11,246
13732,20,202
13732,20,822
13732,20,9
13732,20,172
13732,20,491
13733,19,121
13734,15,95
13734,15,825
13734,15,43
13735,14,10
13736,11,34
13736,11,27
13737,15,439
13737,15,10
13737,15,328
13737,15,149
13738,20,31
13738,20,257
13739,11,983
13739,11,10
13740,10,106
13740,10,22
13741,19,29
13741,19,75
13741,19,10
13741,19,11
13742,11,31
13742,11,123
13743,15,94
13744,19,130
13744,19,132
13744,19,38
13745,14,49
13745,14,650
13745,14,39
13746,19,10
13747,14,38
13747,14,39
13748,16,31
13749,19,50
13749,19,53
13750,12,106
13750,12,4
13750,12,7
13750,12,114
13750,12,101
13751,12,106
13751,12,11
13752,17,17
13752,17,27
13753,19,25
13753,19,26
13753,19,27
13754,16,181
13754,16,4
13754,16,11
13755,19,114
13756,19,9
13757,18,22
13757,18,11
13757,18,101
13758,15,11
13759,16,27
13760,19,68
13760,19,79
13760,19,47
13761,18,175
13761,18,31
13762,20,34
13762,20,31
13763,18,219
13763,18,4
13763,18,464
13764,11,312
13764,11,134
13764,11,96
13764,11,451
13765,15,23
13765,15,101
13766,15,484
13766,15,51
13767,13,174
13767,13,27
13768,10,175
13769,12,17
13769,12,15
13769,12,261
13769,12,116
13770,11,712
13770,11,17
13770,11,183
13771,18,484
13771,18,51
13771,18,114
13771,18,575
13772,10,15
13772,10,116
13773,17,255
13773,17,17
13774,15,4
13774,15,11
13775,10,4
13775,10,132
13775,10,51
13776,18,35
13776,18,28
13777,17,38
13777,17,468
13778,15,23
13778,15,11
13778,15,101
13779,15,209
13779,15,85
13779,15,11
13779,15,93
13779,15,101
13780,13,17
13780,13,246
13781,10,245
13781,10,20
13781,10,1178
13781,10,50
13782,16,57
13782,16,27
13782,16,50
13782,16,51
13783,15,110
13783,15,443
13783,15,43
13784,11,174
13784,11,23
13785,11,17
13785,11,27
13785,11,367
13785,11,45
13785,11,141
13786,11,90
13786,11,164
13786,11,157
13787,11,98
13787,11,375
13788,10,9
13788,10,256
13788,10,149
13788,10,1497
13788,10,152
13789,20,220
13789,20,10
13789,20,8
13790,18,27
13791,16,23
13791,16,101
13792,19,1081
13792,19,445
13792,19,38
13792,19,193
13793,17,114
13794,16,95
13794,16,38
13794,16,43
13794,16,505
13795,18,174
13795,18,127
13796,20,221
13796,20,38
13797,18,116
13798,16,2
13798,16,114
13799,13,50
13799,13,51
13799,13,886
13799,13,44
13800,18,31
13801,15,38
13801,15,39
13802,13,35
13802,13,27
13803,16,9
13803,16,172
13803,16,11
13804,16,283
13804,16,390
13804,16,33
13805,19,671
13805,19,305
13805,19,430
13806,14,924
13806,14,17
13807,20,108
13807,20,29
13807,20,135
13808,18,38
13808,18,33
13809,16,145
13809,16,111
13809,16,39
13810,19,6
13810,19,4
13811,15,29
13812,18,29
13812,18,10
13813,15,78
13813,15,4
13813,15,59
13814,17,113
13814,17,38
13815,16,17
13815,16,116
13816,20,235
13816,20,9
13817,17,17
13818,18,1075
13818,18,160
13818,18,4
13819,12,111
13819,12,39
13820,10,34
13820,10,31
13820,10,102
13821,15,22
13821,15,717
13821,15,4
13821,15,11
13822,19,108
13822,19,29
13823,16,71
13823,16,667
13823,16,96
13823,16,28
13824,12,90
13824,12,169
13824,12,278
13824,12,360
13824,12,628
13825,16,301
13825,16,38
13825,16,39
13825,16,246
13826,15,11
13826,15,7
13827,17,100
13827,17,443
13827,17,246
13828,12,6
13828,12,11
13829,18,169
13829,18,439
13829,18,148
13829,18,149
13830,18,114
13831,11,174
13831,11,180
13832,19,29
13833,10,172
13833,10,522
13833,10,158
13833,10,8
13833,10,92
13834,17,129
13834,17,39
13835,10,9
13835,10,11
13835,10,369
13836,11,34
13836,11,210
13836,11,31
13836,11,48
13837,20,156
13837,20,148
13837,20,672
13837,20,149
13837,20,71
13838,20,283
13838,20,80
13838,20,203
13839,18,148
13839,18,149
13839,18,430
13839,18,634
13840,18,201
13840,18,103
13840,18,29
13840,18,295
13841,17,85
13841,17,93
13842,18,31
13843,20,43
13844,10,26
13844,10,27
13844,10,147
13845,10,306
13845,10,51
13846,15,175
13846,15,39
13847,18,145
13847,18,158
13847,18,260
13848,20,103
13848,20,11
13848,20,93
13849,13,80
13849,13,274
13850,17,31
13851,20,34
13851,20,385
13851,20,31
13851,20,258
13852,19,29
13852,19,93
13853,15,246
13853,15,97
13854,19,268
13855,10,175
13855,10,27
13856,16,80
13857,11,29
13858,11,372
13858,11,29
13858,11,78
13859,18,221
13859,18,17
13859,18,116
13860,20,87
13860,20,4
13860,20,11
13861,20,146
13861,20,158
13862,16,23
13863,15,103
13863,15,29
13863,15,164
13864,11,45
13865,10,162
13865,10,386
13865,10,534
13865,10,82
13865,10,346
13866,18,80
13867,12,9
13867,12,1000
13868,15,1321
13868,15,94
13869,15,924
13869,15,15
13869,15,45
13870,20,146
13870,20,158
13871,13,175
13872,16,34
13872,16,31
13872,16,123
13873,15,784
13873,15,93
13873,15,514
13874,14,121
13874,14,78
13874,14,4
13875,18,9
13876,17,98
13876,17,363
13876,17,214
13877,16,163
13877,16,113
13877,16,445
13878,11,29
13878,11,115
13879,18,129
13879,18,33
13880,20,544
13880,20,116
13880,20,874
13881,15,93
13881,15,65
13881,15,213
13882,10,338
13882,10,113
13882,10,760
13882,10,38
13883,15,103
13883,15,164
13883,15,514
13884,15,51
13885,19,29
13885,19,23
13885,19,4
13885,19,11
13885,19,7
13886,19,442
13886,19,41
13886,19,29
13886,19,522
13886,19,96
13887,18,322
13887,18,8
13887,18,149
13888,18,443
13888,18,38
13888,18,750
13889,20,345
13889,20,31
13890,18,29
13890,18,152
13891,19,39
13892,17,73
13892,17,29
13892,17,4
13893,20,85
13893,20,11
13894,13,175
13894,13,314
13894,13,27
13895,15,362
13895,15,145
13895,15,158
13896,16,27
13896,16,50
13897,16,78
13898,15,174
13898,15,314
13898,15,246
13898,15,65
13898,15,33
13899,10,624
13899,10,23
13899,10,27
13899,10,50
13899,10,367
13900,15,186
13900,15,31
13901,11,289
13901,11,32
13902,20,146
13902,20,158
13903,12,86
13903,12,6
13903,12,4
13903,12,11
13904,11,153
13904,11,29
13904,11,374
13904,11,324
13904,11,149
13905,18,29
13906,14,17
13906,14,116
13907,10,98
13907,10,65
13908,18,108
13908,18,94
13908,18,390
13909,18,1
13909,18,127
13909,18,82
13909,18,96
13910,12,99
13910,12,175
13910,12,413
13910,12,988
13911,18,151
13912,18,158
13912,18,260
13913,11,50
13914,15,34
13914,15,113
13914,15,38
13915,15,82
13916,20,9
13916,20,10
13917,15,507
13917,15,51
13917,15,71
13918,14,374
13918,14,149
13919,11,110
13919,11,444
13920,12,23
13920,12,51
13920,12,28
13921,13,484
13921,13,234
13921,13,96
13922,18,29
13922,18,246
13923,19,51
13923,19,105
13924,17,29
13925,11,38
13925,11,246
13925,11,468
13926,15,29
13926,15,10
13926,15,115
13927,16,47
13928,16,115
13928,16,246
13929,14,29
13929,14,23
13930,16,9
13931,16,224
13931,16,192
13931,16,95
13931,16,96
13932,19,174
13932,19,762
13932,19,27
13933,10,27
13934,10,252
13935,10,126
13935,10,175
13936,11,90
13936,11,373
13936,11,10
13936,11,976
13936,11,39
13937,15,4
13938,15,4
13939,12,22
13939,12,23
13940,11,4
13940,11,11
13941,10,4
13942,11,100
13942,11,443
13943,10,4
13943,10,59
13943,10,223
13944,12,108
13944,12,100
13945,18,116
13946,18,20
13946,18,558
13947,17,174
13947,17,179
13948,18,477
13948,18,29
13949,10,115
13949,10,82
13950,10,23
13951,13,107
13951,13,93
13952,19,31
13952,19,366
13953,13,31
13954,18,174
13954,18,35
13954,18,27
13955,15,151
13956,15,17
13956,15,256
13956,15,15
13956,15,183
13956,15,116
13957,17,224
13957,17,192
13957,17,44
13958,18,29
13958,18,96
13959,16,130
13959,16,468
13959,16,560
13960,11,22
13960,11,11
13961,11,108
13962,10,22
13962,10,101
13963,11,17
13963,11,116
13964,16,34
13964,16,663
13964,16,31
13964,16,356
13965,16,9
13965,16,29
13965,16,78
13966,16,11
13966,16,101
13967,16,4
13967,16,11
13968,17,158
13969,13,71
13970,10,178
13970,10,31
13971,16,82
13972,13,29
13972,13,11
13972,13,93
13973,17,221
13973,17,1212
13973,17,158
13973,17,260
13974,20,23
13975,18,75
13975,18,308
13975,18,51
13975,18,233
13976,12,114
13977,13,114
13978,17,261
13978,17,116
13979,20,4
13979,20,11
13980,15,101
13981,10,9
13981,10,41
13982,10,846
13982,10,97
13983,17,130
13983,17,38
13984,18,120
13984,18,210
13984,18,80
13984,18,59
13985,20,29
13985,20,20
13985,20,11
13986,19,108
13986,19,90
13986,19,1256
13986,19,10
13986,19,65
13987,19,308
13987,19,548
13987,19,263
13987,19,50
13987,19,51
13988,20,22
13988,20,23
13989,15,29
13989,15,115
13990,18,31
13990,18,559
13991,15,321
13991,15,119
13991,15,96
13991,15,97
13992,17,17
13992,17,45
13993,20,814
13993,20,95
13993,20,97
13994,15,116
13995,16,201
13995,16,103
13995,16,50
13996,18,17
13996,18,116
13996,18,45
13997,10,29
13997,10,11
13997,10,101
13998,17,114
13999,20,34
13999,20,31
13999,20,165
14000,18,351
14000,18,23
14001,15,103
14001,15,294
14001,15,93
14001,15,32
14002,19,51
14002,19,53
14003,15,49
14003,15,38
14003,15,39
14004,13,844
14004,13,175
14004,13,437
14004,13,27
14004,13,45
14005,16,584
14005,16,126
14005,16,27
14005,16,51
14006,17,82
14007,18,34
14007,18,31
14007,18,165
14008,13,711
14008,13,108
14008,13,22
14008,13,97
14009,11,149
14009,11,514
14010,16,29
14010,16,71
14011,20,29
14011,20,6
14011,20,4
14011,20,11
14011,20,232
14012,10,182
14012,10,534
14012,10,17
14012,10,4
14012,10,15
14013,16,114
14014,19,463
14014,19,114
14014,19,152
14015,16,17
14016,17,9
14016,17,4
14016,17,59
14016,17,11
14016,17,682
14017,10,83
14017,10,6
14017,10,4
14017,10,11
14018,17,17
14018,17,492
14018,17,149
14018,17,116
14018,17,45
14019,13,29
14019,13,6
14019,13,78
14019,13,4
14020,16,66
14020,16,52
14020,16,50
14021,15,586
14021,15,113
14021,15,38
14022,15,31
14022,15,797
14023,17,27
14024,19,95
14024,19,137
14024,19,38
14024,19,948
14025,12,908
14025,12,82
14026,18,29
14026,18,6
14027,17,174
14027,17,175
14027,17,290
14027,17,27
14028,19,103
14029,14,5
14029,14,182
14029,14,17
14030,16,1048
14030,16,98
14030,16,17
14031,19,23
14032,20,38
14033,18,23
14034,17,15
14034,17,45
14035,10,410
14035,10,11
14036,20,524
14036,20,38
14036,20,39
14037,20,50
14038,16,98
14038,16,126
14038,16,807
14039,17,422
14039,17,93
14040,19,114
14041,13,38
14041,13,39
14042,14,23
14042,14,464
14043,15,29
14043,15,20
14043,15,11
14043,15,51
14043,15,70
14044,20,278
14044,20,115
14044,20,116
14045,18,712
14045,18,17
14045,18,261
14046,14,80
14047,14,108
14047,14,100
14047,14,164
14048,16,124
14048,16,125
14048,16,114
14049,16,29
14049,16,28
14050,19,9
14050,19,217
14050,19,158
14051,20,100
14051,20,525
14051,20,505
14052,15,182
14052,15,17
14052,15,348
14053,17,103
14053,17,11
14054,20,108
14054,20,171
14054,20,115
14055,10,743
14055,10,9
14055,10,8
14056,17,90
14056,17,29
14057,20,114
14057,20,93
14058,17,149
14058,17,177
14059,18,29
14059,18,246
14060,20,66
14060,20,50
14060,20,47
14061,20,90
14061,20,29
14061,20,257
14061,20,328
14061,20,149
14062,16,106
14062,16,114
14063,19,11
14064,12,9
14064,12,232
14064,12,464
14065,16,34
14065,16,37
14065,16,38
14065,16,39
14066,17,29
14066,17,115
14066,17,149
14067,10,99
14067,10,175
14067,10,413
14067,10,988
14068,18,106
14069,18,114
14070,10,50
14070,10,51
14070,10,53
14070,10,677
14071,20,6
14071,20,4
14071,20,11
14072,18,29
14073,11,278
14073,11,17
14073,11,530
14074,16,303
14074,16,146
14075,13,1
14076,15,110
14076,15,38
14076,15,193
14077,16,422
14077,16,11
14077,16,93
14078,17,129
14078,17,29
14078,17,164
14078,17,114
14079,20,25
14079,20,175
14079,20,918
14080,13,33
14081,19,4
14082,15,80
14083,15,210
14083,15,48
14083,15,70
14084,19,40
14084,19,114
14085,10,17
14085,10,45
14086,17,114
14087,12,23
14087,12,114
14088,13,98
14088,13,1321
14088,13,301
14088,13,535
14089,20,306
14089,20,51
14089,20,953
14090,18,162
14090,18,4
14090,18,159
14091,19,174
14091,19,27
14091,19,141
14092,10,9
14093,12,50
14093,12,51
14094,19,27
14094,19,95
14095,11,21
14095,11,15
14095,11,183
14095,11,45
14096,20,113
14096,20,130
14096,20,38
14097,15,114
14098,15,29
14098,15,10
14099,13,218
14099,13,9
14099,13,161
14100,12,29
14100,12,6
14100,12,4
14101,12,4
14101,12,114
14102,17,29
14102,17,78
14102,17,70
14103,13,24
14103,13,17
14104,18,213
14104,18,71
14105,20,175
14106,15,351
14106,15,23
14106,15,27
14106,15,47
14107,18,4
14107,18,15
14107,18,116
14108,13,156
14108,13,148
14108,13,492
14108,13,8
14108,13,149
14109,14,115
14110,15,98
14111,17,421
14111,17,108
14111,17,29
14112,18,23
14112,18,80
14112,18,285
14112,18,101
14113,17,156
14113,17,361
14113,17,149
14113,17,464
14114,18,596
14114,18,23
14114,18,1084
14115,15,278
14115,15,498
14115,15,116
14116,17,29
14116,17,11
14116,17,82
14117,15,106
14117,15,386
14117,15,114
14118,19,116
14118,19,117
14119,15,73
14119,15,47
14120,12,522
14120,12,158
14120,12,135
14121,10,242
14121,10,78
14122,15,29
14122,15,10
14122,15,11
14123,18,45
14124,16,814
14124,16,97
14125,15,49
14125,15,245
14125,15,652
14125,15,39
14126,11,98
14126,11,109
14126,11,94
14127,15,108
14128,11,17
14129,19,178
14129,19,267
14129,19,820
14129,19,27
14129,19,111
14130,18,23
14130,18,150
14130,18,28
14131,12,50
14131,12,51
14131,12,53
14131,12,1084
14132,17,29
14132,17,115
14132,17,4
14132,17,11
14133,18,108
14133,18,100
14133,18,554
14134,18,397
14134,18,29
14134,18,256
14134,18,149
14135,17,278
14136,16,80
14137,20,38
14138,17,362
14138,17,108
14138,17,164
14139,17,1524
14139,17,293
14139,17,45
14140,11,181
14140,11,4
14141,12,772
14142,17,129
14142,17,27
14143,19,6
14143,19,10
14143,19,4
14144,20,174
14144,20,180
14144,20,27
14145,19,314
14145,19,116
14145,19,33
14146,15,108
14146,15,90
14147,11,23
14147,11,101
14148,10,336
14148,10,114
14149,15,29
14149,15,23
14150,19,29
14150,19,10
14150,19,70
14151,13,17
14151,13,15
14151,13,116
14152,16,108
14152,16,29
14153,10,31
14153,10,258
14154,19,113
14154,19,192
14154,19,44
14154,19,227
14155,16,186
14155,16,31
14155,16,47
14156,14,31
14156,14,369
14157,10,98
14158,20,115
14159,15,113
14159,15,130
14159,15,38
14160,14,182
14160,14,17
14160,14,256
14160,14,15
14161,13,100
14162,11,256
14162,11,115
14163,18,472
14163,18,879
14163,18,31
14164,19,384
14164,19,278
14164,19,774
14165,10,308
14165,10,50
14166,15,31
14167,17,98
14167,17,807
14167,17,94
14167,17,301
14168,11,29
14168,11,115
14168,11,958
14168,11,116
14169,18,298
14169,18,31
14169,18,70
14170,16,22
14170,16,23
14171,18,248
14171,18,174
14172,11,174
14173,11,34
14173,11,9
14173,11,172
14174,10,269
14174,10,182
14174,10,17
14174,10,45
14175,17,34
14175,17,472
14176,18,129
14176,18,98
14176,18,119
14176,18,114
14177,17,210
14177,17,78
14177,17,4
14177,17,785
14178,18,29
14179,20,108
14180,15,98
14180,15,375
14181,15,31
14181,15,51
14182,16,29
14182,16,93
14183,17,11
14183,17,346
14184,17,29
14184,17,93
14185,10,726
14185,10,34
14185,10,174
14185,10,186
14185,10,355
14186,12,113
14186,12,175
14186,12,43
14187,17,1240
14187,17,149
14188,15,17
14189,19,261
14189,19,116
14190,17,107
14190,17,151
14190,17,75
14190,17,10
14190,17,85
14191,18,174
14191,18,175
14191,18,980
14192,10,17
14192,10,45
14193,16,78
14194,20,151
14194,20,38
14194,20,1043
14195,19,647
14195,19,830
14195,19,39
14196,17,11
14197,20,341
14197,20,51
14197,20,53
14198,15,114
14199,11,27
14200,10,27
14200,10,33
14201,19,113
14201,19,38
14202,12,24
14202,12,438
14202,12,1302
14202,12,179
14203,15,17
14203,15,27
14203,15,769
14204,20,4
14204,20,7
14204,20,19
14205,15,31
14205,15,257
14205,15,246
14206,10,38
14207,17,29
14207,17,6
14208,14,103
14208,14,246
14208,14,33
14209,16,68
14209,16,186
14209,16,11
14210,13,17
14210,13,951
14211,10,146
14211,10,158
14212,18,9
14213,19,6
14213,19,4
14213,19,11
14213,19,190
14213,19,19
14214,10,29
14214,10,1291
14214,10,961
14214,10,93
14215,17,377
14215,17,278
14215,17,291
14216,13,22
14216,13,116
14216,13,12
14217,20,11
14218,12,98
14218,12,214
14218,12,247
14219,11,151
14219,11,779
14220,17,108
14220,17,157
14221,12,1508
14221,12,10
14221,12,152
14221,12,514
14222,17,139
14222,17,113
14222,17,192
14222,17,31
14222,17,38
14223,19,443
14223,19,43
14223,19,393
14224,19,97
14225,17,172
14225,17,31
14225,17,32
14226,20,50
14227,17,108
14227,17,90
14227,17,246
14227,17,65
14228,19,29
14228,19,294
14228,19,93
14229,17,103
14229,17,51
14230,11,267
14230,11,49
14230,11,38
14230,11,141
14231,16,26
14231,16,246
14232,20,34
14232,20,399
14233,12,403
14233,12,15
14234,10,49
14234,10,38
14234,10,39
14234,10,44
14235,11,11
14235,11,82
14236,14,17
14236,14,15
14236,14,116
14237,17,4
14238,10,20
14238,10,47
14239,16,33
14240,10,507
14240,10,10
14240,10,95
14241,10,646
14241,10,43
14242,20,266
14242,20,484
14242,20,300
14242,20,44
14243,16,174
14243,16,147
14244,17,1143
14244,17,29
14244,17,23
14245,15,228
14245,15,10
14245,15,149
14245,15,152
14246,16,15
14246,16,116
14246,16,147
14247,18,29
14247,18,115
14248,20,31
14249,15,115
14249,15,116
14250,11,23
14250,11,2
14250,11,11
14251,12,224
14251,12,38
14252,20,17
14252,20,183
14253,17,940
14253,17,17
14253,17,116
14254,12,17
14254,12,15
14254,12,758
14255,12,29
14255,12,114
14256,15,17
14256,15,403
14257,10,27
14258,18,324
14258,18,149
14259,15,129
14259,15,17
14259,15,116
14260,10,98
14261,11,22
14261,11,23
14261,11,11
14261,11,53
14262,10,34
14262,10,159
14263,10,17
14263,10,116
14264,20,107
14264,20,11
14264,20,93
14265,19,17
14265,19,261
14266,18,17
14267,18,27
14267,18,19
14267,18,179
14268,10,472
14268,10,31
14268,10,270
14269,11,95
14269,11,43
14270,16,27
14271,17,9
14271,17,29
14272,17,29
14273,15,95
14273,15,43
14274,17,129
14274,17,248
14274,17,174
14275,20,80
14276,18,174
14276,18,175
14276,18,31
14276,18,82
14277,20,34
14277,20,472
14277,20,31
14278,16,31
14279,18,275
14279,18,71
14280,20,110
14280,20,95
14280,20,646
14280,20,38
14280,20,43
14281,18,115
14282,15,878
14282,15,17
14283,17,156
14283,17,149
14283,17,119
14283,17,116
14283,17,179
14284,15,967
14284,15,314
14285,18,174
14286,11,103
14286,11,1208
14287,15,98
14287,15,174
14287,15,213
14288,20,8
14288,20,324
14288,20,149
14289,18,108
14289,18,755
14289,18,114
14290,18,4
14290,18,11
14291,18,174
14291,18,33
14292,18,9
14293,17,224
14293,17,830
14293,17,38
14294,20,47
14295,16,312
14295,16,525
14295,16,448
14295,16,95
14295,16,817
14296,20,17
14296,20,78
14297,15,224
14297,15,586
14297,15,577
14297,15,246
14298,20,45
14299,18,71
14300,18,22
14300,18,29
14300,18,10
14300,18,149
14300,18,11
14301,11,45
14302,16,22
14302,16,21
14302,16,45
14303,18,239
14303,18,82
14304,10,586
14304,10,192
14304,10,38
14305,20,22
14305,20,397
14305,20,29
14306,15,101
14307,17,6
14307,17,4
14308,16,974
14308,16,39
14309,13,298
14309,13,64
14309,13,70
14310,11,129
14310,11,586
14310,11,20
14310,11,445
14310,11,38
14311,19,312
14311,19,95
14311,19,43
14312,18,31
14312,18,37
14313,18,38
14313,18,39
14314,11,31
14315,20,27
14315,20,45
14316,17,282
14316,17,31
14316,17,71
14317,12,10
14318,18,210
14318,18,78
14318,18,11
14319,10,107
14319,10,11
14320,17,106
14320,17,80
14321,13,145
14322,18,34
14322,18,31
14322,18,102
14323,11,27
14323,11,690
14324,11,103
14324,11,33
14325,15,174
14325,15,33
14326,13,393
14326,13,622
14326,13,39
14326,13,528
14327,16,29
14327,16,10
14327,16,115
14327,16,188
14328,19,259
14328,19,78
14328,19,95
14328,19,11
14329,11,255
14329,11,17
14330,16,29
14331,15,354
14331,15,11
14332,10,490
14332,10,78
14332,10,45
14332,10,47
14333,13,174
14333,13,72
14333,13,213
14333,13,141
14333,13,28
14334,11,29
14334,11,11
14334,11,213
14334,11,28
14335,19,29
14335,19,11
14336,19,95
14336,19,119
14336,19,43
14337,18,108
14338,12,210
14338,12,355
14338,12,8
14339,20,241
14339,20,120
14339,20,78
14339,20,4
14339,20,208
14340,11,80
14340,11,82
14340,11,47
14341,17,90
14341,17,29
14341,17,71
14342,14,31
14343,18,51
14343,18,38
14344,10,103
14344,10,48
14344,10,33
14345,14,23
14345,14,11
14346,17,525
14346,17,817
14347,13,60
14347,13,50
14348,20,29
14349,16,100
14350,16,106
14350,16,210
14350,16,386
14351,19,22
14351,19,182
14351,19,21
14352,19,103
14352,19,9
14352,19,35
14353,16,93
14354,12,6
14354,12,655
14354,12,7
14354,12,19
14355,12,601
14355,12,6
14355,12,4
14355,12,46
14355,12,232
14356,15,224
14356,15,192
14356,15,38
14357,15,103
14357,15,148
14357,15,23
14357,15,10
14357,15,149
14358,19,11
14359,16,337
14359,16,47
14360,12,51
14361,10,1508
14361,10,10
14361,10,8
14362,18,51
14362,18,53
14362,18,71
14363,17,114
14364,10,23
14365,17,303
14365,17,95
14366,20,221
14366,20,98
14366,20,919
14367,11,108
14367,11,96
14368,20,45
14368,20,758
14369,11,493
14369,11,261
14369,11,116
14370,14,50
14370,14,51
14370,14,53
14371,17,362
14371,17,29
14371,17,11
14372,18,941
14372,18,648
14372,18,622
14373,20,47
14373,20,71
14374,18,712
14374,18,897
14374,18,45
14375,11,114
14376,16,33
14376,16,29
14376,16,115
14376,16,188
14377,19,182
14377,19,35
14377,19,17
14377,19,15
14377,19,279
14378,15,35
14378,15,147
14379,11,427
14379,11,11
14379,11,82
14380,13,122
14380,13,82
14381,11,590
14381,11,174
14381,11,175
14381,11,916
14381,11,27
14382,15,27
14383,18,11
14384,16,1
14384,16,9
14385,19,17
14385,19,4
14385,19,15
14385,19,45
14386,20,87
14386,20,4
14387,20,771
14387,20,31
14387,20,827
14387,20,149
14387,20,114
14388,18,443
14389,18,114
14390,16,924
14390,16,45
14390,16,377
14391,17,108
14391,17,372
14391,17,29
14391,17,115
14392,18,255
14392,18,115
14392,18,261
14392,18,116
14393,18,29
14393,18,10
14394,19,4
14394,19,11
14395,15,47
14395,15,410
14395,15,71
14396,12,11
14396,12,93
14397,16,20
14397,16,38
14398,19,9
14398,19,101
14399,10,384
14399,10,385
14399,10,17
14399,10,116
14400,14,39
14400,14,393
14401,20,221
14401,20,595
14401,20,79
14402,20,846
14402,20,95
14402,20,97
14403,16,267
14403,16,27
14403,16,39
14403,16,141
14404,12,437
14404,12,377
14405,19,6
14405,19,10
14406,15,4
14406,15,11
14406,15,574
14407,16,95
14407,16,43
14408,18,9
14408,18,23
14409,19,443
14409,19,38
14409,19,750
14410,19,41
14410,19,29
14410,19,246
14411,16,362
14411,16,149
14412,12,98
14412,12,285
14412,12,27
14412,12,82
14413,20,31
14413,20,246
14413,20,32
14414,16,29
14414,16,158
14414,16,159
14415,15,29
14415,15,10
14415,15,8
14415,15,149
14415,15,324
14416,16,395
14416,16,119
14417,16,4
14417,16,11
14418,18,34
14418,18,31
14418,18,123
14419,15,108
14419,15,98
14419,15,94
14419,15,10
14420,18,114
14420,18,71
14421,18,103
14421,18,27
14422,20,4
14422,20,116
14423,16,45
14423,16,377
14424,18,761
14424,18,20
14425,19,333
14425,19,156
14425,19,149
14425,19,177
14426,18,29
14426,18,11
14427,17,11
14428,20,108
14428,20,157
14429,18,755
14429,18,114
14430,11,85
14430,11,93
14431,15,94
14431,15,611
14432,13,174
14432,13,35
14433,16,23
14433,16,47
14434,18,114
14435,17,49
14435,17,38
14435,17,39
14436,15,95
14436,15,114
14436,15,96
14437,10,115
14437,10,116
14438,14,31
14438,14,71
14439,18,11
14439,18,93
14440,15,126
14440,15,127
14440,15,413
14441,18,90
14441,18,22
14441,18,23
14442,12,578
14442,12,66
14442,12,50
14442,12,51
14443,11,127
14443,11,516
14444,15,95
14445,18,17
14445,18,27
14446,14,100
14446,14,448
14446,14,443
14447,11,41
14447,11,10
14447,11,328
14447,11,149
14448,19,406
14448,19,17
14448,19,15
14448,19,116
14448,19,758
14449,15,15
14449,15,216
14450,12,355
14450,12,31
14450,12,356
14450,12,70
14450,12,295
14451,11,253
14451,11,17
14451,11,116
14451,11,45
14452,18,256
14452,18,797
14452,18,51
14452,18,152
14452,18,44
14453,18,27
14453,18,19
14453,18,179
14454,13,108
14454,13,100
14455,15,289
14456,19,108
14456,19,109
14457,15,31
14458,10,951
14458,10,82
14459,12,404
14459,12,175
14459,12,314
14459,12,27
14459,12,1052
14460,10,98
14460,10,363
14461,12,34
14461,12,31
14462,20,34
14462,20,31
14462,20,123
14463,20,17
14463,20,45
14463,20,33
14464,12,34
14464,12,31
14464,12,1332
14464,12,370
14465,19,2
14465,19,114
14466,10,664
14466,10,95
14467,15,11
14468,16,153
14468,16,22
14468,16,116
14468,16,573
14469,15,38
14469,15,39
14470,10,10
14470,10,150
14471,16,51
14472,16,31
14472,16,11
14472,16,119
14472,16,47
14473,15,4
14473,15,212
14474,18,108
14475,16,17
14475,16,15
14475,16,116
14476,18,9
14476,18,87
14476,18,4
14476,18,11
14477,12,23
14478,12,95
14478,12,138
14479,18,224
14479,18,192
14479,18,38
14479,18,44
14479,18,227
14480,12,277
14480,12,123
14481,12,34
14481,12,10
14482,15,34
14482,15,31
14482,15,123
14483,15,97
14484,18,115
14485,13,1200
14485,13,31
14486,11,103
14486,11,29
14486,11,32
14487,15,31
14488,10,652
14488,10,1018
14489,16,108
14489,16,29
14490,18,282
14490,18,82
14491,17,29
14491,17,20
14492,14,114
14493,11,248
14493,11,429
14493,11,33
14494,17,20
14495,17,119
14496,20,11
14496,20,440
14496,20,177
14497,18,71
14497,18,29
14497,18,232
14497,18,147
14498,10,156
14498,10,148
14498,10,361
14498,10,149
14498,10,430
14499,12,108
14499,12,11
14500,10,4
14500,10,11
14501,19,31
14502,11,29
14502,11,23
14502,11,10
14502,11,101
14503,11,31
14504,17,43
14505,15,136
14505,15,95
14506,15,29
14506,15,78
14507,19,477
14507,19,29
14507,19,314
14508,19,164
14508,19,149
14509,19,207
14509,19,29
14509,19,149
14510,18,289
14510,18,31
14510,18,177
14511,10,9
14511,10,285
14512,20,108
14513,11,51
14514,18,696
14514,18,282
14514,18,82
14515,15,78
14516,17,38
14516,17,193
14517,17,757
14517,17,968
14517,17,51
14517,17,38
14518,12,578
14518,12,71
14519,19,108
14519,19,90
14519,19,32
14520,16,17
14521,14,23
14521,14,47
14522,18,11
14523,20,78
14523,20,4
14523,20,11
14524,20,443
14524,20,111
14524,20,444
14525,19,108
14525,19,29
14526,17,4
14526,17,212
14526,17,11
14527,17,15
14527,17,82
14528,16,192
14528,16,1255
14528,16,4
14528,16,38
14528,16,227
14529,15,88
14529,15,4
14529,15,274
14529,15,152
14529,15,150
14530,15,169
14530,15,29
14530,15,23
14530,15,78
14530,15,11
14531,17,443
14531,17,646
14531,17,444
14531,17,38
14532,18,41
14532,18,60
14532,18,11
14532,18,96
14533,20,17
14533,20,45
14534,16,4
14535,17,17
14536,15,129
14536,15,192
14536,15,76
14536,15,654
14537,10,47
14538,12,29
14538,12,10
14538,12,4
14539,10,192
14539,10,38
14539,10,44
14540,16,29
14540,16,246
14541,10,31
14541,10,356
14542,19,38
14542,19,39
14543,16,1
14543,16,9
14543,16,29
14543,16,96
14544,15,114
14545,17,31
14545,17,177
14546,19,17
14546,19,15
14546,19,45
14547,19,9
14547,19,29
14547,19,83
14547,19,10
14547,19,232
14548,12,149
14549,19,38
14550,18,31
14551,19,301
14551,19,535
14552,10,38
14552,10,44
14553,19,38
14554,16,11
14555,12,108
14555,12,246
14556,16,561
14556,16,31
14556,16,38
14557,15,9
14557,15,11
14558,12,29
14558,12,115
14558,12,188
14559,14,17
14559,14,115
14560,15,6
14560,15,78
14560,15,4
14560,15,11
14560,15,7
14561,11,897
14561,11,45
14562,20,95
14562,20,427
14562,20,346
14563,19,114
14564,11,11
14565,17,158
14566,16,149
14566,16,93
14567,15,158
14567,15,92
14567,15,135
14567,15,96
14567,15,346
14568,10,40
14568,10,246
14568,10,65
14568,10,47
14569,17,82
14570,18,192
14570,18,38
14571,13,29
14571,13,149
14571,13,177
14572,16,29
14572,16,23
14573,10,43
14574,19,156
14574,19,462
14574,19,148
14574,19,149
14575,12,107
14575,12,8
14575,12,11
14576,18,165
14576,18,11
14576,18,93
14577,15,231
14577,15,442
14577,15,149
14577,15,119
14577,15,96
14578,11,129
14578,11,111
14579,10,31
14580,18,23
14580,18,10
14580,18,2
14581,20,34
14581,20,31
14582,19,622
14582,19,39
14583,15,106
14583,15,114
14584,18,146
14584,18,158
14584,18,119
14585,20,43
14586,19,40
14586,19,75
14586,19,93
14587,20,373
14587,20,29
14587,20,10
14588,16,31
14589,10,182
14589,10,278
14589,10,17
14589,10,13
14589,10,1049
14590,20,113
14590,20,38
14591,11,146
14591,11,838
14592,17,158
14592,17,160
14593,16,100
14593,16,1296
14593,16,1026
14594,20,156
14594,20,361
14594,20,149
14595,20,177
14595,20,514
14596,15,94
14597,18,100
14598,17,15
14599,16,31
14599,16,114
14600,20,100
14600,20,1021
14601,20,47
14602,16,103
14602,16,326
14602,16,20
14602,16,11
14603,14,27
14604,10,698
14604,10,95
14604,10,750
14605,12,23
14605,12,65
14606,15,38
14607,10,723
14607,10,108
14607,10,148
14607,10,149
14608,19,29
14608,19,33
14609,17,664
14609,17,49
14609,17,38
14609,17,39
14609,17,1065
14610,18,321
14610,18,158
14611,12,82
14612,19,17
14612,19,184
14613,12,17
14613,12,15
14613,12,116
14614,10,48
14615,10,23
14615,10,2
14615,10,11
14616,16,1
14616,16,10
14617,17,20
14617,17,51
14617,17,365
14618,11,108
14618,11,553
14619,11,80
14620,12,70
14620,12,806
14620,12,116
14620,12,45
14621,17,108
14621,17,22
14621,17,115
14622,12,1188
14622,12,47
14622,12,45
14622,12,71
14623,17,31
14624,17,38
14624,17,39
14625,13,95
14626,18,38
14626,18,39
14627,12,1116
14627,12,17
14628,19,246
14628,19,65
14628,19,33
14629,12,103
14629,12,11
14630,14,99
14630,14,31
14631,17,49
14631,17,111
14631,17,38
14632,19,20
14633,15,112
14633,15,50
14634,10,255
14634,10,278
14634,10,261
14634,10,117
14634,10,377
14635,11,31
14635,11,38
14635,11,246
14636,13,27
14636,13,50
14637,11,90
14637,11,22
14638,20,372
14638,20,29
14638,20,4
14638,20,115
14638,20,188
14639,13,312
14639,13,95
14639,13,43
14640,20,374
14640,20,149
14641,19,100
14641,19,38
14641,19,97
14642,20,123
14642,20,617
14643,18,29
14643,18,11
14643,18,71
14644,10,39
14645,15,29
14646,16,122
14646,16,47
14647,13,23
14647,13,28
14648,19,29
14648,19,23
14649,18,31
14649,18,38
14650,12,29
14650,12,93
14651,17,110
14651,17,113
14651,17,1081
14651,17,38
14651,17,193
14652,20,47
14653,15,38
14653,15,39
14654,16,49
14654,16,38
14654,16,39
14655,19,22
14655,19,23
14656,16,38
14656,16,39
14657,18,100
14658,16,278
14659,18,305
14659,18,31
14659,18,314
14659,18,123
14660,15,98
14660,15,174
14660,15,214
14661,15,442
14661,15,83
14661,15,17
14661,15,27
14661,15,96
14662,11,40
14662,11,410
14662,11,101
14663,20,10
14663,20,4
14663,20,59
14663,20,11
14663,20,114
14664,17,113
14664,17,38
14665,17,11
14665,17,71
14666,10,822
14666,10,301
14666,10,705
14667,17,31
14668,14,379
14668,14,45
14669,17,20
14670,12,29
14670,12,157
14670,12,76
14671,11,286
14671,11,17
14672,14,34
14672,14,103
14672,14,31
14673,18,437
14673,18,17
14673,18,15
14673,18,45
14673,18,758
14674,15,282
14674,15,27
14675,16,107
14675,16,149
14675,16,11
14676,19,23
14676,19,510
14676,19,11
14677,10,6
14677,10,11
14678,19,108
14679,18,115
14679,18,149
14680,14,385
14680,14,17
14680,14,116
14681,17,218
14681,17,9
14682,13,210
14682,13,31
14683,20,108
14683,20,29
14683,20,11
14684,15,11
14685,18,11
14685,18,65
14686,17,129
14686,17,11
14686,17,101
14686,17,12
14687,12,384
14687,12,385
14687,12,17
14687,12,261
14687,12,116
14688,10,29
14688,10,8
14688,10,587
14689,16,29
14689,16,164
14689,16,10
14690,10,29
14691,12,2
14692,14,725
14692,14,45
14693,17,136
14693,17,95
14693,17,137
14693,17,138
14694,18,9
14694,18,186
14694,18,11
14695,13,49
14695,13,38
14695,13,39
14696,10,27
14697,20,182
14697,20,17
14697,20,116
14697,20,71
14698,10,17
14699,16,228
14699,16,80
14699,16,11
14699,16,93
14700,16,175
14701,15,114
14701,15,569
14702,17,609
14702,17,15
14702,17,45
14703,13,31
14703,13,47
14704,19,93
14705,18,195
14705,18,31
14705,18,347
14706,16,397
14706,16,29
14706,16,196
14707,18,9
14707,18,11
14708,19,224
14708,19,111
14708,19,985
14708,19,44
14709,11,29
14709,11,11
14710,15,278
14711,20,34
14711,20,113
14711,20,38
14712,15,95
14712,15,132
14712,15,452
14713,17,94
14713,17,642
14713,17,76
14714,16,590
14714,16,27
14715,17,661
14715,17,181
14716,20,45
14717,19,108
14717,19,78
14717,19,135
14717,19,11
14718,12,34
14718,12,660
14718,12,399
14718,12,38
14719,18,78
14719,18,101
14720,12,178
14720,12,20
14720,12,27
14720,12,517
14721,16,490
14721,16,278
14721,16,17
14721,16,15
14722,19,87
14722,19,513
14722,19,4
14722,19,232
14723,12,158
14724,13,174
14724,13,386
14724,13,127
14724,13,252
14725,15,11
14725,15,7
14726,18,372
14726,18,29
14726,18,115
14727,16,45
14728,11,967
14728,11,132
14728,11,96
14729,19,119
14729,19,82
14730,16,293
14730,16,294
14731,15,702
14731,15,294
14731,15,96
14732,15,90
14732,15,169
14732,15,29
14732,15,23
14733,15,269
14733,15,174
14733,15,150
14734,15,819
14734,15,124
14734,15,4
14734,15,114
14735,13,9
14736,12,169
14736,12,29
14736,12,23
14736,12,10
14737,16,38
14737,16,39
14738,15,386
14738,15,58
14738,15,78
14739,15,31
14739,15,53
14740,12,224
14740,12,113
14740,12,38
14741,20,50
14741,20,246
14742,12,174
14742,12,35
14742,12,147
14743,16,385
14744,12,50
14745,11,116
14745,11,246
14745,11,12
14746,12,209
14746,12,101
14747,11,98
14748,18,358
14748,18,353
14749,20,672
14749,20,328
14750,10,29
14750,10,965
14750,10,1355
14751,18,22
14751,18,23
14751,18,10
14752,14,45
14753,19,224
14753,19,192
14753,19,38
14753,19,227
14754,18,114
14755,12,457
14755,12,45
14755,12,377
14756,18,34
14757,20,113
14757,20,38
14758,16,572
14758,16,126
14758,16,245
14758,16,887
14758,16,273
14759,18,303
14759,18,158
14759,18,414
14759,18,114
14760,19,308
14760,19,50
14761,11,156
14761,11,123
14761,11,602
14762,18,103
14762,18,174
14763,18,22
14763,18,29
14763,18,101
14764,20,40
14764,20,31
14765,17,38
14765,17,39
14766,18,45
14767,19,150
14768,20,824
14768,20,306
14768,20,51
14769,18,9
14769,18,10
14769,18,96
14770,15,68
14770,15,186
14771,20,385
14771,20,17
14771,20,45
14772,15,113
14772,15,192
14772,15,119
14773,10,17
14773,10,15
14774,18,27
14774,18,367
14775,10,95
14776,12,150
14777,13,95
14777,13,43
14778,17,1051
14778,17,420
14778,17,116
14778,17,101
14778,17,216
14779,15,158
14779,15,371
14780,16,135
14781,17,185
14781,17,27
14781,17,38
14782,15,9
14782,15,11
14783,10,97
14784,18,90
14784,18,29
14784,18,246
14784,18,65
14785,12,151
14786,11,221
14786,11,1363
14786,11,175
14786,11,741
14787,15,604
14787,15,71
14788,18,29
14788,18,93
14789,16,11
14790,10,728
14791,17,98
14791,17,301
14792,19,1106
14792,19,308
14792,19,51
14793,18,73
14793,18,55
14794,16,95
14795,13,615
14795,13,611
14796,12,129
14796,12,192
14797,10,522
14797,10,8
14797,10,11
14797,10,93
14798,19,38
14799,13,175
14800,12,83
14800,12,174
14800,12,23
14801,16,17
14801,16,13
14801,16,1049
14802,20,134
14802,20,525
14802,20,158
14802,20,114
14803,15,145
14803,15,151
14804,19,315
14804,19,113
14804,19,38
14805,16,129
14805,16,94
14805,16,264
14806,13,113
14807,20,278
14807,20,116
14808,18,78
14808,18,70
14809,19,23
14809,19,11
14809,19,101
14810,18,11
14811,20,889
14811,20,529
14812,10,29
14813,10,11
14813,10,93
14814,10,802
14815,15,49
14815,15,38
14815,15,39
14816,18,8
14817,17,38
14817,17,39
14818,20,34
14818,20,31
14819,18,38
14819,18,39
14819,18,393
14820,16,34
14821,10,20
14822,18,10
14822,18,114
14823,17,35
14824,17,106
14825,12,23
14826,17,11
14827,11,29
14827,11,374
14827,11,4
14828,14,20
14828,14,31
14828,14,10
14828,14,71
14829,20,103
14829,20,45
14830,13,40
14830,13,1016
14830,13,6
14830,13,4
14830,13,11
14831,20,103
14831,20,20
14832,15,50
14832,15,51
14833,15,154
14833,15,443
14833,15,82
14833,15,906
14833,15,861
14834,17,126
14834,17,27
14834,17,51
14834,17,213
14835,17,140
14835,17,11
14836,17,11
14836,17,93
14836,17,101
14836,17,684
14837,10,17
14838,19,48
14838,19,33
14839,20,17
14839,20,279
14840,15,29
14840,15,152
14841,19,23
14841,19,101
14842,14,659
14842,14,4
14842,14,159
14842,14,502
14843,19,95
14844,13,473
14844,13,11
14844,13,70
14845,11,108
14845,11,321
14845,11,158
14846,12,101
14847,20,569
14848,16,29
14848,16,10
14849,17,285
14849,17,82
14850,19,1
14850,19,31
14850,19,177
14851,17,17
14851,17,222
14851,17,367
14852,19,38
14852,19,114
14852,19,96
14853,19,78
14853,19,93
14854,10,11
14854,10,65
14855,16,501
14855,16,715
14855,16,158
14855,16,958
14856,16,108
14856,16,100
14856,16,555
14857,15,11
14858,16,132
14859,20,126
14859,20,159
14859,20,82
14860,11,34
14860,11,102
14861,20,83
14861,20,27
14861,20,684
14862,13,23
14862,13,33
14863,13,313
14863,13,691
14863,13,318
14863,13,95
14863,13,138
14864,19,529
14865,12,22
14865,12,29
14865,12,23
14866,18,210
14866,18,186
14866,18,419
14866,18,78
14866,18,47
14867,10,27
14867,10,28
14868,10,27
14868,10,232
14868,10,28
14869,16,116
14870,20,285
14870,20,951
14871,17,82
14872,10,221
14872,10,294
14873,10,29
14874,17,192
14874,17,38
14875,12,106
14875,12,75
14875,12,80
14875,12,114
14876,16,17
14876,16,15
14877,14,6
14877,14,4
14878,15,146
14878,15,246
14879,17,148
14879,17,149
14879,17,177
14880,12,145
14880,12,151
14880,12,39
14880,12,554
14881,19,185
14881,19,642
14881,19,38
14882,16,321
14883,18,37
14883,18,50
14884,20,103
14884,20,29
14885,15,98
14885,15,248
14885,15,65
14886,19,4
14886,19,114
14887,11,100
14887,11,1024
14887,11,1218
14888,16,38
14888,16,39
14888,16,141
14889,18,114
14890,17,49
14890,17,780
14890,17,647
14890,17,39
14891,15,94
14891,15,390
14892,11,29
14892,11,23
14893,14,34
14893,14,465
14893,14,31
14894,16,851
14894,16,100
14894,16,525
14895,12,375
14896,14,53
14897,16,220
14897,16,8
14897,16,150
14898,10,29
14898,10,23
14899,15,11
14899,15,70
14900,19,38
14900,19,47
14901,17,29
14902,17,202
14902,17,80
14903,17,490
14903,17,499
14903,17,116
14904,14,126
14904,14,23
14905,10,31
14906,20,11
14906,20,101
14907,20,100
14908,19,126
14908,19,17
14908,19,27
14908,19,15
14909,20,405
14909,20,13
14909,20,45
14910,10,478
14910,10,9
14911,12,51
14911,12,38
14912,10,108
14913,20,487
14913,20,8
14913,20,527
14914,15,8
14914,15,149
14914,15,157
14915,17,38
14916,19,289
14917,20,23
14918,19,182
14918,19,385
14918,19,498
14918,19,348
14918,19,116
14919,13,49
14919,13,470
14919,13,31
14919,13,37
14919,13,65
14920,14,285
14920,14,82
14921,16,31
14921,16,111
14921,16,39
14921,16,32
14922,13,224
14922,13,441
14922,13,192
14923,19,164
14923,19,171
14923,19,10
14923,19,11
14924,13,395
14924,13,11
14924,13,82
14925,17,175
14926,11,321
14926,11,158
14926,11,135
14927,12,314
14927,12,114
14927,12,246
14928,20,89
14928,20,78
14928,20,4
14929,16,478
14929,16,232
14929,16,150
14930,16,471
14931,14,590
14931,14,27
14932,18,38
14933,15,1157
14933,15,199
14933,15,132
14934,19,181
14934,19,4
14935,16,126
14935,16,147
14936,17,185
14936,17,115
14937,16,11
14937,16,93
14938,18,37
14939,17,593
14939,17,101
14940,14,298
14940,14,31
14941,18,22
14941,18,23
14941,18,101
14942,11,10
14942,11,628
14943,12,406
14943,12,17
14944,20,295
14944,20,32
14944,20,34
14944,20,31
14944,20,177
14945,16,99
14945,16,11
14945,16,147
14946,10,835
14946,10,143
14947,11,45
14948,13,493
14948,13,17
14948,13,116
14949,18,145
14949,18,522
14950,13,933
14951,15,28
14952,16,253
14952,16,26
14952,16,28
14953,19,4
14953,19,11
14953,19,101
14954,15,29
14954,15,149
14955,12,158
14956,19,50
14957,19,111
14957,19,97
14958,13,23
14958,13,47
14959,11,387
14959,11,78
14959,11,208
14960,20,493
14960,20,15
14961,20,66
14961,20,132
14961,20,50
14961,20,51
14961,20,53
14962,20,27
14962,20,141
14963,18,120
14963,18,114
14964,19,945
14964,19,107
14964,19,210
14964,19,268
14964,19,93
14965,11,80
14966,17,23
14967,18,718
14967,18,80
14968,17,267
14968,17,49
14968,17,38
14968,17,39
14969,11,83
14970,19,114
14971,20,221
14971,20,128
14971,20,82
14972,19,1175
14972,19,31
14973,11,78
14973,11,454
14974,18,174
14975,19,8
14975,19,37
14975,19,114
14975,19,527
14976,10,31
14976,10,257
14976,10,32
14977,20,67
14977,20,34
14977,20,93
14978,15,96
14978,15,97
14979,13,255
14979,13,17
14979,13,222
14980,20,266
14980,20,75
14980,20,23
14980,20,309
14981,10,180
14981,10,27
14981,10,689
14982,18,103
14982,18,38
14982,18,39
14983,17,476
14983,17,750
14984,15,367
14985,17,99
14985,17,127
14986,10,73
14986,10,20
14987,19,34
14987,19,211
14987,19,31
14988,18,98
14988,18,214
14988,18,247
14988,18,246
14989,19,218
14990,16,38
14991,19,108
14992,14,1348
14992,14,815
14992,14,97
14992,14,429
14993,18,78
14993,18,11
14994,16,476
14994,16,97
14995,11,20
14995,11,31
14996,12,29
14996,12,78
14996,12,114
14997,16,522
14997,16,1130
14997,16,158
14997,16,371
14998,19,45
14999,19,34
14999,19,31
15000,18,70
15000,18,28
15001,20,95
15001,20,82
15002,11,103
15002,11,29
15003,12,145
15003,12,260
15004,14,905
15004,14,11
15005,17,95
15005,17,51
15005,17,44
15006,17,107
15006,17,78
15007,15,26
15007,15,17
15007,15,27
15008,14,9
15008,14,29
15008,14,603
15008,14,10
15008,14,123
15009,10,158
15009,10,135
15010,19,108
15010,19,439
15010,19,114
15011,17,95
15011,17,38
15011,17,203
15012,20,50
15012,20,119
15013,15,397
15013,15,115
15013,15,188
15014,16,95
15015,20,208
15015,20,11
15016,19,22
15016,19,29
15016,19,23
15016,19,10
15016,19,28
15017,15,22
15017,15,23
15017,15,11
15018,19,29
15018,19,115
15018,19,1114
15018,19,188
15019,15,75
15019,15,11
15020,17,164
15021,17,33
15022,15,31
15022,15,32
15023,19,29
15023,19,149
15024,18,11
15025,10,253
15025,10,17
15025,10,96
15026,14,29
15026,14,246
15027,11,114
15028,11,147
15029,16,175
15030,16,120
15030,16,160
15030,16,59
15031,11,362
15031,11,372
15031,11,29
15031,11,4
15031,11,115
15032,12,103
15032,12,29
15032,12,11
15033,15,106
15033,15,22
15033,15,29
15033,15,10
15034,16,34
15034,16,355
15034,16,31
15035,10,31
15036,15,358
15037,11,145
15037,11,151
15037,11,82
15038,11,97
15039,16,31
15039,16,32
15040,16,34
15040,16,32
15041,12,95
15042,17,255
15042,17,17
15043,15,51
15044,12,224
15044,12,192
15045,20,288
15045,20,208
15046,18,448
15046,18,443
15047,19,90
15048,10,248
15048,10,185
15049,19,278
15049,19,544
15049,19,116
15050,20,17
15050,20,33
15051,11,463
15051,11,372
15051,11,29
15051,11,621
15051,11,188
15052,17,80
15052,17,263
15053,16,29
15054,11,26
15054,11,51
15054,11,105
15055,17,22
15055,17,11
15056,18,119
15057,17,385
15057,17,630
15058,11,23
15058,11,28
15059,10,156
15059,10,439
15059,10,149
15060,19,38
15060,19,39
15061,12,17
15061,12,27
15062,11,108
15062,11,164
15062,11,10
15063,10,41
15063,10,15
15063,10,45
15064,12,182
15064,12,17
15064,12,45
15064,12,28
15065,17,66
15065,17,73
15065,17,20
15066,10,87
15066,10,11
15067,16,29
15068,20,22
15068,20,41
15068,20,23
15068,20,10
15069,20,51
15070,14,186
15070,14,20
15070,14,1442
15070,14,50
15071,17,31
15072,11,9
15072,11,657
15073,10,49
15073,10,27
15073,10,50
15073,10,38
15073,10,39
15074,15,115
15075,10,49
15075,10,111
15075,10,38
15076,17,390
15076,17,430
15076,17,634
15077,18,967
15077,18,132
15077,18,38
15078,10,277
15078,10,68
15078,10,1208
15078,10,51
15079,11,629
15079,11,491
15079,11,973
15080,18,29
15080,18,23
15081,18,31
15081,18,33
15082,15,98
15082,15,33
15083,16,186
15083,16,20
15083,16,608
15084,16,45
15084,16,143
15085,13,221
15085,13,862
15085,13,27
15086,18,466
15086,18,39
15086,18,1065
15087,20,23
15087,20,750
15088,11,174
15088,11,147
15089,19,228
15089,19,199
15090,18,119
15090,18,1206
15091,10,10
15091,10,33
15092,15,186
15092,15,31
15093,12,22
15093,12,23
15093,12,952
15094,16,29
15094,16,158
15094,16,346
15095,14,4
15096,12,174
15096,12,175
15097,16,29
15098,18,11
15098,18,101
15099,14,120
15099,14,59
15100,19,9
15101,19,248
15102,10,17
15103,11,9
15104,15,43
15105,15,22
15105,15,29
15105,15,23
15106,16,105
15107,19,20
15107,19,627
15107,19,47
15108,19,157
15109,12,100
15109,12,525
15109,12,1026
15109,12,1533
15110,15,132
15110,15,51
15111,12,34
15111,12,349
15111,12,123
15112,19,38
15112,19,39
15113,18,11
15114,10,426
15114,10,217
15114,10,4
15114,10,11
15114,10,65
15115,18,112
15115,18,50
15116,17,128
15116,17,564
15117,19,38
15117,19,39
15118,18,562
15118,18,288
15118,18,171
15118,18,96
15118,18,509
15119,17,108
15120,14,29
15120,14,11
15120,14,101
15121,11,213
15121,11,47
15122,11,9
15122,11,172
15123,20,241
15123,20,78
15123,20,11
15124,20,178
15124,20,27
15125,15,164
15125,15,31
15125,15,11
15125,15,101
15125,15,47
15126,16,26
15126,16,27
15126,16,51
15127,19,66
15128,15,95
15128,15,82
15129,11,68
15129,11,542
15129,11,543
15129,11,114
15130,12,328
15130,12,149
15131,18,182
15131,18,17
15131,18,15
15132,16,864
15132,16,8
15132,16,514
15133,10,35
15133,10,27
15133,10,28
15134,13,47
15135,15,11
15136,14,34
15136,14,305
15136,14,31
15136,14,4
15136,14,123
15137,11,27
15138,18,192
15139,12,39
15139,12,393
15140,18,113
15140,18,38
15141,20,95
15141,20,765
15142,16,192
15142,16,886
15142,16,44
15143,18,119
15143,18,96
15143,18,53
15144,16,31
15145,16,467
15145,16,49
15145,16,39
15146,20,31
15146,20,257
15146,20,65
15146,20,32
15147,17,55
15148,18,29
15148,18,31
15148,18,11
15148,18,177
15149,18,34
15149,18,423
15150,20,110
15150,20,113
15150,20,760
15150,20,38
15150,20,32
15151,16,40
15151,16,75
15152,19,39
15153,16,224
15153,16,797
15153,16,227
15154,16,661
15154,16,561
15154,16,38
15155,12,81
15155,12,482
15156,16,11
15156,16,101
15157,17,29
15157,17,31
15158,20,156
15158,20,462
15158,20,328
15158,20,149
15159,16,98
15159,16,115
15160,11,158
15161,15,108
15161,15,100
15162,13,11
15162,13,71
15163,16,103
15163,16,29
15164,10,151
15164,10,111
15164,10,38
15165,14,17
15166,10,82
15167,15,175
15167,15,916
15167,15,27
15167,15,96
15168,18,17
15168,18,222
15169,11,103
15169,11,11
15169,11,101
15170,10,490
15170,10,493
15170,10,278
15170,10,116
15171,18,31
15172,16,442
15172,16,41
15172,16,10
15172,16,96
15173,13,32
15173,13,210
15173,13,31
15173,13,160
15173,13,480
15174,18,145
15174,18,151
15174,18,31
15174,18,38
15175,17,729
15175,17,1466
15175,17,27
15175,17,51
15175,17,43
15176,15,558
15176,15,38
15176,15,39
15177,18,11
15178,10,47
15179,13,189
15179,13,359
15180,16,29
15180,16,149
15181,18,11
15182,20,34
15182,20,93
15183,19,108
15183,19,94
15183,19,710
15184,14,377
15185,11,34
15185,11,31
15185,11,258
15186,18,130
15186,18,20
15186,18,38
15187,10,348
15187,10,116
15188,19,756
15188,19,48
15188,19,558
15188,19,38
15188,19,1418
15189,15,17
15190,10,22
15190,10,1312
15190,10,418
15190,10,1215
15190,10,587
15191,13,829
15192,13,17
15192,13,216
15193,13,97
15194,17,174
15195,18,4
15195,18,427
15195,18,11
15196,16,106
15197,17,34
15197,17,31
15197,17,14
15198,18,20
15198,18,50
15198,18,51
15199,16,113
15199,16,95
15199,16,43
15200,18,881
15201,15,106
15202,12,324
15202,12,149
15203,11,106
15203,11,83
15203,11,71
15204,10,29
15204,10,10
15204,10,11
15205,14,174
15205,14,23
15205,14,469
15206,10,108
15206,10,525
15207,16,31
15208,14,175
15209,17,103
15209,17,29
15209,17,164
15210,17,189
15210,17,127
15211,11,1
15211,11,1078
15211,11,416
15211,11,527
15212,17,186
15212,17,326
15213,13,31
15214,15,943
15214,15,479
15214,15,158
15214,15,135
15215,15,50
15216,16,337
15216,16,50
15216,16,51
15217,10,6
15217,10,4
15217,10,11
15217,10,19
15218,17,83
15218,17,484
15218,17,51
15219,12,172
15220,20,100
15221,19,106
15221,19,69
15221,19,31
15221,19,114
15221,19,71
15222,19,218
15223,17,26
15223,17,27
15224,12,103
15225,13,45
15226,18,31
15227,19,110
15227,19,113
15227,19,443
15227,19,43
15228,17,17
15228,17,115
15229,17,80
15229,17,11
15229,17,93
15230,11,31
15231,19,328
15231,19,496
15231,19,93
15232,10,73
15232,10,20
15233,11,172
15233,11,774
15234,20,308
15234,20,50
15235,10,9
15235,10,11
15236,10,19
15237,10,256
15237,10,7
15238,20,108
15239,15,122
15240,16,38
15241,12,31
15242,12,129
15242,12,29
15242,12,115
15243,12,11
15243,12,28
15244,20,283
15244,20,83
15244,20,82
15244,20,246
15245,17,182
15245,17,15
15246,16,9
15246,16,11
15247,19,127
15247,19,246
15247,19,65
15248,18,203
15248,18,346
15249,19,94
15249,19,642
15250,16,9
15250,16,11
15251,10,28
15252,17,34
15252,17,14
15252,17,257
15253,14,596
15253,14,54
15253,14,50
15254,10,101
15255,15,867
15255,15,352
15255,15,96
15255,15,377
15256,10,395
15256,10,59
15256,10,96
15257,16,207
15257,16,10
15258,18,108
15258,18,100
15258,18,443
15259,16,29
15259,16,4
15259,16,11
15260,16,20
15261,15,9
15262,17,103
15262,17,165
15262,17,93
15263,18,47
15263,18,367
15263,18,28
15264,18,9
15264,18,11
15265,20,50
15265,20,681
15266,19,139
15266,19,354
15266,19,71
15267,20,5
15267,20,889
15267,20,17
15267,20,45
15268,12,37
15269,12,1
15269,12,513
15269,12,324
15269,12,149
15270,14,15
15270,14,183
15270,14,45
15270,14,377
15271,16,584
15271,16,122
15271,16,96
15272,19,384
15272,19,278
15272,19,385
15272,19,17
15273,10,122
15273,10,27
15274,17,1078
15274,17,8
15274,17,502
15275,17,10
15275,17,114
15276,15,80
15277,13,29
15278,19,106
15278,19,114
15279,15,23
15279,15,11
15279,15,47
15280,12,289
15280,12,31
15281,10,397
15281,10,29
15281,10,23
15282,19,90
15282,19,29
15282,19,71
15283,13,95
15283,13,325
15284,11,9
15285,20,31
15286,11,23
15286,11,11
15287,12,277
15287,12,210
15287,12,14
15287,12,39
15288,15,17
15288,15,47
15289,15,33
15290,13,221
15290,13,253
15290,13,379
15290,13,806
15291,17,387
15291,17,121
15291,17,6
15291,17,78
15292,17,9
15292,17,11
15293,16,39
15294,15,278
15294,15,96
15295,15,97
15296,18,34
15296,18,102
15297,14,40
15297,14,75
15297,14,47
15298,12,27
15298,12,367
15298,12,677
15298,12,141
15298,12,681
15299,16,218
15300,20,283
15301,16,218
15301,16,512
15301,16,256
15302,11,11
15302,11,310
15303,14,38
15304,15,110
15304,15,1216
15304,15,113
15304,15,95
15304,15,43
15305,20,80
15305,20,11
15305,20,71
15306,11,112
15306,11,175
15306,11,27
15306,11,407
15307,11,26
15307,11,17
15308,10,443
15309,18,83
15309,18,27
15310,20,622
15310,20,39
15311,18,4
15311,18,11
15311,18,7
15312,13,909
15313,20,50
15314,15,385
15314,15,17
15315,18,95
15315,18,227
15316,19,182
15316,19,17
15317,12,127
15317,12,119
15317,12,97
15318,15,73
15318,15,20
15319,16,78
15319,16,4
15320,19,26
15320,19,411
15320,19,27
15320,19,101
15320,19,957
15321,12,79
15321,12,105
15322,19,23
15323,13,23
15323,13,85
15324,20,17
15325,11,306
15326,13,34
15326,13,31
15327,12,100
15327,12,525
15327,12,39
15327,12,393
15328,15,806
15328,15,278
15328,15,930
15328,15,116
15328,15,45
15329,12,308
15329,12,50
15330,18,148
15330,18,31
15330,18,257
15330,18,149
15331,15,31
15332,10,182
15332,10,17
15332,10,403
15333,15,9
15334,10,103
15335,20,29
15335,20,11
15336,11,103
15336,11,29
15336,11,164
15337,10,450
15337,10,715
15337,10,158
15337,10,246
15337,10,65
15338,16,139
15338,16,23
15338,16,80
15338,16,105
15339,16,29
15339,16,420
15340,19,27
15341,17,82
15342,12,78
15343,17,31
15343,17,257
15343,17,32
15344,15,476
15344,15,97
15345,11,235
15345,11,732
15345,11,20
15346,19,101
15347,20,41
15347,20,867
15347,20,31
15348,10,584
15348,10,1068
15349,15,629
15349,15,15
15350,16,17
15350,16,15
15351,18,31
15351,18,32
15352,16,4
15352,16,45
15352,16,377
15353,14,224
15353,14,192
15353,14,38
15353,14,39
15353,14,227
15354,14,600
15354,14,11
15354,14,789
15355,16,31
15356,12,123
15357,12,228
15357,12,33
15358,10,108
15359,17,26
15359,17,20
15359,17,27
15360,19,50
15360,19,71
15361,10,62
15361,10,1171
15362,15,85
15363,18,108
15363,18,1140
15363,18,119
15363,18,82
15364,16,390
15364,16,33
15365,13,175
15365,13,31
15366,20,9
15366,20,4
15367,18,829
15367,18,90
15367,18,321
15367,18,128
15367,18,935
15368,13,706
15368,13,95
15369,15,94
15370,11,43
15371,16,73
15371,16,20
15371,16,114
15372,14,100
15373,11,901
15373,11,259
15373,11,293
15373,11,616
15374,10,278
15374,10,17
15374,10,116
15375,14,22
15375,14,23
15375,14,149
15375,14,147
15376,16,29
15377,17,593
15377,17,29
15377,17,11
15377,17,93
15377,17,101
15378,16,71
15379,15,108
15379,15,100
15379,15,552
15380,13,1
15380,13,34
15380,13,31
15380,13,349
15380,13,1378
15381,15,1040
15381,15,83
15381,15,79
15381,15,549
15382,19,29
15382,19,23
15382,19,11
15382,19,101
15382,19,232
15383,17,387
15383,17,78
15383,17,4
15384,17,156
15384,17,9
15384,17,864
15385,12,289
15385,12,376
15385,12,123
15385,12,70
15385,12,951
15386,14,98
15386,14,204
15387,15,34
15387,15,31
15388,20,546
15389,15,20
15390,15,29
15390,15,149
15390,15,274
15391,19,156
15391,19,328
15391,19,149
15392,10,17
15392,10,531
15393,16,149
15394,14,158
15394,14,260
15395,19,90
15395,19,169
15395,19,29
15395,19,23
15395,19,157
15396,19,114
15397,17,32
15398,13,130
15398,13,20
15398,13,938
15398,13,95
15398,13,699
15399,20,294
15400,19,29
15400,19,294
15400,19,11
15401,14,94
15401,14,97
15402,16,1260
15402,16,78
15402,16,59
15403,12,748
15403,12,17
15403,12,82
15404,17,395
15404,17,135
15405,16,75
15405,16,17
15405,16,15
15405,16,11
15405,16,116
15406,14,4
15406,14,11
15407,19,283
15407,19,121
15407,19,82
15408,14,114
15409,16,487
15409,16,8
15410,15,267
15410,15,39
15411,19,20
15412,12,220
15412,12,152
15413,19,248
15413,19,33
15414,18,113
15414,18,164
15414,18,38
15415,15,149
15416,11,29
15416,11,78
15416,11,334
15417,15,29
15418,15,10
15419,19,223
15420,18,31
15420,18,39
15421,11,87
15421,11,4
15422,18,9
15422,18,146
15423,13,218
15423,13,623
15423,13,9
15424,15,6
15424,15,4
15425,10,48
15426,10,173
15426,10,541
15426,10,482
15427,11,649
15427,11,34
15428,15,29
15428,15,115
15428,15,149
15429,15,26
15429,15,72
15430,15,209
15430,15,101
15431,20,493
15431,20,17
15432,20,115
15432,20,45
15433,14,108
15434,16,11
15434,16,682
15435,20,632
15435,20,126
15435,20,470
15436,18,29
15437,13,127
15437,13,13
15437,13,45
15438,17,298
15439,12,278
15439,12,17
15439,12,15
15439,12,116
15440,12,31
15441,12,38
15441,12,39
15442,18,586
15442,18,20
15442,18,192
15442,18,38
15443,10,490
15443,10,278
15443,10,17
15443,10,116
15444,18,17
15444,18,897
15444,18,45
15445,17,29
15446,12,158
15447,19,308
15447,19,50
15448,19,17
15449,19,31
15450,10,9
15450,10,4
15451,19,11
15452,19,29
15452,19,101
15453,10,100
15453,10,321
15453,10,448
15453,10,1086
15453,10,1547
15454,12,100
15455,18,106
15455,18,47
15456,18,484
15456,18,51
15457,14,130
15457,14,38
15458,17,29
15458,17,10
15459,20,81
15459,20,46
15460,10,1254
15461,18,62
15461,18,98
15461,18,247
15462,17,85
15462,17,11
15462,17,101
15463,18,97
15463,18,435
15464,18,29
15464,18,23
15465,13,129
15465,13,23
15466,17,114
15467,10,108
15468,13,255
15468,13,17
15469,16,78
15470,16,97
15471,11,221
15471,11,31
15472,19,201
15472,19,29
15472,19,4
15472,19,149
15473,10,123
15474,20,29
15475,15,51
15476,17,78
15477,11,51
15478,15,38
15478,15,39
15479,15,38
15479,15,39
15480,10,23
15480,10,149
15481,10,278
15482,16,20
15482,16,149
15483,11,6
15483,11,78
15484,20,115
15484,20,294
15485,17,23
15486,17,303
15486,17,643
15487,12,98
15487,12,94
15488,19,103
15488,19,83
15488,19,50
15489,18,224
15489,18,192
15489,18,38
15490,18,302
15490,18,125
15490,18,114
15491,20,23
15492,20,553
15492,20,774
15492,20,39
15493,15,50
15494,18,29
15494,18,115
15494,18,188
15495,15,31
15496,18,254
15496,18,255
15496,18,17
15496,18,116
15497,11,80
15497,11,159
15498,20,372
15498,20,164
15498,20,374
15498,20,930
15499,16,130
15499,16,1081
15499,16,43
15500,16,151
15500,16,111
15501,16,23
15501,16,101
15502,20,386
15502,20,285
15502,20,82
15503,19,66
15503,19,483
15503,19,65
15503,19,47
15504,20,49
15504,20,39
15505,12,23
15505,12,234
15505,12,28
15506,10,1447
15506,10,39
15507,13,116
15508,20,108
15508,20,95
15508,20,82
15509,20,26
15509,20,27
15510,15,116
15511,17,346
15512,20,17
15512,20,407
15513,15,22
15513,15,23
15513,15,309
15514,12,80
15515,16,9
15515,16,8
15515,16,11
15515,16,152
15515,16,587
15516,19,15
15516,19,45
15517,11,4
15518,16,34
15518,16,31
15519,19,31
15519,19,32
15520,11,235
15520,11,1077
15521,12,17
15521,12,15
15521,12,116
15522,18,1106
15522,18,1040
15522,18,308
15522,18,50
15523,10,584
15523,10,883
15524,16,39
15525,11,62
15525,11,98
15525,11,911
15526,15,38
15526,15,44
15527,20,129
15527,20,295
15528,12,403
15528,12,15
15528,12,758
15529,17,288
15529,17,158
15529,17,427
15529,17,11
15529,17,82
15530,14,1
15530,14,22
15530,14,155
15530,14,8
15531,19,83
15531,19,213
15531,19,71
15532,13,106
15532,13,29
15532,13,10
15532,13,11
15532,13,114
15533,11,95
15534,15,26
15534,15,27
15535,19,95
15535,19,203
15536,20,311
15536,20,43
15537,20,172
15537,20,642
15538,10,771
15538,10,741
15539,17,29
15539,17,374
15539,17,324
15540,20,100
15541,19,604
15541,19,71
15542,19,4
15543,17,27
15544,13,255
15544,13,17
15545,17,82
15546,19,11
15547,16,218
15547,16,438
15548,15,78
15548,15,310
15549,19,31
15550,19,108
15550,19,29
15550,19,115
15550,19,4
15551,19,23
15552,18,1001
15553,19,65
15554,13,31
15555,16,11
15555,16,101
15556,19,66
15556,19,191
15556,19,50
15557,14,151
15558,15,11
15559,12,221
15559,12,27
15560,14,40
15560,14,147
15561,17,31
15562,11,146
15562,11,10
15562,11,208
15562,11,92
15563,10,27
15563,10,883
15563,10,141
15564,16,29
15564,16,149
15565,16,26
15565,16,27
15566,13,31
15566,13,123
15567,19,268
15567,19,152
15568,20,100
15568,20,552
15568,20,525
15569,20,6
15569,20,4
15569,20,11
15569,20,93
15570,15,796
15570,15,82
15571,16,34
15571,16,31
15571,16,45
15572,20,110
15572,20,38
15572,20,193
15573,14,110
15573,14,750
15574,19,108
15574,19,700
15575,11,1045
15575,11,199
15576,12,108
15576,12,90
15577,13,1
15577,13,9
15577,13,114
15577,13,152
15578,14,108
15578,14,553
15578,14,754
15578,14,39
15579,16,20
15580,16,29
15580,16,114
15581,20,27
15581,20,50
15581,20,71
15582,14,20
15583,17,796
15583,17,82
15584,15,115
15585,18,51
15586,20,108
15586,20,90
15586,20,29
15587,20,314
15587,20,65
15588,12,255
15588,12,35
15588,12,17
15588,12,183
15589,15,442
15589,15,158
15589,15,8
15589,15,1354
15590,17,34
15590,17,31
15591,19,80
15592,20,29
15592,20,11
15592,20,65
15593,15,29
15594,11,9
15595,11,108
15595,11,1010
15595,11,17
15595,11,115
15596,20,372
15596,20,115
15596,20,188
15597,15,108
15598,15,9
15598,15,11
15599,18,8
15599,18,502
15600,10,6
15600,10,4
15601,12,34
15601,12,165
15602,17,298
15602,17,34
15603,16,29
15603,16,23
15603,16,10
15603,16,101
15604,14,17
15604,14,679
15604,14,574
15605,20,50
15606,18,29
15606,18,667
15606,18,246
15607,14,20
15607,14,132
15607,14,51
15608,18,608
15608,18,4
15608,18,11
15609,10,18
15609,10,401
15609,10,4
15609,10,11
15610,11,437
15610,11,620
15610,11,897
15611,15,108
15611,15,695
15612,18,34
15612,18,15
15612,18,123
15613,16,42
15613,16,119
15613,16,97
15614,17,45
15615,17,8
15615,17,324
15615,17,149
15616,20,101
15617,10,23
15617,10,11
15618,11,38
15618,11,39
15619,13,29
15620,10,414
15620,10,114
15621,17,50
15622,16,303
15622,16,20
15622,16,95
15622,16,38
15623,17,40
15623,17,228
15623,17,23
15624,20,108
15624,20,90
15624,20,29
15624,20,157
15625,15,463
15625,15,29
15625,15,374
15625,15,152
15625,15,71
15626,20,47
15627,19,111
15628,15,34
15628,15,31
15629,17,41
15629,17,112
15629,17,71
15630,19,29
15631,20,34
15631,20,31
15632,11,9
15633,13,312
15633,13,131
15633,13,95
15633,13,38
15633,13,97
15634,16,293
15634,16,294
15635,10,73
15635,10,20
15636,16,114
15637,20,4
15637,20,150
15638,17,204
15638,17,11
15638,17,101
15639,20,33
15639,20,115
15639,20,188
15640,13,103
15640,13,75
15640,13,47
15641,13,253
15641,13,45
15642,15,235
15642,15,997
15642,15,236
15643,11,26
15643,11,17
15643,11,27
15643,11,28
15644,10,29
15644,10,11
15645,17,31
15645,17,32
15646,10,175
15646,10,1052
15647,11,38
15647,11,39
15648,16,9
15648,16,11
15649,18,31
15649,18,38
15649,18,32
15650,20,463
15650,20,115
15650,20,152
15650,20,188
15651,16,108
15651,16,100
15652,19,4
15653,16,31
15654,17,47
15655,17,9
15656,20,80
15657,17,174
15657,17,213
15658,17,29
15658,17,23
15659,11,121
15659,11,93
15659,11,258
15660,18,372
15660,18,115
15661,20,45
15662,19,1122
15662,19,29
15662,19,246
15662,19,101
15663,15,863
15663,15,189
15663,15,667
15663,15,1545
15663,15,82
15664,20,4
15664,20,152
15665,17,196
15665,17,114
15666,17,1106
15666,17,308
15666,17,50
15667,20,149
15668,12,256
15669,13,385
15670,19,29
15670,19,78
15670,19,4
15670,19,11
15670,19,7
15671,14,103
15671,14,47
15672,18,111
15673,18,121
15673,18,29
15673,18,211
15673,18,78
15673,18,93
15674,20,192
15674,20,132
15674,20,38
15675,20,443
15675,20,51
15675,20,38
15676,17,426
15676,17,23
15676,17,510
15677,13,95
15677,13,138
15678,15,175
15678,15,763
15678,15,918
15678,15,39
15679,11,35
15680,11,205
15680,11,28
15681,10,35
15681,10,51
15682,19,221
15682,19,443
15683,19,106
15683,19,208
15683,19,46
15684,16,1410
15684,16,95
15684,16,346
15685,10,221
15685,10,239
15686,16,561
15686,16,38
15686,16,39
15686,16,246
15687,13,201
15687,13,103
15688,18,113
15688,18,237
15688,18,598
15689,10,490
15689,10,278
15689,10,492
15689,10,499
15690,10,106
15690,10,11
15690,10,114
15690,10,82
15690,10,47
15691,19,103
15691,19,11
15692,13,174
15692,13,27
15692,13,47
15693,15,38
15693,15,39
15694,11,31
15694,11,257
15695,12,111
15695,12,97
15696,18,9
15696,18,2
15696,18,11
15696,18,161
15697,11,718
15697,11,11
15697,11,93
15698,11,116
15699,10,308
15700,17,4
15700,17,11
15701,18,174
15701,18,17
15701,18,531
15702,17,103
15702,17,94
15703,20,47
15704,19,221
15704,19,9
15705,16,95
15706,19,239
15706,19,83
15706,19,95
15706,19,70
15707,17,11
15708,17,397
15709,20,103
15709,20,47
15710,18,78
15710,18,310
15711,12,4
15711,12,232
15712,19,108
15712,19,29
15712,19,149
15713,20,17
15714,20,17
15714,20,531
15714,20,45
15715,20,75
15715,20,402
15715,20,11
15715,20,569
15716,20,51
15717,20,20
15717,20,95
15718,12,121
15719,13,49
15719,13,754
15719,13,39
15720,10,17
15720,10,21
15721,18,210
15721,18,160
15721,18,193
15722,10,11
15723,10,101
15724,14,27
15725,15,151
15725,15,38
15725,15,96
15726,20,4
15726,20,190
